Property Character Location Other,PropertyType,Project Requested,First appearance:,,Appears On Cover? (Y/N),Talent:,,,,Talent/Agreement  Notes,Rights/Additional Notes,GUID
100 Bullets,Property,,100 Bullets #1,Aug-99,Y,Brian Azzarello,writer,Sole Creator/All Rights; Writer,1998,Assignment agreement between Azzarello & Risso (sharing creator credit),,B0966B0E-FE08-4947-8CAC-ABC4CD5D27A8
,Property,,,,,Eduardo Risso,"pencils, inks",WFH,1998,,,5607F1DE-6FA5-9F4E-9585-159AA5B95603
,Property,,,,,Dave Johnson,cover,WFH,,,,AC1C3096-D9F8-4A4E-A744-3398BDB1E7CF
,Property,,,,,Grant Goleash,color,N/A,,,,C985491F-B216-2A43-88FF-7BC0CC52A36A
"The 1000
(The 10; The 100)",Property,Black Lightning 101,"Superman's Girl-Friend, Lois Lane #105
""Death House Honeymoon""",Oct-70,N,Robert Kanigher,writer,N/A,,"Kanigher was an employee of DC from 2/3/47 through 5/31/82.
Deceased",,2CC1C340-4193-CC48-BC0B-DE29020109E1
,Property,,,,,Ross Andru,pencils,None,,Deceased,,F57EE6F7-23AD-504D-A469-55976FE0E232
,Property,,,,,Art Saaf,pencils,None,,Deceased,,740E9EB5-7423-6D41-A501-9667A2EB399E
,Property,,,,,Mike Esposito,inks,None,,Deceased,,5685396D-99C5-C544-809D-D680DD50FB80
,Property,,,,,Curt Swan,cover pencils,None,,Deceased,,517B9FDD-B4E4-234B-9D93-7D6C9BCB5B61
,Property,,,,,Murphy Anderson,cover inks,None,,Deceased,,8891CE79-5BAF-7345-A4DF-05679D53C549
Aaron Cash,Character,Lego Batman,Arkham Asylum: Living Hell #1,Jul-03,N,Dan Slott,writer,WFH,,Character Equity agreement sent.,,84479FCF-0049-6446-BE59-3CB747DAA0B3
,Character,,,,,Ryan Sook,"pencils, inks",WFH,2017,"Sook signed a WFH agreement for the cover of this issue; however, Powell clearly did the artwork. We do have WFH for Powell for issues #2-6.",,6676E434-3228-C246-B4F4-E65A2F78E284
,Character,,,,,Eric Powell,cover,None,,,,138A0843-C347-6A42-837D-39438581F908
,Character,,,,,Lee Loughridge,color,N/A,,,,DCE74225-2848-8744-B2F4-0EFD2292C8A0
Abel,Character,,DC Special #4,Jul-69,N,Joe Orlando,"writer, pencils, inks, editor",None,,Deceased,,96CD9BBA-527B-544B-9B80-B86A1EC1D8B4
,Character,,,,,Bob Haney,writer,Contributor Recognition,2014,Deceased Contributor Recognition agreement is with heirs.,,A9AADE64-F020-B046-9A57-175BFC255181
,Character,,,,,Jack Sparling,"pencils, inks",None,,Deceased,,4184D03B-AEC5-144E-961F-A2605565153F
,Character,,,,,Neal Adams,cover,Creator Recognition,,,,29CA2CF1-C57F-4C4E-BBE1-E9070115E921
"Abigail Arcane Cable Holland
(Abby)",Character,Dark Universe,Swamp Thing #3,Feb-73,Y,Len Wein,writer,Settlement,2002,Deceased,,2C3845F6-49EE-3D44-86CE-902D68149A11
,Character,,,,,Berni Wrightson,"pencils, inks, cover",Settlement,2002,Deceased,,D282E68A-7D6A-8F45-B683-A1BA7960FDBE
Abin Sur,Character,"Green Lantern
(2011)","Showcase #22
""SOS Green Lantern""",Sep-59,N,John Broome,writer,None,,Deceased,,DF1CF18E-DEA2-6C45-98C6-EB1B25550F75
,Character,,,,,Gil Kane,pencils; cover,None,,Deceased,,1DC71869-7D3D-A44B-9233-203D981592A9
,Character,,,,,Murphy Anderson,inks,None,,Deceased,,D8BFF2A3-0EA1-9B49-9D87-FEA4758924EC
"Abra Kadabra
(Citizen Abra; Dr. Petrou; Professor Zoom)",Character,Flash 304,"Flash #128
""The Case of the Real-Gone Flash""",May-62,N,John Broome,writer,None,,Deceased,,59FCC972-FAAD-C549-9C2F-1B1199F91DD7
,Character,,,,,Carmine Infantino,"pencils, cover pencils",Settlement,2005,Deceased,,588DFD49-44B7-9340-869C-FD8CC88A994C
,Character,,,,,Joe Giella,"inks, cover inks",None,,,,D4F54D45-1CA5-5C4A-9FF0-B90C967DB70D
Acantha,Character,"Wonder Woman
(2017)",Wonder Woman #10,Nov-87,N,George Perez,"plot, pencils, cover",Continuity,,,,DA31C7E8-4D05-0645-B29C-9F2797400D45
,Character,,,,,Len Wein,script,WFH,,Deceased,,F8546238-B16D-754B-8C66-5397ACD0CA18
,Character,,,,,Bruce Patterson,inks,WFH,,,,3C7C42F8-DBB1-9341-821B-8A470D161E81
,Character,,,,,Carl Gafford,color,N/A,,,,7C7FCC0C-7243-0247-9479-7284AA0DD872
Accelerated Man,Character,Flash 314,"The Multiversity Guidebook #1
""Earth 19""",Mar-15,N,Grant Morrison,writer,WFH,,,,B6704821-4C72-EE49-95DA-D7BF5876B418
,Character,,,,,Giuseppe Camuncoli,pencils,WFH,,,,43DD3E6A-87C1-1741-88DD-61799BEAB99F
,Character,,,,,Richard Friend,inks,WFH,,,,223CB987-10C9-DC4F-ACC1-B46241477020
,Character,,,,,Rian Hughes,cover,WFH,,,,58CDC878-1EEC-F04B-A7DC-E7374244CC18
,Character,,,,,Nathan Fairbarn,color,WFH,,,,83A31451-97DF-764F-B13E-62350B6D5A02
Ace Chemical Processing Plant,Location,"Flash 219
(4/26/2016)","Detective Comics #168
""The Man Behind The Red Hood!""",Feb-51,N,Bill Finger,writer,Contributor Recognition,,Deceased Contributor Recognition Agreement is with heir.,,B296123B-F44B-CE48-86C7-DAE4034DC489
,Location,,,,,Lew Sayre Schwartz,"pencils, cover pencils",None,,"Deceased
Schwartz's 2010 equity agreement for Deadshot acknowledges that all his services on Batman were WFH, regardless of whether he was employed by DC or Bob Kane.",,F33FA202-7BE3-7D4C-8ED2-9173AC7D3FDA
,Location,,,,,George Roussos,inks,None,,Deceased,,0BD694D1-E4B5-D345-A180-7E66A87AC06C
,Location,,,,,Charles Paris,cover inks,None,,Deceased,,60329CE2-18DF-0A48-AF33-A276B74319BF
Ace the Bat-Hound,Character,Lego Justice League - Flashpoint,"Batman #92
""Ace the Bat-Hound!""",Jun-55,Y,Bill Finger,writer,Contributor Recognition,,Deceased Contributor Recognition Agreement is with heir.,,7981B607-0F92-3F46-A845-0B04585B330D
,Character,,,,,Sheldon Moldoff,pencils,None,,"Deceased
Per the library and Wayne Smith (Corp. Legal), please check to see if Bob Kane should also be included in credits.",,21A2DC8A-0232-1646-B001-398EBA9117A3
,Character,,,,,Stan Kaye,inks,None,,Deceased,,D741DA8D-13E4-AF4E-899A-9B332E801564
,Character,,,,,"James Winslow ""Win"" Mortimer",cover,None,,Deceased,,9371EBC0-FCEC-B241-8FF5-F56044B57F41
"Acid Master
(Philip Master)",Character,Flash 516,"Action Comics #348
""Clark Kent, Fighting Federal Agent!""",Mar-67,Y,Jim Shooter,writer,None,,,,0806626A-EE5F-7B45-8C92-90D51444EBC2
,Character,,,,,Wayne Boring,"pencils, inks",None,,Deceased,,220771BB-2705-954F-AB20-56E99039F824
,Character,,,,,Curt Swan,cover pencils,None,,Deceased,,3334CB50-FF4C-1E46-8F96-01543A3D5652
,Character,,,,,George Klein,cover inks,None,,Deceased,,8B868912-D520-8248-BBE8-2E7EDE0A5CC2
"Acrata
(Andrea Rojas)",Character,Supergirl Season 5,Superman Annual #12,Aug-00,Y,Oscar Pinto,writer,WFH,,,,FDD4753C-18E2-F648-8FFC-33230CF76B9D
,Character,,,,,Francisco Haghenbeck,writer,WFH,,,,572D1418-6B40-7E44-97C6-0342C1B546C7
,Character,,,,,Brian K. Vaughan,writer,WFH,,,,C8CFB7DA-EDF8-F547-9194-C229B9704F62
,Character,,,,,Carlo Barberi,pencils,WFH,,,,F9279965-716F-FC4A-A1CA-C83B39A54076
,Character,,,,,Marlo Alquiza,inks,WFH,,,,46C4140E-D783-0B49-A61A-8DBCAF837C02
,Character,,,,,Juan Vlasco Hernandez,inks,WFH,,,,AC6D4EAF-4B1E-564A-B5D0-96519400C4B8
,Character,,,,,Humberto Ramos,cover pencils,WFH,,,,9A74517A-D2A8-BD42-A8F1-6179B1BB3B0F
,Character,,,,,Wayne Faucher,cover inks,WFH,,,,22E4D771-9DF7-9F4F-904D-D3F5A58E8C96
,Character,,,,,Rob Schwager,color,N/A,,,,A6A19ACC-C9C1-4142-B367-FEEDBF83053E
"Adam Fells 
(Geomancer)",Character,"Flash 213
(2/9/2016)",JSA #5,Dec-99,N,David S. Goyer,Writer,WFH,,,,AECCBCAC-21B9-1746-9115-2EDFE6EECD9C
,Character,,,,,James Robinson,Writer,WFH; Exclusive,,,,4980B863-95C5-5843-A57E-AD0B0CF58D30
,Character,,,,,Derec Aucoin,Pencils,WFH,,,,2D43FDE8-B640-A948-B53A-BA60AB54B697
,Character,,,,,"Michael Bair
(Michael Hernandez)",Inks,WFH,,,,D547F68D-1C10-784B-AF25-F0602EE124DC
,Character,,,,,John Kalisz,Color,N/A,,,,E3572109-1D5D-7544-AF7B-0C37239750A6
,Character,,,,,Alan Davis,Cover Pencils,WFH,,,,020D2418-3D6F-1443-B8EB-584E50492FB4
,Character,,,,,Mark Farmer,Cover Inks,WFH,,,,5EBBF5EF-FD39-B546-93F5-F36B4C32721A
Adam Grant,Character,Supergirl 111,Adventures of Superman #429,Jun-87,Y,Marv Wolfman,writer,WFH,,Character equity agreement sent. (5/31/16),,72717E9A-9719-B94D-9A21-6A03464A9375
,Character,,,,,Jerry Ordway,"pencils, inks, cover",WFH,2016,,,C6DF7E30-8B5E-BA4A-B771-2BAC30DB3E90
,Character,,,,,Thomas Ziuko,color,N/A,,,,DFC735F9-8D01-7C42-B1E9-7FF72EF315B2
Adam Strange,Character,,"Showcase #17
""Secret of the Eternal City""",Nov-58,Y,Gardner F. Fox,writer,Creator Recognition,2009,Deceased Creator recognition agreement with is with heirs.,,4D18C66C-DB8C-B34B-81BE-6194E2ED216E
,Character,,,,,Mike Sekowsky,pencils,None,,Deceased,,A11496F3-0B60-BC42-A99D-F71DB0658732
,Character,,,,,Frank Giacoia,inks,None,,Deceased,,1A7EDB21-9787-874D-84CA-4BCD57AF51BC
,Character,,,,,Gil Kane,cover,None,,Deceased,,02BA90D5-3710-FF41-86E1-564F2AAB15EF
Aella,Character,"Wonder Woman
(2017)",Wonder Woman #1,Feb-87,N,Greg Potter,writer,WFH,,,,5289F703-A9A1-9D44-A383-5B459E181DE1
,Character,,,,,George Perez,"plot, pencils, cover",Continuity,,,,8342CA4E-B481-744F-A709-5F0B466A59BE
,Character,,,,,Bruce Patterson,inks,WFH,,,,69FCE2F4-3079-A242-804C-49F518B6242A
,Character,,,,,Tatjana Wood,color,N/A,,,,5FBEBB5B-B726-0045-8EF5-B23D9E87C839
Agent Goyer,Character,"Point Blank
Sleeper",Sleeper: Season 2 #2,Sep-04,N,Ed Brubaker,writer,WFH,,,,1F2F2DAD-64B8-3F44-8305-5E2D1E7E6763
,Character,,,,,Sean Phillips,"pencils, inks, cover",WFH,,,,2388DC37-3CA9-2145-84CA-61A37DDBBF48
,Character,,,,,Carrie Strachan,color,N/A,,,,BDB6FFD0-E3BA-9041-9B66-28199E985AC3
Agent Lee Caruthers,Character,"Point Blank
Sleeper",Sleeper #8,Oct-03,N,Ed Brubaker,writer,WFH,,,,DE8F3B72-B0AA-4D44-BD25-0EF38E33DDCC
,Character,,,,,Sean Phillips,"pencils, inks, cover",WFH,,,,C2FC8CB1-C8EF-5B48-83EC-B3FC595984B7
,Character,,,,,Tony Avina,color,N/A,,,,E0F98ED8-FD0A-3A42-97DE-630BFD8FFC56
"Agent Liberty
(Ben Lockwood)",Character,Supergirl 402,Superman #60,Oct-91,N,Dan Jurgens,"writer, pencils, cover pencils",Continuity; WFH,,,,DF54C367-AF5C-C546-A74D-9DE8B2178DE6
,Character,,,,,Eduardo Barreto,"pencils, inks",WFH,,,,592508DF-7D87-0945-AC7B-E5A976B09785
,Character,,,,,Brett Breeding,cover inks,WFH,,,,3890DD0D-1A3B-8945-9036-2D1D62181354
,Character,,,,,Glenn Whitmore,color,Exclusive,,,,3E2557C4-1F60-0C47-8A74-2A245D2A28F9
Ahk-Ton,Character,,"The Brave and the Bold #57
First appearance but in hieroglyphics",Jan-64,N,Bob Haney,writer,Contributor Recognition,,"Deceased. While not expressly referenced in the agreement, the agreement does cover all characters whether referenced or not. Agreement is with heirs.",,1ECE22F2-2F07-0D42-B3B0-501D5F25D260
,Character,,,,,Ramona Fradon,pencils,Contributor Recognition,,"While not expressly referenced in the agreement, the agreement does cover all characters whether referenced or not.",,6F281E22-DDD5-8546-AD07-86F6B0E1E2EA
,Character,,,,,Charles Paris,inks,None,,,,53CAFAB7-F86F-FB48-A2E5-64D0C35DEFC7
,Character,,"Batman and the Outsiders #17
First appearance as an actual character",Jan-84,N,Mike Barr,writer,Writer Agreement,,,,5A92FE2B-8368-4841-82F3-F69F96C4CDCF
,Character,,,,,Jim Aparo,"pencils, inks",Artist Services Agreement,,"The Agreement is for ""The Outsiders"".",,4C1D07C7-F5E6-9341-AC51-838152809C9F
Alan St. James,Character,"Point Blank
Sleeper",Sleeper #6,Aug-03,N,Ed Brubaker,writer,WFH,,,,B0B7D5BE-EC2E-1A4D-B8AB-53F22F220428
,Character,,,,,Sean Phillips,"pencils, inks, cover",WFH,,,,E09B8EB2-6263-524C-B591-44626858D7DA
,Character,,,,,Tony Avina,color,N/A,,,,BF462841-6BCF-9D4A-B6D6-CD0F1D7326A1
Alanna,Character,Krypton,"Showcase #17
""Secret of the Eternal City""",Nov-58,Y,Gardner F. Fox,writer,Creator Recognition,,Deceased. Creator recognition agreement with is with heirs.,,0416F318-C89D-424B-85C3-7B6F3A341E97
,Character,,,,,Mike Sekowsky,pencils,None,,Deceased,,F9B862AB-9689-9140-BC62-73AD1789781B
,Character,,,,,Frank Giacoia,inks,None,,Deceased,,588D9F66-6554-2842-85FC-2A7EEB752D16
,Character,,,,,Gil Kane,cover,None,,Deceased,,F576102F-0F21-714B-AE82-F5C239BB0533
Albert Michaels,Character,,Superman #303,Sep-76,N,Gerry Conway,writer,,,,,369F0DB8-C4E7-AB4D-B8A4-B938F71F4277
,Character,,,,,Curt Swan,pencils,,,,,24927860-7D46-3A4F-8C74-00F9684C1BE0
,Character,,,,,Bob Oskner,color,,,,,E466A189-9CB9-1443-AEE7-92EF99BA6CDD
Aldo,Character,"Point Blank
Sleeper",Sleeper: Season 2 #4,Nov-04,N,Ed Brubaker,writer,WFH,,,,657DD4C7-4888-3543-AE90-3D2D787101FF
,Character,,,,,Sean Phillips,"pencils, inks, cover",WFH,,,,3F8A0EC9-E324-944C-8144-3D840ED00FE8
,Character,,,,,Carrie Strachan,color,N/A,,,,F6A2166B-475D-D143-95A6-BE31FEECB470
Alex Logue,Character,Legends 504,Hellblazer #11,Nov-88,N,Jamie Delano,writer,WFH,,,,321F087B-E01A-4746-8A61-980370E630FB
,Character,,,,,Richard Piers Rayner,pencils,WFH,,,,C23263B9-2A67-E34F-99CD-034974701B48
,Character,,,,,Mark Buckingham,inks,WFH,,,,38C0C276-6362-8544-93CC-A73018BEC46A
Alexander Quirk,Character,Flash 420,Hawk & Dove #1,Nov-11,N,Sterling Gates,writer,WFH,,,,09FB81B8-D77F-3844-AE4D-9B009EA42D04
,Character,,,,,Rob Liefeld,"pencils, inks, cover",WFH,,,,552492F8-6958-F04A-BF91-44CC9664DD1E
,Character,,,,,Matt Yackey,color,N/A,,,,6D503C44-2B3C-A340-97BD-D8BB40D234DD
Alfred E. Neuman,Character,,"The MAD Reader
(Ballantine Books)",1954,Y,Harvey Kurtzman,editor,None,,"Per J. Ficarra - Kurtzman claimed & named the character; however Alfred did not become the official ""mascot"" of MAD until Kurtzman's departure from the magazine.",,A9AF88F9-8617-D34E-9D49-783E8419BCDD
,Character,,"MAD Debut:
MAD Magazine #21",Mar-55,Y,Harvey Kurtzman,editor,None,,Per J. Ficarra - No artist created the cover image for this issue. It was created with pick up clip art.,,BFFC97E6-6B44-8143-9E3C-A7F263EDC108
,Character,,"Full appearance (face & name):
MAD Magazine #30",Nov-56,Y,Norman Mingo,artist,None,,Deceased,,296020B6-ADFB-6641-9788-555E046218F8
"Alfred Pennyworth
(Alfred Beagle)",Character,,"Batman #16
""Here Comes Alfred""",Apr-43,N,Don Cameron,writer,None,,Deceased,,26EF2F0C-F9C9-DC4A-97ED-4A765689E83F
,Character,,,,,Bob Kane,pencils,Services Agreements,,Deceased,,E8D2EAD0-6EA2-B94C-9C95-C81794F30459
,Character,,,,,Jerry Robinson,"inks, cover",Settlement,,Deceased,,63064817-9904-1241-862A-0D93FA847C7D
Alice Dee,Character,Gotham 303,Batman: The Dark Knight #17,Apr-13,N,Gregg Hurwitz,writer,WFH,,,,55116646-D406-8F41-A0C9-D258AC2E8B01
,Character,,,,,Ethan Van Sciver,"pencils, inks, cover",WFH,,,,50F8A42D-7F70-454E-BAA7-10515AB8D517
,Character,,,,,Brian Miller,color,N/A,,,,2888F4A2-E7FC-944D-A46F-474360783562
Alice Pleasance,Character,Gotham 303,"Batman: The Animated Series
""Mad as a Hatter""",Oct-92,,Paul Dini,writer,,,,,EE47F803-5052-F741-822E-1B38A382B156
,Character,,Batman & Robin Adventures #17,Apr-97,N,Paul Dini,plot,WFH,,,,D8E4B2E7-1017-0949-A34A-9E2372AED0F2
,Character,,,,,Ty Templeton,"script, cover pencils",WFH,,,,7A347056-DF7A-3149-B8AA-421337B71159
,Character,,,,,Joe Staton,pencils,WFH,,,,20762D00-F0A1-DC47-9464-9FB3C83350D0
,Character,,,,,Rick Burchett,"inks, cover inks",WFH,,,,B457AF2A-C91C-1048-9336-96970398F2E3
,Character,,,,,Linda Medley,color,N/A,,,,411E324D-C955-B04A-860F-2CEBE4397FD8
All-Beard,Character,,Seven Soldiers: The Manhattan Guardian #1,May-05,N,Grant Morrison,Writer,WFH; Exclusive,2007,,,38D14ACE-14BA-6843-BAC3-CF49F7785046
,Character,,,,,Cameron Stewart,"Pencils, Inks, Cover",WFH,,,,14D85F88-265D-A04D-8909-B86AD123E6FE
,Character,,,,,"William ""Moose"" Baumann",Color,N/A,,,,EB3FA7C5-5BE3-9440-B47D-2A67E7C84316
Allegra Garcia,Character,Flash 602,"Titans Volume 2 #28
Family Runion Part 1",Dec-10,N,Eric Wallace,Writer,WFH,,,,00BE903F-BB5E-D94F-AB49-C728FFC6DCDE
,Character,,,,,Fabrizio Fiorentino,"Pencils, Inks",WFH,,,,DBCE1E4A-8409-5C45-8165-0FA35B85EBD7
,Character,,,,,Cliff Richards,"Pencils, Inks",WFH,,,,12E98598-AA13-704A-B9C5-18CB4273C5E3
Allen Phaedon,Character,,Firestorm #14,Aug-05,N,Stuart Moore,writer,WFH,,,,6705A11D-0463-7245-BE97-A095B7804C66
,Character,,,,,Jamal Igle,pencils,WFH,,,,DD97B995-615D-284F-9661-9805AD167238
,Character,,,,,Rob Stull,inks,WFH,,,,A0021139-7053-0B40-B3B3-7791B972E725
,Character,,,,,Matt Haley,cover,WFH,,,,5F4BD9A9-F131-B449-AF68-7268EECC3FDF
,Character,,,,,Chris Sotomayor,color,N/A,,,,ADA299FF-2E65-7842-A827-8B3384EF1B49
"Allura In-Ze
(Silver Age)",Character,,"Action Comics #252
""The Supergirl From Krypton""",May-59,N,Otto Binder,writer,None,,Deceased,,F6372A9C-2BEE-514B-A5F6-9C9BF4600F25
,Character,,,,,Al Plastino,"pencils, inks",None,,Deceased,,77B5CD27-2F7F-914C-BA45-860A4447A276
,Character,,,,,Curt Swan,cover pencils,None,,Deceased,,76817AF3-EBCF-1247-A4BB-A81CF56806BE
,Character,,,,,Stan Kaye,cover inks,None,,Deceased,,37152F3E-24C4-5341-BF6D-78528E186E1D
Alura In-Ze,Character,,Superman/Batman #9,Jun-04,N,Jeph Loeb,writer,WFH,,,,389AF893-AB44-9E4D-BE30-644CFD5CCB76
,Character,,,,,Michael Turner,"pencils, inks, cover",Continuity Artist,,,,C44EC003-1A74-5544-8E7A-24A02E16FF19
,Character,,,,,Peter Steigerwald,color,N/A,,,,23DC1A48-305D-494D-A6E4-43AC4A92942F
Alvin Pierce,Character,Black Lightning 105,Black Lightning #6,Jan-78,Y,Anthony Isabella,writer,Exclusive; Creator Recognition,2016,,,292C9DB2-63C3-B841-85DF-62B6EDF2A09A
,Character,,,,,Trevor Von Eeden,pencils,None,2016,,,BA8E1354-4271-6148-A64F-16C5880E709B
,Character,,,,,Vince Colletta,"inks, cover inks",Exclusive,,Deceased,,17665265-74A1-D447-A9C8-3D738303101F
,Character,,,,,Rich Buckler,cover pencils,None,,,,BF8C6731-C2D2-9A4C-B848-4D0EDE577AF9
,Character,,,,,Jerry Serpe,color,N/A,,,,0EF82149-4D6D-D14C-ADA5-B4BFF4BE8652
AmerTek Industries,Location,"Flash
(2018)",Steel #1,Feb-94,N,Jon Bogdanove,"writer, cover pencils",Continuity; Exclusive,,,,37D84A28-2545-264C-AC98-E81515B05CC8
,Location,,,,,Louise Simonson,writer,Continuity,,,,559C092B-B716-4842-9E5A-8CF656143BE0
,Location,,,,,Chris Batista,pencils,WFH,,,,88D4114A-DF21-BE44-AE78-B3AE7FB00039
,Location,,,,,Rich Faber,inks,WFH,,,,BBDD350E-00F4-F941-A521-6D394163FE16
,Location,,,,,Dennis Janke,cover inks,None,,,,E1A3FEE8-83A9-C44B-96B8-DDAF9150A213
,Location,,,,,Gina Going-Raney,color,N/A,,,,23489B62-CD55-FD40-B450-BCE12F6F7785
Almerac,Location,"Supergirl 119
(4/11/2016)",Action Comics #645,Sep-89,N,Roger Stern,writer,WFH,Y,,,976434C3-4AEC-544B-8DAF-B9687C6E601B
,Character,,,,,George Perez,"writer, pencils, cover",WFH,Y,,,5036160B-B373-834C-B767-5D96A3799815
,Character,,,,,Brett Breeding,inks,WFH,,,,742DA355-BB64-DC4D-A5B7-08DB5D027763
,Character,,,,,Glenn Whitmore,color,N/A,,,,084B8544-5A22-324E-A0BE-E15121716A5A
Amalak,Character,Supergirl 217,Superman #190,Oct-66,N,Jim Shooter,writer,None,,,,683F7EE3-A60A-3640-A146-F9ED5AD368A4
,Character,,,,,Wayne Boring,"pencils, inks",None,,Deceased,,5C3EB635-BE50-614E-BE5E-AD5071000463
,Character,,,,,Curt Swan,cover pencils,None,,Deceased,,E1033E12-82A1-094E-8710-C455282BBC91
,Character,,,,,George Klein,cover inks,None,,Deceased,,558BE77F-6E4D-DD4F-BDEB-84F1F25950EB
Amanda Waller,Character,"Suicide Squad
(2016)","Legends #1
""Once Upon A Time""",Nov-86,N,John Ostrander,plot,WFH,2004,,,C7F7B373-EEEF-A249-A4AA-DC87B7B6C4B0
,Character,,,,,Len Wein,dialogue,WFH,,Deceased,,0A2C8F21-D1BA-1742-81AF-BF2AAB306E25
,Character,,,,,John Byrne,"pencils, cover",Continuity; WFH,,Character equity agreement sent; never signed.,,D33DE310-4109-D248-8418-1506822F6E7A
,Character,,,,,Karl Kesel,inks,WFH,,,,C4EFD37E-9C77-DD48-852F-E7A49D20615B
,Character,,,,,Thomas Ziuko,color,N/A,,,,BE6E9FB7-F26E-3A4C-8C7D-3F761752DEB0
Amandiel,Character,"Lucifer 101
(1/25/2016)",Sandman Presents: Lucifer #1,Mar-99,N,Mike Carey,writer,WFH,,,,6F0F5027-6B12-6B42-BB8E-68B025B9C91B
,Character,,,,,Scott Hampton,"pencils, inks, cover",WFH,,,,3326A1DB-DA0B-A147-A73F-C5618588DE2E
,Character,,,,,Todd Klein,color,N/A,,,,8F93AC3F-F6CF-6542-9FA0-19011BC85AD6
Amanita,Character,,Green Lantern #20,Jan-92,N,Gerard Jones,writer,Continuity,,DC no longer has an active relationship with Jones due to criminal conviction.,,BD4D579F-35DE-0A43-9266-BC96312E74E6
,Character,,,,,Pat Broderick,"pencils, cover",WFH,,,,E753022E-5442-9344-96FC-79F23043F01D
,Character,,,,,Romeo Tanghal,inks,WFH,,,,1F389210-60B8-0744-A18C-24AA1C43D9C2
,Character,,,,,Anthony Tollin,color,N/A,,,,265D22FF-5344-5F49-906A-589D1D214CA5
Amazo,Character,Arrow 709,Brave & the Bold #30,Jun-60,Y,Gardner F. Fox,writer,Creator Recognition,,Deceased Creator recognition agreement is with heirs.,,2FF2FCD0-2C0E-1F47-98BC-5FD1B7D6B75D
,Character,,,,,Mike Sekowsky,"pencils, cover pencils",None,,Deceased,,ADD0D531-14C4-6042-89C9-31DB5E8773D1
,Character,,,,,Bernard Sachs,inks,None,,Deceased,,C1BDF694-A6FC-5C40-BD73-487090DBE066
,Character,,,,,Murphy Anderson,cover inks,None,,Deceased,,D58AA709-BF30-C141-9AF5-173DBE3BE213
Ambush Bug,Character,"Flash 207
(11/17/2015)",DC Comics Presents #52,Dec-82,N,Paul Kupperberg,writer,Exclusive; WFH Acknowledgment,,,,104C8A17-E8D3-B04B-84F7-4D3960C54607
,Character,,,,,Keith Giffen,"pencils, cover pencils",Creative Contributor,Y,,,D0BF4020-C60F-AF46-9DDC-6722365FB9BF
,Character,,,,,Sal Trapani,inks,None,,,,26EC92C9-22CE-664E-A496-F3BA9709CDAF
,Character,,,,,Dick Giordano,cover inks,N/A,,"Giordano may have been an employee of DC at this time.
Deceased",,93B1E08B-77F9-9240-9AA9-9C296AAB0AEF
,Character,,,,,Gene D'Angelo,color,N/A,,,,3BECDCC2-2554-1F46-BD5B-679E970AE317
"American Security Agency
(A.S.A.)",Property,Black Lightning 105,Batman & the Outsiders Annual #1,1984,N,Mike W. Barr,writer,Writer,,,,885E4CC4-83C9-8845-974D-D2057766EC14
,Property,,,,,Jerome Moore,pencils,WFH,,,,B031087F-A499-3E42-A0CA-3D1EAD576087
,Property,,,,,Alex Saviuk,pencils,WFH,,,,2C8F286C-0FED-5A49-B9F6-04A5DC40C12C
,Property,,,,,Jan Duursema,pencils,WFH,,,,818E9C96-8F02-4148-90E6-29FF42F74DCE
,Property,,,,,Rick Hoberg,pencils,WFH,,,,DCC725C7-FE99-D246-88D7-D7E8E0661E45
,Property,,,,,Jim Aparo,"inks, cover inks",Artist; WFH,,Deceased,,F5294A50-635D-6C42-BD26-A129F4986AA1
,Property,,,,,Frank Miller,cover pencils,WFH,,,,147A0788-9E9E-E046-9C56-EA54EA1D8C43
,Property,,,,,Adrienne Roy,color,Exclusive,,Deceased,,3F9B1351-24C2-3644-A3F4-1531E1F1E4C3
"American Virgin
f/k/a Virgin",Property,,American Virgin #1,May-06,Y,Steve Seagle,writer,Joint Creator/First & Last Rights; Writer,2004,This property reverted to the creators in 2013. The property and all associated characters are not available for use.,,395E9350-FB0B-AB46-970F-B4C38BDE187B
,Property,,,,,Rebecca Cloonan,"pencils, inks",Joint Creator/First & Last Rights; Artist,2005,,,AB0EA7E5-14C3-AF49-9F1F-D8153EDE0689
,Property,,,,,Brian Miller,color,N/A,,,,BBC73676-FFFB-054B-9B22-9802245621B1
,Property,,,,,"Vincent Deighan
(Frank Quitely)",cover,WFH,,,,E1B18EB3-D1E1-AF40-A2DC-19505F90733B
"Amethyst
(Amy Winston; Amaya; Amethyst, Princess of Gemworld )",Character,,"Legion of Super-Heroes #298
""Duel in Dark Magic""",Apr-83,N,Gary Cohn,writer,WFH,1981,,,B8738F87-9A1B-064D-9385-0D9C362D5D08
,Character,,,,,Dan Mishkin,writer,WFH,1981,,,2F3229F0-E6B7-CC43-8DD0-83691B04CAB9
,Character,,,,,Ernie Colon,"pencils, inks",WFH,1983,,,57C955B4-6C5D-F248-BA2F-DC7EAEA0C0FE
,Character,,,,,Thomas Ziuko,color,N/A,,,,A5238F0C-91E1-4B43-A458-4FFA3385D910
,Character,,,,,Keith Giffen,cover pencils,WFH,,,,E1660C9D-F476-EC4C-B61C-B18DBCFC8F3B
,Character,,,,,Larry Mahlstedt,cover inks,WFH,,,,FAF370E5-DD89-B24D-BA29-5B87CE4E2E39
"Amon Tomaz
(Osiris)",Character,,"Teen Titans #38
First Appearance -  in a Photo marked ""Osiris""",Sep-06,N,Geoff Johns,writer,WFH,,,,A7B9622F-2227-C147-B0D1-BE3B4F36D64C
,Character,,,,,Carlos Ferreira,pencils,WFH,,,,FC49B55D-4F62-CB49-B05F-42D57C4BFE22
,Character,,,,,Art Thibert,inks,WFH,,,,8DA2E180-A3E5-2844-B999-90DD14BBED55
,Character,,,,,Drew Geraci,inks,WFH,,,,480D6EF1-4B94-2643-84D5-FA1168B28209
,Character,,"52 #23
First appearance as an actual character",Dec-06,N,Geoff Johns,writer,WFH,,,,53C6F2E3-F3A8-0C41-A83D-C6DB3C290D39
,Character,,,,,Grant Morrison,writer,WFH,,,,3EE8FC60-5A74-584C-9C22-0129C75DB1AD
,Character,,,,,Greg Rucka,writer,WFH,,,,3EE96FA7-9F8B-7F4D-9946-8B1DE4BD984E
,Character,,,,,Mark Waid,writer,WFH,,,,BA495D0B-9EC6-A04A-A107-09FE9FCBACF8
,Character,,,,,Keith Giffen,pencils,Continuity,,,,5743D5A0-AA8A-9147-A7DE-D852EBB14FE1
,Character,,,,,Drew Johnson,pencils,WFH,,,,E4F14BE0-17C7-4A4C-8381-9438264D006C
,Character,,,,,Ray Snyder,inks,WFH,,,,019B5F5F-8333-D249-9DA3-32BF85D7C885
Amos Fortune,Character,,Justice League of America #6,Sep-61,Y,Gardner F. Fox,,Creator Recognition,2009,Deceased Creator recognition agreement with heirs.,,5009681A-9120-764E-A09F-3DEF010870B9
,Character,,,,,Mike Sekowsky,"pencils, cover pencils",None,,Deceased,,939574F3-AB27-6D42-BE11-5D8D53CD2B0E
,Character,,,,,Bernard Sachs,inks,None,,Deceased,,2C724C62-0195-594B-9B8B-A7B7101DED9B
,Character,,,,,Murphy Anderson,cover inks,None,,Deceased,,0C767C98-1287-3740-A574-BFA67285492E
Amos Fortune Casino,Location,Flash 403,"Justice League Animated Series
""Wild Cards""",Dec-03,,Stan Berkowitz,writer,,,,,BB57B6BD-50E2-AD4B-9B77-3AA1828B9482
,Location,,,,,Dwayne McDuffie,writer,,,Deceased,,F61D8A7A-FC76-EE41-8D4F-2B4FF7B31AB2
Amy Rohrbach,Character,Titans 101,Nightwing #48,Oct-00,N,Chuck Dixon,writer,WFH,,Character equity agreement sent in 2014; not returned,,FCCA11D1-9425-A54F-AB93-01A87583A4E2
,Character,,,,,Greg Land,"pencils, cover pencils",WFH.,2014,,,E0249012-DE51-4F4B-9274-7EFE56A419B8
,Character,,,,,Jose Marzan Jr.,inks,WFH,,,,43080255-7635-ED40-A972-4E2247853CFC
,Character,,,,,Karl Story,cover inks,WFH,,,,F9480A2C-E841-6B43-BC0A-A3CFBD61532D
,Character,,,,,Patricia Mulvihill,color,Exclusive,,,,A218B74C-9700-7C4F-AFE8-E565F0EF63FE
"Amygdala
(Aaron Helzinger)",Character,"Gotham 201
(9/21/2015)",Batman: Shadow of the Bat #3,Aug-92,N,Alan Grant,writer,WFH,2016,,,72C6799F-F71C-A245-99DF-1C64185D451E
,Character,,,,,Norm Breyfogle,"pencils, inks",None,,"Deceased
Character equity agreement sent. (5/31/16)
Breyfogle's WFH agreements for Shadow of the Bat #1 &2 have been located.  UPDATE: Located Continuity Artist Agreement for Breyfogle for this title dated January 31, 1992 (DCBL#222424) that was terminated on March 1, 1993 (DCBL#222423)",,1AAA779F-EEC2-9143-BB60-DA54EEBD7F8F
,Character,,,,,"Jefferson Mitchell
(Brian Stelfreeze)",cover,WFH,,,,D6633A86-CB55-EA4B-A5E1-1D06865ACE4C
,Character,,,,,Adrienne Roy,color,Exclusive,,Deceased,,DC9C8215-4307-D14D-83CB-97BAC5A06E91
"Anarky
(Lonnie Machlan)",Character,Arrow 402,Detective Comics #608,Nov-89,Y,Alan Grant,writer,WFH,2013,,,A4BBEC58-BE37-AD48-9EBE-558E241E9F69
,Character,,,,,Norm Breyfogle,"pencils, cover",WFH; Continuity,2013,Deceased,,FFCB89F5-4417-6540-A20B-F49C53A11F6F
,Character,,,,,Steve Mitchell,inks,WFH,,,,9031345D-D7E3-A046-9119-F9652176C5CB
,Character,,,,,Adrienne Roy,color,Exclusive,,Deceased,,2F667713-70C6-894D-9512-621A9C8891D2
"Anarky
(Samuel Young)",Character,,Detective Comics #30,Jun-14,N,Francis Manapul,"writer, pencils, inks, cover",WFH,,,,C80488D8-5116-BE45-82BE-BEC876559204
,Character,,,,,Brian Buccellato,"writer, color",WFH,,,,03C876E9-07B3-E84C-9FDC-1E6598125D29
"Andre
(Iron Face; The Man in the Iron Mask; M'sieu Machine)",Character,,"in Quality Comics:
Military Comics #2
""The Coward Dies Twice""",Sep-41,N,Will Eisner,writer,None,,See Quality Comics purchase agreements dated 7/26/56 & 8/1/67.,,7100AF9E-867E-6D4A-A75E-7151FCB43716
,Character,,,,,Charles Cuidera,"pencils, inks, cover",None,,,,205E8F03-FA65-A04B-928C-E3A83FF2EC7A
,Character,,,,,Bill Smith,cover,None,,,,521B7880-4CE7-5A47-81AA-5E9659DC519D
,Character,,"in DC Comics:
Blackhawk #108",Jan-57,N,Dick Dillin,"pencils, cover pencils",None,,Deceased,,F6706705-70CC-7B42-B6A6-808DE50A4879
,Character,,,,,Charles Cuidera,"inks, cover inks",None,,,,8D2FD0F6-469A-0B4C-9751-D4487AD3F561
Andre Blanc-Dumont,Character,,Blackhawk #1,Mar-89,N,Howard Chaykin,"writer, pencils, inks, cover",,,,,76BEC02B-44F4-A546-B467-75914D183C2D
,Character,,,,,Steve Oliff,color,N/A,,,,7F107B49-CE40-5947-B096-A7C334A46D21
Andrew Lincoln,Character,,Blackhawks #1,Nov-11,Y,Mike Costa,writer,WFH,,,,C9BFF215-11BA-CF48-94F8-1886C91CB4A4
,Character,,,,,Graham Nolan,pencils,WFH,,,,A45AC1CA-C7DF-C44C-8985-1CE97A0FF7CB
,Character,,,,,Ken Lashley,"pencils, inks, cover",WFH,,,,915C48DE-C15B-7B45-AD59-92D5F3EAB0D1
,Character,,,,,Guy Major,color,Exclusive,,,,DB7FD43A-A58C-A24D-88D1-5AF15F26197C
"Andromache
(Majestrix)",Character,"Justice League
(2017)",WildC.A.T.S Trilogy #2,Sep-93,N,Brandon Choi,writer,WFH Acknowledgment,,See also: Aegis Entertainment Purchase Agreement,,18285AF8-F7AE-0C4E-86F3-9E1773A7DB35
,Character,,,,,Dafydd Wyn,writer,None,,,,FE14CF07-6F48-3F40-BD2D-8B37E2D5021B
,Character,,,,,Jae Lee,"pencils, inks, cover",None,,,,70A2AB86-8566-B54E-A92E-767562BBD677
,Character,,,,,Joe Chiodo,color,N/A,,,,78A0E388-D5D5-9F41-B37A-4051B43AEFE0
Angel & The Ape,Character,,"Showcase vol 1 #77
""Angel and the Ape"" ",Sep-68,Y,E. Nelson Bridwell,writer,N/A,,"Bridwell was an employee of DC at this time (from 1/13/1964-1/23/1987).
Deceased (January 1987)","1 active heir, which has been receiving royalty payments: Marie O’Brien (Heir to the Estate of E. Nelson Bridwell)",135CAF83-56A3-6C42-946F-470E4FCD97C2
,Character,,,,,Bob Oksner,"pencils, cover ",None,,Deceased (February 2007),"3 active heirs, which have been receiving royalty payments.",E3F9C6F6-7767-214D-B0B8-55ABE1750219
,Character,,,,,"Philip Eustice ""Tex"" Blaisdell","inks, cover",None,,Deceased (March 1999),,EBDE80F7-D59D-D44C-8704-EE99E8D5C677
"Animal Man
(Buddy Baker)",Character,Dark Universe,"Strange Adventures #180
""I Was The Man With Animal Powers""",Sep-65,Y,Dave Wood,writer,None,,Deceased,,22C5B0F2-C435-DD41-B7BA-03414E456620
,Character,,,,,Carmine Infantino,"pencils, cover",Settlement,,Deceased,,B2DC5175-1444-354C-9025-80578B4A758A
,Character,,,,,George Roussos,inks,None,,Deceased,,C6D1BC14-C3CE-7043-8EEF-2DC49B29CECD
"Animal-Vegetable-Mineral Man
(Sven Larsen)",Character,Doom Patrol 106,"Doom Patrol #89
""The Animal Vegetable Mineral Menace""",Aug-64,Y,Arnold Drake,writer,None,2006,Deceased,,E042231B-4655-8242-9B42-24C5D9498DD9
,Character,,,,,Bruno Premiani,"pencils, inks",None,,Deceased,,7785903F-247F-284B-AC4E-F54FA7FF3B64
,Character,,,,,Bob Brown,cover,None,,,,6A2EF892-E9E3-6847-AA57-F3C36F420CDD
Anndranna,Location,Supergirl 204,"Strange Adventures #143
""The Face In The Atom Bomb Cloud!""",Aug-62,Y,Gardner Fox,writer,Creator Recognition,,Deceased Creator Recognition agreement is with heirs.,,E3B33F49-2A5A-754C-903F-0F16BFBFED3E
,Location,,,,,Murphy Anderson,"pencils, inks, cover",None,,Deceased,,854E19B9-B619-AF42-9229-F0FC4BA7A7BB
Ant Farm,Location,Doom Patrol 111,"Frankenstein, Agent of S.H.A.D.E. #1
""War of the Monsters Pt. 1: Monster Town, USA""",Nov-11,N,Jeff Lemire,writer,WFH,,,,84EBB85A-5814-7646-919F-E9DF016229F2
,Location,,,,,Alberto Ponticelli,"pencils, inks",WFH,,,,041FC46B-E4C1-F94A-8012-90A893C58B73
,Location,,,,,J.G. Jones,cover,WFH,,,,AA6A319C-1AAF-6349-BCA0-A597C8026245
,Location,,,,,Jose Villarrubia,color,N/A,,,,2102A2D2-1443-5F4D-8BF3-53AACBA62E05
Anti-Monitor,Character,DC Super Hero Girls,Crisis on Infinite Earths #2,May-85,N,Marv Wolfman,writer,Writer/Editor,2004,,,FBFDB445-C301-984B-A65A-C5767E8D1E52
,Character,,,,,George Perez,"pencils, cover",Exclusive,2004,,,9E17D1CD-D44E-FD48-90BC-214B6AC9051E
,Character,,,,,Dick Giordano,inks,None,,"Giordano may have been an employee of DC at this time.
Deceased",,4E42EBEB-DF05-A348-8509-C095C76C4944
,Character,,,,,Anthony Tollin,color,Exclusive,,,,EC7CFBC4-3D89-8348-AD66-F0811B87DBE5
"Antiope
(Pre-Crisis)",Character,"Wonder Woman
(2017)","Wonder Woman #312
""Escape""",Feb-84,N,Dan Mishkin,writer,WFH,,,,78392BC3-21F9-8B47-8D45-DECB9AD999ED
,Character,,,,,Don Heck,"pencils, inks",WFH,,Deceased,,3D5904D9-9206-AB41-8CF3-12E485927BDF
,Character,,,,,Gil Kane,cover,WFH,,Deceased,,46823674-134A-3043-8CEB-C28FB51A33A8
,Character,,,,,Nansi Hoolihan,color,N/A,,,,F63CF31A-82B7-5A44-8C14-CF21B1D13C55
"Antiope
(Post-Crisis)",Character,"Wonder Woman
(2017)",Wonder Woman #1,Feb-87,N,Greg Potter,writer,WFH,,,,86228715-1327-5643-A880-7EB2613E3B8A
,Character,,,,,George Perez,"plot, pencils, cover",Continuity,,,,56719516-B8D3-694B-8461-0219607505BF
,Character,,,,,Bruce Patterson,inks,WFH,,,,5300A66F-9A48-4446-BD53-72914E12A4A7
,Character,,,,,Tatjana Wood,color,N/A,,,,980F0310-9AF2-C740-B85F-476A5751D212
Anton Arcane,Character,,Swamp Thing #1,Oct-72,N,Len Wein,writer,Settlement,2009,Deceased,,E6587C38-D953-A04B-8388-D44A944005EB
,Character,,,,,Berni Wrightson,"pencils, inks, cover",Settlement,2009,Deceased,,87BB523F-CCD8-4241-A60B-75710951012A
Anton Greeva,Character,"Point Blank
Sleeper",Sleeper #5,Jul-03,N,Ed Brubaker,writer,WFH,,,,331404B6-9E2B-0544-9C0F-39573D64AF0E
,Character,,,,,Sean Phillips,"pencils, inks, cover",WFH,,,,7918FFD3-6183-D14F-A828-D106E494C228
,Character,,,,,Tony Avina,color,N/A,,,,1BC7299B-C9A5-5C4F-BCE8-B57E57896F29
Anton Slater,Character,Flash 410,The Flash #337,Sep-84,N,Cary Bates,writer,Exclusive,,,,139F8673-1280-0F47-80D5-5CCC7F12F92A
,Character,,,,,Carmine Infantino,"pencils, cover pencils",Settlement; WFH,,Deceased,,586491B9-E370-924A-A2F0-5E38807F0EAC
,Character,,,,,Frank McLaughlin,inks,Exclusive; WFH,,Deceased,,1E4D1AA9-6151-7940-B89B-5B4D274A52B8
,Character,,,,,Klaus Janson,cover inks,WFH,,,,6AAE892E-986D-8A43-B7EF-AF5A2F2A8C6B
,Character,,,,,Carl Gafford,color,N/A,,,,F6DC39F8-AE97-5D4D-BA29-E1D83B6BB3BA
Anthro,Character,,"Showcase vol 1 #74
Anthro: ""It Could Be You""",May-68,Y,"Howard ""Howie"" Post","writer, pencils, inks, cover ",None,,Deceased (May 2010),No known active heirs and no royalty payments have been maid.,ED66A6D3-22ED-2141-95F6-697265405640
Aphrodite,Character,"Wonder Woman
(2017)","All-Star Comics #8
""Introducing Wonder Woman""",Dec-41,N,William Moulton Marston,writer,Marston agreements (7/31/41; 1/15/46; 7/25/51),,Deceased Final agreement is with Estate.,,7CF4A659-F14D-D74D-86BC-19EE8834CDED
,Character,,,,,Harry G. Peter,"pencils, inks",Artist,,Deceased,,780003A1-FC03-CF4B-91AC-0A0A59B9FB11
,Character,,,,,Everett E. Hibbard,cover,None,,Deceased,,7888F610-9166-FC48-97D2-DC81EB42412C
Apokolips,Location,Justice League (2017),New Gods #1,Mar-71,N,Jack Kirby,"writer, pencils, cover pencils",Fourth World Agreement,1982,Deceased,,21187B76-EED1-8443-B1A2-BBBF636875B8
,Location,,,,,Vince Colletta,inks,None,,Deceased,,071A065A-B0E4-7340-8FE2-0C17A42B5125
,Location,,,,,Frank Giacoia,cover inks,None,,Deceased,,E3E0CF2B-724F-9740-A170-21A3A4D05926
"Apollo
(Phoebus Apollo)",Character,"Wonder Woman
(2017)","Golden Age:
All-Star Comics #8
""Introducing Wonder Woman""",Dec-41,N,William Moulton Marston,writer,Marston agreements (7/31/41; 1/15/46; 7/25/51),,Deceased Final agreement is with Estate.,,590E784B-B8F3-A943-9AA9-912EDB08A3F9
,Character,,,,,Harry G. Peter,"pencils, inks",Artist,,Deceased,,B67D2352-0F93-0440-BFCA-8D208FC6E69C
,Character,,,,,Everett E. Hibbard,cover,None,,Deceased,,EA7B1FB2-0C45-B24B-9B1E-E4256D4540A1
,Character,,"New 52:
Wonder Woman #1",Nov-11,N,Brian Azzarello,writer,WFH,,,,6A0DD690-44DD-8941-BD85-EB6EE3AB64CE
,Character,,,,,Cliff Wu Chiang,"pencils, inks, cover",WFH,,,,4A33EF65-6FB9-3A44-A0FD-4F37957EAA9E
,Character,,,,,Matthew Wilson,color,N/A,,,,2732D0EA-82F4-CE46-A8E4-5FD93FF7EFC0
Apollo,Character,,Stormwatch #4,Feb-98,Y,Warren Ellis,writer,None,,,,71C5FB83-FB62-1446-9930-6477D857C110
,Character,,,,,Bryan Hitch,"pencils, cover",None,,,,AB368DE1-1462-2B46-B58A-A1B84CA23C2B
,Character,,,,,Paul Neary,inks,None,,,,0F6FC695-0A5C-D941-889A-259810AD5AC7
,Character,,,,,Laura Depuy Martin,color,N/A,,,,5D6EC780-08B1-FF46-8E51-558F233155AB
"Aqualad
(Garth; Tempest)",Character,,"as Aqualad:
Adventure Comics #269
""The Kid From Atlantis""",Feb-60,N,Robert Bernstein,writer,None,,Deceased,,1E2B917F-234C-E54F-8A94-937853FE11C8
,Character,,,,,Ramona Fradon,"pencils, inks",Creator Recognition,,,,4005E215-7E1A-6549-85CA-9D944ABA65E2
,Character,,,,,Curt Swan,cover pencils,None,,Deceased,,3EEAD62D-F77B-6246-8805-2801A4A55A4F
,Character,,,,,Sheldon Moldoff,cover inks,None,,Deceased,,9FDFF769-710C-7740-8895-C4C8B1A77368
,Character,,"as Tempest:
Tempest #1",Nov-96,Y,Phil Jimenez,"writer, pencils, cover pencils",WFH,,,,F47E1E28-2FA3-9A4A-B1D3-B2A01FE2430A
,Character,,,,,John Stokes,"inks, cover inks",WFH,,,,43E71E89-EB37-1448-B3B4-E5ADE4187026
,Character,,,,,Carla Feeny,N/A,,,,,4E5E91BF-6839-F54A-B8F3-B7ED8A45C63D
"Aquaman
(Golden Age)",Character,,"More Fun Comics #73
""The Submarine Strikes""",Nov-41,N,Mort Weisinger,writer,None,,"Weisinger was an employee of DC at this time.
Deceased",,EEEDD79A-72D7-7943-9057-5AD24DEF5FBB
,Character,,,,,Paul Norris,"pencils, inks",Settlement,2002,Deceased,,81C57D87-A8A3-1242-A9C2-7BE41FD3F936
,Character,,,,,Howard Sherman,cover,None,,,,6E854A7E-66E0-BB49-9CD3-ED3E4F6EFA9A
"Aquaman
(Arthur Curry; Orin; Silver Age)",Character,,"Adventure Comics #260
""How Aquaman Got His Powers""",May-59,N,Robert Bernstein,writer,None,,"The writer on this work is generally credited as “unknown.” However, several sources suggest that Bernstein may have been the writer, so we include him here to be conservative.
Deceased",,5B766CB7-FE41-E941-B220-658C74D23DA3
,Character,,,,,Ramona Fradon,"pencils, inks",Creator Recognition,,,,6D21F56F-E76E-854D-8F04-D1FF7BCD917E
,Character,,,,,Curt Swan,cover pencils,None,,Deceased,,65FE8FEA-213C-1B48-BF05-1657634295A0
,Character,,,,,Stan Kaye,cover inks,None,,Deceased,,E5C418D1-C192-CC4A-8032-2AFBC165D873
"Aquaman
(Arthur Joseph Curry)",Character,,Aquaman: Sword of Atlantis #40,May-06,Y,Kurt Busiek,writer,WFH,,,,146DDE99-928D-3445-9504-82B0253F49FA
,Character,,,,,Jackson Guice,"pencils, inks, cover",WFH,,,,FD7D40FA-649F-2348-B6E3-46C9141FA931
,Character,,,,,Ian Churchill,cover (variant),Exclusive,,,,3D394515-EF89-6D41-A2A5-C835578E7A3E
,Character,,,,,Daniel Brown,color,N/A,,,,375C179C-F2CD-5C44-B9A6-8421FD823320
Area 10,Property,,Area 10 HC,2010,Y,Christos N. Gage,writer,Joint Creator/All Rights; Writer,2006,This property reverted to the creators in 2016. The property and all associated characters are not available for use.,,422155FD-DD48-D949-9CB5-CC4DAEE16F43
,Property,,,,,Chris Samnee,"pencils, inks",Joint Creator/All Rights; Artist,2006,,,BB73A46F-3EAC-7048-A9C4-0E2BA434A0DD
,Property,,,,,Lee Bermejo,cover,WFH,,,,A958EAD9-3C31-BF4E-A780-124E6AFBC9D5
"Ares
(Mars; Pre-Crisis)",Character,,"Wonder Woman #1
""The Origin of Wonder Woman""",Summer 1942,N,William Moulton Marston,writer,Marston agreements (7/31/41; 1/15/46; 7/25/51),,Deceased Final agreement is with Estate.,,F13DD04C-C1E8-E749-9614-A36361F12CC6
,Character,,,,,Harry G. Peter,"pencils, inks, cover",Artist,,Deceased,,9352C03E-0244-F442-86D3-6DBF4B045194
"Ares
(Post-Crisis)",Character,,Wonder Woman #1,Feb-87,N,Greg Potter,writer,WFH,,,,B4F91CD8-E2EF-734A-8705-E7A482DFF022
,Character,,,,,George Perez,"plot, pencils, cover",Continuity,,,,E18FED45-C466-7547-AA2F-86FA1A7B9A49
,Character,,,,,Bruce Patterson,inks,WFH,,,,B24B19F4-EFCA-CA46-A66A-DBB7049A0D04
,Character,,,,,Tatjana Wood,color,N/A,,,,FAF7BC87-CE28-DA4F-9DBB-F8FE3E5DB9A7
"A.R.G.U.S.
(Advanced Research Group Uniting Super-Humans)",Property,Legends 112,"Justice League #7
""The Villain's Journey Prologue""",May-12,N,Geoff Johns,writer,WFH,,,,791CDA6B-064A-714E-B443-2C471A38AE15
,Property,,,,,Gene Ha,"pencils, inks",WFH,,,,15727FC8-6627-F74F-9D9D-9A01C11BE8E6
,Property,,,,,Jim Lee,cover pencils,Firewall Agreement,,,,7BB9675A-364D-6A40-94D7-7A3C8D219422
,Property,,,,,Scott Williams,cover inks,WFH,,,,854EDA05-4903-874E-BB8E-8A52868A640C
,Property,,,,,Gary Frank,cover (variant),WFH,,,,5E0CFC0A-E2A3-6E4A-A516-E8CDCD3490EB
,Property,,,,,Art Lyon,color,N/A,,,,7AD6A771-9D5F-4E45-AA83-360C476C5349
Arkham Asylum,Location,"Justice League
(2017)","Batman #258
""The Threat of the Two-Headed Coin""",Sep-74,N,Dennis O'Neil,writer,Creator Recognition,,,,A2D87477-60C8-934A-9CB3-C867EA49290B
,Location,,,,,Irv Novick,pencils,None,,Deceased,,0EB995C6-4C3A-C74A-B0D4-A44B33611423
,Location,,,,,Dick Giordano,inks,None,,Deceased,,DD8572E7-9020-5146-9C9F-0D60CD5B20C4
,Location,,,,,"Nicholas Viscardi
(Nick Cardy)",cover,None,,Deceased,,D83D699A-76C4-D741-9E96-D41DA2F3A200
"Arlene Luthor
(Mother of Lex Luthor; Arlene Thorul; Letitia Luthor; Lillian Luthor)",Character,,"as Arlene Thorul/Arlene Luthor:
Superman's Girl Friend, Lois Lane #23
""The Curse of Lena Thorul""",Feb-61,N,"Jerome ""Jerry"" Siegel",writer,Settlement,,Deceased Settlement is with heirs.,,4DCE29C8-9587-DF40-968E-BD168BFBC9D7
,Character,,,,,Kurt Schaffenberger,"pencils, inks",None,,"Schaffenberger may have been an employee of DC at this time.
Deceased",,58856011-3CC1-034F-AB78-E8ABC54C2874
,Character,,,,,Curt Swan,cover pencils,None,,Deceased,,76DC1094-CAF2-3B4A-AE83-21ECEA99620F
,Character,,,,,Stan Kaye,cover inks,None,,Deceased,,10F29DEC-7B8D-8C4F-8ABA-50D244FBDF62
,Character,,"as Letitia Luthor:
Lex Luthor: The Unauthorized Biography OGN",1989,N,"James D. ""Hud"" Hudnall",writer,Writer,,,,5BE65415-E539-124C-B779-29B24AC23F2A
,Character,,,,,Eduardo Barreto,"pencils, inks",Artist,,,,15492CAB-202D-4440-9903-14E6CFD968AD
,Character,,,,,Eric Peterson,cover,None,,,,968DF896-C25C-5D4A-A1FD-D3547DEB59DF
,Character,,,,,Adam Kubert,color,N/A,,,,4AF0F2B1-9AEF-9A4F-A35A-A1FBB79FBB14
,Character,Supergirl 201,"as Lillian Luthor:
Smallville
""Memoria""",Apr-04,,"Alfred Gough, Miles Millar",writers,,,,,663E2B01-3B05-0944-9868-91AADB855EB3
"Arm-Fall-Off-Boy
(Floyd Belkin; Splitter)",Character,Suicide Squad 2,"as Arm-Fall-Off-Boy:
Secret Origins #46
""The Little Clubhouse That Could""",Dec-89,N,Gerard Jones,writer,WFH,,DC no longer has an active relationship with Jones due to criminal conviction.,,9DE5AC2E-1973-E344-82FD-D239B915C4B3
,Character,,,,,Curt Swan,pencils,WFH,,Deceased,,962CEEF0-4AA0-D049-A16D-42E965F4D28F
,Character,,,,,Ty Templeton,inks,WFH,,,,A3AB69FB-3A05-BE4F-9EF3-70A8297E2D1A
,Character,,,,,Eliot Brown,cover,WFH,,,,725AB420-2B47-964D-BC01-B0591EA1A860
,Character,,,,,Tom McCraw,color,N/A,,,,CB26A41F-F93E-B545-A7B5-57225142ED4E
,Character,,"as Floyd Belkin/Splitter:
Legionnaires #43",Dec-96,N,Roger Stern,writer,WFH,,,,7B7B709F-4EF2-F646-835D-E880CD304765
,Character,,,,,Tom McCraw,"writer, color",WFH; Exclusive,,,,9F22DEEC-8CE7-1D44-BB05-FEC460774836
,Character,,,,,Jeffrey Moy,"pencils, cover pencils",Continuity Artist; WFH,,,,02E55DE0-EA84-7E42-A105-26FE281B6090
,Character,,,,,W.C. Carani,"inks, covver inks",WFH,,,,26605B76-DB5F-F246-A1C3-6A3AD1834B1B
,Character,,,,,Philip Moy,inks,WFH,,,,16ACB3D1-7C3E-9149-8E28-ECEF0759AF12
"Armando Ramone
(Reverb; Hardline)",Character,"Flash 213
(2/9/2016)","as Armando Ramone:
Justice League of America #233",Dec-84,N,Gerry Conway,writer,WFH; Exclusive,,,,9EF658F8-8B5F-F548-98C9-9C5A144B392A
,Character,,,,,Chuck Patton,"pencils, cover pencils",WFH; Exclusive,,,,B28724FF-64A4-7148-9AD5-132433260062
,Character,,,,,Bill Anderson,inks,None,,,,989825F3-B288-EB4B-A224-5162C3BF2C97
,Character,,,,,Gene D'Angelo,color,N/A,,,,888B5537-6B96-084D-A214-D843E6923269
,Character,,,,,Dick Giordano,cover inks,N/A,,"Giordano was an employee of DC at this time.
Deceased",,6431CB30-F4F0-F94E-A8D4-03244CC8295A
,Character,,"as Reverb: 
Justice League Quarterly #1",Dec-90,Y,Keith Giffen,plot,WFH,,,,A85DD2F4-9B1F-1844-9A5F-810F8108D5DB
,Character,,,,,John Mark DeMatteis,script,WFH,,,,D49B1AEA-AA65-8A43-A579-8486C2D6F25B
,Character,,,,,Chris Sprouse,"pencils, cover inks",WFH,,,,9DEBE79E-208F-3641-9A05-BDCAC5C2897B
,Character,,,,,Bruce Patterson,inks,WFH,,,,A3665CD9-95DE-C44B-A039-40372ACA85A5
,Character,,,,,Adam Hughes,cover pencils,None,,,,EF328F3F-FAAC-9245-9B05-731EA1F36E2B
,Character,,,,,Gene D'Angelo,color,Exclusive,,,,11C7B4BF-22E0-3F46-BE8D-D5334C80FC7E
"Armando Ramon
(Rupture)",Character,"Flash 220
(5/3/2016)","as Armando Ramon:
Justice League of America's Vibe #1",Apr-13,N,Geoff Johns,writer,WFH,,,,90B77A30-E19A-CE4E-A677-79DB9B5EABA7
,Character,,,,,Andrew Kreisberg,writer,WFH,,,,30F474F0-4057-3546-B4EF-B25224A52768
,Character,,,,,Pete Woods,pencils,WFH,,,,00FC2400-24E5-834F-BC3F-BA0DCA3C4A74
,Character,,,,,Sean Parsons,inks,WFH,,,,ED41557E-70FB-5543-95E9-78A454839978
,Character,,,,,David Finch,cover,WFH,,,,406119DA-0BAD-0D48-81AB-6C30CB385101
,Character,,,,,Brad Anderson,color,N/A,,,,89CDBD56-263D-4346-937C-B0D5CD2834D7
,Character,,"as Rupture:
Justice League of America's Vibe #6",Sep-13,Y,Sterling Gates,writer,WFH,,,,59C0B030-3659-D64F-A729-FFF93BBFCB6F
,Character,,,,,Pete Woods,pencils,WFH,,,,1DA83A8C-FF92-6348-877E-D9A95215EA45
,Character,,,,,Sean Parsons,inks,WFH,,,,88DF1E59-E194-664C-A96F-76B1C483D202
,Character,,,,,Brett Booth,cover pencils,WFH,,,,C5B7E62C-2643-4346-BAB2-822488C4D95F
,Character,,,,,Norman Rapmund,cover inks,WFH,,,,5B15476A-B851-A64F-86E7-4285C36E0BDA
,Character,,,,,Brad Anderson,color,N/A,,,,3E8D4351-A25D-7C4D-96F5-617408DE50EB
Armek,Character,Supergirl 211,JLA #1,Jan-97,N,Grant Morrison,writer,WFH,,,,510C0BCF-1E34-504A-B9BA-1B50F0361CCF
,Character,,,,,Howard Porter,"pencils, cover pencils",WFH,,,,AF92FD95-3ECA-7843-B44C-EF14CBCE590A
,Character,,,,,John Dell III,"inks, cover inks",WFH,,,,7A3F5A06-EE25-9A48-933B-AD598BB2654D
,Character,,,,,Pat Garrahy,color,N/A,,,,9A582755-DB64-D24B-9B0A-446318BD511D
Arnold Beech,Character,Arrow 506,"Detective Comics #221
""The Human Geiger Counter""",Jul-55,N,Ruben Moreira,"pencils, inks",None,,Deceased,,0A277CAC-09DA-D24C-B38F-9BF993559A46
,Character,,,,,J. Winslow Mortimer,cover,None,,Deceased,,1F515FAC-599B-AD4D-9028-307642D91B89
"Arrowette
(Miss Arrowette; Bonnie King)",Character,,"World's Finest #113
""The Amazing Miss Arrowette""",Nov-60,N,Dave Wood,writer,None,,Deceased,,B818BC0F-AB57-2A4A-8278-0E13ED3353B5
,Character,,,,,Lee Elias,"pencils, inks",None,,,,2F8BC007-F2B7-0247-A36D-92E3A089736E
,Character,,,,,Curt Swan,cover pencils,None,,Deceased,,B45C198A-5FD7-E146-A273-09BD85041DE5
,Character,,,,,Stan Kaye,cover inks,None,,Deceased,,BCCCA6B8-B92F-8C4A-9AF3-CFC21BF59247
"Arrowette
(Suzanne ""Cissy"" King-Jones)",Character,Young Justice,Impulse #28,Aug-97,Y,Tom Peyer,writer,WFH,,,,D3C6DC36-9B2C-8E47-8305-6B9770AD907D
,Character,,,,,Sal Buscema,pencils,WFH,,,,6820E314-41E6-C140-81DA-F3B1E9D8BA87
,Character,,,,,Craig Rousseau,pencils,WFH,,,,C41F5101-188A-5D46-A038-1268927CE840
,Character,,,,,Barbara Kaalberg,inks,WFH,,,,1056F320-79C1-A446-B401-D153C9520DE5
,Character,,,,,Keith Champagne,inks,WFH,,,,D8DF2220-90CA-1D41-9EDC-580BFA58DC87
,Character,,,,,Jeff Matsuda,cover pencils,WFH,,,,3D36E812-76FD-BD48-8B16-5B1CBE496CE2
,Character,,,,,Wayne Faucher,cover inks,WFH,,,,DCB44F22-2CC0-4B4E-894F-DBBEE7071868
,Character,,,,,Tom McCraw,color,Exclusive,,,,0D1FD588-B244-4B44-BA5F-FADA11A72D36
Artemis,Character,"Wonder Woman
(2017)","Wonder Woman #298
""Catacombs""",Dec-82,N,Dan Mishkin,writer,None,,WFH for WW #299 has been located.,,7E27D0C6-E643-2440-9606-FFE521B9956D
,Character,,,,,Eugene Colan,pencils,Exclusive,,Deceased,,6225699A-C037-4E4F-B061-C2065B1BF651
,Character,,,,,Frank McLaughlin,inks,Artist,,,,CEBE175A-AA9F-474D-BAC2-682380C66A3D
,Character,,,,,Frank Miller,cover pencils,None,,,,1F988FB5-6102-DD40-A0A1-6CB4BE707DDD
,Character,,,,,Dick Giordano,cover inks,N/A,,"WFH for WW#299 has been located.
Giordano may have been an employee of DC at this time.
Deceased",,B6E430F6-D166-184F-A4BA-A65622E79108
,Character,,,,,Carl Gafford,color,N/A,,,,2FE7BE06-F2B6-2F4F-B50A-2393460BF24A
Artemis of Bana-Mighdall,Character,"Wonder Woman
(2017)",Wonder Woman #90,Sep-94,N,William Messner-Loebs,writer,Continuity,,,,506F57CD-283A-484E-8E69-754C5FA1EB39
,Character,,,,,Mike Deodato Jr.,"pencils, inks",WFH,,,,17AFBD1B-6799-8848-BC05-F64D011FDF07
,Character,,,,,Brian Bolland,cover,WFH,,,,5D512296-D272-C04C-A1D9-D52B8BF0AE99
,Character,,,,,Patricia Mulvihill,color,N/A,,,,E5325532-01D8-0E4A-91A4-3CC049ADCE90
Artemiz,Character,,Suicide Squad #35,Nov-89,N,John Ostrander,writer,WFH,,,,11FE3122-EAAF-D244-BADE-97DE3FF114CF
,Character,,,,,Luke McDonnell,"pencils, cover pencils",WFH,,,,823CD977-1905-4C4A-B212-8EA725EBA281
,Character,,,,,Geof Isherwood,inks,WFH,,,,523E1D6E-6EE4-AC43-872B-16CBEE0C5E77
,Character,,,,,Karl Kesel,cover inks,WFH,,,,77A1FFA8-C0B8-CC4C-A3AF-1FCBF6438CB6
,Character,,,,,Carl Gafford,color,N/A,,,,7D2303DF-AAC0-2743-9275-B59B295A2B4E
"Arthur Curry Jr. 
(Arthur Curry III; Aquababy)",Character,Necrus,Aquaman Vol 1 #23,Oct-65,Y,None Listed,writer,NA,,,,CC7EAE6D-CB0C-CD4E-BB5B-A20C20DDCAB9
,Character,,,,,"Nicholas Viscardi
(Nick Cardy)","pencils, inks, cover",None,,,,B3401DD9-73DD-2A4A-BBFB-353777605C3C
"Asa
(Nightmare Nurse; Alice Winter)",Character,,The Phantom Stranger vol 4 #8,Jul-13,N,J.M. DeMatteis,writer,"WFH, Equity",Y,,,72F20F3F-0AD7-C24E-B31C-3E82FC9CF757
,Character,,,,,Dan DiDio,writer,Employee,,,,979E101F-DEBA-7442-8537-090124A6FDFE
,Character,,,,,Philip Tan,pencils,"WFH, Equity",Y,,,1B6935E4-6B36-6646-A7C8-740AE46C3D9D
,Character,,,,,Jason Paz,inks,WFH,,,,C470B4E8-5EC6-6E45-B39C-2886C0DC0665
Ashley Zolomon,Character,"Flash 218
(4/19/2016)",Flash #197,Jun-03,N,Geoff Johns,writer,Exclusive,,"We have WFH agreements for Johns' entire run on Flash (#164-225) EXCEPT #174, 195-197.",,B5BA5F93-6CB7-254E-9772-989AA2DCF024
,Character,,,,,Scott Kolins,"pencils, cover",WFH,,,,3ACF2CDC-B67B-7F45-B586-DFD35E5CD14E
,Character,,,,,Doug Hazlewood,inks,WFH,,,,D338C483-1AE0-B045-97C4-5CA4923034E1
,Character,,,,,James Sinclair,color,N/A,,,,C4A24D94-A210-E64D-BCAD-88BFB0BBF485
Atlanna,Character,,"Adventure Comics #260
""How Aquaman Got His Powers""",May-59,N,Robert Bernstein,writer,None,,"The writer on this work is generally credited as “unknown.” However, several sources suggest that Bernstein may have been the writer, so we include him here to be conservative.
Deceased",,60B71D4F-BE65-2E46-A698-0A0CC3417C6E
,Character,,,,,Ramona Fradon,"pencils, inks",Creator Recognition,2016,,,BB1DBEFE-49D5-054C-8D1A-902375217D0D
,Character,,,,,Curt Swan,cover pencils,None,,Deceased,,6A907763-12A3-8A4F-A8BC-DDC85745B284
,Character,,,,,Stan Kaye,cover inks,None,,Deceased,,C8BC852E-EFFF-BB49-BE4A-4414B3069517
"The Atom
(Al Pratt)",Character,,"All-American Comics #19
""Introducing the Mighty Atom""",Oct-40,N,William O'Connor,writer,WFH,,,,5AB16F65-54F0-9C4E-A4C4-E6E4898D8684
,Character,,,,,Bernard Flinton,pencils,WFH,,,,72C553A7-5666-504B-B392-8F26319E9F88
,Character,,,,,Leonard Sansone,inks,None,,,,3607F3F0-B9BB-9745-B061-1DF026D75530
,Character,,,,,Sheldon Moldoff,cover,None,,"Untitled & undated agreement from the 1940s exists.
Deceased",,F17E2F59-6B87-9942-A99C-12DE2DE0CA68
"The Atom
(Ray Palmer)",Character,"Arrow 301
(10/8/2014)","Showcase #34
""Birth of the Atom""",Sep-61,Y,Gardner F. Fox,writer,Creator Recognition,2009,Deceased Creator recognition agreement with heirs.,,8B4BC28B-9834-CF43-BB75-B2D7C7BFDF16
,Character,,,,,Gil Kane,"pencils, cover",None,,Deceased,,A7DEDB4D-C3B3-7A4F-A735-E9CDE0659F6E
,Character,,,,,Murphy Anderson,inks,None,,Deceased,,20D00DB3-F3A2-2A4A-9EC6-6955E80898B1
"The Atom
(Adam Cray)",Character,,Suicide Squad #44,Aug-90,N,David DeVries,writer,None,,,,7B2F8880-5F4B-9648-A60E-37018BFCDD1B
,Character,,,,,John Ostrander,writer,WFH,,,,08E3864C-5C48-6B49-BDB5-46FFD31B0C9F
,Character,,,,,Luke McDonnell,"pencils, inks, cover pencils",WFH,,,,CB115661-B1FE-5542-825A-755F7839FEC3
,Character,,,,,Carl Gafford,color,N/A,,,,C30B6EAC-CCCC-0942-ABD0-A48B0F92994C
,Character,,,,,Geof Isherwood,cover inks,WFH,,,,575E5601-CD73-E540-A240-DBCBD859C857
"The Atom
(Ryan Choi)",Character,"Justice League
(2017)","DCU: Brave New World #1
""Handle of the Teacup""",Aug-06,Y,Grant Morrison,character design,WFH (Buyout),,Morrison designed the character but other commitments prohibited him from working on this issue,,E3F95019-0270-6D4D-8759-C3309ACED1B1
,Character,,,,,"Tamra L. James
(Gail Simone)",writer,WFH,,,,C7C406B5-E8F3-584E-BB33-F10210802023
,Character,,,,,John Byrne,pencils,WFH,,,,06044B8F-A249-F541-AD19-3C75BFADAAEF
,Character,,,,,Trevor Scott,inks,None,,,,9EF0E9DA-06E4-BD4A-BB93-216CA252E1C1
,Character,,,,,Ariel Olivetti,cover,WFH,,,,73AC1A50-9A9D-1841-B59E-6EEB91A1CF2C
,Character,,,,,Alex Bleyaert,color,N/A,,,,F91D06CB-98DA-FA4F-930A-B16A6F229119
"Atom Smasher
(Albert Rothstein; Nuklon)",Character,"Flash 201
(10/6/2015)",All-Star Squadron #25,Sep-83,Y,Roy Thomas,writer,Exclusive,2004,,,0AB124E5-C5A9-D947-B1B0-1920984674FF
,Character,,,,,"Jeremiah ""Jerry"" Ordway","pencils, cover",WFH,2004,,,C4D9FBCA-C038-6849-AEEB-0E667766DEDC
,Character,,,,,Mike Machlan,inks,WFH,2004,,,2759A164-6974-0C47-9D8D-0506A42ACAFD
,Character,,,,,Gene D'Angelo,color,N/A,,,,EDB67C23-81E6-1745-B4C3-1E54C3717FB8
"Atom Smasher
(Manfred Mota; Fusionn)",Character,,Flash Special #1,1990,N,Mark Waid,writer,WFH,,,,AD818B2C-03F6-7642-9FB6-328D2F7B5730
,Character,,,,,Len Strazewski,writer,WFH,,,,65D9FB25-DCC1-7546-9148-C9B8DDB67E86
,Character,,,,,Gerard Jones,writer,WFH,,DC no longer has an active relationship with Jones due to criminal conviction.,,67B6DE58-6CEB-7544-BFC0-A580311B782D
,Character,,,,,William Messner-Loebs,writer,WFH,,,,3E63C3F1-D4CD-D146-86D5-CCA49443C501
,Character,,,,,Mike Parobeck,pencils,WFH,,,,C8F93410-5E94-4347-B8AA-FE45621FD84C
,Character,,,,,"Irving ""Irv"" Novick",pencils,WFH,,Deceased,,FE62D6B7-870B-D141-8967-BCE0BB95F2F1
,Character,,,,,Carmine Infantino,pencils,WFH,,Deceased,,FDC893F6-C207-674A-8A50-DDE54DEF715A
,Character,,,,,Grant Miehm,pencils,WFH,,,,43913DA4-0BD1-2A4C-AFA7-2257F412F9D3
,Character,,,,,"Jose Marzan, Jr.",inks,WFH,,,,8FF9C92E-076B-2B46-AE77-B5A535C7FF7C
,Character,,,,,Dick Giordano,inks,WFH,,"Giordano may have been an employee of DC at this time.
Deceased",,5A022F9C-A920-1945-8DDD-946B132D28A8
,Character,,,,,Josef Rubinstein,inks,WFH,,,,88C37BB2-7EDF-BB44-8676-D86BE23FDE99
,Character,,,,,Timothy Dzon,inks,WFH,,,,AA2F9808-4268-6C41-8A1E-A0CC6BA71B77
,Character,,,,,Joe Kubert,cover,WFH,,Deceased,,FADE9979-141E-9346-B34B-74F35AF3036E
,Character,,,,,Glenn Whitmore,color,N/A,,,,FE4D3019-132D-4A44-BF7C-291E1E333AD6
Atomic Knight,Character,,"Strange Adventures #117
""The Rise of the Atomic Knights""",Jun-60,N,John Broome,writer,None,,Deceased,,F7CB274C-C23C-7E45-B3C7-A357B2BA87D2
,Character,,,,,Murphy Anderson,"pencils, inks, cover inks",None,,Deceased,,4DF5D93D-2E71-0F43-8BCE-074DAA3748A6
,Character,,,,,Gil Kane,cover pencils,,,Deceased,,38A273FD-0206-7E45-AE8F-EF6B190563F5
Atomic Skull ,Character,,Superman #323,May-78,Y,Marty Pasko,writer,Exclusive,,,,2F734521-2DD6-804F-BF8F-D4EB0DC88339
,Character,,,,,Curt Swan,pencils,Exclusive,,,,AF6ACBBA-7564-1949-8D32-9EF301512357
,Character,,,,,Dan Adkins,inks,,,Exclusive Agreement expired 12/31/1977,,BDF9BBC6-A6DA-4047-BDE0-E4F087172E0F
"Atomica
(Rhonda Pineda; Atom)",Character,,Aquaman vol 7 #16,Mar-13,Y,Geoff Johns,writer,WFH,,,,C1221C20-55EC-114A-A93E-CDB5FBB7D2A4
,Character,,,,,Paul Pelletier,"pencils, cover",WFH,,,,93E67635-E5A3-5F46-8C01-AACCA650A74B
,Character,,,,,Sean Parsons,inks,WFH,,,,0463E2C0-1EE2-C940-B42D-DF7822EDF2E7
Atrocitus,Character,Lego Aquaman,Green Lantern #25,Jan-08,N,Geoff Johns,writer,Exclusive; WFH,2009,,,48CAE861-2673-3344-A163-B4FD49F66A33
,Character,,,,,Ivan Reis,"pencils, inks, cover pencils",Exclusive; WFH,,,,6FD8BBDF-C686-1644-BB5F-49FE3E63C730
,Character,,,,,Ethan Van Sciver,"pencils, inks",Exclusive; WFH,2009,,,1703C1F3-F202-3B47-A416-C5B4F532E0A9
,Character,,,,,Oclair Albert,"inks, cover inks",WFH,,,,BCC51EE3-CF74-E74A-BADB-3754E4567A7C
,Character,,,,,Julio Ferreira,inks,WFH,,,,CC1EF50E-47C9-A24E-9068-3D2B5C52282D
,Character,,,,,"William ""Moose"" Baumann",color,N/A,,,,26852DB8-AE00-5242-9E50-4FF1C8743E15
,Character,,,,,Rod Reis,color,N/A,,,,C07DD992-7BB8-DE41-8F37-998BFE29FD81
Attila,Character,,Blackhawks #1,Nov-11,Y,Mike Costa,writer,WFH,,,,316F39C0-B75E-A846-B49A-18CC6894290B
,Character,,,,,Graham Nolan,pencils,WFH,,,,8CCDA4B4-44AE-E14C-8482-DE4CD57707C8
,Character,,,,,Ken Lashley,"pencils, inks, cover",WFH,,,,04D2DA23-5EC0-0842-8B27-856CCA32D4C9
,Character,,,,,Guy Major,color,Exclusive,,,,802A69F3-F390-5C46-904B-1D6DF450B888
The Authority,Property,,The Authority #1,May-99,Y,Warren Ellis,writer,None,,"WFH agreements located for issues 4, 6-12.","Per note from Jay Kogan: The Authority as a Property is clear, but use of two members of the team that joined the roster in Issue #18 may trigger the Disney lien on Gen13 properties – Freefall and Rainmaker. Further investigation would be needed for use of these characters.",71C288CF-D527-E24F-8EF3-25839659BD33
,Property,,,,,Bryan Hitch,"pencils, cover pencils",None,,WFH agreements located for issues 2-12.,,40EE5929-FAC0-E44D-9539-4DDB6E629DE0
,Property,,,,,Paul Neary,"inks, cover inks",None,,WFH agreements located for issues 2-12.,,5691CCC2-0491-6B44-A1FD-9B3E375A97DE
,Property,,,,,Laura Depuy Martin,color,N/A,,,,889B4494-D6A1-FF44-886E-05279EF4207A
Avery Carlton Sunderland,Character,Swamp Thing 101,"The Saga of the Swamp Thing #6
""Sins on the Water""",Oct-82,N,Martin Pasko,writer,None,,,,F2717392-2484-EA4C-8695-47C462477DB6
,Character,,,,,Thomas Yeates,"pencils, inks, cover",None,,,,4883C891-A07B-5341-B316-504F1AA8FE73
,Character,,,,,Tatjana Wood,color,Exclusive,,,,30C6AF6C-FD0E-3A48-B014-A49EBAEAD6F1
Azarath,Location,,New Teen Titans #1,Nov-80,N,Marv Wolfman,writer,Exclusive,1983,,,A91C4DA9-DEDE-F143-B701-CC62759D1F05
,Location,,,,,George Perez,"pencils, cover pencils",None,1983,,,7921FB49-F0E3-3E43-8410-DDC920484332
,Location,,,,,Romeo Tanghal,inks,Exclusive,,,,740AA294-5137-3347-882C-68F201E5FD58
,Location,,,,,Dick Giordano,cover inks,Exclusive,,"Giordano may have been an employee of DC at this time.
Deceased",,D6F145CC-83A1-4D43-B51A-F87156C3B55A
,Location,,,,,Adrienne Roy,color,N/A,,Deceased,,90019E8C-0F90-0D4C-A453-BDA06B9DD169
"Azucar 
(Veronica Lopez)",Character,"Suicide Squad
(2019)",Suicide Squad Most Wanted: El Diablo and Boomerang #2,Nov-16,N,Jai Nitz,writer,WFH,,,,E2CE7A4C-C159-BA4E-967E-6985575FD0E2
,Character,,,,,Cliff Richards,pencils,WFH,,,,D9E388AD-1A84-AE4C-8E04-00D515068DCF
,Character,,,,,Cliff Richards,inks,WFH,,,,328ACE16-8C0D-4748-AAC6-57FB08AF6424
"Backlash
(Marc Slayton)",Character,"Point Blank
Sleeper",Stormwatch #3,Jul-93,Y,Jim Lee,"writer, cover pencils",WildStorm Employment Agreement,Y,"Booth & Lee are credited with the co-creator of Backlash; however Booth's first work on this series was in Stormwatch #0 (Aug. 93)

See also: WildStorm Asset Purchase Agreement",,AC4CC6CF-3B98-E54D-B41F-1590CE88A0D7
,Character,,,,,Brett Booth,co-creator,WildStorm WFH Acknowledgement,2009,,,6B6E696B-94D5-844B-95DC-1CE187DCA584
,Character,,,,,Brandon Choi,writer,WildStorm WFH Acknowledgement,,,,BB22C342-43A0-1B41-99A1-140F5838ADB9
,Character,,,,,Scott Clark,pencils,WFH,,,,6F243B42-EE7A-424B-9D8E-7B620122159E
,Character,,,,,Trevor Scott,"inks, cover inks",WildStorm WFH Acknowledgement,,,,67EC2ADF-70FB-AF4E-B93C-52B7A540F9CC
,Character,,,,,Chameleon Prime,color,N/A,,,,B80B2FC5-F0CF-3541-8E21-63915EF9A498
,Character,,,,,"Paige Apfelbaum
(Paige King)",color,N/A,,,,3985D529-E487-D244-8FFD-5CFB0F55683E
,Character,,,,,Joe Chiodo,color,N/A,,,,E69296D1-7951-A74D-9FB4-5C14A483C42C
,Character,,,,,Wendy Fouts,color,N/A,,,,D066F554-B67A-6C47-9380-E55BE7C25678
Badhnisia,Location,Flash,"Flash Comics #1
""The Kidnapping of Johnny Thunder""",Jan-40,N,John B. Wentworth,writer,Writer-Artist,,"Agreement is undated and untitled
Deceased",,ADB88267-D4BD-6943-A15F-10F44DE8DEAF
,Location,,,,,Stan Aschmeier,"pencils, inks",None,,Deceased,,1FAF180B-A733-C84C-BF28-8DB4D2BFC982
,Location,,,,,Sheldon Moldoff,cover,Writer-Artist,,"Agreement is undated and untitled
Deceased",,0660B183-72EB-A848-A5C2-37EDF642C3EB
Balloon Man,Character,,Metal Men #24,Feb-67,Y,Robert Kanigher,writer,N/A,,"Kanigher was an employee of DC from 2/3/47 - 5/31/82.
Deceased",,FA12DA9A-98E6-594B-90B0-BEC931F1B979
,Character,,,,,Ross Andru,"pencils, cover pencils",None,,Deceased,,3B871DF8-A803-6E49-A524-B94F959A5453
,Character,,,,,Mike Esposito,"inks, cover inks",None,,Deceased,,A68CECAB-56DF-4C48-B34C-42267B91C842
Bane,Character,"Suicide Squad
(2016)","Batman: Vengeance of the Bane #1
(initially created to appear in Batman #489 - 2/93)",Jan-93,Y,Doug Moench,creator,None,1993,Moench contributed to Batman #489. We have a WFH for him for that issue.,,42432AEA-6173-BC4A-BE8B-BADC2CB4D784
,Character,,,,,Chuck Dixon,"creator, writer",WFH; Settlement,1993,,,F5DBD8FD-9926-8C41-996B-4D7025AB4D55
,Character,,,,,Graham Nolan,"creator, pencils",WFH; Settlement,1993,,,9F5BBA3B-1C47-404A-A4D9-3E520C28F189
,Character,,,,,Eduardo Barretto,inks,WFH,,,,51781663-6FD6-EC4D-94B7-16C040BE4FE8
,Character,,,,,Glenn Fabry,cover,WFH,,,,628B973D-AEB5-604C-9B6B-89CBC9E2E470
,Character,,,,,Adrienne Roy,color,Exclusive,,Deceased,,BA89F469-348A-5A43-9872-F2CD20231A0C
Barbara Whitmore,Character,Stargirl 101,Stars & S.T.R.I.P.E. #0,Jul-99,N,Geoff Johns,writer,WFH,,,,D3F5964D-AF06-9342-ABB9-E7368F5B4445
,Character,,,,,James Robinson,writer,Exclusive,,,,E249FBCA-C699-5D46-A019-6A064D2A26F9
,Character,,,,,Lee Moder,"pencils, cover pencils",WFH,,,,C7F35346-B094-A647-9DD5-EFBBCBBB67C4
,Character,,,,,Chris Weston,pencils,WFH,,,,2AAD7B0A-3FD3-DE42-8029-D746B24D919E
,Character,,,,,Dan W. Davis,"inks, cover inks",WFH,,,,87A7A712-5AB4-644A-971D-EB61D3A40FB8
,Character,,,,,John Stokes,inks,WFH,,,,19E229A4-3362-3F41-80C9-D704A582E588
,Character,,,,,Carla Feeny,color,N/A,,,,1FC1E50E-9312-6345-A7E7-645DC7CB5A57
"Barbary Ghost
(Yanmei Tsen)",Character,,"All-Star Western #4
""The Barbary Ghost Part 1""",Feb-12,N,James Palmiotti,writer,WFH,2011,,,5B0F7210-338D-7144-972D-0DA127A249AD
,Character,,,,,Justin Gray,writer,WFH,2011,,,8C0A3494-7E56-D34C-B446-DA96EB0B7E79
,Character,,,,,Phil Winslade,"pencils, inks",WFH,,Equity agreement sent; unsigned,,4B92081F-DF9F-C54B-AC43-DACD3BE3A65B
,Character,,,,,Jose Ladronn,cover,WFH,,,,3DEC2513-BAA4-0F49-A43C-2AE08A82F77E
,Character,,,,,Dominic Regan,color,N/A,,,,23A48528-B139-D64E-99E0-3C7D36F50814
Barney Sands,Character,,The Flash #248 ,Apr-77,N,Cary Bates,writer,None,,,,65AD0621-9ADD-034F-9F22-074071AE3E2B
,Character,,,,,"Irving ""Irv"" Novick",pencils,None,,,,1AB57BDC-F486-754C-8F5A-8F694C923BE2
,Character,,,,,Frank McLaughlin,inks,Exclusive,,,,B9A696EB-2726-594E-ABA4-1DA4AB8BADDD
"Baron Bedlam 
(Frederick DeLamb)",Character,,Batman and the Outsiders #1,Aug-83,N,Mike W. Barr,writer,Writer; Joint Creator,2006,,,7710C630-7050-8445-B82F-A5F63EC6029A
,Character,,,,,James Aparo,"pencils, inks",Artist; Joint Creator,1991,,,5B183C7E-BCFC-D84E-966A-E7759AE33106
,Character,,,,,Adrienne Roy,color,Exclusive,,,,22B033DC-7D64-8C4D-ACEC-EE99EC4BAD20
"Baron Reiter
(Baron Blitzkrieg)",Character,"Arrow 402
(10/14/2015)","World's Finest Comics #246
""The Baron's Name is Blitzkrieg""",Sep-77,N,Gerry Conway,writer,Exclusive,,,,8117F2DE-C3A1-0A46-8079-9249B32741DF
,Character,,,,,Don Heck,pencils,Exclusive,,Deceased,,1B02D4DA-4A14-624B-82A2-4273103DA3A8
,Character,,,,,Vince Colletta,inks,Exclusive,,,,C9562B47-4F62-EF45-8018-8B9DBBB2430A
,Character,,,,,Neal Adams,cover,Creator Recognition,,,,622424F2-E796-9E47-9E04-88A1169B27E6
Baron Winters,Character,Night Force,"New Teen Titans #21
""Night Force""",Jul-82,N,Marv Wolfman,writer,Writer,,,,0847E4BF-3E6C-F141-84E8-BFF1CFBA4548
,Character,,,,,Eugene Colan,"pencils, cover pencils",Exclusive,,Deceased,,1BB7C0B6-26F7-BE40-89B1-C42FD2D120E2
,Character,,,,,Robert L. Smith,"inks, cover inks",None,,,,45AA04B8-325C-974B-8B0B-44CD5D57B323
,Character,,,,,Michele Wolfman,color,N/A,,,,4F891EBB-5563-FD49-B476-D2DA33A0D7EF
Baroness Blitzkrieg,Character,The Ray (WBA),Justice Society of America #2,Mar-07,N,Geoff Johns,writer,WFH; Exclusive,,,,41CF1FA3-1AB5-CB4A-9692-D72861F97C74
,Character,,,,,Dale Eaglesham,pencils,WFH; Exclusive,,,,2207A701-9D6E-964F-93BA-C75A309EC9D8
,Character,,,,,Ruy Jose,inks,WFH; Exclusive,,,,AD9CB35B-7D2D-3E4B-AD4B-BA4B57D5A721
,Character,,,,,Alex Ross,"painted artwork, cover",WFH,,,,50F68498-60F0-4F44-8203-9CAA027E5D2D
,Character,,,,,Jeromy Cox,color,N/A,,,,C07C21C0-20CB-7C45-BC31-F621383243EA
"Barrage
(Phillip Karnowsky)",Character,Supergirl 207,"Superman Annual #2
""Love's Labors...""",1988,N,John Byrne,"writer, pencils, inks",WFH,,,,DCB97D8C-BD6A-F447-BFD7-9233AFCB3124
,Character,,,,,Ron Frenz,cover pencils,WFH,,,,8556A939-245C-B344-B2AD-4B2D9A401050
,Character,,,,,Brett Breeding,cover inks,WFH,,,,C09984AB-F571-4D49-9A37-34483E015884
,Character,,,,,Shelly Eiber,color,N/A,,,,1E3F99A0-5742-4C47-9DE3-41B43C66FA2F
"Barrage
(Doom Patrol)",Character,,Doom Patrol #1,Aug-04,N,John Byrne,"writer, pencils, cover",WFH,,,,7E4E7845-1E63-D24F-B9DC-BA06E74A7594
,Character,,,,,Doug Hazlewood,inks,WFH,,,,A03BD9F2-314A-0046-BEBC-20F093F5BFED
,Character,,,,,Alex Bleyaert,color,N/A,,,,196B9362-BB67-6645-A6FF-F9333FB228A0
"Bradley ""Bash"" Bashford",Character,,"Superboy #157
""Get Lost, Superboy… Who Needs You?""",Jun-69,Y,Frank Robbins,writer,None,,Deceased,,EF4C795D-C689-5D48-96F8-2173FCDA8E99
,Character,,,,,Bob Brown,pencils,None,,Deceased,,42757115-95D3-5B43-929B-9FBB07E3C97C
,Character,,,,,Wally Wood,inks,None,,Deceased,,DB4B041F-892E-1C42-BD86-65A6CC12F996
,Character,,,,,Neal Adams,cover,Contributor Recognition,,,,400E6BD7-729C-FD4C-A832-18D0DDD2EA6D
Bat Tank,Other,,Batman: The Dark Knight Returns #2,Apr-86,N,Frank Miller,"writer, pencils",Graphic Novel Agreement,,DCBL #4960,,2DE39D20-43C5-5441-B2A1-43049D037021
"Batgirl
(Betty Kane)",Character,Gotham Girls,"Batman #139
""Bat-Girl""",Apr-61,Y,Bob Kane,creator,Services Agreements,Y,Deceased,,011BB0F8-DC86-2F4A-B904-23D553DBCB73
,Character,,,,,Bill Finger,writer,Contributor Recognition,,Deceased Contributor Recognition Agreement is with heir.,,A476004E-1924-BA4F-935D-48BCAA3B1CDD
,Character,,,,,Sheldon Mayer,"pencils, cover",None,,Deceased,,3C1517F6-BED9-5949-AA92-BA4A0FB4FBBE
,Character,,,,,Charles Paris,inks,None,,Deceased,,F90223F9-019C-AD4C-84E5-616A148D5CD9
"Batgirl
(Barbara Gordon)",Character,Gotham Girls,"as Batgirl:
Detective Comics #359
""The Million Dollar Debut of Batgirl""",Jan-67,Y,Gardner F. Fox,writer,Creator Recognition,,Deceased Creator recognition agreement with is with heirs.,,066C30E0-8799-0A42-8764-18DC135EDD2D
,Character,,,,,Carmine Infantino,"pencils, cover pencils",Settlement,,Deceased,,157B9EED-A048-574E-A67E-686E9DE93A3B
,Character,,,,,Sidney Greene,inks,None,,Deceased,,E010602B-AA6E-0548-BC65-345B43BFA343
,Character,,,,,Murphy Anderson,cover inks,None,,Deceased,,3B44F370-EEE1-AF4A-B712-146C432F8047
,Character,,"as Oracle:
Suicide Squad #23",Jan-89,N,John Ostrander,writer,WFH,,Yale was Ostrander's wife & co-writer. We credit her for writing but all payment went to John. She is deceased & John is the executor of her estate.,,6C2D1597-2A5C-8F45-A23C-4C860DC71246
,Character,,,,,Kim Yale,writer,None,,,,7DE8150B-9EF2-BB49-9A18-4C54E1C0F25F
,Character,,,,,Luke McDonnell,"pencils, cover pencils",WFH,,,,1C96865C-1B40-4646-8E05-F99673CEBAC1
,Character,,,,,Karl Kesel,"inks, cover inks",WFH,,,,4796963F-6ECF-8944-8F72-64DCF33632FF
,Character,,,,,Carl Gafford,color,N/A,,,,06B658BF-EF1B-8446-93CC-8BA8585C89E0
"Batgirl
(Stephanie Brown; Spoiler; Robin)",Character,Gotham Girls,"as Spoiler:
Detective Comics #647",Aug-92,N,Chuck Dixon,writer,WFH,1994,,,78E484B4-E897-AA4B-99ED-5D5758CCD8F9
,Character,,,,,Tom Lyle,pencils,WFH,1994,,,044EF5CB-8376-E249-9DCB-06B684A9AF60
,Character,,,,,Scott Hanna,inks,WFH,,,,9069ECB2-2C20-DC44-BF10-62D24033D642
,Character,,,,,Matt Wagner,cover,WFH,,,,55D15DD8-6815-D241-9BCB-A8419957FCFC
,Character,,,,,Adrienne Roy,color,Exclusive,,Deceased,,78ABE06B-B23C-804A-9D71-CAFCA9A8AC8B
,Character,,"as Robin:
Robin #126",Jul-04,Y,Bill Willingham,writer,WFH,,,,01621CA7-42D5-3F40-95FE-7E5EE65CBA93
,Character,,,,,Damion Scott,"pencils, inks, cover",WFH,,,,123FD9BD-E701-BC4B-9C7D-20582ABC4AFE
,Character,,,,,Guy Major,color,N/A,,,,C9DF79C7-7B64-F942-9276-2AB204E9E982
,Character,,"as Batgirl:
Batgirl #4",Jan-10,Y,Bryan Q. Miller,writer,WFH,,,,933FC85D-6FD1-C84B-8907-D082A9ACC437
,Character,,,,,Tim Levins,pencils,WFH,,,,71073D8E-4940-2843-8B40-E7D224C5248C
,Character,,,,,Lee Garbett,pencils,WFH,,,,62B7231D-3CF9-484D-AD69-DAB6E3CF403B
,Character,,,,,Dan W. Davis,inks,WFH,,,,A99F0F0A-E5C4-A74D-B004-F712B3CA2DFC
,Character,,,,,Aaron Sowd,inks,WFH,,,,6F786FA7-E5E3-EF49-B2A8-9C81391C8D98
,Character,,,,,Trevor Scott,inks,WFH,,,,DC98BBB8-EEAA-7C4B-A57F-245ABC114163
,Character,,,,,Phil Noto,cover,WFH,,,,BCCFA51B-039E-DB43-880E-58DBA7F8C67C
,Character,,,,,Guy Major,color,N/A,,,,63A3623E-A5F3-154F-AED4-502D43773011
"Batgirl
(Helena Bertinelli; The Huntress)
This applies to Helena Bertinelli only. For Earth-2 Huntress, see Helena Wayne.",Character,Gotham Girls,"as Huntress:
Huntress #1",Apr-89,Y,Joey Cavalieri,writer,WFH,,,,9ACE89DB-FD7D-5642-8AE2-6725104353DB
,Character,,,,,Joe Staton,"pencils, cover pencils",WFH,,,,CC4D3838-B83C-6144-8819-91762018B9A0
,Character,,,,,Bruce Patterson,"inks, cover inks",Exclusive,,,,753A3556-2BDB-9645-A4AA-E650D0A544E3
,Character,,,,,Dick Giordano,inks,N/A,,"Giordano may have been an employee of DC at this time.
Deceased",,B6AE43C6-7F18-8B4D-A832-FEC62AAF232A
,Character,,,,,Nansi Hoolihan,color,N/A,,,,392635D4-73D2-4A47-9878-031F0C463814
,Character,,"as Batgirl:
Batman: Shadow of the Bat #83",Mar-99,Y,Bob Gale,writer,WFH,,,,01650B2A-CF7A-764E-A71F-DC72C46E44E8
,Character,,,,,Alex Maleev,pencils,WFH,,,,01A769BA-F4A8-4E42-975F-D92C145EE9DA
,Character,,,,,Wayne Faucher,inks,WFH,,,,3D59A56F-3110-6942-8EA8-1A0860E80A22
,Character,,,,,Tony Harris,cover pencils,WFH,,,,36E6F236-859E-C648-9D97-1A3F2AF72FB2
,Character,,,,,Jim Royal,cover inks,WFH,,,,E1FC833D-E792-DA4E-A417-C67A19ABF63C
,Character,,,,,Matt Hollingsworth,color,N/A,,,,17CF55B0-895C-D049-ADD9-50D7C7C625CB
"Batgirl
(Cassandra Cain)",Character,Gotham Girls,Batman #567,Jul-99,Y,Kelley Puckett,writer,WFH,,,,5A0DD47D-DA79-B84E-A312-825C64517877
,Character,,,,,Damion Scott,"pencils, cover pencils",WFH,,,,01D07CF6-100B-EA43-9130-8C49F37BFB19
,Character,,,,,John Floyd,inks,WFH,,,,F433A150-7FAA-8A41-89B1-55D68FEDF85D
,Character,,,,,Robert Campanella,cover inks,WFH,,,,EC8F3977-555A-9C46-95C0-A980ADE91DEC
,Character,,,,,Gregory Wright,color,N/A,,,,A5A24E33-0126-3C44-9279-4D21F5F63245
"Batman
(Bruce Wayne)",Character,,"Detective Comics #27
""The Case of the Chemical Syndicate""",May-39,Y,Bill Finger,writer,Contributor Recognition,Y,Deceased Contributor Recognition Agreement is with heir.,,AF3C801A-E44D-7045-B7DA-E0E46442F0B9
,Character,,,,,Bob Kane,"pencils, inks, cover",Services Agreements,Y,Deceased,,D72D3B7B-EDE9-414A-99AA-2F47BC163C24
Bat Signal,Property,Gotham 422,"Detective Comics #60
""The Case of the Costume-Clad Killers""",Feb-42,N,Jack Schiff,writer,N/A,,"Schiff may have been an employee of DC at this time.
Deceased",,2231616B-02F1-BF4F-9974-628C7FFA41AD
,Property,,,,,Bob Kane,pencils,Services Agreements,,Deceased,,03632680-4A2A-DA40-B05D-ECE92114D814
,Property,,,,,Jerry Robinson,"inks, cover",Settlement,,Deceased,,03ACBAED-F81A-0E4F-882E-34AD5B9F0D9C
,Property,,,,,George Roussos,inks,None,,Deceased,,BACC7A49-7FF2-7444-888C-1B30B4627758
"Batwing
(Lucas ""Luke"" Fox)",Character,Batwoman 101,Batwing #19,Jun-13,Y,Justin Gray,writer,WFH,,,,42A45ACC-BBA7-A84E-AD21-3AFA03047222
,Character,,,,,Jimmy Palmiotti,writer,WFH,,,,3F5B79EE-A6EF-D74C-82ED-D34AA3F45781
,Character,,,,,Eduardo Pansica,pencils,WFH,,,,FB9C7B48-5979-954D-B267-C73611521A7E
,Character,,,,,Julio Ferreira,inks,WFH,,,,A7E7E23D-EF14-7F4C-B232-39B168625BA9
,Character,,,,,Fabrizio Fiorentino,cover,WFH,,,,5CC70FFE-92B8-2B4E-97F8-CAECA672DF03
,Character,,,,,Jason Wright,color,N/A,,,,F290AF28-D17E-0244-B0EE-F3E33B1BC233
"Batwoman
(Katherine ""Kathy"" Kane)",Character,,"Detective Comics #233
""The Batwoman""",Jul-56,Y,Edmond Hamilton,writer,None,,Deceased,,74FB2653-0327-7B41-BB76-609661987A8D
,Character,,,,,Sheldon Moldoff,"pencils, cover",None,,Deceased,,6C0380C4-66F3-B54B-98C7-CAFC4CB5FBEB
,Character,,,,,Stan Kaye,inks,None,,Deceased,,CA46385A-FD32-DD41-AFD6-F6A9B12A94A1
"Batwoman
(Katherine ""Kate"" Kane)",Character,Arrow 709,52 #7,Aug-06,N,Geoff Johns,writer,Exclusive; Continuity; WFH,,,,5BB3AE01-0160-E54B-AF29-83BB933A2804
,Character,,,,,Grant Morrison,writer,Continuity; WFH,,,,50E7B6CA-A71B-3347-9DF2-22EF976F1047
,Character,,,,,Greg Rucka,writer,Continuity; WFH,,,,A7729752-B0C6-454F-A140-9543720B9F9E
,Character,,,,,Mark Waid,writer,Continuity; WFH,,,,1B662ED5-FBA9-A548-8E6F-76660786CC41
,Character,,,,,Keith Giffen,pencils,Continuity,,,,C97C9148-9ACA-5C4E-82F7-00EAAF85BE17
,Character,,,,,Ken Lashley,"pencils, inks",WFH,,,,6896BEDC-F52E-4040-9B46-CC8C49E79F72
,Character,,,,,J.G. Jones,cover,WFH,,,,12CB7C4F-B013-714C-BCAC-217ABDF25BF2
,Character,,,,,Alex Sinclair,color,Exclusive,,,,59696FB7-087C-B74D-A787-A747C41BA5C0
Bialya,Location,,Justice League vol 1  #2,Jun-87,,Keith Giffen,writer,WFH,,,,7520CB1F-202D-C641-81B6-D917DEA8060A
,Location,,,,,J.M. DeMatteis,writer,WFH,,,,1817558D-2B29-E44A-BBA3-349FBBDBB9A4
,Location,,,,,Kevin Maguire,pencils,WFH,,,,71841D81-966F-0849-88AF-5AEE6740CCCE
,Location,,,,,Al Gordon,inks,WFH,,,,8D8332B2-2134-CB44-BFE9-DB3D77EA04E6
B'dg,Character,,Green Lantern #4,Oct-05,N,Geoff Johns,writer,Exclusive; WFH,,,,5A1D69F9-928A-7740-B570-BE05B7B619A2
,Character,,,,,Ethan Van Sciver,"pencils, inks, cover",Exclusive; WFH,,,,8A09B72A-3C93-4D48-B834-288B5828D7D8
,Character,,,,,"William ""Moose"" Baumann",color,N/A,,,,95EC244B-32F4-9048-BF29-31C1BC38E13F
"Beard Hunter
(Ernest Franklin)",Character,Doom Patrol 110,Doom Patrol #45,Jun-91,Y,Grant Morrison,writer,Writer,2010,,,46CF2ACB-73FF-5547-907B-E3DCD7053118
,Character,,,,,Vincent Giarrano,pencils,WFH,,,,B3C33138-ED97-4941-B8EC-E02BDED6EA54
,Character,,,,,Malcolm Jones III,inks,WFH,,,,7CD2985E-09D0-E841-AFA7-DF9B0C6EC9FC
,Character,,,,,Simon Bisley,cover,WFH,,,,6FA0C2B6-AB98-7D4B-9D7C-E6C6EC3852C4
,Character,,,,,Daniel Vozzo,color,N/A,,,,A0D6D579-3FD9-8743-AE89-6E1F96E12B7C
"Beast Boy
(Garfield ""Gar"" Logan; Changeling)",Character,,"as Beast-Boy:
Doom Patrol #99
""The Beast-Boy""",Nov-65,Y,Arnold Drake,writer,Equity,2006,Deceased,,BD6E5B33-8591-C245-9124-83ED1F1D4B41
,Character,,,,,Bob Brown,"pencils, inks, cover",None,,Deceased,,650A6B73-26FF-7C4C-8779-ED899E0F55FE
,Character,,"as Changeling:
DC Comics Presents #26
""Where Nightmares Begin""",Oct-80,N,Marv Wolfman,writer,Exclusive,,,,2ADA7B56-0605-B645-AA39-58CA137E8A96
,Character,,,,,George Perez,pencils,None,,,,F3DA810D-7A06-BE4F-88B4-A32C06BE48DC
,Character,,,,,Dick Giordano,inks,Exclusive,,"Giordano may have been an employee of DC at this time.
Deceased",,41B9A3F4-B81E-0B47-B40F-FB12D2398C02
,Character,,,,,Jim Starlin,cover,None,,,,B88F846D-04E8-6B47-B4AB-FCB7CF77149D
,Character,,,,,Adrienne Roy,color,N/A,,Deceased,,D404A73E-EFE5-924B-85F5-132407288F6D
"Beatriz da Costa
(Green Fury; Green Flame; Fire)",Character,Powerless 110,"as Green Fury:
Super Friends #25",Oct-79,N,E. Nelson Bridwell,writer,N/A,,"Bridwell was an employee of DC at this time (from 1/13/1964-1/23/1987).
Deceased",,AEBC2C4C-8B1E-D640-A861-6C457FACEC10
,Character,,,,,Ramona Fradon,"pencils, cover pencils",Exclusive; Creator Recognition (DCBL 225190),2016,,,FAB1CF31-638F-754C-A86C-6FA2AFA04842
,Character,,,,,Robert R. Smith,"inks, cover inks",None,,,,7616E59A-52D6-AC44-B7C8-A902678C7CE4
,Character,,,,,Gene D'Angelo,color,N/A,,,,77583826-1CB9-DC4C-946D-9B58C94C17EB
Before Watchmen: The Comedian,Property,,"Before Watchmen: Comedian #1
""Smile""",Aug-12,Y,Brian Azzarello,writer,WFH,,,,F88D2221-C192-2B47-AC60-ED7033D00716
,Property,,,,,Jeffrey G. Jones,"pencils, inks, cover",WFH,,,,952E9E6C-FB9F-C846-97D4-4E949F06F39F
,Property,,,,,Eduardo Risso,variant cover,WFH,,,,550035CC-3182-C843-817E-E22AFFE42447
,Property,,,,,Jim Lee,variant cover pencils,Firewall,,,,55C6A24D-B2DF-FF4B-A645-94146783E2B9
,Property,,,,,Scott Williams,variant cover inks,WFH,,,,25DF4E19-A9A6-D74E-8356-3B13B78F278D
,Property,,,,,Alex Sinclair,color,Exclusive,,,,1FBFE7B8-CFFC-BE4F-AC42-C1A72E6BB4D7
Before Watchmen: The Crimson Corsair,Property,,"Before Watchmen: Minutemen #1
""The Curse of the Crimson Corsair: The Devil in the Deep…! Part One""",Aug-12,N,Len Wein,writer,WFH,,Deceased,,1BE0DBE3-7937-4B4E-AE38-BEDBAD774F6A
,Property,,,,,John Higgins,"pencils, inks, color",WFH,,,,ABA5EF27-8B6E-8E41-AA5E-6253A9CBED62
,Property,,,,,Darwyn Cooke,cover,WFH,,,,35A14A41-C6C4-0C48-BBBF-591A4086F87F
,Property,,,,,Michael Golden,variant cover,WFH,,,,3DCF5224-D3EA-594C-9BF6-03B556314602
,Property,,,,,Jim Lee,variant cover pencils,Firewall,,,,919FFB88-3C05-2E48-BAE6-819AB9E7E92E
,Property,,,,,Scott Williams,variant cover inks,WFH,,,,C5344C7E-25C5-EB45-B9CB-7C34755588F8
,Property,,,,,Alex Sinclair,variant cover color,Exclusive,,,,C627D677-E9A9-934F-9F2D-4159E6144BC5
Before Watchmen: Dollar Bill,Property,,Before Watchmen: Dollar Bill,Mar-13,Y,Len Wein,writer,WFH,,Deceased,,26F4BBBD-1E1B-D948-96E1-3EEBF3D39E84
,Property,,,,,Steve Rude,"pencils, inks, cover",WFH,,,,5092859D-95AE-A949-ABEB-3AF11BBF865B
,Property,,,,,Darwyn Cooke,variant cover,WFH,,,,19ADA087-C7EA-1745-B7DB-E84C18044A94
,Property,,,,,Jim Lee,variant cover pencils,Firewall,,,,70EE3469-EE68-A740-832D-9FADAFE30F88
,Property,,,,,Scott Williams,variant cover inks,WFH,,,,1E9F161A-F1DE-A345-A3CF-44BECC1713BE
,Property,,,,,Glenn Whitmore,color,N/A,,,,F339D6B3-1175-2A42-B3A0-233CAE8F714C
,Property,,,,,Alex Sinclair,variant cover color,Exclusive,,,,8CE1B385-DB2A-9342-9EB4-E4E9A6ED956A
Before Watchmen: Dr. Manhattan,Property,,"Before Watchmen: Dr. Manhattan #1
""What's in the Box?""",Oct-12,Y,J. Michael Straczynski,writer,WFH,,,,FCB57B4D-3C09-F445-88B7-8593AB166D53
,Property,,,,,Adam Hughes,"pencils, inks, cover",WFH,,,,16AAA8D4-7651-9145-897A-8FC9FFE9EE61
,Property,,,,,Paul Pope,variant cover,WFH,,,,1B9B5ACB-44B3-3E4A-929E-E5BE87D7B82A
,Property,,,,,Jim Lee,variant cover pencils,Firewall,,,,A0201F7D-BC6E-A14F-AE6E-55CF36647722
,Property,,,,,Scott Williams,variant cover inks,WFH,,,,8A6D9FB9-0C69-D64A-A2AD-4E8714CFB1BA
,Property,,,,,Laura Martin,color,N/A,,,,9CD5E652-4646-EC4A-8151-0C010E9C595E
,Property,,,,,Lovern Kindzierski,variant cover color,N/A,,,,52AB961B-8B83-2541-9FD2-FA9D028B9B1D
,Property,,,,,Alex Sinclair,variant cover color,Exclusive,,,,E919832C-A04D-7C4E-AF50-9FC46CA52642
Before Watchmen: Minutemen,Property,,"Before Watchmen: Minutemen #1
""The Minutemen: The Minute of Truth Chapter One: Eight Minutes""",Aug-12,Y,Darwyn Cooke,"writer, pencils, inks, cover",WFH,,,,28D7F157-5BB9-D348-99C9-CF2D57D6BDE3
,Property,,,,,Michael Golden,variant cover,WFH,,,,829E85DC-A650-5F4B-8A4C-9BCEECF41FCA
,Property,,,,,Jim Lee,variant cover pencils,Firewall,,,,320F8F29-0660-EC4F-AAEF-09274293FDE5
,Property,,,,,Scott Williams,variant cover inks,WFH,,,,8E64619A-E0F1-6346-B014-E40E27D77F89
,Property,,,,,Phil Noto,color,N/A,,,,48CE11B7-2C86-6245-A862-B0683F22E4AD
,Property,,,,,Alex Sinclair,variant cover color,Exclusive,,,,4708B327-C20A-3447-BBD3-F9117F142E0B
Before Watchmen: Moloch,Property,,"Before Watchmen: Moloch #1
""Forgive Me Father, For I Have Sinned""",Jan-13,Y,J. Michael Straczynski,writer,WFH,,,,AF26C0C7-FA64-B547-9D4D-ABFA2A0937FD
,Property,,,,,Eduardo Risso,"pencils, inks, cover",WFH,,,,FBF10E96-1DA6-5D46-9D32-8259F6CB884D
,Property,,,,,Matt Wagner,variant cover,WFH,,,,97334BAB-3936-DA4E-AB45-F4C346DFFD77
,Property,,,,,Jim Lee,variant cover pencils,Firewall,,,,8C07F1EE-061A-224D-A588-2C21C204D892
,Property,,,,,Scott Williams,variant cover inks,WFH,,,,92C5417B-9ED3-0A4F-94E0-C86306D00F3D
,Property,,,,,Patricia Mulvihill,color,N/A,,,,58C90BE4-8C5B-AB4F-A88A-D34BE2EB1CFC
,Property,,,,,Brennan Wagner,variant cover color,N/A,,,,988A5C00-A9AA-0F44-9E66-2372641DFE01
,Property,,,,,Alex Sinclair,variant cover color,N/A,,,,BB8D07CE-9416-5948-A176-92E800636260
Before Watchmen: Nite Owl,Property,,"Before Watchmen: Nite Owl #1
""No Such Thing as a Free Lunch""",Aug-12,Y,J. Michael Straczynski,writer,WFH,,,,56B7F974-FA5E-8544-9557-E650AA0BE2A3
,Property,,,,,Andy Kubert,"pencils, cover pencils",WFH,,,,0A95DCCB-7CC9-EB47-A2C0-EAB9FD1FCD97
,Property,,,,,Joe Kubert,"inks, cover inks",WFH,,Deceased,,64DF7BD8-45E0-A945-A4C0-EF1B19EE0A45
,Property,,,,,Kevin Nowlan,variant cover,WFH,,,,92A97C04-7A24-704B-B4CB-350FBAB1FFA9
,Property,,,,,Jim Lee,variant cover pencils,Firewall,,,,459940B4-320C-8B48-BB9E-D7B202B319E5
,Property,,,,,Scott Williams,variant cover inks,WFH,,,,BC09A478-49C9-444F-B94A-73B6EE58516B
,Property,,,,,Brad Anderson,color,N/A,,,,38605E40-66ED-8D4F-8B6F-3F5F1CFACC35
,Property,,,,,Alex Sinclair,variant cover color,Exclusive,,,,2CF75224-FE1A-854E-B939-FCD0D06B38E8
Before Watchmen: Ozymandias,Property,,"Before Watchmen: Ozymandias #1
""I Met a Traveler…!""",Sep-12,Y,Len Wein,writer,WFH,,Deceased,,CE1E244B-DCD1-B241-A9C0-9C9BDBA58C82
,Property,,,,,Jae Lee,"pencils, inks, cover",WFH,,,,CDDF43F5-08C1-A14F-B136-9E05FD056EC5
,Property,,,,,Phil Jimenez,variant cover,WFH,,,,1A4F1ABB-67D3-BB45-A55C-90C984188749
,Property,,,,,Jim Lee,variant cover pencils,Firewall,,,,00509AC6-6141-704B-BC75-736458949164
,Property,,,,,Scott Williams,variant cover inks,WFH,,,,540A8634-04D8-4941-BB40-807377CD9197
,Property,,,,,Joo Y. Lee,color,Exclusive,,,,70C9C51E-86D2-6F43-B93B-038C470E2F61
,Property,,,,,Alex Sinclair,variant cover color,Exclusive,,,,9D15C933-E62E-504E-946F-458BDE2701C2
,Property,,,,,"Romulo Fajardo, Jr.",variant cover color,N/A,,,,3891F326-49AA-5C47-8357-59EBB629F67B
Before Watchmen: Rorschach,Property,,"Before Watchmen: Rorschach #1
""damn town""",Oct-12,Y,Brian Azzarello,writer,WFH,,,,6B2AF66A-E876-AA4A-B209-55DF22A9D9E2
,Property,,,,,Lee Bermejo,"pencils, inks, cover",WFH,,,,B60E9977-9383-DF4A-BEB0-15015D521A2D
,Property,,,,,Jim Steranko,variant cover,WFH,,,,27850794-35E2-BA45-823F-BCFDBF53EDAF
,Property,,,,,Jim Lee,variant cover pencils,Firewall,,,,705625AE-45E1-F644-B974-78238720A609
,Property,,,,,Scott Williams,variant cover inks,WFH,,,,DB04B68A-A14F-3B43-BB3B-A623D67A35F0
,Property,,,,,Barbara Ciardo,color,N/A,,,,565E71C7-C283-DA44-A07D-0C91A0280C95
,Property,,,,,Alex Sinclair,variant cover color,Exclusive,,,,82F6710A-8794-DF46-BD73-ADD7B9C24AE9
Before Watchmen: Silk Spectre,Property,,"Before Watchmen: Silk Spectre #1
""Mean Goodbye""",Aug-12,Y,Amanda Conner,"writer, pencils, inks, cover",WFH,,,,652D83FA-D6BF-5B49-B5AF-5AC21847BAFB
,Property,,,,,Darwyn Cooke,writer,WFH,,,,F31E7965-B101-4B41-9689-C48E6EF84477
,Property,,,,,Dave Johnson,variant cover,None,,,,8312DB66-FE00-9648-BB3F-7B66A64D12C0
,Property,,,,,Jim Lee,variant cover pencils,Firewall,,,,0EA93381-7324-1743-BD9C-BC1E32D87AE5
,Property,,,,,Scott Williams,variant cover inks,WFH,,,,982D0405-65A3-C043-995E-C58AB88D297A
,Property,,,,,Paul Mounts,color,N/A,,,,05B0AE83-F75C-EA46-8782-6F641C9CF609
,Property,,,,,Alex Sinclair,variant cover color,Exclusive,,,,562D64F6-2374-0B4B-9552-B0FF1641E2B2
Bernardo Rojas,Character,Supergirl 506,Superman Annual #12,Aug-00,N,Oscar Pinto,writer,WFH,,,,B58940BF-B791-3946-97AF-1E30E773CE04
,Character,,,,,Francisco Haghenbeck,writer,WFH,,,,929FBC90-1FF8-B641-A090-F41C4BACF9FB
,Character,,,,,Brian K. Vaughan,writer,WFH,,,,8334B09C-F723-3741-92F3-0767275839EB
,Character,,,,,Carlo Barberi,pencils,WFH,,,,516D7980-1CE9-F044-A81F-FF58C0586597
,Character,,,,,Marlo Alquiza,inks,WFH,,,,9476EE64-FECE-A741-8588-1F989AC9DE38
,Character,,,,,Juan Vlasco,inks,WFH,,,,DCFF1657-A21C-034B-A09C-7DB96A6FB38C
The Bertinelli Family,Property,"Birds of Prey 
(2020)",Huntress #1,Apr-89,N,Joey Cavalieri,writer,WFH,,,,FC21E158-51D0-894A-9FD2-20BDB44B2EA3
,Property,,,,,Joe Staton,"pencils, cover pencils",WFH,,,,72CC402F-B204-1149-9FC8-0BE344363558
,Property,,,,,Bruce Patterson,"inks, cover inks",Exclusive,,,,2346677E-7F62-104A-A235-EB61E5515E37
,Property,,,,,Dick Giordano,inks,N/A,,"Giordano may have been an employee of DC at this time.
Deceased",,0ABD1323-FAB3-4840-B9BD-948DA29DFAE3
,Property,,,,,Nansi Hoolihan,color,N/A,,,,D9FE3FC4-B177-5A4C-AE71-69481D7A8DBE
Bethany Snow,Character,,New Teen Titans #22,Aug-82,N,Marv Wolfman,writer,Exclusive,1983,,,8692E3D8-014F-0B46-84E4-8285E78A5FEE
,Character,,,,,George Perez,"pencils, cover pencils",Exclusive,1983,,,102FA206-A18B-3647-AE1E-F81D522D3043
,Character,,,,,Romeo Tanghal,"inks, cover inks",Exclusive,,,,BCB2982B-C95A-474B-8573-4653C5F02455
,Character,,,,,Adrienne Roy,color,Exclusive,,Deceased,,06FDFE0F-D52F-D743-8031-B2BEBD29A1DE
Bibbo Bibbowski,Character,,Adventures of Superman #428,May-87,N,Marv Wolfman,writer,"Continuity, WFH",1993,,,B851B5F7-3A00-FE45-9986-3ED7B107E8C4
,Character,,,,,Jerry Ordway,"pencils, inks, cover",WFH,1993,,,3668AB5D-8C18-3945-8638-EA75159C9711
,Character,,,,,Tom Ziuko,color,N/A,,,,E3EDA0D6-6647-5240-8524-DF49CEECFFA5
"Big Bang
(Crisis on Infinite Earths Version)",Property,Legends 501,"in DC Comics:
Crisis on Infinite Earths #1",Apr-85,Y,Marv Wolfman,writer,Writer-Editor,,,,06264FED-ED9B-4547-9246-1ED2B1351A90
,Property,,,,,Len Wein,plot,None,,Deceased,,B6D3A325-D403-B242-84C9-AB13DAF036C3
,Property,,,,,Robert Greenberger,plot,None,,,,581CC798-0070-3F4D-92FA-AAAC3CB6C676
,Property,,,,,George Perez,"pencils, cover",Exclusive,,,,2948D087-AD03-F44E-801F-5909FFE4AD6F
,Property,,,,,Dick Giordano,inks,N/A,,"Giordano was an employee of DC at this time.
Deceased",,E9A48A31-76AD-E94C-99DA-E6C9CDC5BDC4
,Property,,,,,Anthony Tollin,color,N/A,,,,CC841FA7-BF52-6A4A-B19F-8BE96049D839
Big Barda,Character,DC Super Hero Girls,"Mister Miracle #4
""The Closing Jaws of Death!""

",Oct-71,N,Jack Kirby,"writer, pencils, cover pencils",Fourth World Agreement,1982,Deceased,,DA0D068E-47D4-CB4A-8271-CCFD38B7790C
,Character,,,,,Vince Colletta,"inks, cover inks",None,,Deceased,,AB3EB944-F49E-0846-942C-709F710932C5
Big Belly Burger,Location,Supergirl 501,Adventures of Superman #441,Jun-88,N,John Byrne,writer,WFH,,,,CBE3BD61-53B3-444A-8637-2A65C562F971
,Location,,,,,Jerry Ordway,penicls,WFH,,,,972B09EA-0187-A946-A67A-998D3F925801
,Location,,,,,Dennis Janke,inks,WFH,,,,E644EBCC-CDF2-2443-80E7-8D84A5C9FE22
"Big Sir
(Dufus P. Ratchet)",Character,Flash 411,The Flash #338,Oct-84,Y,Cary Bates,writer,Writer-Editor,,,,3E857C22-84F2-AF49-9FFE-B340E41E7421
,Character,,,,,Carmine Infantino,"pencils, cover pencils",WFH,,Deceased,,C1B0F0B2-1EA2-D445-8CBD-6F2565FB2900
,Character,,,,,Frank McLaughlin,inks,Artist,,Deceased,,4A451BD4-16C0-3A45-931A-66EBEA8820AF
,Character,,,,,Klaus Janson,cover inks,WFH,,,,34AFE0BA-34C1-7145-B72A-A0B057430CE1
,Character,,,,,Carl Gafford,color,N/A,,,,6F55A2A5-279F-DC40-B2F4-87D458720339
"Biomax
(Jack Spheer)",Character,Supergirl 218,Power Company #6,Sep-02,N,Kurt Busiek,writer,Writer,,,,EC9685EA-C660-AA46-AA68-907EF5D4B703
,Character,,,,,Tom Grummett,"pencils, cover pencils",Artist; WFH,,,,10A8CB14-5224-A047-96A0-05DF2B8E7A34
,Character,,,,,Yanick Paquette,pencils,WFH,,,,FB46E7B9-B35D-B949-BAD2-F9FEA15C43AA
,Character,,,,,Prentis Rollins,inks,WFH,,,,B06B4329-C77C-804A-BCF3-B937C3EC7A5B
,Character,,,,,"Michael Bair
(Michael Hernandez)",cover inks,WFH,,,,D8FB90C4-50AC-5C4F-A513-7DD0FD80A7BE
,Character,,,,,Alex Sinclair,color,N/A,,,,654149F8-2DBF-E04F-83CA-32937F486765
Biomax Process,Property,Supergirl 218,Power Company #6,Sep-02,N,Kurt Busiek,writer,Writer,,,,6534B9B9-69D1-764C-A3A2-D0FC3EC57383
,Property,,,,,Tom Grummett,"pencils, cover pencils",Artist; WFH,,,,D8AB88EB-B8EE-4840-AB19-86DBB8B9A788
,Property,,,,,Yanick Paquette,pencils,WFH,,,,2A15999E-CE78-D848-96D5-34EA66617D97
,Property,,,,,Prentis Rollins,inks,WFH,,,,E9B48F98-308E-ED43-945D-AA887FC3ED8F
,Property,,,,,"Michael Bair
(Michael Hernandez)",cover inks,WFH,,,,2A7CDC1C-4E6D-AB41-81BB-3AEA49FBA7E9
,Property,,,,,Alex Sinclair,color,N/A,,,,9137082F-8973-D14A-BF25-074CA2BD5ED0
Biospheer Technologies,Location,Supergirl 218,Power Company #6,Sep-02,N,Kurt Busiek,writer,Writer,,,,8C5D9BFA-C885-744A-9361-3AEEBC094871
,Location,,,,,Tom Grummett,"pencils, cover pencils",Artist; WFH,,,,80319FFE-35DF-AA41-BC1A-3A3FC9EB4BC2
,Location,,,,,Yanick Paquette,pencils,WFH,,,,EBDA3805-91DB-A043-9ED3-80148E65E41A
,Location,,,,,Prentis Rollins,inks,WFH,,,,171DE511-30D3-9A48-A7E8-FDE96E81B856
,Location,,,,,"Michael Bair
(Michael Hernandez)",cover inks,WFH,,,,1A46945D-9C65-2B45-9E93-C65E36BA83AF
,Location,,,,,Alex Sinclair,color,N/A,,,,186D6041-27DF-DF49-8F3B-AB7DF5A6E75E
"Bizarro
(Superboy Clone)",Character,,Superboy #68,Oct-58,Y,Otto Binder,writer,None,,Deceased,,59EE79C9-3E4C-DE46-A8EA-3775B5FB2FD5
,Character,,,,,George Papp,"pencils, inks",None,,Deceased,,3A3619D2-23EA-B345-84F5-FB3049F97852
,Character,,,,,Curt Swan,cover pencils,None,,Deceased,,C355E88C-AFC4-714B-8185-6409487D0003
,Character,,,,,Stan Kaye,cover inks,None,,Deceased,,9E0C1116-576B-B547-BD70-F0E699EE7F58
"Bizarro
(Superman Clone)",Character,,Action Comics #254,Jul-59,Y,Otto Binder,writer,None,,Deceased,,8AF83CB3-31C5-B248-9678-B61F6DD7B53E
,Character,,,,,Al Plastino,"pencils, inks",None,,Deceased,,ED60D6AE-536E-F24A-911B-B3DFC845E43D
,Character,,,,,Curt Swan,cover pencils,None,,Deceased,,4378F63B-4590-C84C-A78F-320C28AA90C9
,Character,,,,,Stan Kaye,cover inks,None,,Deceased,,648A1A2E-646B-1648-BF06-B52853637C91
"Bizarro
(Project: Changeling)",Character,,Man of Steel #5,Dec-86,Y,John Byrne,"writer, pencils, cover",WFH,,,,F779683B-3B3A-924C-B6D7-EE27927CA403
,Character,,,,,Dick Giordano,inks,N/A,,"Giordano was an employee of DC at this time.
Deceased",,700F3844-0FAB-134B-9748-011A125064DC
,Character,,,,,Thomas Ziuko,color,N/A,,,,408F2CED-00E0-8842-9425-CF6816F496AA
"Bizarro
(Bizarro No. 1)",Character,,Superman #160,Sep-00,Y,Jeph Loeb,writer,Continuity,,,,D1E71E84-BA35-D747-B7CB-9839D384F0A1
,Character,,,,,Ed McGuinness,"pencils, cover pencils",Continuity,,,,19C693DF-1ABF-3F49-9DF2-96203C248604
,Character,,,,,Cam Smith,"inks, cover inks",WFH,,,,625FAE65-2AE8-5E4E-A32D-C4449BC4C514
,Character,,,,,Richard & Tanya Horie,color,N/A,,,,1D10D6A7-EEFA-674D-9C54-66F8F1AAA643
"Bizarro
(Last Son)",Character,,Action Comics #845,Jan-07,Y,Geoff Johns,writer,WFH,,,,FA658C5F-C688-6449-8E6C-F7D02EDE3657
,Character,,,,,Richard Donner,writer,Continuity,,,,6C9B5954-A772-3D49-93AC-60AB0A820963
,Character,,,,,Adam Kubert,"pencils, inks, cover",WFH,,,,B4A03037-2C71-B34E-93BD-172AE696F56E
,Character,,,,,Dave Stewart,color,N/A,,,,78C28FBB-94C2-114B-8F30-1A661E412C84
"Bizarro
(New 52: Subject B-0)",Character,,Superman #23.1,Nov-13,Y,Sholly Fisch,writer,WFH,,,,D63FF0B2-F6F2-2D47-AD9B-926661819E05
,Character,,,,,Jeff Johnson,pencils,WFH,,,,C895F64C-4B71-1644-BAE1-B9D21511420D
,Character,,,,,Andy Smith,inks,WFH,,,,A9CA30E5-37BD-3F45-A640-232D7BD07DAB
,Character,,,,,Javier Mena Guerrero,color,N/A,,,,A8CD61AA-058A-0F46-97AF-75E333828C46
,Character,,,,,Jordie Bellaire,color,N/A,,,,440588A5-9D73-614F-A562-B39B70CE7578
,Character,,,,,Aaron Kuder,cover,WFH,,,,A10A19D3-C40A-7440-9574-4E37CA371873
Bizarro-Doomsday,Character,,Action Comics #856,Nov-07,Y,Geoff Johns,writer,WFH,,,,EF191E73-347C-4F4C-B516-9C7709F10A70
,Character,,,,,Richard Donner,writer,Continuity,,,,972FCFFC-79F9-F54B-A756-E02AB23D9DA6
,Character,,,,,Eric Powell,"pencils, inks, cover",WFH,,,,C5069EB0-EDA9-7748-B392-2A7D7743089E
Bizarro Supergirl,Character,Supergirl 112,Superman #140,Oct-60,N,Otto Binder,writer,None,,Deceased,,6F3D8235-56CD-374C-AB4B-9110218E682A
,Character,,,,,Wayne Boring,pencils,None,,Deceased,,A548008A-0FCD-7A4F-B80C-F4967E257F62
,Character,,,,,Stan Kaye,"inks, cover inks",None,,Deceased,,CDC8E958-7CC3-934C-BCBC-8207AB11460C
,Character,,,,,Curt Swan,cover pencils,None,,Deceased,,184F7A39-6EAB-7B4E-A36A-DD83AE1A0B6D
"Black Adam
(Teth-Adam)",Character,Shazam,"in Fawcett Comics:
The Marvel Family #1
""The Mighty Marvels Join Forces""",Dec-45,N,Otto Binder,writer,None,,See also: Fawcett Purchase Agreements,,3140CE86-D81E-2C4E-A2DE-7FFF049C2EC3
,Character,,,,,"Charles Clarence ""C.C."" Beck","pencils, inks, cover pencils",None,,,,16FD3E2B-C3D2-5048-9EB3-CA4E15394C2B
,Character,,,,,Pete Costanza,cover inks,None,,,,A3D2FD07-36B5-944F-9353-2F9C8D6860F9
,Character,,"in DC Comics:
Shazam #28",Mar-77,Y,E. Nelson Bridwell,writer,N/A,,"Bridwell was an employee of DC at this time.
Deceased",,6FFFCE50-1C7E-3149-916C-DE8F30465F30
,Character,,,,,Kurt Schaffenberger,"pencils, inks, cover",N/A,,"Schaffenberger was an employee of DC at this time.
Deceased",,CF91F50B-3B8D-3344-B0C3-B6977ECC60F4
Black Arrow,Character,The Ray (WBA),"Adventure Comics #143
""The Arrow Raiders Strike""",Aug-49,N,Otto Binder,writer,None,,Deceased,,59E84005-D4D3-FA41-92B5-5D147AAE52E7
,Character,,,,,George Papp,"pencils, inks",None,,Deceased,,0EF4804B-8BB1-484C-938B-C6935A950503
,Character,,,,,John Sikela,cover pencils,None,,Deceased,,27B728A9-FA9D-D443-84FB-E7A55F6C39CC
,Character,,,,,Ed Dobrotka,cover inks,None,,,,F671CB48-063D-A347-B36A-FCFE9DA235FA
"Black Bison
(John Ravenhair; Black-Cloud-In-Morning)",Character,Flash 406,Fury of Firestorm #1,Jun-82,Y,Gerry Conway,writer,Exclusive,1979,,,4064A67E-3805-9C40-BE40-41D3AADF3B26
,Character,,,,,Pat Broderick,"pencils, cover pencils",Exclusive,,,,F60EF39C-8BDA-9944-8C03-8B68981A0B1E
,Character,,,,,"Rodolfo ""Rodin"" Rodriguez",inks,None,,,,60B8BF19-E157-B44B-9428-C97B6850F68E
,Character,,,,,Dick Giordano,cover inks,N/A,,"Giordano may have been an employee of DC at this time.
Deceased",,80739222-3553-134C-A761-9C8661B33278
,Character,,,,,Gene D'Angelo,color,N/A,,,,06BC7C55-CA48-1143-97D0-A175D738F33B
"Black Canary
(Dinah Laurel Drake)",Character,,"Flash Comics #86
""The Black Canary""",Aug-47,N,Robert Kanigher,writer,N/A,,"Kanigher was an employee of DC between 2/3/47-5/31/82.
Deceased",,F6D84574-8345-B74D-B8B0-6177F30A5B20
,Character,,,,,Carmine Infantino,pencils,Settlement,,Deceased,,ACF66DA7-0DFA-CB4A-89E1-D7BEC9265F8E
,Character,,,,,Joe Giella,inks,None,,,,077859CB-E733-7141-8BB2-51CE896CFF6B
,Character,,,,,Lee Elias,cover pencils,None,,,,5C7B0227-FB7D-2B40-AA7F-DCC879F22785
,Character,,,,,Joe Kubert,cover inks,None,,Deceased,,ECB10C2E-B710-7846-B3A5-FB51B5300280
"Black Canary
(Dinah Laurel Lance)",Character,,Justice League of America #219,Oct-83,N,Roy Thomas,writer,Exclusive,,,,36E92980-C58F-9D4A-88D1-19613A51D3B7
,Character,,,,,Gerry Conway,writer,Exclusive,,,,63D55AEE-1E0E-B247-A04A-4460E0DFED19
,Character,,,,,Chuck Patton,pencils,WFH,,,,8309ECF7-D87F-084F-80BF-0155EC04B5CD
,Character,,,,,Romeo Tanghal,inks,Exclusive,,,,89EB2EF0-7CAB-B941-BEA7-0F99398E9FAD
,Character,,,,,George Perez,cover,WFH,,,,4243C1DF-9919-784C-B0A6-EEAF5A112961
,Character,,,,,Gene D'Angelo,color,N/A,,,,B10B3F6A-976D-334B-9918-5C7978D3DEC5
Black Flash,Character,"Flash 223
(5/24/2016)",Flash #138,Jun-98,N,Grant Morrison,writer,WFH,,,,28B6DE38-7E0A-DD4F-A515-1B4F1156C54C
,Character,,,,,Mark Millar,writer,WFH,,,,AD613A77-0D51-F54C-B009-A3AAEA5BAD1B
,Character,,,,,Ron Wagner,pencils,WFH,,,,AA30285D-A0FC-6348-A2FD-835D31A8F478
,Character,,,,,John Nyberg,inks,WFH,,,,98A01E1E-45ED-AC49-92AE-89CB945AE8D7
,Character,,,,,Steve Lightle,cover,WFH,,,,174575B7-9949-3A4A-9194-4FC9FFAAA936
,Character,,,,,Tom McCraw,color,N/A,,,,51D960F9-DBFC-FD4B-A938-5D80AED20A49
Black Hole,Character,,The Flash vol. 5 #1,Aug-16,N,Joshua Williamson,writer,WFH,,,,EE54AB57-48FC-D14E-A41F-91C84C7A38C8
,Character,,,,,Carmine Di Giandomenico,"pencils, inks",WFH,,,,3623A4E3-49CA-0147-9C00-F54BCBB867C2
"Black Lightning
(Jefferson Pierce)",Character,"DC Nation ""Thunder & Lightning"" Shorts",Black Lightning #1,Apr-77,Y,Anthony Isabella,writer,Exclusive; Creator Recognition,"1979
1991
2016",,,C88E1FA8-1271-3248-8041-4C22D14C501B
,Character,,,,,Trevor Von Eeden,pencils,None,"1981
1991",,,810E1AF5-069A-E14B-ADAB-C2AA1F0BBD46
,Character,,,,,Frank Springer,"inks, cover inks",None,,Deceased,,0DF08153-B95C-6940-940B-2C6137B03B7D
,Character,,,,,Rich Buckler,cover pencils,None,,,,A0770DF3-E314-AA48-85AC-F8085FF11282
,Character,,,,,Liz Berube,color,N/A,,,,6C0036F6-917F-7941-A739-6CF89A5CBC83
Black Manta,Character,,Aquaman #35,Sep-67,Y,Bob Haney,writer,Contributor Recognition,2014,Deceased Contributor Recognition Agreement is with heirs.,,BA297086-0E5F-924F-959B-71C07F7CA9D4
,Character,,,,,"Nicholas Viscardi
(Nick Cardy)","pencils, inks, cover",None,,Deceased,,06C3943D-29A9-2347-81BF-746EB953AB11
"Black Mask
(Roman Sionis)",Character,"Gotham 108
(11/10/2014)",Batman #386,Aug-85,Y,Doug Moench,writer,WFH,2011,,,50C2D26C-46A3-9847-B8D2-827FB8017721
,Character,,,,,Tom Mandrake,"pencils, inks, cover",WFH,2011,,,BB27BB64-69A4-F84D-AF98-98FB177C8B6A
,Character,,,,,Adrienne Roy,color,Exclusive,,Deceased,,EB0A58A2-F93B-064B-BFBB-C19CFD8A6885
"Black Mask
(Jeremiah Arkham)",Character,,Batman: Shadow of the Bat #1,Jun-92,N,Alan Grant,writer,WFH,,,,9E25CD03-DD62-2241-B621-ACCB1E496B96
,Character,,,,,Norm Breyfogle,"pencils, inks",WFH,,Deceased,,C136EB50-226A-C54F-86C6-843A0226A709
,Character,,,,,"Jefferson Mitchell
(Brian Stelfreeze)",cover,WFH,,,,5AB9C942-2BC0-A440-AA8C-F4C61ABEA368
,Character,,,,,Adrienne Roy,color,Exclusive,,Deceased,,1F2D85CD-CC4F-B94E-AE91-170D7CE66941
Black Mercy,Property,Krypton,Superman Annual #11,1985,Y,Alan Moore,writer,None,,,,3399A719-18F3-8040-A659-3AC258299EA8
,Property,,,,,Dave Gibbons,"pencils, inks, cover",None,,,,9E29295F-BE92-C744-93B3-AF7D250EFF4D
,Property,,,,,Tom Ziuko,color,N/A,,,,F3B1D72E-D953-3747-9015-0E1A4EE71534
"Black Orchid
(Susan Linden-Thorne)",Character,,Adventure Comics #428,Jul-73,Y,Sheldon Mayer,writer,None,,Deceased,,BEEB4E15-3593-454A-BF2F-11D315DAE313
,Character,,,,,Tony DeZuniga,"pencils, inks",Exclusive,,Deceased,,332A800F-D2B2-3E4A-BFAC-181E8E1041DA
,Character,,,,,Robert Oksner,cover,None,,Deceased,,BEBDFC41-00A0-9043-A5EF-C48AEC60A7A7
"Black Orchid
(Flora Black)",Character,,Black Orchid #1,Nov-88,Y,Neil Gaiman,writer,Writer,,,,04ED7E6E-59D0-F647-A159-C83586EDA5E2
,Character,,,,,Dave McKean,"pencils, inks, cover",Artist; Color Artist,,,,8334F017-0308-5D4F-8F8D-5949CE16DB5A
"Black Orchid
(Alba Garcia)",Character,Dark Universe,Justice League Dark #9,Jul-12,Y,Jeff Lemire,writer,WFH,,,,AA18DD06-8A5C-FA40-BD8B-39CA699B3410
,Character,,,,,Mikel Janin Ardanaz,"pencils, inks",WFH,,,,666823BB-1ADA-C341-8A12-BE3A84DAA510
,Character,,,,,Ryan Sook,cover,WFH,,,,C9912F3E-864F-7049-8788-74A09AB4E5DF
,Character,,,,,Ulises Arreola,color,N/A,,,,1C97DBDE-9D35-3B4E-922E-485757F89105
"Black Pirate
(Jon Valor)",Character,Legends 107,"Action Comics #23
""Dead Men Tell No Tales""",Apr-40,N,Sheldon Moldoff,"pencils, inks",None,,"An undated, untitled agreement with Moldoff from the 1940s has been located.
Deceased",,E8A2AE0D-AE98-984A-868D-00F452A697A0
,Character,,,,,Joe Shuster,cover pencils,Settlement,,Deceased,,0115C94D-4AB3-AB4B-A5EA-8A07ABCED165
,Character,,,,,Paul Cassidy,cover inks,None,,,,ED0B0E46-ACFC-934A-B385-C3D36B7B199C
Black Superman Suit,Other,,Superman: The Man of Steel vol 1 #25,Sep-93,Y,Louise Simonson,writer,Continuity Writer Agreement,,,,4B8492E0-EC1C-6B41-97D2-7EE3FD6AF33E
,Other,,,,,Jon Bogdanove,pencils,Artist Agreement,,,,C428A557-1014-7443-B142-387531D9521A
Black Zero Organization,Property,Krypton,World of Krypton #2,Jan-88,N,John Byrne,"writer, cover pencils",WFH,,,,8D821B08-6DBE-7C40-B320-5B867FF6D39A
,Property,,,,,Mike Mignola,pencils,WFH,,,,7041D43D-154A-FF4E-AE86-9E04FC3DABAD
,Property,,,,,Rick Bryant,inks,WFH,,,,ED2218D0-3C8C-784C-AE42-4467F0980B7E
,Property,,,,,Walt Simonson,cover inks,WFH,,,,3A58BE9F-AC27-E541-B9ED-A191827127F1
,Property,,,,,Petra Scotese,color,N/A,,,,AE52B125-5ED9-1741-90B4-0C34C166366C
Blackbriar Thorn,Character,,DC Comics Presents #66,Feb-84,N,Len Wein,writer,None,1995,Deceased,,EAA28354-E27D-964F-818F-6E43400CAE58
,Character,,,,,Joe Kubert,pencils,WFH,,,,D7041D61-5F1B-C14B-9BD2-D9E9AE71498B
"Blackfire
(Komand'r)",Character,Titans 213, New Teen Titans #22,Aug-82,Y,Marv Wolfman,Writer,,,,,2DB99988-9FA0-084B-969F-96F32519F524
,Character,,,,,George Perez,Pencils,,,,,CB3681F0-62B3-4E46-B9EC-4DDF4BA0661E
,Character,,,,,Romeo Tanghal,Inks,,,,,DD741B1E-1AC7-BF4B-A06A-FA8494E5FFA5
Blackgate Penitentiary,Location,Arrow 709,Detective Comics #629,May-91,N,Peter Milligan,writer,WFH,,,,441BE94E-B33F-4941-AA47-B720272D5EAC
,Location,,,,,Jim Aparo,pencils,Continuity Artist,,Deceased,,24463001-D72C-734C-AA51-C95B2FC453B4
,Location,,,,,Steve Leialoha,inks,WFH,,,,523FDD1F-BF4A-4240-8136-4694C726A6BD
,Location,,,,,Michael Golden,cover,None,,"There is a 1990 ""Batman Inventory"" WFH agreement with Michael Golden that describes ""Batman on Building SpireStatue of Justice"" which matches this cover.",,0B4EAEA6-41FA-0542-9C93-D7C6CE757A19
,Location,,,,,Adrienne Roy,color,Exclusive,,Deceased,,1402D98F-77CE-5541-A614-681873F85B26
"Blackguard
(Richard ""Dick"" Hertz)",Character,Suicide Squad 2,Booster Gold #1,Feb-86,Y,Dan Jurgens,"writer, pencils, cover",Writer-Artist,1985,,,E3AEC40B-A33B-6045-BC22-75E440593A48
,Character,,,,,Mike DeCarlo,inks,Artist (unsigned),,DeCarlo never signed this agreement. We have work-for-hire agreements with him starting with Booster Gold #6.,,0014E3B6-03AD-A946-BD35-0827936B38E0
,Character,,,,,Tom Ziuko,color,N/A,,,,7FA25586-B1BB-EB4B-87A8-D13A15D0D215
"Blackhawk
(Bartholomew ""Bart"" Hawk; The Big Eye; The Question Mark)",Character,,"in Quality Comics:
Military Comics #1
""The Origin of Blackhawk""",Aug-41,Y,Will Eisner,"writer, cover pencils",None,,See Quality Comics purchase agreements dated 7/26/56 & 8/1/67.,,289788BE-B737-514F-B3A4-A4AD894831B8
,Character,,,,,Charles Cuidera,"pencils, inks",None,,,,E462A615-D311-9B48-B6DE-6E91B1E3CDE0
,Character,,,,,Gill Fox,cover inks,None,,,,9063E6E9-5680-1E4D-BCB2-17167BF46615
,Character,,"in DC Comics:
Blackhawk #108",Jan-57,Y,Dick Dillin,"pencils, cover pencils",None,,Deceased,,5480D608-A846-AC4C-AD20-97C1C02094A7
,Character,,,,,Charles Cuidera,"inks, cover inks",None,,,,1FD08964-6741-DD45-ADA4-ABA7C021DC9C
"Blackhawk
(Janos Prohaska)",Character,,Blackhawk #1,Mar-89,Y,Howard Chaykin,"writer, pencils, inks, cover",,,,,CE0660C9-3BC9-DF47-BD8E-1FA6F4A1517F
,Character,,,,,Steve Oliff,color,N/A,,,,0EA64B0F-1D90-FE44-A004-59CA4A8E7FED
Blackhawk Island,Location,Flash 422,"in Quality Comics:
Military Comics #1
""The Origin of Blackhawk""",Aug-41,N,Will Eisner,"writer, cover pencils",None,,See Quality Comics purchase agreements dated 7/26/56 & 8/1/67.,,D5464225-0FB9-3945-91DB-AB1C03DB8D27
,Location,,,,,Charles Cuidera,"pencils, inks",None,,,,A550E605-38CA-7343-BE77-A6DA4C6CF1A5
,Location,,,,,Gill Fox,cover inks,None,,,,1DE7A3B4-31BE-A94C-8A59-7625823E3B0D
,Location,,"in DC Comics:
Blackhawk #109",Feb-57,Y,Dick Dillin,"pencils, cover pencils",None,,Deceased,,E793DF33-CAF6-534F-8663-6C69F900C3BD
,Location,,,,,Charles Cuidera,"inks, cover inks",None,,,,E35BC704-3E6D-E74C-97B8-72B14DF6E857
Blackhawk Squad,Property,"Arrow 405
(11/4/2015)","in Quality Comics:
Military Comics #1
""The Origin of Blackhawk""",Aug-41,Y,Will Eisner,"writer, cover pencils",None,,See Quality Comics purchase agreements dated 7/26/56 & 8/1/67.,,11C2318C-C6A6-EF48-BC16-93E48320D812
,Property,,,,,Charles Cuidera,"pencils, inks",None,,,,03A99B87-7940-9F4D-B17A-59E3FBE33061
,Property,,,,,Gill Fox,cover inks,None,,,,C6924BCF-D3F3-0545-8053-F4BDAE0F55B3
,Property,,"in DC Comics:
Blackhawk #108",Jan-57,Y,Dick Dillin,"pencils, cover pencils",None,,Deceased,,26914234-6AB7-5543-B7B2-F3B0F8EDBCF6
,Property,,,,,Charles Cuidera,"inks, cover inks",None,,,,991E61A9-79D6-DB45-BC3F-81F4B9929A80
The Blackout Gang,Location,Arrow 715,"Detective Comics #400
""Challenge of the Man-Bat""",Jun-70,Y,Frank Robbins,writer,None,,,,B6A754FC-80BD-D440-848B-222D6FED3D75
,Location,,,,,Neal Adams,"pencils, cover",Creative Contributor,,,,AEE9E627-C2E4-074F-9007-F40DCD552011
,Location,,,,,Dick Giordano,inks,N/A,,"Giordano may have been an employee of DC at this time.
Deceased",,D11A6012-56D5-124B-96D7-C2579058ED8E
"Blacksmith
(Amunet Black)",Character,Flash 401,Flash: Iron Heights,2001,N,Geoff Johns,writer,Prestige Writer,,,,2DC549D7-0119-C547-ABD0-4744C9F78A74
,Character,,,,,Ethan Van Sciver,"pencils, cover pencils",Prestige Artist,,,,31A00784-3507-5948-85F0-267B289906E6
,Character,,,,,Prentis Rollins,"inks, cover inks",Prestige Artist,,,,288DD78F-EC6E-7A45-8082-4F2FC60908BE
,Character,,,,,Chris Chuckry,color,Color Artist,,,,3AB85472-05C9-1045-A4EE-C59E72144E28
Blackwolf,Character,"Point Blank
Sleeper",Sleeper: Season 2 #1,Aug-04,N,Ed Brubaker,writer,WFH,,,,09A0F293-1FB4-3C43-89DD-AD4C441293DB
,Character,,,,,Sean Phillips,"pencils, inks, cover",WFH,,,,CCEEAE94-5A41-1C4C-A096-CD632CD5FA9B
,Character,,,,,Alex Sinclair,color,N/A,,,,1274B9F9-2547-6B44-ACCD-0D1FF488A0F2
,Character,,,,,Carrie Strachan,color,N/A,,,,7F22A9CB-93DB-2D45-B6EA-585EE7CE3A82
The Blazing Infernos,Property,Arrow 704,"Green Lantern #100
""Beware the Blazing Inferno""",Jan-78,N,Elliot S. Maggin,writer,None,,,,ED9564FE-43F8-D44A-8C79-67115A8C63A2
,Property,,,,,Mike Grell,"pencils,, cover",Exclusive,,,,EAB1A9CC-D660-394B-9B88-A140E3CE294E
,Property,,,,,Vince Colletta,inks,Exclusive,,Deceased,,5F8D7DE3-0C79-5046-B1B8-C952184DAC66
,Property,,,,,Anthony Tollin,color,N/A,,,,51006D3A-2414-A44F-9A87-69F4A0C440BF
Bleez,Character,DC Super Hero Girls,Final Crisis: Rage of the Red Lanterns #1,Dec-08,N,Geoff Johns,writer,Exclusive; WFH,2010,,,8ABB7D41-1D83-2F4D-A475-599164BA420A
,Character,,,,,"Shannon ""Shane"" Davis","pencils, cover pencils",WFH,2010,,,7D1D4DE1-76FD-FD4C-A652-C85AF43C4913
,Character,,,,,Sandra Hope Archer,"inks, cover inks",None,,,,0613F9DB-9AF3-1347-8C63-228F6CA5C9A2
,Character,,,,,Nei Ruffino,color,N/A,,,,91D6836D-BDC9-2147-8D8A-AFB4FE67CFE2
"Blight
(Chris Esperanza)",Character,,Justice League Dark #24,Dec-13,N,J.M. DeMatteis,writer,WFH,Y,,,DDA9AF6A-A416-B946-9FF4-4B0956BD2E90
,Character,,,,,David Komlos (Ray Fawkes),writer,WFH,Y,,,CF0D9BBE-A88C-3D41-A064-D948706314C2
,Character,,,,,Mikel Janin  ,"pencils, inks",WFH,Y,,,391A36DB-0F66-734C-A01A-BF1EC78BD11D
"Block
(Human Block)",Character,Flash 502,"DC Sneak Peek: The Flash #1
(8-page preview for The Flash #41)",May-15,N,Van Jensen,writer,WFH,,,,153F0AD7-0171-204C-872A-1CFE6BA900A7
,Character,,,,,Robert Venditti-Kramer,writer,None,,"Venditti did not write for this 8-page preview. However, he is credited on the book and he co-wrote subsequent issues of this story arc with Jensen so it seems likely that he contributed to the creation of this character. We have WFH agreements for Venditti for issues #30-52.",,02688AAF-12E1-4A4F-B976-51CA96F50F7C
,Character,,,,,Brett Booth,"pencils, cover pencils",WFH,,,,3B0517FB-B489-E94F-8605-143A0AEF28D4
,Character,,,,,Norman Rapmund,"inks, cover inks",WFH,,,,0A2868B7-74A2-A448-AF20-A2225EF227BC
,Character,,,,,Andrew Dalhouse,color,N/A,,,,39B6627D-22F1-6E4B-9E02-00FF066047A0
"Blockbuster I
(Mark Desmond)",Character,"Suicide Squad
(2016)","Detective Comics #345
""The Blockbuster Invasion of Gotham City""",Nov-65,N,Gardner F. Fox,writer,Creator Recognition,,Deceased Creator recognition agreement with is with heirs.,,2FEEECF3-FF74-D346-88B9-91B4CD1D245B
,Character,,,,,Carmine Infantino,"pencils, cover pencils",Settlement,,Deceased,,88DE45D6-7F06-6847-9E9D-D774656CC6BE
,Character,,,,,Joe Giella,"inks, cover inks",None,,,,C757B233-F277-C04F-867A-F9F21661BA8A
"Blockbuster II
(Roland Desmond)",Character,"Suicide Squad
(2016)","as Roland Desmond:
Detective Comics #345
""The Blockbuster Invasion of Gotham City""",Nov-65,N,Gardner F. Fox,writer,Creator Recognition,,Deceased Creator recognition agreement with is with heirs.,,A8435556-3D2E-AF4D-A988-1A212C83B4A5
,Character,,,,,Carmine Infantino,"pencils, cover pencils",Settlement,,Deceased,,C7CAF2BF-938B-2B49-990D-ADD7A43C5532
,Character,,,,,Joe Giella,"inks, cover inks",None,,,,D0E2450B-0125-E443-9162-A548E211A327
,Character,,"as Blockbuster:
Starman #9",Apr-89,Y,Roger Stern,writer,WFH,,,,9553D7CB-6595-F74A-A7AE-BB8B186F9E12
,Character,,,,,Tom Lyle,"pencils, cover",WFH,,,,0AC2109F-BBA1-004E-8346-C93BCDCDEA99
,Character,,,,,Bob Smith,"inks, cover inks",None,,,,D22C49D0-F58A-6847-98A1-BAF47B188383
,Character,,,,,Julianna Ferriter,color,N/A,,,,45FC4667-7DB1-AB46-B9BF-B0DD8FEA6394
Blockbuster III,Character,"Suicide Squad
(2016)",52 #21,Sep-06,N,Geoff Johns,plot,WFH,,,,0ED6365D-E530-334A-9158-2DD2CD67D2C8
,Character,,,,,Grant Morrison,plot,WFH,,,,7FA4929E-6881-3847-98C7-AFD99AE0A581
,Character,,,,,Greg Rucka,plot,WFH,,,,BED224DE-3111-2943-924D-D8C123839CCA
,Character,,,,,Mark Waid,writer,WFH,,,,35F23CED-B3BF-9348-9F48-713247678C11
,Character,,,,,Joe Bennett,pencils,WFH,,,,9D7FEE8E-07EB-F040-B151-B49CFD07279A
,Character,,,,,Jack Jadson,inks,WFH,,,,D6C21933-1B9D-E144-A128-9BA45300EFD5
,Character,,,,,J.G. Jones,cover,WFH,,,,1D61D4B0-7721-E044-8FAD-B2573AA44183
,Character,,,,,David Baron,color,Exclusive,,,,EF9298D3-29E1-A54B-BF77-22DCB4359634
"Blockbuster IV
(female)",Character,Arrow 713,Superman #689,Aug-09,N,James Robinson,writer,WFH,,,,F994067B-F5C5-2246-9E90-BDEFF54A6C52
,Character,,,,,Renato Guedes Correa,pencils,WFH,,,,6008B3FB-162F-404F-A06F-22458AED16D4
,Character,,,,,Jose Wilson Magalhaes,inks,WFH,,,,E79A5F83-1727-A74E-9B11-B125A5B0C38E
,Character,,,,,Andrew Robinson,cover,WFH,,,,1DD3251E-B3A7-8E4B-B1CD-1FDF6E031ADA
,Character,,,,,David Curiel,color,N/A,,,,FADF158A-E1E7-9E4C-B291-826505DE9379
Blood and Water,Property,,Blood and Water #1,May-03,Y,Judd Winick,writer,Joint Creator/First & Last Rights; Writer,2001,DC passed on its right to first negotiation in 2003.,,BD9F804B-5178-8343-A2FA-BD09CA0D336C
,Property,,,,,Tomm Coker,"pencils, inks",Joint Creator/First & Last Rights; Artist,2001,,,2C900638-EBBD-7743-9E35-4F21768822DC
,Property,,,,,Brian Bolland,cover,WFH,,,,FE14D35F-367E-D640-85F6-A002424D01D3
,Property,,,,,Jason Wright,color,N/A,,,,667F9D36-0BB6-8B45-852C-3EC8F3160458
"Bloodsport
(Robert DuBois)",Character,Supergirl 301,Superman #4,Apr-87,Y,John Byrne,"writer, pencils, cover",Continuity Writer; WFH,,,,DD97AEDC-96CB-EF4F-AF59-B75025BA005D
,Character,,,,,Karl Kesel,inks,Continuity Writer; WFH,,,,C55A27E0-283D-CD44-85B6-0271B0D936F9
,Character,,,,,Anthony Tollin,color,N/A,,,,E10754C0-BA4B-8648-9D0F-8FD28C33CD28
"Bloodsport
(Alexander Trent)",Character,,Adventures of Superman #507,Dec-93,Y,Karl Kesel,"writer, cover inks",Continuity Writer; WFH,,,,526D01BF-9FEC-D646-A9E7-30CF4BD8687C
,Character,,,,,Barry Kitson,"pencils, cover pencils",Continuity Artist,,,,7F4A5D46-12BB-1D44-B060-9A68D64E6420
,Character,,,,,Ray McCarthy,inks,Continuity Artist,,,,D75DDF9E-8B27-A545-B87B-E91ECC606BCC
,Character,,,,,Glenn Whitmore,color,Exclusive,,,,15362560-AC93-5E42-A81A-F75F8DD3FF9D
Bloodsport III,Character,,Superman #652,Jul-06,Y,Kurt Busiek,writer,WFH,,,,ECB72FD6-EAEB-4447-A827-AAE530AA777F
,Character,,,,,Geoff Johns,writer,Exclusive; WFH,,,,CC24D28D-435B-5F42-A22C-AA8B4556D1EF
,Character,,,,,Pete Woods,"pencils, inks",WFH,,,,A43F1DC9-44A1-3E47-910C-0826489E6AC1
,Character,,,,,Terry Dodson,cover pencils,WFH,,,,419B96A9-696C-7848-97AD-B52E490FEFF1
,Character,,,,,Rachel Dodson,cover inks,WFH,,,,292B9AAD-FA10-0B46-BDB9-4BE87A75606E
,Character,,,,,Brad Anderson,color,N/A,,,,4EF1EC9C-6029-9C4F-B1EA-07295F5A32E9
"Blue Beetle
(Dan Garrett)",Character,,"in Fox Features Syndicate:
Mystery Men Comics #1
""Blue Beetle""",Aug-39,N,Will Eisner,writer,None,,See Charlton Comics purchase agreement dated 4/22/1983.,,EBD2D4E4-3548-3D4C-B567-A0B4D4781B9D
,Character,,,,,"Charles Nicholas Wojtkowski
(Charles Nicholas)","pencils, inks",None,,,,4DC65F28-7853-9547-BAD8-604B16D2D1DB
,Character,,,,,Lou Fine,cover,None,,,,9FE69EFD-B9C2-BE43-9C78-8C120523C1A7
"Blue Beetle
(Ted Kord)",Character,,"in Charlton Comics:
Captain Atom #83
""The New Blue Beetle""",Nov-66,Y,Steve Ditko,"plot, pencils, inks, cover pencils",Creator Recognition,2017,,,B2E57FFA-D277-B644-9333-4AD726CEF270
,Character,,,,,Gary Friedrich,dialogue,None,,,,E80E89A6-5063-8844-800D-0D8652CC3A8D
,Character,,,,,Rocco Mastroserio,cover inks,None,,,,EAAB7953-A833-144A-B5FC-8DE2E7C66CAF
,Character,,"in DC Comics:
Crisis on Infinite Earths #1",Apr-85,Y,Marv Wolfman,writer,Writer-Editor,,,,0194620C-44AA-2C4F-B24D-7C6C13FED231
,Character,,,,,Len Wein,plot,None,,Deceased,,8552317C-9081-A244-AECA-59F3F7B002B0
,Character,,,,,Robert Greenberger,plot,None,,,,8FA3E869-A0A7-DC43-B7C6-4F36501CC736
,Character,,,,,George Perez,"pencils, cover",Exclusive,,,,D77B19A5-C591-BE4E-9119-197A9C29AA4B
,Character,,,,,Dick Giordano,inks,N/A,,"Giordano was an employee of DC at this time.
Deceased",,87738FCE-F36E-6D47-9E65-5CD13A64183B
,Character,,,,,Anthony Tollin,color,N/A,,,,1A871F55-E9AA-D349-9B3D-CE7D0B821D5D
"Blue Beetle
(Jaime Reyes)",Character,,Infinite Crisis #5,Apr-06,Y,Geoff Johns,writer,WFH; Consultant; Exclusive,,,,412EAC80-B70E-AB44-927A-D1905B24A43C
,Character,,,,,Phil Jimenez,pencils,WFH; Exclusive,,,,35B5DC52-40DF-C646-BF60-A9F122796B91
,Character,,,,,Jerry Ordway,"pencils, inks",WFH; Exclusive,,,,8E248EE7-2278-464F-A2C7-24DB5544E478
,Character,,,,,Ivan Reis,pencils,WFH; Exclusive,,,,A4879E24-7FD3-CB42-8FAF-316978F9370A
,Character,,,,,Andy Lanning,inks,WFH,,,,0FD4BB99-862F-CB49-8D2B-B27BE3A354F3
,Character,,,,,Art Thibert,inks,WFH; Exclusive,,,,29230526-6F38-A144-8A1C-0665F1C597CF
,Character,,,,,Jim Lee,cover pencils,Firewall,,,,BD422C45-6278-A247-919A-F96DF913BB59
,Character,,,,,Scott Williams,cover inks,None,,,,E84312A3-AA24-924E-979C-612BFA72A9BF
,Character,,,,,Jeromy Cox,color,N/A,,,,5D022828-AA17-D244-9C66-A4F0831E4AFF
,Character,,,,,Guy Major,color,N/A,,,,F710B17B-9E22-5B47-8092-2D32F2C68DE7
,Character,,,,,Rod Reis,color,N/A,,,,C415A99E-4333-3E41-AB36-E1AE0BDC383E
"Bluebird
(Harper Row)",Character,,Batman #1,Nov-11,N,Scott Snyder,writer,Exclusive; WFH,2012,All WFH Agreements for this issue are numbered incorrectly since they were signed prior to the decision to restart the numbering sequence. Therefore WFH agreements for Batman #714 correspond to Batman #1,,1E60F549-384D-FA41-AB2E-797152B281A7
,Character,,,,,Greg Capullo,"pencils, cover",Exclusive; WFH,2012,,,AA4528DB-3308-9D4F-859E-0B32B735BFAC
,Character,,,,,Jonathan Glapion,inks,WFH,,,,861BE3A0-E676-FC47-A6F8-FF968D83B038
,Character,,,,,Fco Plascencia,color,N/A,,,,5331D52B-D16C-934A-B1C7-33D5C9F0BBA3
"Blue Devil
(Daniel Cassidy)",Character,Dark Universe,"Fury of Firestorm #24
""Blue Devil""",Jun-84,Y,Gary Cohn,writer,Writer,1982,,,8C28BDB5-DECC-3E44-8689-117C60329961
,Character,,,,,Dan Mishkin,writer,Writer,1982,,,9171FDE0-7BBB-F548-890E-B730C119FF38
,Character,,,,,Paris Cullins,pencils,Artist,1982,,,CD05ADDD-9564-E746-9856-08E7B0070EB8
,Character,,,,,Pablo Marcos,inks,None,,,,276189D7-1AC2-C641-9823-127361789F74
,Character,,,,,Rafael Kayanan,cover pencils,WFH,,,,8141C3C6-51EB-FC4F-9FB3-55EFD3C850F0
,Character,,,,,Sal Amendola,cover inks,None,,"WFH agreement has been located for Amendola's cover inks on Fury of Firestorm #23. However, since Amendola did not provide inking services for that issue, it is possible that this WFH agreement may cover services on Fury of Firestorm #24.",,91D898B9-CCC2-A641-98F2-BE04BBE8EB44
,Character,,,,,Robert LeRose,color,N/A,,,,DCA99020-3C02-1840-8A36-F8F902344DB1
Blue Kryptonite,Property,Supergirl 112,Superman #140,Oct-60,N,Otto Binder,writer,None,,Deceased,,901BD689-BE7F-FA4D-A800-270A7739506B
,Property,,,,,Wayne Boring,pencils,None,,Deceased,,41B1B0F4-170E-2E45-A74D-B5ECFE5001ED
,Property,,,,,Stan Kaye,"inks, cover inks",None,,Deceased,,F79C88EC-4D8E-5C4B-B992-789A9006C19A
,Property,,,,,Curt Swan,cover pencils,None,,Deceased,,8C1330F5-D0F6-F345-847B-071931E9A801
Blue Meanie,Character,"Point Blank
Sleeper",Sleeper #9,Nov-03,N,Ed Brubaker,writer,WFH,,,,BC5077AB-A842-2040-82AC-BA25278B8A94
,Character,,,,,Sean Phillips,"pencils, inks, cover",WFH,,,,77A4835E-2779-E841-B03E-D76ED13EFC2C
,Character,,,,,Tony Avina,color,N/A,,,,87753BBA-2EFA-FF4E-BFC5-C2DBFD8A6E5F
Blue Valley,Location,Flash 403,"The Flash #110
""Meet Kid Flash""",Dec-59,N,John Broome,writer,None,,Deceased,,4F238E16-9424-324E-AD5D-91DB1C435A28
,Location,,,,,Carmine Infantino,"pencils, cover pencils",Settlement,,Deceased,,3FF033A4-DEAC-6943-8B4B-29E9E39343F7
,Location,,,,,Joe Giella,"inks, cover inks",None,,,,F0175A05-1AAA-E643-B360-A2A2C72D2E12
Blue Valley High School,Location,Stargirl 101,"The Flash #112
""Danger on Wheels!",May-60,N,John Broome,writer,None,,Deceased,,EA9F45F7-F047-5241-80CB-473585D8A9E6
,Location,,,,,Carmine Infantino,"pencils, cover pencils",Settlement,,Deceased,,7EA38510-7713-9A46-A51C-C2A22829170B
,Location,,,,,Joe Giella,"inks, cover inks",None,,,,BC96BA9B-B46E-D546-B640-DE0059E8A5FC
Bodies,Property,,Bodies #1,Sep-14,Y,Si Spencer,writer,Sole Creator/Rolling Option; Writer,2013,,,026BDEEF-2A8A-B540-87E9-8018129DFBB4
,Property,,,,,Meghan Hetrick,"pencils, inks",WFH,,,,3C882817-1F79-274F-8D38-C5E657DA655E
,Property,,,,,"Lisa Wood
(Tula Lotay)","pencils, inks",WFH,,,,6BA7C865-FBF3-6C44-B43F-BA75392D9EAA
,Property,,,,,Dean Ormston,"pencils, inks",WFH,,,,5465AD62-ED3C-D545-9454-F7280DAF0D76
,Property,,,,,Phil Winslade,"pencils, inks",WFH,,,,0B09DF50-0E6C-A740-9EF8-07AAAA7B74A6
,Property,,,,,Fiona Stephenson,cover,WFH,,,,D3480BC4-718F-3B4F-9513-EF0F004B3379
,Property,,,,,Lee Loughridge,color,WFH,,,,FBA33794-88B2-E940-8521-CF4B2CFD6FD3
Boodikka,Character,,Green Lantern #20,Jan-92,Y,Gerard Jones,writer,Continuity,,DC no longer has an active relationship with Jones due to criminal conviction.,,63DB9C9D-C399-E14D-913E-587B377A2CF4
,Character,,,,,Pat Broderick,"pencils, cover",WFH,,,,0A602182-E8E9-834E-8A7C-70355121A663
,Character,,,,,Romeo Tanghal,inks,WFH,,,,0CD06CEB-AE0E-E94E-B3E4-08B5BA1540A4
,Character,,,,,Anthony Tollin,color,N/A,,,,73898680-059A-D246-A078-497A935B57B1
"Book of Souls
(Book of Destiny)",Property,Flash 509,"Weird Mystery Tales #1
Destiny first appears here, with the Book, as a framing device for two stories. Bridwell takes credit for drawing Destiny in the Letters page of issue #2, but in the Letters page of issue #4, editor Joe Orlando credits Wolfman & Wrightson as creators. (Confirmed by DC Library)",Jul-72,N,Marv Wolfman,assistant editor,None,,Wolfman has equity in the character of Destiny as of 2008.,,F68900A6-3ED9-FC4E-95E4-E55024BAD0D4
,Property,,,,,Berni Wrightson,"pencils, inks (Destiny figure)",None,,"Deceased
Wrightson has equity in the character of Destiny as of 2008.",,EB15C9C3-E5D4-D244-A36D-907A5A4E8785
,Property,,,,,E. Nelson Bridwell,"editor, pencils (Destiny figure)",N/A,,"Bridwell was an employee of DC from 1/13/1964-1/23/1987.
Deceased",,A3B58482-D51F-5C46-87D4-144CFD3EBB05
,Property,,,,,Jack Kirby,"writer, pencils",None,,Deceased,,B79E9682-F5E0-EC47-921C-7D5EE6E624AD
,Property,,,,,Howard Purcell,"writer, pencils",None,,Deceased,,EB0933B8-902B-874D-880D-883842DE2CE1
,Property,,,,,Mike Royer,inks,None,,,,9A9AF16B-6BB4-5E4D-A43F-61C4A8BFD38F
,Property,,,,,Jack Abel,inks,None,,Deceased,,E2302C83-D39C-6947-8B37-9178E3D91571
,Property,,,,,Michael Kaluta,cover,None,,,,DB010906-9E76-4240-A30A-9E7F95F44495
Boom Tubes,Property,"Justice League
(2017)",Forever People #1,Feb-71,Y,Jack Kirby,"writer, pencils, cover pencils",Fourth World Agreement,1982,Deceased,,B743C1A6-072F-F748-B7A3-2208057CD35E
,Property,,,,,Vince Colletta,"inks, cover inks",None,,,,3CD902EA-4821-674B-8978-6831196EDCFA
Booster Gold,Character,,Booster Gold #1,Feb-86,Y,Dan Jurgens,"writer, pencils, cover",Writer-Services,,,,8FAB9B28-F12A-B249-AFFD-3662ACDBBD78
,Character,,,,,Mike DeCarlo,inks,Artist,,Agreement is unsigned & work may have been done on vouchers that have not been located.,,33926C3E-EDE4-C745-BBCF-678A46497C94
,Character,,,,,Thomas Ziuko,color,N/A,,,,147A073E-1DFF-DD4D-A436-64EC49F56527
"Bork
(Carl Andrew Bork)",Character,Flash 511,Brave and the Bold #81,Dec-68,Y,Bob Haney,writer,Contributor Recognition,,Deceased Contributor Recognition agreement is with heirs.,,5F62D0A1-8579-1343-903E-180288A72115
,Character,,,,,Neal Adams,"pencils, cover",Creator Recognition,2014,,,C7C5D2D1-4ECD-2C4D-A5C7-6F5E07E8DE2E
,Character,,,,,Dick Giordano,inks,N/A,,"Giordano was an employee of DC at this time.
Deceased",,723A4528-5034-464E-9B43-5204873B3F1D
,Character,,,,,Vince Colletta,inks,None,,Deceased,,75B9C7ED-53ED-B848-B184-296AFBC33BA6
"Bouncing Boy
(Chuck Taine)",Character,,"Action Comics #276
""Supergirl's Three Super Girl-Friends""",May-61,N,"Jerome ""Jerry"" Siegel",writer,Settlement,,Deceased Settlement is with heirs.,,0BDF803A-DF20-5E4D-A7F9-449732C9EAFE
,Character,,,,,"James ""Jim"" Mooney","pencils, inks",None,,Deceased,,C091B4A2-F8B5-9242-98B7-7449F3A14D1C
,Character,,,,,Curt Swan,cover pencils,None,,Deceased,,8D562F54-90FE-B147-A035-C06F7E7C47F3
,Character,,,,,Stan Kaye,cover inks,None,,Deceased,,37820EB2-3753-C747-B210-2FC7774B7A29
"The Brain
(Ultimax)",Character,Doom Patrol 106,"Doom Patrol #86
""The Trail of the Terrible Titan""",Mar-64,Y,Arnold Drake,writer,None,2006,Deceased,,1EA34BB8-4516-FC48-8A03-6206DA7103DA
,Character,,,,,Bruno Premiani,"pencils, inks",None,,Deceased,,3BDB01D2-DA12-DF45-A8D2-0ABF57DE0713
,Character,,,,,Bob Brown,cover,None,,,,60B1CA59-DDF7-9845-B482-1E767D167740
"Brainiac
(this is only for Brainiac I - for other incarnations of the character, see Indigo, Querl Dox, Vril Dox)",Character,,"Action Comics #242
""The Super-Duel in Space""",Jul-58,Y,Otto Binder,writer,None,,Deceased,,49B0EDDD-11A0-7648-A6B9-E0E28944E603
,Character,,,,,Al Plastino,"pencils, inks",None,,Deceased,,4544A062-EEA7-EB49-83E8-AF15C9347C36
,Character,,,,,Curt Swan,cover pencils,None,,Deceased,,4D06A4EA-C11E-C64D-9284-738263EE246C
,Character,,,,,Stan Kaye,cover inks,None,,Deceased,,CBE502BA-5334-AE4C-9AF1-A51FDBAA4BE1
"Brain Storm
(Axel Storm)",Character,,Justice League of America #32,Dec-64,Y,Gardner F. Fox,writer,Contributor Recognition Agreement,,Deceased Contributor Agreement is with heirs.,,6D8A010D-4D75-624D-945B-F3E83C8CA812
,Character,,,,,Mike Sekowsky,"pencils, cover pencils",None,,Deceased,,5E5616DD-8BE0-8D4B-9121-105298A1AF9F
,Character,,,,,Bernard Sachs,inks,None,,Deceased,,244A667C-28C5-B64D-BF5C-9B883EC1E9BE
,Character,,,,,Murphy Anderson,cover inks,None,,Deceased,,5E86A982-BA13-D84D-9E5F-8AC23F642A17
"Brainstorm
(Alan Barnes)",Character,,S.T.A.R. Corps #3,Jan-94,Y,Dan Vado,writer,WFH,1993,,,CE163224-CDA1-6540-B96A-69252234FD35
,Character,,,,,Norman Felchle,"pencils, cover pencils",WFH,1993,,,CD1FA494-97D9-B54A-A811-928DF80C5458
,Character,,,,,Mike Machlan,"inks, cover inks",WFH,,,,8BE961CA-E0EF-AF4A-A737-BDC44C662BC3
,Character,,,,,Gene D'Angelo,color,Exclusive,,,,39FDC1CE-9D25-644D-88C3-D691664194A9
"Brainstorm
(Dominic Lanse)",Character,Flash 409,Mister Terrific #2,Dec-11,Y,Eric Wallace,writer,WFH,2017,,,480EF069-C0C7-BE43-B18A-A9EB87D334DF
,Character,,,,,Gianluca Gugliotta,pencils,WFH,,Character equity agreement drafted; not signed,,C358B7B0-DED1-D743-A586-9BC17A0DEC19
,Character,,,,,Wayne Faucher,inks,WFH,,,,DE5745BB-74D9-1640-AE84-F21ECA62CBC1
,Character,,,,,J.G. Jones,cover,WFH,,,,4F442372-2F50-9F48-905F-8319C7C72FE2
,Character,,,,,Mike Atiyeh,color,N/A,,,,CE8A0755-93DF-8146-8856-240BD6C08E3F
"Brain Wave
(Henry King Sr.)",Character,Stargirl 101,"All-Star Comics #15
""The Man Who Created Images""
(This story is told in 10 chapters, all written by Fox and drawn by different artists. Brain Wave appears only in Chapter 6 and the conclusion.)",Feb-43,Y,Gardner Fox,writer,Creator Recognition,,Deceased Creator Recognition Agreement is with heirs.,,3A746934-B5B8-964E-B2C2-438C66E6A6FF
,Character,,,,,Joe Gallagher,"pencils, inks (Introduction, Ch. 4, Conclusion)",None,,,,86CE8BB2-5D11-F44E-8A46-B1BF61B3CC0B
,Character,,,,,"Sheldon ""Shelly"" Moldoff","pencils, inks (Ch. 1)",Artist,,"This agreement from the early 1940s is undated & is not title-specific.
Deceased",,89B11E82-EB4F-974A-AC06-00A4F45D2286
,Character,,,,,Stan Asch,"pencils, inks (Ch. 2 & 3)",Artist,,"This agreement from the early 1940s is undated & is not title-specific.
Deceased",,7AE61069-3009-F540-8F0C-74FF8D53A6F8
,Character,,,,,Jack Kirby,"writer, pencils (Ch. 5)",Artist,,Deceased,,AED4E888-FE90-D148-AC1D-571AEBD76610
,Character,,,,,Joe Simon,inks (Ch. 5),Artist,,Deceased,,1AEBC004-9407-E64B-8C35-3C874985D51E
,Character,,,,,Ed Dobrotka,"pencils, inks (Ch.6)",None,,Deceased,,9A95E354-0115-5744-B6D8-A067AB3D2A71
,Character,,,,,Bernard Baily,"pencils, inks (Ch. 7)",None,,Deceased Heirs declined to sign creator recognition agreement for other characters.,,9F23ACDA-9F86-6246-9AD7-C7F086EBAB93
,Character,,,,,Howard Sherman,"pencils, inks (Ch. 8)",None,,,,97490418-DBA5-D549-A88C-A86E5936835F
,Character,,,,,"Francis ""Frank"" Harry",cover,None,,,,39ACC7C6-C3DD-9446-A5F5-4FEE50135175
"Brainwave Jr.
(Henry King Jr.)",Character,Stargirl 101,All-Star Squadron #24,Aug-83,N,Roy Thomas,writer,Exclusive,,,,B422F9EB-7C3D-3448-9E5F-F4937EC80B62
,Character,,,,,"Jeremiah ""Jerry"" Ordway","pencils, cover",WFH,,,,A8DA36C1-661D-4C45-95B9-24A0AE5A5905
,Character,,,,,Mike Machlan,inks,WFH,,,,31DAE8DE-E811-1440-8659-A0ADAC8F2737
,Character,,,,,Gene D'Angelo,color,N/A,,,,CB9CB9D5-570E-634B-9247-938E7A68725A
Brayshaw,Character,"Point Blank
Sleeper",Point Blank #2,Nov-02,N,Ed Brubaker,writer,None,,,,C141747E-0A37-3A4E-9966-D0A6FC4CC0B0
,Character,,,,,Colin Wilson,"pencils, inks, variant cover",WFH,,,,11DC5D17-988B-AE4F-B70F-AF6D4632F886
,Character,,,,,Simon Bisley,cover,WFH,,,,FA9EE7E9-8DB9-404D-B1A1-B927981C1795
,Character,,,,,Janet Gale,color,N/A,,,,733EE878-1B3D-0443-B680-D03B2CEC209E
Brenda Ruskin,Character,,Challengers of the Unknown #1,Feb-97,Y,Steven Grant,co-writer,WFH,,,,402A7ACC-ABF6-F34A-83D5-93303367D46D
,Character,,,,,Len Kaminski,co-writer,None,,WFH agreements for issues #2-3 have been located.,,56A606C2-1F99-F74A-96FE-966712CC5FF4
,Character,,,,,John Paul Leon,"pencils, cover pencils",WFH,,,,D0C32DB9-0D40-F441-8212-0CF0B5700CB7
,Character,,,,,Shawn C. Martinbrough,"inks, cover inks",WFH,,,,69246AC8-D5B5-8C4E-BAE2-C4D19F65EDA1
,Character,,,,,Matt Hollingsworth,color,Exclusive,,,,A8D51D96-E5A5-134E-A961-2C8BC6D435AC
Brian Kyle,Character,Gotham 311,Catwoman #81,Jun-00,N,Bronwyn Taggart,writer,WFH,,,,0342C24D-9DDA-3C4F-980F-D39C18A58BFF
,Character,,,,,Stewart Johnson,"pencils, cover pencils",WFH,,,,49498FD3-F509-E640-B99E-1611F1C3325B
,Character,,,,,Wayne Faucher,"inks, cover inks",WFH,,,,2C77EE4D-79B7-D04B-91EF-3FA61BD915D1
,Character,,,,,Roberta Tewes,color,N/A,,,,A15327C2-28C4-104E-AF59-5FF3DEB62823
"Bromwell Stikk
(Mister Twister; The Gargoyle)",Character,,"as Mister Twister:
The Brave and the Bold #54",Jun-64,Y,Bob Haney,writer,Contributor Recognition,,Deceased Contributor Recognition agreement is with heirs.,,B03D785B-00E4-D841-821B-74F92655733B
,Character,,,,,Bruno Premiani,"pencils, cover",None,,,,773F0D7A-BABB-7646-A482-04F65ABACAF9
,Character,,,,,Sheldon Moldoff,inks,None,,,,4B4EC4D8-377C-9546-9678-36C140104C41
,Character,,"as The Gargoyle:
Teen Titans #14",Mar-68,N,Bob Haney,writer,Contributor Recognition,,Deceased Contributor Recognition agreement is with heirs.,,FF2F3CE8-929F-C14F-91E6-19FA6C3A4D15
,Character,,,,,"Nicholas Viscardi
(Nick Cardy)","pencils, inks, cover",None,,Deceased,,D7900775-1B7A-5A47-A7CB-55A9EFE00E5A
"Bronze Tiger
(Ben Turner)",Character,"Suicide Squad
(2016)","Award/Tandem:
Dragon's Fists",1974,N,"Dennis ""Denny"" O'Neil",writer,None,,"O'Neil & Berry wronte Dragon's Fists under the pseudonym ""Jim Dennis.""",,1157A3D7-3939-C848-8C17-2D33F8E161EC
,Character,,,,,"James ""Jim"" Berry",writer,None,,,,D15855F2-5461-AA4A-A489-9B4971E7D045
,Character,,"in DC Comics:
Richard Dragon, Kung Fu Fighter #1",Apr-75,Y,"Dennis ""Denny"" O'Neil",writer,WFH Acknowledgment; Creator Recognition,2012,,,ECD0C728-3B1E-6E45-BD29-AA1B2855EEB4
,Character,,,,,"James ""Jim"" Berry",writer,Contributor Recognition,2012,Deceased Contributor Recognition Agreement is with heirs.,,68480329-01EA-D14D-9838-7E1021BEF0BE
,Character,,,,,Leopoldo Durañona,"pencils, inks",None,,,,F132AC08-CC15-9142-9D7A-C571F6B625E1
,Character,,,,,Dick Giordano,cover,N/A,,"Giordano may have been an employee of DC at this time.
Deceased",,6DA2D74A-479D-694C-9A5B-EA03C9954D7E
"Broot
(Charis-Nar)",Character,Krypton,Green Lantern #141,May-77,Y,Marv Wolfman,writer,Exclusive,1982,,,C899D1A5-0802-7746-828A-2D2261CA0037
,Character,,,,,Joe Staton,"pencils, inks",Exclusive,1982,,,501DF903-BD77-B640-A21E-FD8BB21F3945
,Character,,,,,George Perez,cover,None,,,,811FD5D4-E6FF-4047-B863-AD24FBD4668F
,Character,,,,,Carl Gafford,color,N/A,,,,9B5E3D9E-65EC-1B46-B9A0-70C768459E84
"Brother Blood
(Joshua Blood)",Character,,"New Teen Titans #21
""Beware the Wrath of… Brother Blood""",Jul-82,Y,Marv Wolfman,writer,Exclusive,1983,,,CC792F36-147C-5C4B-A932-8D31D9B1D0C2
,Character,,,,,George Perez,"pencils, cover",Exclusive,1983,,,DA9F8F36-37C8-FE40-9FE2-393C526DE8FE
,Character,,,,,Romeo Tanghal,inks,Exclusive,,,,A0ECE1AB-166F-624F-8DC5-5A0ED5216888
,Character,,,,,Adrienne Roy,color,Exclusive,,Deceased,,25880197-48F7-2F47-A329-613D1E0028F1
"Brother Blood
(Sebastian Blood)",Character,,Outsiders #6,Jan-04,N,Judd Winick,writer,WFH,,,,E5BC1074-99A3-FD4A-8799-48DE1C5ABBF9
,Character,,,,,"Christopher Williams
(Chris Cross)","pencils, cover",WFH,,,,7EFA86D0-FC7B-B643-814C-80C32CB8C10F
,Character,,,,,Sean Parsons,inks,WFH,,,,2760E154-A6ED-714A-A307-7FDFE7B7B0F5
,Character,,,,,Michael Golden,cover ,WFH,,,,D5D438F3-7A56-6D43-869C-BE07D2A6422E
,Character,,,,,Gina Going,color,N/A,,,,8D1E7767-EA4D-D347-9B7A-A3449F017B18
Brother Eye,Character,,OMAC #1,Sep-74,N,Jack Kirby,"creator, writer, pencils, cover pencils",1982 Agreement,,Deceased,,94400ACD-808D-FC45-896E-5205B3E77DF3
,Character,,,,,Mike Royer,"inks, cover inks",None,,,,83ADA9AA-49CA-554E-9E22-2BD167A80772
Brotherhood of Dada,Character,,Doom Patrol #26,Sep-89,N,Grant Morrison,writer,WFH,Y,,,585A9BC5-5184-0245-95DA-0A59A672C25B
,Character,,,,,Richard Case,pencils,WFH,,,,F4683E50-9831-AC49-B1A4-397D7D57418D
,Character,,,,,John Nyberg,inks,WFH,,,,8674AF04-949D-1442-AA69-8B4402F8FBF4
Bruce Bonwit,Character,Flash 518,The Fury of Firestorm #19,Jan-84,N,Gerry Conway,writer,Writer-Editor; Exclusive,,,,3E09E20C-3627-B64B-9B01-BB7016532088
,Character,,,,,Carla Conway,writer,None,,Carla Conway was the wife of Gerry Conway at this time. She is credited as co-writer in the book but we have no paperwork with her.,,212C08F5-4D74-0F4D-BEF9-964682FC5268
,Character,,,,,Gene Colan,pencils,WFH; Exclusive,,Deceased,,D7629771-3504-C845-96CC-B867C43F3BEF
,Character,,,,,Rick Magyar,inks,WFH; Exclusive,,,,0A767CF7-73D1-DF45-B748-39267BDC82C9
,Character,,,,,Ed Hannigan,cover pencils,WFH,,,,D1758669-C7D9-E94D-8A18-FC8AD609396D
,Character,,,,,Dick Giordano,cover inks,WFH,,"Giordano may have been an employee of DC at this time.
Deceased",,3AEAF521-96DB-6143-88DD-A505A22BC4F5
,Character,,,,,Carl Gafford,color,N/A,,,,8C3B837E-D725-7445-B89F-8FBC875C1377
"Bruno Mannheim
(Ugly Mannheim)",Character,Arrow 621,"Superman's Pal, Jimmy Olsen #139",Jul-71,N,Jack Kirby,"writer, pencils, cover pencils",None,,Covered by Kriby Fourth World Agreement,,C33CC7E1-7B40-CC49-A5EF-8DB00DC1E227
,Character,,,,,Vince Colletta,"inks, cover inks",None,,,,7039EFA3-E6DA-624E-A6B8-35965CF42386
"Bug
(Bernard ""Barney"" Bonner)",Character,Flash 518,Firestorm #23,May-84,N,Gerry Conway,writer,Writer-Editor; Exclusive,,,,9B521D10-8647-6346-9E71-A1CD9C4482C5
,Character,,,,,Carla Conway,writer,None,,Carla Conway was the wife of Gerry Conway at this time. She is credited with the plot in the book but we have no paperwork with her.,,366035E6-976A-DA4E-8593-77972F443D6D
,Character,,,,,Rafael Kayanan,"pencils, cover pencils",WFH,,,,816401FD-237D-F544-812A-827F464BCFAF
,Character,,,,,Rodin Rodriguez,inks,WFH,,,,082EB02F-E164-214A-AFA7-1D82114A3C4C
,Character,,,,,Dick Giordano,cover inks,WFH,,"Giordano may have been an employee of DC at this time.
Deceased",,D0C889F3-58E9-BC49-B3D5-821D6B913CA3
,Character,,,,,Carl Gafford,color,N/A,,,,413CF670-A128-6742-B524-CA4FF3BC4627
"Bug-Eyed Bandit
(Bertram Larvan)",Character,"Flash 118
(4/14/2015)",Atom #26,Aug-66,Y,Gardner F. Fox,writer,Creator Recognition,,Deceased Creator recognition agreement with heirs.,,4D8E7A43-70EF-6244-9E7E-FB554E3091AD
,Character,,,,,Gil Kane,"pencils, cover",None,,Deceased,,FCF634B5-6856-DA40-9FE0-DFE8FB3FEDB5
,Character,,,,,Sid Greene,inks,None,,Deceased,,76AE6BE8-4A8C-4248-BE61-7C2A8841620D
Bug-Eyed Bandit II,Character,,Justice League America #43,Oct-90,Y,Keith Giffen,plot,WFH; Exclusive,,,,08DDEFB9-8BDE-7F4F-890A-078F43926171
,Character,,,,,John Marc DeMatteis,script,WFH,,,,AC1B7A61-F83B-004C-A9B0-7D170D95789C
,Character,,,,,Adam Hughes,"pencils, cover pencils",WFH,,,,FF564434-32C3-E341-955D-9E45D8E93B37
,Character,,,,,Jose F. Marzan Jr.,inks,WFH,,,,6F883286-53E1-3544-A14F-01F4002B1473
,Character,,,,,Karl Story,cover inks,None,,,,1F7241CB-50DF-5549-8C3A-75D9FAC3F947
,Character,,,,,Gene D'Angelo,color,Exclusive,,,,A832FC0E-BC8C-E34A-96FF-55D7D6339BA4
"Bug Man
(Abner Gordon)",Character,Swamp Thing 103,"Doom Patrol #99
""The Deadly Sting of the Bug Man""",Nov-65,Y,Arnold Drake,writer,None,,"Although we do not have any agreements with Drake for this work, we do have a 2006 character equity agreement for Beast Boy, who also first appeared in this issue, although in a different story by Drake.
Deceased",,09A662EC-8E3D-0D47-8FAD-938BADCEC121
,Character,,,,,Bob Brown,"pencils, inks, cover",None,,Deceased,,E2C9AC2C-03B2-1040-8E0D-A1CB00945D30
Bulgravia,Location,Flash,Human Defense Corps #1,Jul-03,N,Ty Templeton,writer,Joint Creator/All Rights; Writer,,,,49FC13C2-6F03-3941-B3B1-D2BA6D55B00C
,Location,,,,,Clement Sauve Jr.,"pencils, cover pencils",Joint Creator/All Rights; Artist,,,,C2F63FD6-26F3-A04B-8D02-783AB936F337
,Location,,,,,Juan Francisco Velasco Hernandez,"inks, cover inks",WFH,,,,86886464-8AA3-904D-AC6E-8871F82F639E
,Location,,,,,"William ""Moose"" Baumann",color,N/A,,,,90B10FA5-85C7-FB4E-B06F-6B4E2D0F8F62
"Bulldozer
(Sgt. Nichols)",Character,,"Our Army At War #95
""Battle of the Stripes""",Jun-60,Y,Robert Kanigher,writer,N/A,,"Kanigher was an employee of DC from 2/3/47 - 5/31/82.
Deceased",,A627E506-1A6A-9C46-8052-5AF2FE3C01EE
,Character,,,,,Joe Kubert,"pencils, inks, cover",None,,,,890D82F1-EDF5-C146-9382-F4EE45527BEA
"Bumblebee
(Karen Beecher)",Character,,"as Karen Beecher:
Teen Titans #45",Dec-76,N,Bob Rozakis,writer,None,Y,Rozakis has signed a Reprint Fee Waiver Letter for Teen Titans #44-53,,84CAAB43-6DAB-3245-9D95-AC50BEBE53ED
,Character,,,,,"Irving ""Irv"" Novick",pencils,None,,"Novick was an employee of DC Comics from 5/9/67 - 12/28/84.
Deceased",,704B89AD-51BC-BE40-A5B8-4CF9307731CF
,Character,,,,,Vince Colletta,"inks, cover inks",Exclusive,,Deceased,,FFB2F29F-1D72-0F41-85E8-93CD64EE3D9B
,Character,,,,,Ernie Chan,cover pencils,None,,Deceased,,1411C85D-633D-ED40-9BDE-CCB68D24B0AE
,Character,,"as Bumblebee:
Teen Titans #48",Jun-77,N,Bob Rozakis,writer,None,Y,Rozakis has signed a Reprint Fee Waiver Letter for Teen Titans #44-53,,722A2607-48B8-3844-BE40-7FAD3488C0DA
,Character,,,,,Jose Delbo,pencils,None,Y,,,2D10E661-32D8-8949-AE33-022533CDDEFB
,Character,,,,,Vince Colletta,inks,Exclusive,,Deceased,,CFB37C83-B0DF-224B-81EA-C786CC202FE6
,Character,,,,,Rich Buckler,cover pencils,Exclusive,,,,87DBC6E3-1692-974E-B722-12DA0C9672B0
,Character,,,,,Jack Abel,cover inks,Exclusive,,Deceased,,E11C51A2-4F04-3D4A-B6C2-DFFFF61F7A30
,Character,,,,,Jerry Serpe,color,N/A,,Deceased,,0BE917DA-BCD1-4E4F-AA5F-283D6FF8F8F1
"Burnout
(Bobby Lane)",Character,"Point Blank
Sleeper",WildC.A.T.S.: Trilogy #1,Jun-93,N,Brandon Choi,writer,WildStorm WFH Acknowledgement,,See also: WildStorm Asset Purchase Agreement,,A3975857-B3BC-BC4F-8559-B3ECD6B73D21
,Character,,,,,Dafydd Wyn,writer,None,,,,FA7E5374-BDF7-D24B-8AC0-8AF55E29938A
,Character,,,,,Jae Lee,"pencils, inks, cover",None,,,,9F9CE587-5A01-9345-84D7-72017D3E6B08
,Character,,,,,Joe Chiodo,color,N/A,,,,7BF5D7A5-1848-C541-AD66-1246907087B7
,Character,,,,,Ben Fernandez,color,N/A,,,,20230287-A1EA-4548-8B95-E4D945237654
,Character,,,,,Wendy Fouts,color,N/A,,,,6EAF3562-A8E5-6347-A3A9-F073532C3A6B
"B'wana Beast
(Michael ""Mike"" Payson Maxwell; The Shining Man)",Character,Legends 302,Showcase #66,Jan-67,Y,Bob Haney,writer,Contributor Recognition,2014,Deceased Contributor Recognition Agreement is with heirs,,442E65C2-5869-C34C-9BCE-38AC040235CA
,Character,,,,,Mike Sekowsky,"pencils, cover pencils",None,,Deceased,,EB808AE8-C6FF-9746-B957-4A150E371749
,Character,,,,,George Roussos,inks,None,,Deceased,,8C917083-9EF2-6948-8A97-AD11EDBFCCC1
,Character,,,,,Joe Giella,cover inks,None,,,,BB8508C7-EB88-4E45-AC45-E43C12B17AD6
"Byte
(Blythe Bonner)",Character,Flash 518,Firestorm #23,May-84,Y,Gerry Conway,writer,Writer-Editor; Exclusive,,,,E8FF8384-1E06-9440-BB0A-6E46FDDD9131
,Character,,,,,Carla Conway,writer,None,,Carla Conway was the wife of Gerry Conway at this time. She is credited with the plot in the book but we have no paperwork with her.,,7449198C-D083-0E43-9E81-46DD15908838
,Character,,,,,Rafael Kayanan,"pencils, cover pencils",WFH,,,,2CA09227-6C1A-DF4A-8AAC-62286372E46A
,Character,,,,,Rodin Rodriguez,inks,WFH,,,,C508CAC0-BB7E-CD46-8522-CA6270A5AD41
,Character,,,,,Dick Giordano,cover inks,WFH,,"Giordano may have been an employee of DC at this time.
Deceased",,D30E6D0E-2474-A241-8C98-DC91B92B5D7A
,Character,,,,,Carl Gafford,color,N/A,,,,DCD605F5-730A-124B-8B0A-0F1D0D4CE913
Cain,Character,,"House of Mystery #175
""Welcome to the House of Mystery""",Jul-68,N,Joe Orlando,"writer, pencils, inks, editor",None,,Deceased,,9692FD25-B3EE-9A4E-89BE-78AB6B24A624
,Character,,,,,Bob Haney,writer,Contributor Recognition,2014,Deceased Contributor Recognition agreement is with heirs.,,93E5CFDC-E814-8D41-8B0A-095CE7008792
,Character,,,,,Jack Sparling,"pencils, inks",None,,Deceased,,895031BE-BC63-3E4F-9828-6664F0B44896
,Character,,,,,Neal Adams,cover,Creator Recognition,,,,30C5E227-15C2-4943-BEFB-7C92D9513028
Caitlin Fairchild,Character,"Point Blank
Sleeper",WildC.A.T.S.: Trilogy #1,Jun-93,N,Brandon Choi,writer,WildStorm WFH Acknowledgement,,See also: WildStorm Asset Purchase Agreement,,7E020C98-3EAD-7F4C-BE13-08BB4F29AC8B
,Character,,,,,Dafydd Wyn,writer,None,,,,BE3D9FAF-879A-1648-BF49-FE4C9E3580C3
,Character,,,,,Jae Lee,"pencils, inks, cover",None,,,,0D67E54C-8AA9-1D48-905B-55D4FA44C058
,Character,,,,,Joe Chiodo,color,N/A,,,,A6B1E56E-C369-D04E-AB0B-78DA6D4E38C8
,Character,,,,,Ben Fernandez,color,N/A,,,,02092013-7DD3-5247-BEA8-6F7310694F78
,Character,,,,,Wendy Fouts,color,N/A,,,,B0E90822-6D01-7348-8A7B-B02C1991B3C3
"The Calculator
(Noah Kuttler)",Character,"Suicide Squad
(2016)","Detective Comics #463
""Crimes By Calculation""",Sep-76,N,Bob Rozakis,writer,None,2015,,,64CD8ADC-23BE-1F41-A602-552A51F92504
,Character,,,,,Mike Grell,pencils,None,2015,,,70F12C36-B356-1F45-A0A6-9089E89467D5
,Character,,,,,Terry Austin,inks,None,,,,8B7A94AA-8734-BE46-AA64-13ADFDA396E6
,Character,,,,,"Ernie Chan
(Ernie Chua)",cover,None,,,,8AC84C9E-ECE8-7D46-A39E-B53056DF5A41
Caleb Stone,Character,,Superman For All Seasons #1,Jul-98,N,Jeph Loeb,writer,Prestige Writer,,,,DA967BB4-DC2F-2C41-AA8A-EDB1D7569B71
,Character,,,,,Tim Sale,"pencils, inks",Prestige Artist,,,,29A93099-5CDF-ED49-BEEB-9F2C99EC2D3E
"Calendar Man
(Julian Day)",Character,Lego Batman,"Detective Comics #259
""The Challenge of the Calendar Man""",Sep-58,Y,Bill Finger,writer,Contributor Recognition,,Deceased Contributor Recognition Agreement is with heir.,,019A0273-D8D6-004B-89C3-2C79F22E193B
,Character,,,,,Bob Kane,story,,,11/05/2019 Wayne Email - Story is credited to Bob Kane,,A0132C62-CDAF-9F4F-A779-26E864384835
,Character,,,,,Sheldon Moldoff,pencils,None,,"Deceased
Per the library and Wayne Smith (Corp. Legal), please check to see if Bob Kane should also be included in credits.",,95761C13-4732-9947-990C-C9AC564F1D8C
,Character,,,,,Charles Paris,inks,None,,Deceased,,FD17481E-0552-0548-A435-BF14B792FCA3
,Character,,,,,Curt Swan,cover pencils,None,,Deceased,,0292BB76-7A00-924B-9EDE-E7BDC288048C
,Character,,,,,Stan Kaye,cover inks,None,,Deceased,,7BA0276D-33B6-0847-9AA7-26D2FD707360
Cameron Chase,Character,"Supergirl 110
(1/18/2016)",Batman #550,Jan-98,Y,Doug Moench,writer,WFH,,,,7E107EFB-AC7E-BE4B-94C6-8E4E132F907D
,Character,,,,,Kelley Jones,pencils,None,,,,3BC276A9-54D7-5A41-AA78-3424B178B5A6
,Character,,,,,James H. Williams III,"pencils, cover pencils",WFH,,,,AB7A576B-4E57-0745-9721-45283B5B9FFC
,Character,,,,,John Beatty,inks,WFH,,,,89820EB2-5127-1E40-9D06-2BE02768E89F
,Character,,,,,"Michael ""Mick"" Gray","inks, cover inks",WFH,,,,D5173817-0CCB-954E-8568-504F338D7001
,Character,,,,,Gregory Wright,color,N/A,,,,869F0B00-C12E-A545-A5CE-765510A3A934
Canada,Character,,Blackhawks #1,Nov-11,Y,Mike Costa,writer,WFH,,,,47E3B811-2AED-B549-A4B5-5EA184A62C9C
,Character,,,,,Graham Nolan,pencils,WFH,,,,76C0761A-4304-EF4C-BEF2-1A7BD17AA142
,Character,,,,,Ken Lashley,"pencils, inks, cover",WFH,,,,56A13237-FDB9-9F41-8919-F09920EC6AC0
,Character,,,,,Guy Major,color,Exclusive,,,,273CB60C-5557-674E-A60D-ACEFCD811693
Canary,Character,,"Our Army At War #135
""Battlefield Double""",Oct-63,N,Robert Kanigher,writer,N/A,,"Kanigher was an employee of DC from 2/3/47 - 5/31/82.
Deceased",,11E672FA-E5E0-E248-AD68-2488AA962BF5
,Character,,,,,Joe Kubert,"pencils, inks, cover",None,,Deceased,,77ABC007-2BD8-3C42-8C88-E550FF150E62
Captain Bogman,Character,,Creature Commandos #1,May-00,Y,Timothy Truman,writer,WFH,,,,58732746-C51A-4443-9A0C-92146CCCE209
,Character,,,,,Scot Eaton,"pencils, cover pencils",WFH,,,,469EDA44-3AE0-5F42-B8D8-1A53DB85BFA2
,Character,,,,,Raymond Kryssing,"inks, cover inks",WFH,,,,EC65B1EE-59AA-244B-94A5-098F80F6AAF0
,Character,,,,,Allen Jamison,color,N/A,,,,78A06E79-4E44-A24D-9EFA-2FD17B5158B4
,Character,,,,,John Kalisz,color,N/A,,,,D0590B21-5FDD-984B-8339-B1D994CA0BA8
"Captain Boomerang
(Digger Harkness)",Character,"Suicide Squad
(2016)","The Flash #117
""Here Comes Captain Boomerang""",Dec-60,Y,John Broome,writer,None,,Deceased,,64D6F4E3-E0AA-B64D-BFFB-D34BC20CE2CD
,Character,,,,,Carmine Infantino,"pencils, cover pencils",Settlement,,Deceased,,C6C05B41-67B4-BF42-9389-A339F171CE04
,Character,,,,,Murphy Anderson,inks,None,,Deceased,,0A185186-FB13-7A49-B20D-F881FA8A4963
,Character,,,,,Joe Giella,cover inks,None,,,,AB1C4D17-78A7-8243-85E1-1967CC41FE66
"Captain Cold
(Leonard ""Len"" Snart)",Character,"Flash 104
(10/28/2014)","Showcase #8
""The Coldest Man on Earth""",May-57,N,John Broome,writer,None,,Deceased,,14C434AC-BA72-4342-8AC6-10B0FEE8A618
,Character,,,,,Carmine Infantino,"pencils, cover pencils",Settlement,,Deceased,,D8D2A65E-35E9-1540-84E7-E8FF4B20616B
,Character,,,,,Frank Giacoia,inks,None,,Deceased,,36275BA5-6C1C-2E44-8D51-EDB44DA6F18D
,Character,,,,,Joe Giella,cover inks,None,,,,F5A9B671-C52A-A941-A85D-A8656D7608A1
"Captain Comet
(Adam Blake)",Character,"Machinima
(Lobo)","Strange Adventures #9
""The Origin of Captain Comet!""",Jun-51,Y,John Broome,writer,None,,Deceased,,AFA98F3A-392F-DF49-9977-26C8EF0E2A64
,Character,,,,,Carmine Infantino,"pencils, cover pencils",Settlement,,"Infantino was an employee of DC from 6/14/1966-1/19/1976.
Deceased",,47212F56-80F7-5A44-8425-C85384CD0946
,Character,,,,,Bernard Sachs,inks,None,,Deceased,,7945C75C-2CC7-4641-BAC6-2CE9049A81C7
,Character,,,,,Frank Giacoia,cover inks,None,,Deceased,,0AA272B1-9305-5A48-BF4F-19C46AD04CEE
"Captain Marvel
(Billy Batson; Shazam)",Character,Shazam,"in Fawcett Comics:
Whiz Comics #2
""Introducing Captain Marvel""",Feb-40,Y,Bill Parker,writer,None,,See also: Fawcett Purchase Agreements,,46BF7DC9-ED97-4D46-9756-0C0D603CACB6
,Character,,,,,"Charles Clarence ""C.C."" Beck","pencils, inks, cover",None,,,,19F186BB-6907-4D4F-824D-8E42D9E49575
,Character,,"in DC Comics:
Shazam! #1",Feb-73,Y,Dennis O'Neil,writer,Creator Recognition,,,,A4C46005-4712-504B-9948-CBD85B3FB073
,Character,,,,,"Charles Clarence ""C.C."" Beck","pencils, inks, cover",None,,Deceased,,05A20C50-F47C-E94D-BB88-B7D2F3690984
,Character,,"as Shazam:
Justice League #7
""Shazam""",May-12,N,Geoff Johns,writer,WFH,,,,8555903A-7238-C94A-8940-FDB1CC70EDD8
,Character,,,,,Gary Frank,"pencils, inks, variant cover",WFH,,,,31AA1438-9CC4-D443-9FF4-AB49DFB79515
,Character,,,,,Jim Lee,cover pencils,Firewall Agreement,,,,9EEE9BDF-3274-FD4D-958C-886700668535
,Character,,,,,Scott Williams,cover inks,WFH,,,,2707047B-E9DD-C643-8F47-21DDCCF5F061
,Character,,,,,Brad Anderson,color,N/A,,,,B080F823-1440-8D47-931F-28B3E0EA1EFE
"Captain Marvel, Jr.
(Freddy Freeman)",Character,Shazam,"in Fawcett Comics:
Whiz Comics #25
""The Origin of Captain Marvel, Jr.""",Dec-41,N,"France ""Ed"" Herron","writer, color",None,,See also: Fawcett Purchase Agreements,,DDD123A6-3460-FF46-8AFB-39C7A7FF6089
,Character,,,,,"Charles Clarence ""C.C."" Beck","pencils, inks, cover pencils",None,,,,35D4ACA5-8391-D140-96E6-9E7BB6C9BF95
,Character,,,,,"Emmanuel ""Mac"" Raboy","pencils, inks",None,,,,8BCD5FD4-2F4E-6C4F-814C-05FBC8672176
,Character,,,,,Pete Costanza,cover inks,None,,,,18A70344-B4D7-5247-9936-046920EE8F63
,Character,,"in DC Comics:
Shazam! #1",Feb-73,N,Dennis O'Neil,writer,Creator Recognition,,,,63F577D8-8AAD-E74E-83B0-1E7EB5462C14
,Character,,,,,"Charles Clarence ""C.C."" Beck","pencils, inks, cover",None,,Deceased,,DA9D66A5-4C08-AF4D-9E05-BCB2E7804AB5
"Captain Storm
(William Storm)",Character,The Losers (DC),Capt. Storm #1,May-64,Y,Robert Kanigher,writer,N/A,,"Kanigher was an employee of DC Comics from 2/3/47 - 5/31/82.
Deceased",,BCE096C0-F55B-8142-965D-564B2F1D5D73
,Character,,,,,"Irving ""Irv"" Novick","pencils, inks, cover",None,,Deceased,,5AC5F447-D5A9-564B-80C9-31E09AA151E4
Carcharo,Character,,Infinity Inc. #25,Apr-86,N,Roy Thomas,writer,Writer,,,,7AA8E9EA-65A9-5844-A439-EE580693F069
,Character,,,,,"Dannette ""Dann"" Thomas",co-writer,None,,"We believe that Roy Thomas entered into a separate agreement with Dann Thomas for writing services, but we do not have a copy of it.",,41CEABD6-0CBD-FC49-AAC7-6FAAF3B6C67C
,Character,,,,,Todd McFarlane,"pencils, cover pencils",None,,,,A61498CD-2949-2A48-AC2C-CF4640AC114D
,Character,,,,,Tony DeZuniga,inks,None,,,,DF2496F9-AFCF-7346-8393-40E103E797B7
,Character,,,,,Dick Giordano,cover inks,,,,,E592CBA3-0869-FF46-9CA1-580AA854C967
,Character,,,,,Carl Gafford,color,N/A,,,,7D69E3B2-3A5F-9244-90B9-C26519F95171
Carggites,Property,Supergirl 204,"Action Comics #267
""The Three Super-Heroes""",Aug-60,N,"Jerome ""Jerry"" Siegel",writer,Settlement,,Deceased Settlement is with heirs.,,8ED46029-0EB7-9C4C-848C-0C8E7A897748
,Property,,,,,"James ""Jim"" Mooney","pencils, inks",None,,Deceased,,DDEF2384-F3E9-884A-AEE7-42C902647FC5
,Property,,,,,Curt Swan,cover pencils,None,,Deceased,,D55E29A6-5420-C945-ABAA-1B7FC36E9AF3
,Property,,,,,Stan Kaye,cover inks,None,,Deceased,,AA5EE34D-FC80-CD49-B547-2D92F48E5817
Carl Ferris,Character,"Green Lantern
(2011)","Showcase #22
""Secret of the Flaming Spear""",Sep-59,N,John Broome,writer,None,,Deceased,,CF875B8A-4ADD-364D-97FB-50931EFAB99E
,Character,,,,,Gil Kane,pencils; cover,None,,Deceased,,C254092C-8E5E-F14C-812F-DD8F282CB106
,Character,,,,,Murphy Anderson,inks,None,,Deceased,,9473B0FD-345A-6246-9DB1-1424E2254352
"Carlo ""Chuck"" Sirianni",Character,,Blackhawk #1,Mar-89,N,Howard Chaykin,"writer, pencils, inks, cover",Writer-Artist,,,,7A5C5BF0-DAFA-3141-A344-11E64125C79D
,Character,,,,,Steve Oliff,color,N/A,,,,2C9FD34C-5493-6243-9F78-6371189C7A94
"Car-Vex
(Romundi)",Character,"Man of Steel
(2013)",Superman #687,Jun-09,N,James Robinson,writer,None,,,,FF8A7B98-0166-7449-9F6D-DAA5EA2D0A21
,Character,,,,,Renato Guedes,pencils,WFH,,,,4EA1BF89-1E85-454E-AF58-98A0BEE8B09A
,Character,,,,,Jose Wilson Magalhaes,inks,WFH,,,,9F1EA5E1-682E-9848-8318-0887902B21BA
,Character,,,,,Andrew Robinson,cover,WFH,,,,25D1D131-DD4F-B747-A97E-888258866302
,Character,,,,,David Curiel,color,N/A,,,,03FAFFB4-CDF4-574B-BC4E-8B5D379B30E8
Casey Brinke,Character,,Doom Patrol #1,Nov-16,N,Gerard Way,writer,WFH; Consulting,,,,A33DD973-E7A3-9A47-A21A-06F2964A62CC
,Character,,,,,Nick Derington,"pencils, inks, cover pencils",WFH,,,,2F9167B8-C34A-0A4E-88CF-C1CF795E5143
,Character,,,,,Tamra Bonvillain,color,WFH,,,,3DC6D6B7-07C4-FF4E-8782-D9053943CD51
Casey Klebba,Character,Young Justice,Justice League of America's Vibe #4,Jul-13,N,Sterling Gates,writer,WFH,,,,54D4C0E1-0C92-404E-90D7-6C8776C6EB9E
,Character,,,,,Manuel Garcia,pencils,WFH,,,,A1E6AC99-4C19-2A4D-A153-1903901696F5
,Character,,,,,Fabiano Neves,"pencils, inks",WFH,,,,5DD930D0-762E-3F40-8588-7198480A61EC
,Character,,,,,Sandra Hope Archer,inks,WFH,,,,02943F4F-CE38-CD41-97F3-88F226CB3433
,Character,,,,,Brett Booth,cover pencils,WFH,,,,021E2549-2E88-AE47-8108-5904A68F0154
,Character,,,,,Norm Rapmund,cover inks,WFH,,,,D00838A7-A7F3-6E47-B008-4FA81A660C98
,Character,,,,,Brad Anderson,color,N/A,,,,2A5FB568-4196-714D-AEB1-CF65B8189D0C
The Cassamento Family,Character,Arrow 619,Batman/Huntress: Cry For Blood #1,Jun-00,N,Greg Rucka,writer,WFH,,,,BE283A52-9540-AF4E-8EB6-DE945EC20BB8
,Character,,,,,Rick Burchett,"pencils, inks, cover",WFH,,,,7462548B-981F-6442-B261-C297B7BB53B9
,Character,,,,,Tatjana Wood,color,N/A,,,,318C5399-D159-514C-BCF4-85C403746F32
CatCo Worldwide Media,Location,,"Supergirl
""Pilot""",Oct-15,,"Greg Berlanti, Ali Adler, Andrew Kreisberg",creators,,,,,565B5169-65B2-0E4F-BF2D-4B70B55A1361
,Location,,Superwoman #1,Oct-16,N,Phil Jimenez,"writer, pencils, cover",WFH,,,,7AF4233E-794E-3C4B-B6E5-F4110D797AE3
,Location,,,,,Matt Santorelli,inks,WFH,,,,27914DC0-71DC-5B4F-986A-97787FD230FF
,Location,,,,,Jeromy Cox,color,WFH,,,,986B38FF-1EDF-054C-907F-A9F7C3D3A14D
Catherine Hamilton Kane,Character,Batwoman 101,"Detective Comics #856
""Elegy Part 3: Affettuoso""",Oct-09,N,Greg Rucka,writer,WFH,,,,23AF53F2-359C-E948-BF8D-73EC684670A6
,Character,,,,,James H. Williams III,"pencils, inks, cover",WFH,,,,934677C9-4B96-D649-8EDB-5474A3F6AC5D
,Character,,,,,Dave Stewart,color,N/A,,,,DF5F3269-12CE-034A-9BBB-FA9F9EB48567
"Cat Man
(Thomas Blake)",Character,Lego Batman,"Detective Comics #311
""Challenge of the Cat-Man""",Jan-63,Y,Bill Finger,writer,Contributor Recognition,,Deceased Contributor Recognition Agreement is with heir.,,A38FA2B4-F672-EB4F-B011-A062F8B3A9AF
,Character,,,,,"James ""Jim"" Mooney","pencils, inks, cover",None,,Deceased,,999EC049-08A4-1447-A2B7-1FFD562DEF1C
"Catwoman
(Selina Kyle)",Character,Gotham Girls,"Golden Age:
Batman #1
""The Cat""",Spring 1940,N,Bob Kane,"pencils, inks, cover",Services Agreement,,Deceased,,5B44D284-A7DB-6D40-9CAE-993B815BF35D
,Character,,,,,Bill Finger,writer,Contributor Recognition,,Deceased Contributor Recognition Agreement is with heir.,,85FC0FF1-D35B-E548-A7CA-4896A47F13B0
,Character,,,,,Jerry Robinson,inks,Settlement,,Deceased,,C67F1E1A-5C42-FC48-9325-1B6DF8C54DCF
,Character,,"Silver Age:
Superman's Girl Friend Lois Lane #70",Nov-66,Y,Leo Dorfman,writer,None,,Deceased,,39F0A9DF-4FF1-BE4D-8F64-D7A7874FDC86
,Character,,,,,Kurt Schaffenberger,"pencils, inks",None,,Deceased,,419DD699-9981-2748-BAF5-6EA8C9D7B751
,Character,,,,,Wayne Boring,cover,None,,Deceased,,2F5EC618-C154-2D49-8FC7-2487F0CFD49D
,Character,,"Modern Age:
Batman #404",Feb-87,N,Frank Miller,writer,Writer,,,,7467FC36-8C21-BF41-B698-9EBD754A31C2
,Character,,,,,David Mazzuchelli,"pencils, inks, cover",WFH; Artist,,,,49A460F4-4EE5-4444-9CF0-03317926C441
,Character,,,,,Richmond Lewis,color,N/A,,,,93068588-7B86-154E-A494-164E071B67DF
Cave Carson,Character,,The Brave and Bold #31 ,Aug-60,,"Frances ""Ed"" Herron",writer,None,,,Cleared by Jay for Creative to proceed for Starring TV Role (along with Cave Carson Has a Cybernetic Eye) 03/23/21,97A5CCCE-7634-F74D-B925-40E374B9984C
,Character,,,,,Bruno Premiani,"pencils, inks",None,,,,B67E2265-FB7D-A442-AFDD-AC1A55250001
Cecile O'Malley Horton,Character,,The Flash #332,Apr-84,N,Cary Bates,writer,Exclusive,2015,,,6A5CC253-4900-0643-AB6C-0688D0B61608
,Character,,,,,Carmine Infantino,"pencils, cover pencils",WFH; Settlement,,Deceased,,7498C921-201E-6249-8EE8-6A1A2833B801
,Character,,,,,Frank McLaughlin,inks,WFH,,,,13DCA991-EB8D-BA46-B121-7138ED5B062B
,Character,,,,,Dick Giordano,cover inks,N/A,,"Giordano was an employee of DC at this time.
Deceased",,3C991609-6BFC-834C-A5F2-3369B993FFF8
,Character,,,,,Carl Gafford,color,N/A,,,,6505374E-69F0-3C48-84A1-1DC5E692A859
"Celsius
(Arani Desai)",Character,Titans 105,Showcase #94,Aug-77,Y,Paul Kupperberg,writer,None,Y,,,4F044D2A-83AD-4042-B31B-0AEFA1A96E02
,Character,,,,,Joe Staton,"pencils, inks",Exclusive,Y,,,B62FFD90-DFE7-EC4E-910B-00CC457DA0F0
,Character,,,,,Liz Berube,color,N/A,,,,2FEB4E94-D0E9-6E4D-A0A8-14EAC2B47AC9
,Character,,,,,Jim Aparo,cover,Exclusive,,Deceased,,1388BE22-16EA-2344-B625-26016DD80D79
"Central City Stadium
(Baseball stadium; Central City Stars)",Location,Flash 504,Flash #80,Sep-93,N,Mark Waid,writer,Continuity Writer,,,,0AA783EC-234A-F14F-8ECD-59A7328BF1FF
,Location,,,,,Mike Wieringo,pencils,WFH,,Deceased,,443D75D0-0851-9241-AADC-A7A14559E554
,Location,,,,,Jose Marzan Jr.,inks,Continuity Artist,,,,76654E44-069C-5842-AC39-0D7A47CA3396
,Location,,,,,Alan Davis,cover pencils,WFH,,,,ED923321-99D5-5A4C-A59C-47F8CE3FE21B
,Location,,,,,Mark Farmer,cover inks,WFH,,,,A3A92AC5-34FF-FB41-8D2C-1E551BFDE8E9
,Location,,,,,Gina Going,color,N/A,,,,3DB3FBEF-A3DE-4E43-BAB3-C09FB459A62D
"Challengers of the Unknown
(Morgan, Ryan, Davis, Haley, Robbins, Stark)",Property,,Showcase #6,Jan-57,Y,Dave Wood,co-writer,None,,Deceased,,0D50DE14-4586-1044-9C5B-D55F5C5DD8CE
,Property,,,,,Jack Kirby,"co-writer, pencils, cover",None,,Deceased,,7FCE49CD-4F81-5D48-8B09-774F29C20D13
,Property,,,,,Rosalind Kirby,inks,None,,Deceased,,E85AE5E3-94AC-034D-AAB2-188F41E1CA74
"Challengers of the Unknown
(Brody, Ruskin, Kawa, Corbet)",Property,,Challengers of the Unknown #1,Feb-97,Y,Steven Grant,co-writer,WFH,,,,C32BF70D-2DF1-9040-9EF5-1634CC765C61
,Property,,,,,Len Kaminski,co-writer,None,,WFH agreements for issues #2-3 have been located.,,19A53E48-4E04-3647-9FA3-66B0B48FED47
,Property,,,,,John Paul Leon,"pencils, cover pencils",WFH,,,,EB9527A7-DE97-9A49-962D-28F7A9C38B4E
,Property,,,,,Shawn C. Martinbrough,"inks, cover inks",WFH,,,,A7DA3AC2-69EE-4149-94EB-3327B1515F36
,Property,,,,,Matt Hollingsworth,color,Exclusive,,,,756847F2-B974-6848-891D-E24BC1FDEC5F
"Challengers of the Unknown
(Dyamond, Crowne, Starr, Harte, Crosse)",Property,,Challengers of the Unknown #1,Aug-04,N,Howard Chaykin,"writer, pencils, inks, cover",WFH,,,,9C18AA38-895C-C841-97C4-050BE6FEB01F
,Property,,,,,Rian Hughes,art direction,WFH,,,,AFEEB132-A6E3-4446-B542-BDFE673A572F
,Property,,,,,Michelle Madsen,color,N/A,,,,6A4531DF-846F-284F-AC9D-A920AD84C94D
"Chameleon Boy
(Reep Daggle)",Character,,"Action Comics #267
""The Three Super-Heroes""",Aug-60,N,"Jerome ""Jerry"" Siegel",writer,Settlement,,Deceased Settlement is with heirs.,,97B5127E-9474-5F44-B64B-5731E6B328E0
,Character,,,,,"James ""Jim"" Mooney","pencils, inks",None,,Deceased,,C8D11132-5371-7341-81BC-4EB5118A16C7
,Character,,,,,Curt Swan,cover pencils,None,,Deceased,,AAEB51F6-1E78-A44E-8584-90949DE87D36
,Character,,,,,Stan Kaye,cover inks,None,,Deceased,,FFF13CC3-2EE2-8745-8CE3-60BB58A89ADE
"Charles ""Chuck"" Wilson
(The Listener)",Character,,"in Quality Comics:
Military Comics #2
""The Coward Dies Twice""",Sep-41,N,Will Eisner,writer,Independent Contractor,,See Quality Comics purchase agreements dated 7/26/56 & 8/1/67.,,66BD4B65-B044-6449-B70E-1FF802F0ED91
,Character,,,,,Charles Cuidera,"pencils, inks, cover",None,,,,AFD05774-9180-5445-9AD6-349424C77A90
,Character,,,,,Bill Smith,cover,None,,,,7C1608F9-2082-6540-B0BA-6876B313B1C6
,Character,,"in DC Comics:
Blackhawk #108",Jan-57,N,Dick Dillin,"pencils, cover pencils",None,,Deceased,,309029B3-9823-4A44-9901-A7324D5EA221
,Character,,,,,Charles Cuidera,"inks, cover inks",None,,,,3F8A002C-C36B-D248-871A-F998D53B684A
Checkmate,Property,,Action Comics #598,Mar-88,Y,Paul Kupperberg,writer,WFH; Writer,1987,,,FFE2FF4F-4FD7-9743-B42F-870AD92C0B32
,Property,,,,,Steve Erwin,N/A,Artist,1987,Erwin did not contribute to the first appearance issue but is credited as the Artist/Creator of the team and worked on CHECKMATE #1,,D5A10DC4-6B28-8145-8627-F5B2BDF338DA
,Property,,,,,John Byrne,"plot, pencils, cover",WFH,,,,0E4A1B25-66B2-5945-9742-77E6138F96C2
,Property,,,,,Ty Templeton,inks,WFH,,,,6C2E8E56-3014-7D47-819F-6E8AEFCC9744
,Property,,,,,Petra Scotese,color,,,,,271D23F7-8B94-5041-B667-03F3A8D1D2BA
"The Cheetah
(Priscilla Rich)",Character,,"Wonder Woman #6
""Wonder Woman and the Cheetah""",Fall 1943,Y,William Moulton Marston,writer,Marston agreements (7/31/41; 1/15/46; 7/25/51),,Deceased Final agreement is with Estate.,,81DFEE1B-D5ED-2549-A847-B1E6723F9D39
,Character,,,,,Harry G. Peter,"pencils, inks, cover",Artist,,Deceased,,0F92E238-958F-0E4C-8292-3DC622126820
"The Cheetah
(Deborah Domaine)",Character,,"Wonder Woman #274
""One Super-Villain: Made To Order""",Dec-80,Y,Gerry Conway,writer,Exclusive,,,,AE4617C2-1FE6-A64E-B002-B17083CAC3A1
,Character,,,,,Jose Delbo,pencils,None,,,,1B71B5BE-D82F-E247-9543-900548546184
,Character,,,,,Dave Hunt,inks,Exclusive,,,,195970AB-4916-644C-B3D7-937749ED6DFF
,Character,,,,,Ross Andru,cover pencils,N/A,,"Andru was an employee of DC at this time.
Deceased",,731190A6-0ADB-9448-AFAA-A4E911E6D19D
,Character,,,,,Dick Giordano,cover inks,Exclusive,,"Giordano may have been an employee of DC at this time.
Deceased",,627B4A10-2099-1E44-A257-E5CF39560BF2
,Character,,,,,Jerry Serpe,color,N/A,,Deceased,,654E3702-388D-1444-87F4-AB34FEC8C9C1
"The Cheetah
(Barbara Ann Minerva)",Character,,Wonder Woman #9,Oct-87,Y,Len Wein,writer,WFH,,Deceased,,7DEAE483-6947-F748-953D-1A0B227ABE3C
,Character,,,,,George Perez,"pencils, cover",Continuity,,,,6693F0AE-CE7B-A64F-A6FC-71423B1F635F
,Character,,,,,Bruce Patterson,inks,WFH,,,,231DD7C0-8431-8449-B891-DA168791D8BB
,Character,,,,,Tatjana Wood,color,N/A,,,,722449CE-C0F4-D340-BD19-3D5FD6463DE6
"Cheshire
(Jade Nguyen)",Character,Arrow 510,New Teen Titans Annual #2,Aug-83,N,Marv Wolfman,writer,WFH; Exclusive,1983,,,FBD055F0-18DF-4C43-B6F3-D49749F02B7B
,Character,,,,,George Perez,"pencils, cover",WFH; Exclusive,1983,,,B9416575-8D9C-544A-95D6-A48B0BE6123D
,Character,,,,,Pablo Marcos,inks,WFH,,,,70920BFF-1A08-3141-9934-8BA55832615E
,Character,,,,,Adrienne Roy,color,Exclusive,,Deceased,,B818F3F2-75A0-D348-8628-4A9004975C19
Chester Dunholtz,Character,"Supergirl 110
(1/18/2016)","Action Comics #561
""The Great Toyman Trivia Contest""",Nov-84,N,Paul Kupperberg,writer,WFH,,,,53924A4B-6088-7A4A-8769-5BF9239B7DBD
,Character,,,,,Kurt Schaffenberger,pencils,WFH,,Deceased,,F2B1E2F3-EAFC-BC45-9E5C-54AE7A04293C
,Character,,,,,Dennis Jensen,inks,WFH,,,,56A0FB0D-F563-DD42-AA3B-2D33F5E53216
,Character,,,,,Eduardo Barreto,cover,WFH,,,,1234E3B8-C42A-8D41-9CC7-8C35B4251A4D
,Character,,,,,Gene D'Angelo,color,N/A,,,,DE6DE36A-BCD3-4F4F-9B15-8E913F31505A
"The Chief
(Dr. Niles Caulder)",Character,,My Greatest Adventure #80,Jun-63,N,Arnold Drake,writer,None,2006,Deceased,,18B8E543-FDEC-354E-80D9-AB402FBD49F2
,Character,,,,,Bob Haney,writer,Contributor Recognition,,Deceased Contributor Recognition Agreement is with heirs.,,4D2D76A8-222B-5E4C-AD97-543FFCE09C78
,Character,,,,,Bruno Premiani,"pencils, inks, cover",None,,Deceased,,92B77A25-A06B-3847-87E8-9E75CBF89CC7
Chief Bock (GPD),Character,,Detective Comics #681,Jan-95,N,Chuck Dixon,writer,Continuity Writer Agreement,,,,CAC501D4-494D-E64E-AFCB-D78529883E50
,Character,,,,,Graham Nolan,pencils,WFH,,Deceased,,D42481E4-058B-D049-8713-37366006894F
,Character,,,,,Klaus Janson,inks,WFH,,,,721E3195-203A-4647-A6BB-51C80DB34D1E
,Character,,,,,Adrienne Roy,color,Exclusive Artist Agreement,,,,D6C390C3-DBC5-7A4C-9068-CFA7A67968E8
"Ch'p
(Chip)",Character,,Green Lantern vol. 2 #148,Jan-82,N,Paul Kupperberg,writer,None,,,Freelancer Term Agreement is for 1/2/1982-1/2/1983. Look into getting Kupperberg to sign an enhanced character equity agreement for the character.,659260EC-9D67-C141-8488-4A10A3719EF1
,Character,,,,,Don Newton ,pencils,Freelancer Term Agreement,,,,55B8B52C-E047-044D-BDD5-840DCF2DB2D8
,Character,,,,,Dan Adkins,inks,None,,,,155D1A3C-AAA9-5244-8126-2E270BB59B6A
Choco Cookies,Property,"Supergirl 116
(3/14/2016)",Martian Manhunter #24,Nov-00,Y,John Ostrander,writer,WFH,,,,61BB8F1C-A01F-554E-A68A-570DF8E043CF
,Property,,,,,Doug Mahnke,pencils,WFH,,,,F7A87B09-4FAC-F044-9E49-4DB91A943D4E
,Property,,,,,Patrick Gleason,inks,WFH,,,,8D3A815D-D0CB-3642-8AB9-BCF0BEFDE448
,Property,,,,,Tom Mandrake,cover,WFH,,,,13F56E9F-964A-E044-8C63-1F81ACBBD938
,Property,,,,,Carla Feeny,color,N/A,,,,595BFD6A-E798-C640-B629-F2A10FC87ED6
"Chop-Chop
(Wu Cheng; Liu Huang; Dr. Hands; Chopper)",Character,,"in Quality Comics:
Military Comics #3
""The Doomed Battalion""",Oct-41,Y,Will Eisner,writer,Independent Contractor,,See Quality Comics purchase agreements dated 7/26/56 & 8/1/67.,,EC8877B3-1169-4D4E-B0A4-CDD01B6C0B32
,Character,,,,,Charles Cuidera,"pencils, inks, cover",None,,,,9A400A67-5C8E-F448-B6E0-07F36FDFFC23
,Character,,,,,Bill Smith,cover,None,,,,37F9A45B-4220-4C4B-89F9-115BF710D33E
,Character,,"in DC Comics:
Blackhawk #108",Jan-57,N,Dick Dillin,"pencils, cover pencils",None,,Deceased,,DE911D00-2B58-914E-8C01-6710EAA2AE1D
,Character,,,,,Charles Cuidera,"inks, cover inks",None,,,,F473EA45-2744-624D-96CA-E6D6CFD9C8C1
"Chop-Chop
(Weng Chan)",Character,,Blackhawk #1,Mar-89,N,Howard Chaykin,"writer, pencils, inks, cover",Writer-Artist,,,,F3ABC0A1-41B6-3F42-AD56-6C23BD6CD376
,Character,,,,,Steve Oliff,color,N/A,,,,CFF9F623-FD2B-7A47-87E4-2D813670BE9B
"Cicada
(David Hersch)",Character,Flash 501,Flash #170,Mar-01,N,Geoff Johns,writer,WFH,2003,,,B08DE0EE-85AE-D049-82F9-51ABD12D36F2
,Character,,,,,Scott Kolins,pencils,WFH,2003,,,1D24FFB3-3213-A04A-B9C2-E18115D80E46
,Character,,,,,Doug Hazlewood,inks,WFH,,,,D4CAAB62-C276-7E4A-B548-796EEA561678
,Character,,,,,Brian Bolland,cover,WFH,,,,695DED0B-D357-9F47-B916-17675F3C144F
,Character,,,,,James Sinclair,color,N/A,,,,AECA1732-45D6-F84E-8BFD-6ED2947EBF99
,Character,,,,,Digital Chameleon,color,N/A,,,,1F5D6179-0DD2-934D-849F-031B2CBD3424
"Cinnamon
(Katherine ""Kate"" Manser)",Character,Legends 111,"Weird Western Tales #48
""Cinnamon""",Oct-78,Y,Roger McKenzie,writer,None,,,Approved by Wayne Smith for All-Star Western,93A99EDE-567D-FC4D-9CEB-87FBFAD48F2F
,Character,,,,,Jack Abel,pencils,Exclusive,,Deceased,,AACE6ECD-3290-A24B-958E-B707F0007A43
,Character,,,,,Danny Bulanadi,inks,None,,,,4C3422D6-93C0-664A-BFA6-518A4C996AA3
,Character,,,,,James T. Sherman,cover pencils,None,,,,82CE92A8-1CD4-5746-B575-4DD5CBADCE0E
,Character,,,,,Dick Giordano,cover inks,Exclusive,,"Giordano was an employee of DC at this time.
Deceased",,155177D9-2534-7243-9926-A2916041D984
,Character,,,,,Jerry Serpe,color,N/A,,Deceased,,F65E7A61-9AAF-C94E-A8B9-4660D4DC1050
The Citadel Empire,Property,Krypton,"Green Lantern #137
""Time Times Two Equals Death!""",Feb-81,N,Marv Wolfman,writer,Exclusive,,,,D172D926-F82D-8B44-A5FE-716BA1647BC1
,Property,,,,,Joe Staton,"pencils, inks",Exclusive,,,,2E860C1B-154A-5748-BFE8-459334768206
,Property,,,,,Dick Giordano,cover,Exclusive,,"Giordano may have been an employee of DC at this time.
Deceased",,CD816354-F75F-0F4D-9A2B-3C6421D7EA21
,Property,,,,,Jerry Serpe,color,N/A,,Deceased,,7B1F2963-F2D9-EA49-BB87-C9B81A9A6CFF
"Citizen Cold
(Leonard Snart - Flashpoint)",Character,Flash 408,Flashpoint #1,Jul-11,N,Geoff Johns,writer,WFH; Exclusive,,,,F06991C9-9D77-214F-BA7B-6895264E0D5C
,Character,,,,,Andy Kubert,"pencils, cover pencils",Continuity Artist; Exclusive,,,,A5CD82CB-62F6-7841-9FE6-345807A2C129
,Character,,,,,Sandra Hope Archer,"inks, cover inks",WFH,,,,D5AA3AE7-2B5F-7746-A616-C290A5116F95
,Character,,,,,Alex Sinclair,color,Exclusive,,,,3B4971C8-1E55-D142-AFBE-080605D4C26E
"Citizen Steel
(Nathaniel ""Nate"" Heywood)",Character,Legends 201,"as Nate Heywood:
Justice Society of America #2",Mar-07,N,Geoff Johns,writer,Exclusive; WFH,,,,102703A6-17D0-424F-A39F-FB8C267C9A13
,Character,,,,,Dale Eaglesham,pencils,Exclusive; WFH,,,,E57AF47A-DC10-A748-8359-64641D2F65DF
,Character,,,,,Ruy Jose,inks,Exclusive; WFH,,,,E64A2A1B-7089-3D43-AFA6-975702EB9EB8
,Character,,,,,Alex Ross,cover,WFH,,,,1AA11801-022F-E944-9BBA-506EFF109C6F
,Character,,,,,Jeromy N. Cox,color,N/A,,,,935330BC-1875-0A45-98A5-7AF3A34BBC68
,Character,Legends 203,"as Citizen Steel:
Justice Society of America #7",Sep-07,Y,Geoff Johns,writer,Exclusive; WFH,,,,12AA7945-B904-2045-963A-72FDA836729C
,Character,,,,,Dale Eaglesham,pencils,Exclusive; WFH,,,,58BC4787-0341-AB43-8676-CC47A13BD5C3
,Character,,,,,Ruy Jose,inks,Exclusive; WFH,,,,CFBD26CA-0496-B746-9375-6FEA2653EE11
,Character,,,,,Rodney Ramos,inks,WFH,,,,603A07AD-E704-8F47-B273-772721519446
,Character,,,,,Alex Ross,cover,WFH,,,,07C4CD46-4109-A948-82A4-E5E1E669C922
,Character,,,,,Jeromy N. Cox,color,N/A,,,,411523A6-8AC4-BF4C-8657-DC49B9ADC772
"Clarissa Clemens
(Clarissa Stein)",Character,"Flash 113
(2/10/2015)",Fury of Firestorm #10,Mar-83,N,Gerry Conway,writer,Writer,1979,,,942BBAEE-0ABD-3443-B407-4BF36D69C858
,Character,,,,,Pat Broderick,"pencils, cover pencils",WFH,2015,,,AB983E67-D749-1B4D-8CDA-7CC4B67B9659
,Character,,,,,"Rodolfo ""Rodin"" Rodriguez",inks,WFH,,,,122E92E8-DB44-5440-A67D-A4E806133473
,Character,,,,,Dick Giordano ,cover inks,WFH,,"Giordano may have been an employee of DC at this time.
Deceased",,A22D307F-C8E9-B547-91CA-EB1886ACF1C9
,Character,,,,,Gene D'Angelo,color,N/A,,,,57415E28-ED76-DA45-AFEF-4FECF5B72054
Clarx Toys,Location,Flash 411,"Flash TV Show (1990):
""The Trial of the Trickster""",May-91,,Howard Chaykin & John Francis Moore,writers,,,,,115A2106-12A2-914F-85B5-49ED1D02D4D2
Clay Brody,Character,,Challengers of the Unknown #1,Feb-97,Y,Steven Grant,co-writer,WFH,,,,28C35CA5-3D90-824B-A30D-267F2AB38FB1
,Character,,,,,Len Kaminski,co-writer,None,,WFH agreements for issues #2-3 have been located.,,3115DDF5-C208-9F4A-B533-75577F721CDE
,Character,,,,,John Paul Leon,"pencils, cover pencils",WFH,,,,04B035D0-C6A9-9843-80FF-7B3C63F52902
,Character,,,,,Shawn C. Martinbrough,"inks, cover inks",WFH,,,,DAE11963-18E7-0B41-BCA1-AFD407857D6A
,Character,,,,,Matt Hollingsworth,color,Exclusive,,,,7B24B986-53B8-6746-AFD8-276BB5650C4B
"Clayface
(Basil Karlo)",Character,"Gotham 221
(5/9/2016)","Detective Comics #40
""The Murders of Clayface""",Jun-40,N,Bill Finger,writer,Contributor Recognition,,Deceased Contributor Recognition Agreement is with heir.,,4F864D55-CBDD-FB4F-96B9-E1707A177789
,Character,,,,,Bob Kane,"pencils, cover pencils",Services Agreements,,Deceased,,37E1E6B4-EAC0-724A-966F-19626C010C20
,Character,,,,,Jerry Robinson,"inks, cover inks",Settlement,,Deceased,,38D48110-EFB2-6848-9694-B4EFC4274955
"Clayface II
(Matthew Hagen)",Character,,"Detective Comics #298
""The Challenge of Clay-Face""",Dec-61,Y,Bill Finger,writer,Contributor Recognition,,Deceased Contributor Recogntion Agreement is with heir.,,ED966361-20BB-3843-B7BF-CF9B64202BB8
,Character,,,,,Sheldon Moldoff,"pencils, cover",None,,"Deceased
Per the library and Wayne Smith (Corp. Legal), please check to see if Bob Kane should also be included in credits.",,2C5A2972-CE49-3845-B365-3D256B062591
,Character,,,,,Charles Paris,inks,None,,Deceased,,992E3FD3-DF1F-F44B-BC05-CF8916341101
"Clayface III
(Preston Payne)",Character,,Detective Comics #477,May-78,N,Len Wein,writer,None,2005,Deceased,,DEFC84F5-2862-3941-B84E-2780A8B5A40A
,Character,,,,,William Marshall Rogers,"pencils, cover pencils",None,,Deceased,,9A5FA879-BAE4-CD4B-81B2-579C38108C3D
,Character,,,,,Dick Giordano,"inks, cover inks",N/A,,"Giordano may have been an employee of DC at this time.
Deceased",,D59B9FE8-199C-6B4D-ADE3-27E676676C3B
"Clayface IV
(Sondra Fuller; Lady Clay)",Character,,"Outsiders #21
""Strike Force Kobra""",Jul-87,N,Mike Barr,writer,Writer,,,,DE385298-0774-D648-9B9A-481C9D8EA9C3
,Character,,,,,Jim Aparo,"pencils, inks, cover",Artist; WFH,,,,219960E1-B4CD-2B4A-8D91-BF5EDCB69E64
,Character,,,,,Adrienne Roy,color,N/A,,Deceased,,F7F8BE97-31CE-7D4E-942D-28F697FB5BDC
"Clayface V
(Cassius ""Clay"" Payne)",Character,,Batman: Shadow of the Bat #27,May-94,N,Alan Grant,writer,WFH,,,,EA54B22B-2896-DA44-99AB-9C09A25FCDC3
,Character,,,,,Bret Blevins,pencils,None,,"WFH agreements for Shadow of the Bat #21, 22, 31, 33 have been located.",,265335B0-2F96-B347-8E14-5AB984488CEF
,Character,,,,,Robert R. Smith,inks,WFH,,,,309BDE46-39C5-C640-BAD1-FDFB7DCECCDA
,Character,,,,,"Jefferson Mitchell
(Brian Stelfreeze)",cover,WFH,,,,F27DFB2A-E616-4B42-A0A7-D99D6FAB6D27
,Character,,,,,Adrienne Roy,color,Exclusive,,Deceased,,87843A3F-421B-1940-86B4-80AFBC0A4FF7
"Clayface VI
(Dr. Peter Malley; Claything)",Character,,Batman #550,Jan-98,Y,Doug Moench,writer,WFH; Continuity,,,,5B3031D5-5D54-4949-BE15-32BF42D29EA4
,Character,,,,,Kelley Jones,pencils,Continuity,,,,F112F077-7785-3D46-BE89-3A6CB98EC331
,Character,,,,,James H. Williams III,"pencils, cover pencils",WFH,,,,7A58783C-41FA-3D4A-A4D5-1F8F485E09CB
,Character,,,,,John Beatty,inks,WFH; Continuity,,,,5A3EDE7B-CE9E-3A43-A668-C738BF45CCD7
,Character,,,,,Mick Gray,"inks, cover inks",WFH,,,,4A3AC2EB-7043-9D43-82D5-0C6BEE6E3D6D
,Character,,,,,Gregory A. Wright,color,N/A,,,,77739326-F851-C147-B1A7-DD2CF8AE06D3
"Clayface VII
(Todd Russell)",Character,,Catwoman #1,Jan-02,N,Ed Brubaker,writer,WFH,,,,EE16F662-D274-EF4A-A704-4765CD58C6D4
,Character,,,,,Darwyn Cooke,"pencils, cover",WFH,,,,E0F40B47-3445-EE47-A6E7-DDDDAE13FC3F
,Character,,,,,Michael Allred,inks,WFH,,,,A5BDB461-FBA6-034F-992E-7FC6E993A382
,Character,,,,,Matt Hollingsworth,color,N/A,,,,A55E6B70-D03B-0A48-91CC-A68E657EDAC9
"Clayface VIII
(Jonathan ""Johnny"" Williams)",Character,,Batman #618,Oct-03,N,"Joseph Loeb III
(Jeph Loeb)",writer,WFH,,,,A3505A50-6847-1A46-93F9-342E5FA0F71C
,Character,,,,,Jim Lee,"pencils, cover pencils",Firewall,,,,4E546ECA-84B2-494A-A165-CC2E2A38804B
,Character,,,,,Scott Williams,"inks, cover inks",None,,,,5CEEB4D1-7D98-DF44-A32D-99A0452F1563
,Character,,,,,Alex Sinclair,color,N/A,,,,0958EC50-2D83-B047-8715-1826CAD3B6B9
Cleveland Brand,Character,,"Strange Adventures #211
""How Close to Me My Killer?""",Apr-68,N,Jack Miller,writer,None,,Deceased,,081D8C6E-4816-8D4C-93B3-DE711AE7BB4E
,Character,,,,,Neal Adams,"pencils, inks, cover",Creator Recognition,2014,,,AE529B3F-51D1-CF43-AB51-E3072B1ADAE9
"Clock King
(William Tockman)",Character,Lego Batman,"World's Finest #111
""The Crimes of the Clock King""",Aug-60,N,Frances E. Herron,writer,None,,,,F6B58AA2-B3AA-6643-AA6C-54B3D13B4FF3
,Character,,,,,Lee Elias,"pencils, inks",None,,,,52404FB1-9BCD-9443-8242-B4D90D3A8A33
,Character,,,,,Curt Swan,cover pencils,None,,Deceased,,903ECE09-F5E0-194F-AC6E-9673C3E93371
,Character,,,,,Sheldon Moldoff,cover inks,None,,"Deceased
Per the library and Wayne Smith (Corp. Legal), please check to see if Bob Kane should also be included in credits.",,CC282777-4E6A-1946-B0DA-0E3C2A249A8A
"Clock King
(Terror Titans)",Character,Lego Batman,Teen Titans #56,Apr-08,N,Sean McKeever,writer,WFH,,,,95A826B8-6690-1445-A180-B9A33C195542
,Character,,,,,Eddy Barrows,"pencils, cover pencils",WFH,,,,7C055A46-6685-AC49-A5CD-1B516A5A3EBE
,Character,,,,,Julio Ferreira,"inks, cover inks",WFH,,,,D52A9CC8-1013-3846-9700-C94BC7D8F809
,Character,,,,,Jimmy Palmiotti,inks,None,,,,0878EC78-B288-2740-AA2E-67B9B59BF7EE
,Character,,,,,"Rodrigo ""Rod"" Reis",color,N/A,,,,0AF29074-7171-A948-8D9B-411F481D6E3D
"Cluemaster
(Arthur Brown)",Character,,"Detective Comics #351
""The Cluemaster's Topsy-Turvy Crimes!"" ",May-66,N,Gardner Fox,writer,Creator Recognition,,Deceased Creator recognition agreement with is with heirs.,,D5ACBCA3-1E5E-6C48-B223-56F8137F3387
,Character,,,,,Carmine Infantino,pencils,Settlement,,Deceased,,975DC52B-95CE-1840-A5E8-8FCD9F5120A6
,Character,,,,,Sid Greene,inks,None,,Deceased,,5942E939-2380-9441-B8B7-1424BC347A46
Coast City,Location,"Green Lantern
(2011)","Showcase #22
""SOS Green Lantern""",Sep-59,N,John Broome,writer,None,,Deceased,,C513B803-36F0-8948-B52A-0996E7147D9B
,Location,,,,,Gil Kane,pencils; cover,None,,Deceased,,DB2519D7-E3BF-FA4D-86A5-C0FD0FF96F23
,Location,,,,,Murphy Anderson,inks,None,,Deceased,,D6FFBCAB-5B76-B748-80FF-81FE09C96E1A
Codpiece,Character,,Doom Patrol vol 2 #70,Sep-93,N,Rachel Pollack,writer,Services Agreement,,,,A61E6E6A-5FDE-5641-9757-1D698B873742
,Character,,,,,Scot Eaton,pencils,WFH,,,,CC2455AC-0D81-1F45-8AD4-CA80A91FE33E
,Character,,,,,Tom Sutton,inks,WFH,,,,7EE74E20-D1E3-334B-9843-B79398C02DFC
Coffin Hill,Property,,Coffin Hill #1,Dec-13,Y,Caitlin Kittredge,writer,Joint Creator/Rolling Option; Writer,2013,,,B66A6902-0453-4548-9D46-F97A6C8D3EF8
,Property,,,,,Inaki Miranda Paniagua,artist,Joint Creator/Rolling Option; Artist,2013,,,E0247C99-9299-3D4F-AF34-5EABA2C3FE0E
,Property,,,,,Dave Johnson,cover,WFH,,,,CF09248E-E985-A242-860E-81D7386C7979
,Property,,,,,Gene Ha,variant cover,WFH,,,,55AF1FEF-30B2-EF40-902C-A21BEE05B28D
,Property,,,,,Eva de la Cruz,color,N/A,,,,3D353675-1EB4-514C-B488-87EA9F2C419E
"Colossal Boy
(Gim Allon)",Character,,"Action Comics #267
""The Three Super-Heroes""",Aug-60,N,"Jerome ""Jerry"" Siegel",writer,Settlement,,Deceased Settlement is with heirs.,,DEB9BEA9-3927-FD4A-ADCD-3096EBAB81CE
,Character,,,,,"James ""Jim"" Mooney","pencils, inks",None,,Deceased,,9CEC85B0-1636-794D-A8E9-2377559AB313
,Character,,,,,Curt Swan,cover pencils,None,,Deceased,,E0B04EEA-1510-B34B-8442-C02292CA9E79
,Character,,,,,Stan Kaye,cover inks,None,,Deceased,,2A18F9F1-A166-B84B-BDA3-2DF82CE6C7A3
Colonel Matthew Shrieve,Character,,"Weird War Tales #93
""The Creature Commandos""",Nov-80,Y,J.M. DeMatteis,writer,None,1980,,,17E9A192-AF86-6F47-A5E0-EBC6DADA3F21
,Character,,,,,Pat Broderick,pencils,None,1985,,,16DC0AE4-F726-9343-8CD8-C675ED80DF68
,Character,,,,,John Celardo,inks,None,,,,D63C722B-99E8-554B-8ED7-BB5F58DCAA10
,Character,,,,,Joe Kubert,cover,None,,Deceased,,5FB8C6AE-3546-1C48-B1CD-9C03C858FA33
,Character,,,,,Adrienne Roy,color,N/A,,Deceased,,D2319893-7318-4445-AE32-5AB92F24F64E
Colonel Phil Darnell,Character,"Wonder Woman
(2017)","All-Star Comics #8
""Introducing Wonder Woman""",Dec-41,N,William Moulton Marston,writer,Marston agreements (7/31/41; 1/15/46; 7/25/51),,Deceased Final agreement is with Estate.,,8FCBE0A5-7F83-4044-89E8-4C1BB3FE1946
,Character,,,,,Harry G. Peter,"pencils, inks",Artist,,Deceased,,58682862-E81C-994C-AB3E-C585A7773144
,Character,,,,,Everett E. Hibbard,cover,None,,Deceased,,D9ED97BB-77D6-FC4C-A6E1-9CB75462BC3B
Colonel Thomas Weston,Character,"Flash
(2018)",Steel #2,Mar-94,,Jon Bogdanove,"plot, cover pencils",WFH; Continuity; Exclusive,,,,6A53BF71-2F61-9842-BAF5-26703FFEA746
,Character,,,,,Louise Simonson,writer,Continuity,,,,CE04DF34-E4B8-CB4C-A30C-BD848D29E73F
,Character,,,,,Chris Batista,pencils,WFH,,,,1EDB2B5A-3133-BF46-BA0C-2815BFB9C91C
,Character,,,,,Rich Faber,inks,WFH,,,,45A595A2-D137-3547-A648-1D3C610F06B3
,Character,,,,,Andrew Pepoy,inks,WFH,,,,C0B6C9DF-CD09-9C40-BF96-047647899A22
,Character,,,,,Deniis Janke,cover inks,WFH,,,,FF84FFBB-027C-D74D-8F41-F9357489BCA4
,Character,,,,,Gina Going-Raney,color,N/A,,,,6CB949E4-EC5F-CF48-93AA-307571EDF145
"Commander Steel
(Henry ""Hank"" Heywood)",Character,Legends 202,Steel the Indestructible Man  #1,Mar-78,Y,Gerry Conway,writer,Exclusive,1979,,,D12D3D71-A744-6540-AEF4-67188B51AFAB
,Character,,,,,Don Heck,"pencils, cover pencils",Exclusive,"1979
1985",Deceased,,55DA6927-05F5-4B4E-9621-D70C658FD929
,Character,,,,,Joe Giella,inks,Exclusive,,,,96EE01C5-9E07-F744-B301-387185A93558
,Character,,,,,Al Milgrom,cover inks,None,,,,62390C7B-2891-4C45-AACB-83FCA5F7A752
,Character,,,,,Anthony Tollin,color,N/A,,,,974EB6BA-2BB5-2545-A726-62D438393033
"Commissioner Forbes
(Jack Forbes)",Character,,Batman: The Dark Night #1,Nov-11,,Paul Jenkins,writer,,,,,66726C3E-D365-B949-95FB-02D978CE6E9A
,Character,,,,,David Finch,pencils,,,,,0A7730CD-612C-4348-BEB4-4E49B122D4B0
,Character,,,,,Richard Friend,inks,,,,,B12A3157-8A1F-7748-B24F-4348871651D9
,Character,,,,,Alex Sinclair,colors,,,,,673CC644-51D4-974B-88E4-618CCDDB0603
"Commissioner Gordon
(James ""Jim"" Gordon)",Character,,"Detective Comics #27
""The Case of the Chemical Syndicate""",May-39,N,Bill Finger,writer,Contributor Recognition,,Deceased Contributor Recognition Agreement is with heir.,,C22BE545-3B2E-3342-8CEF-2E84DA9E84ED
,Character,,,,,Bob Kane,"pencils, inks, cover",Services Agreements,,Deceased,,59137B7E-8348-6B47-83E9-6ACADE2A3E99
"Commissioner Loeb
(Gillian Loeb)",Character,,Batman #404,Feb-87,N,Frank Miller,writer,"Writer, Equity",Y,,,EDBBF1F8-BC4B-214F-BFDB-75D6359A9651
,Character,,,,,David Mazzuchelli,pencils,"WFH, Artist, Equity",Y,,,F07706B0-BBF7-3D42-B06F-478DA5F800B5
The Conclave,Property,Swamp Thing 103,Swamp Thing #1,Oct-72,N,Len Wein,writer,Settlement,,Deceased,,6E8AA0D4-23F4-CF40-ADA6-5CBE83C22B2E
,Property,,,,,Berni Wrightson,"pencils, inks, cover",Settlement,,Deceased,,D7C8CB1A-7E80-5D49-9F0D-37DABB0E2769
"Condiment King
(Buddy Standler)",Character,Lego Batman,"Batman: The Animated Series
""Make 'Em Laugh""",Nov-94,,Paul Dini,writer,,,,,3A5C2BD8-5B5E-B840-BE20-4711AA534011
,Character,,,,,Randy Rogel,writer,,,,,19D41D1D-449E-C248-A186-CD62BCAE2213
"Condiment King
(Mitchell Mayo)",Character,Lego Batman,Batgirl: Year One #8,Sep-03,N,Scott Beatty,writer,None,,WFH agreements have been located for issues #1-7.,,5634A562-9D77-F749-9569-5B6E799BF3D1
,Character,,,,,Chuck Dixon,writer,WFH,,,,0D02DEDB-AF61-514F-80FF-EB1142130A48
,Character,,,,,Marcos Martin,"pencils, cover pencils",WFH,,,,F359B0C4-EC97-B04E-A1BA-949005660FAF
,Character,,,,,Alvaro Lopez,"inks, cover inks",WFH,,,,BC1CB046-54CF-244C-8536-074BCDDFAA82
,Character,,,,,Javier Rodriguez,color,N/A,,,,3A42027D-9A12-8447-A1E0-A2F5B1DFF014
"Condition Red
(Max Cash)",Character,"Point Blank
Sleeper",WildC.A.T.S.: Covert Action Teams #21,Jul-95,Y,Alan Moore,writer,None,,See also: WildStorm Asset Purchase Agreement,,AF9636DC-CE5D-9B4A-B5CD-B208776074E3
,Character,,,,,Travis Charest,pencils,None,,,,CF654DC3-AC33-3D42-A8AA-2CB080DA9D91
,Character,,,,,Troy Hubbs,"inks, cover inks",None,,,,3FF881B0-8D23-1A45-96E7-6EFB30D5E4B6
,Character,,,,,Jim Lee,cover pencils,WildStorm Employment Agreement,,,,CD1CF9EC-1F1B-3C4D-A045-9E23458F15AA
,Character,,,,,Joe Chiodo,color,N/A,,,,4498CB04-8527-9D4D-ABA8-766E69CE5610
,Character,,,,,Martin Jimenez,color,N/A,,,,893C1E9D-2673-1C46-806E-5E8FE12FBCE9
,Character,,,,,WildStorm FX,color,N/A,,,,40D5A37E-8706-7F4C-822E-6B041A5A4450
"Condor
(Earth-22)",Character,,Kingdom Come #2,1996,N,Mark Waid,writer,Writer,,,,4A10B2FC-4605-4545-8DB6-D392FE46988C
,Character,,,,,Alex Ross,all art incl. cover,Artist,,,,DBD79B29-80D3-5448-91BD-AD134EEA349B
Condor,Character,Birds of Prey,Hawk and Dove #1,Nov-11,N,Sterling Gates,writer,WFH,2017,,,1BCA883D-824B-504E-96AC-9496B64407FF
,Character,,,,,Rob Liefeld,"pencils, inks, cover",WFH,,Character equity agreement sent (2017),,65BB5E27-B241-BA44-A809-3161231173AF
,Character,,,,,Matt Yackey,color,N/A,,,,3D0AE062-93CF-F04C-9231-6EDD83A54561
"Condor
(Benjamin Reyes)",Character,Birds of Prey,Birds of Prey #13,Dec-12,N,Duane Swierczynski,writer,WFH,,,,429579D0-5D89-634D-AF9A-CAB9BA4F72F0
,Character,,,,,Romano Molenaar,pencils,WFH,,,,A0D23678-0F96-B742-9467-546B2BA05739
,Character,,,,,Vicente Cifuentes Martinez,inks,WFH,,,,62E8931A-F699-9B43-A6B6-3B89EA0AFA74
,Character,,,,,Trevor McCarthy,cover,WFH,,,,A41F320F-9FC6-7D45-93E7-EF0A6BAEDF0C
,Character,,,,,Chris Sotomayor,color,N/A,,,,571DF44B-3CD3-E441-BEC9-1976D59BFE1B
"The Conductor
(Holden Carver)",Character,"Point Blank
Sleeper",Point Blank #4,Jan-03,N,Ed Brubaker,writer,None,,,,F6071826-F626-3C49-A620-1DD6C7B5AC54
,Character,,,,,Colin Wilson,"pencils, inks",WFH,,,,D84A1562-6BAE-D446-9040-6D01DBA0A95D
,Character,,,,,Simon Bisley,cover,WFH,,,,31E106B4-E086-1B46-B8BE-05DEA2EB4B16
,Character,,,,,Janet Gale,color,N/A,,,,26861E05-0A9F-D346-96C8-24F398D692AB
"Conduit
(Kenny Braverman)",Character,"Man of Steel
(2013)",Superman: The Man of Steel #0,Oct-94,N,Dan Jurgens,creator,Exclusive,1994,,,B7F4866F-B14D-864C-A7C5-EEF6EF699C42
,Character,,,,,Louise Simonson,writer,Exclusive,,,,71C072FB-4893-CD49-B06E-7DCB2CDF6CA5
,Character,,,,,Jon Bogdanove,"pencils, cover pencils",Exclusive,,,,D026A8EB-35A0-FE43-83F8-EBBFDBDABAC7
,Character,,,,,Dennis Janke,"inks, cover inks",Exclusive,,,,74C00F2D-A58A-9840-B78D-F96806267F3F
,Character,,,,,Glenn Whitmore,color,N/A,,,,1FD50396-7127-CB46-8C16-AB7B8D496EDE
"Congo Bill
(William Glenmorgan)",Character,Arrow 710,"More Fun Comics #56
""Congo Bill""",Jun-40,N,Whitney Ellsworth,writer,None,,Deceased,,C3E8C74A-EB0E-F249-A009-C9D3A9B01DE2
,Character,,,,,George Papp,"pencils, inks",None,,Deceased,,BA70E429-2C7B-914A-87ED-9B937DEBF1DD
,Character,,,,,Howard Sherman,cover,None,,,,84FD0AEE-F617-5149-B9B5-23D52BEE7621
"Congorilla
(Golden Gorilla)",Character,Arrow 710,"Action Comics #248
""The Amazing Congorilla!""",Jan-59,Y,Robert Bernstein,writer,None,,Deceased,,37C594D6-6840-3F45-90E9-7D9DA3F746F6
,Character,,,,,Howard Sherman,"pencils, inks",None,,,,D66B23B6-EF69-BE40-98A1-917082A2C017
,Character,,,,,Curt Swan,cover pencils,None,,Deceased,,FCFF9450-27D1-B745-8EF4-9E99DC71A02A
,Character,,,,,Stan Kaye,cover inks,None,,Deceased,,5D155892-69CC-1B41-84C1-A1A26F77395A
"Copperhead
(Golden Age)",Character,,"Sensation Comics #15
""Robbery at the Country Club""",Mar-43,N,Joe Gallagher,"pencils, inks",None,,Agreements for The King (Flash Comics) and Red White & Blue (Comics Cavalcade) during this time period have been located.,,AC455CE5-AA83-B14D-B4EA-823535545CB3
,Character,,,,,Harry G. Peter,cover,None,,"Agreement for Wonder Woman during this time period has been located.
Deceased",,949CBDC5-930D-F34A-B60E-874C2C164483
"Copperhead
(Silver Age)",Character,,"Brave and the Bold #78
""In the Coils of Copperhead!""",Jun-68,Y,Bob Haney,writer,Contributor Recognition,2014,Deceased Contributor Recognition Agreement is with heirs.,,0D9B9516-E2C8-B646-8E68-ECC3DD49F408
,Character,,,,,Bob Brown,"pencils, cover pencils",None,,Deceased,,F2A78A7F-F3B4-6843-B260-BB869F91D8EB
,Character,,,,,Mike Esposito,"inks, cover inks",None,,Deceased,,4563DF1A-F585-F149-94E7-053D6E0866CF
"Copperhead
(Nathan Prince; Terror Titans)",Character,,Teen Titans #56,Apr-08,N,Sean McKeever,writer,WFH,,,,03F4556F-B8DD-604F-83DF-3A2680A57A4E
,Character,,,,,Eddy Barrows,"pencils, cover pencils",WFH,,,,12A0CABE-FC28-004C-BDCB-9296514C26F1
,Character,,,,,Julio Ferreira,"inks, cover inks",WFH,,,,03F1060A-3EF1-9341-828A-B2362C5102D0
,Character,,,,,Jimmy Palmiotti,inks,None,,,,1B977AF6-EA41-B64A-8B89-0F25DB8ADDCD
,Character,,,,,"Rodrigo ""Rod"" Reis",color,N/A,,,,F1065ED8-D3F4-6F43-BFE3-9E386079DD4A
Corday Munitions Plant,Location,Arrow 706,Action Comics #714,Oct-95,N,David Michelinie,writer,Writer Agreement,,,,462BB065-C3C3-1C4F-9A32-45573380C57A
,Location,,,,,Kieron Dwyer,"pencils, cover pencils",Artist Agreement; WFH,,,,5FC74EAC-3A06-D245-BA2E-D69BA5191452
,Location,,,,,Denis Rodier,"inks, cover inks",Artist Agreement,,,,6F903F4B-C354-0A48-9D5F-D6637E7DABBB
,Location,,,,,Glenn Whitmore,color,Exclusive,,,,1802F664-BAA5-174D-9BD7-22AAE5B1AC5F
Corinna Stark,Character,,Challengers of the Unknown #69,Aug-69,N,Dennis O'Neil,writer,,2012,See Creator Recognition Agreement dated 12/13/2012.,,44CFF969-92AF-224E-B4F6-65470A509F97
,Character,,,,,Jack Sparling,"pencils, inks",None,,Deceased,,B4369BA1-7C96-514C-BADE-331981AFEFAC
,Character,,,,,Joe Kubert,cover,None,,Deceased,,6C232463-D9C7-D547-B848-C3958453251E
Cornelius Stirk,Character,"Gotham 221
(5/9/2016)",Detective Comics #592,Nov-88,N,Alan Grant,writer,WFH,,,,5FF6F281-A53A-D644-9CF4-13AF19E5D9D1
,Character,,,,,Norm Breyfogle,"pencils, inks, cover",WFH,,Deceased,,8DDE41BD-73D8-6F49-AEA6-196D7055E4C1
,Character,,,,,Adrienne Roy,color,N/A,,Deceased,,B5574141-AD00-E149-A5AA-58539F91C52D
Corto Maltese,Location,Flash,Batman: The Dark Knight Returns #3,Aug-86,N,Frank Miller,"writer, pencils, cover",Graphic Novel Writer-Artist,,,,30069DBD-AA37-E04C-A3AE-D1CBE7C15A16
,Location,,,,,Klaus Janson,inks,Graphic Novel Artist,,Graphic Novel Artist Agreement is in Warehouse - not in eDocs yet,,49BC232D-0926-8040-8A16-6353A4EBD9CE
,Location,,,,,Lynn Varley,color,N/A,,,,ED6544AD-D3AB-B04D-95B2-C786366B11B7
Coryana,Location,Batwoman 101,Batwoman: Rebirth #1,Apr-17,N,"Kristen Leslie Bennett
(Marguerite Bennett)",writer,WFH,,,,A7B451A8-C6EC-954A-8140-20E0F2B4D687
,Location,,,,,James Tynion IV,writer,WFH,,,,3CB6716B-38BE-6649-985E-4A4E7E4F1022
,Location,,,,,Steve Epting,"pencils, inks, cover",WFH,,,,6EEE3C1E-63DD-9349-98B0-DF3161B49788
,Location,,,,,Jeromy Cox,color,WFH,,,,11AD0C7E-8FC9-8A4B-8C7B-36F2E71C2D1F
"Cosmic Boy
(Rokk Krinn)",Character,,"Adventure Comics #247
""The Legion of Super-Heroes""",Apr-58,Y,Otto Binder,writer,None,,Deceased,,DFEC828D-D905-C542-8070-6A8C5DA35F91
,Character,,,,,Al Plastino,"pencils, inks",None,,Deceased,,9D51B992-52A0-3141-B43C-875DA0F8137B
,Character,,,,,Curt Swan,cover pencils,None,,Deceased,,3BA08705-39F0-844B-99E4-0C6BE5C0AF09
,Character,,,,,Stan Kaye,cover inks,None,,Deceased,,6A417B24-979B-0A4F-AB83-D0451E4EEBCB
"Count Vertigo
(Werner Vertigo)",Character,,"World's Finest #251
""The Vertigo Vision""",Jul-78,N,Gerry Conway,writer,Exclusive,2013,,,9ACB9DCA-7493-A744-9176-34EBAF3CE52B
,Character,,,,,Trevor Von Eeden,pencils,None,2013,,,060D73F3-5D7C-494E-ACAD-F0D298639407
,Character,,,,,Vince Colletta,inks,Exclusive,,Deceased,,5038AFCA-21D5-294E-9853-E02FA6FA514D
,Character,,,,,Jim Aparo,cover,None,,Deceased,,5B8DA59C-F568-394E-8458-A96CBB7C7CFA
,Character,,,,,Mario Sen,color,N/A,,,,66A08FE3-BFAC-6C41-867F-7D46EDA7CD04
"Count Vertigo
(Werner Zytle)",Character,,Green Arrow #22,Sep-13,N,Jeff Lemire,writer,WFH,,,,ED52C758-EDD5-C34B-BDFE-1EF435AECC62
,Character,,,,,Andrea Sorrentino,"pencils, inks, cover",WFH,,,,466BAB45-3E84-2D4B-B262-685742E5DDED
,Character,,,,,Marcelo Maiolo,color,N/A,,,,67D1DEAB-077C-A647-A7C1-2FD83DA1894A
Court of Owls,Property,Gotham 301,Batman #3,Jan-12,N,Scott Snyder,writer,Exclusive; WFH,2012,All WFH Agreements for this issue are numbered incorrectly since they were signed prior to the decision to restart the numbering sequence. Therefore WFH agreements for Batman #716 correspond to Batman #3,,1FA2ABFA-DF96-254A-A282-AA74DE2E9C55
,Property,,,,,Greg Capullo,pencils,Exclusive; WFH,2012,,,AD7FCE6C-0E34-DF41-BEC3-D3E7BA04F1BB
,Property,,,,,Jonathan Glapion,inks,WFH,,,,44198506-E7B2-0542-940F-E943DB04C7F0
,Property,,,,,Fco Plascencia,color,N/A,,,,D5EF7201-00C7-3241-8199-468C73344F25
"Crazy Jane
(Kay Challis)",Character,,Doom Patrol #19,Feb-89,N,Grant Morrison,writer,WFH,2006,,,58AB231A-4B8C-C042-BF44-44B9DCEB2B17
,Character,,,,,Richard Case,"pencils, cover pencils",WFH,,,,F02F4266-863B-DD49-A2CD-D8E01D5E4F5A
,Character,,,,,Carlos Garzon,"inks, cover inks",WFH,,,,201BF631-B5C7-E248-8EAA-4ABB1C88FDC5
,Character,,,,,Michele Wolfman,color,N/A,,,,0756B11A-552A-D54C-8C46-3FFEC82CE2C7
"Crazy Quilt
(Earth Two)",Character,Lego Batman,"Boy Commandos #15
""Crime in Technicolor""",May-46,Y,Jack Kirby,"writer, pencils, cover pencils",None,,Deceased,,05514F72-D486-F64D-AF79-8767564014D4
,Character,,,,,Steve Brodie,"inks, cover inks",None,,,,16227AB7-6F68-924D-979B-653E2AC4E520
"Crazy Quilt
(Paul Dekker)",Character,Lego Batman,"Blackhawk #180
""The Crazy Quilt Crimes""",Jan-57,N,Dick Dillin,"pencils, cover pencils",None,,Deceased,,E247E12F-8BA0-6641-9FD3-ED095B76BBF6
,Character,,,,,Charles Cuidera,"inks, cover inks",None,,,,1F07DFEF-29EC-E448-88CF-BD040948C276
Creature Commandos,Property,,"Weird War Tales #93
""The Creature Commandos""",Nov-80,Y,J.M. DeMatteis,writer,None,1980,,,A0BCE430-D4A4-E442-8817-03AB10F070A5
,Property,,,,,Pat Broderick,pencils,None,1985,,,8DC361DB-44F2-144D-A765-B5E7EE518CE0
,Property,,,,,John Celardo,inks,None,,,,319F554B-F058-8841-9FF8-863577A7B88C
,Property,,,,,Joe Kubert,cover,None,,Deceased,,7F9EA478-A968-8C4E-ACDA-377CED97AC49
,Property,,,,,Adrienne Roy,color,N/A,,Deceased,,C1B653A7-44B3-CC4F-A6E3-EA4E588681D0
"The Creeper
(Jack Ryder)",Character,,Showcase #73,Mar-86,Y,Steve Ditko,"plot, pencils, inks cover",Creator Recognition,2017,,,1886A680-A02F-4547-993D-D2F589DE9AEA
,Character,,,,,Don Segall,script,None,,Deceased,,7AFC2B4C-3815-954B-9DAD-EBB2A0AE4C6B
"Crimson Avenger
(Lee Travis)",Character,,"Detective Comics #20
""Crimson Avenger""",Oct-38,N,Jim G. Chambers,"writer, pencils, inks",None,,,,441E8140-4E66-374D-BF41-4DC00A9F5424
,Character,,,,,Leo E. O'Mealia,cover,None,,,,9F125388-4FA8-5A4F-8464-7ABEC98DED36
"Crimson Avenger
(Albert Elwood)",Character,,"World's Finest Comics #131
""The Mystery of the Crimson Avenger""",Feb-63,Y,Bill Finger,writer,Creator Recognition,,Deceased,,36486060-5880-3241-9E62-1998FE45D253
,Character,,,,,Dick Sprang,pencils,None,,Deceased,,87E6FCC0-80D4-5F42-AA7F-4E0113A2108C
,Character,,,,,Charles Paris,inks,None,,Deceased,,671142E5-6A6E-624F-ABB6-43EA4516596D
,Character,,,,,Jim Mooney,cover,None,,Deceased,,18DBF002-3DF8-6A44-92C0-93B135688AF7
"Crimson Avenger
(Jill Carlyle)",Character,,"in silhouette:
Stars and S.T.R.I.P.E. #9",Apr-00,N,Geoff Johns,writer,WFH,2010,,,EC7461BB-3B1C-1944-9C57-EF7AC328E591
,Character,,,,,Scott Kolins,pencils,WFH,,Kolins was offered character equity in 2010 but he declined. See file.,,7AFE574D-8961-2748-902C-99B4DA31249F
,Character,,,,,Dan Davis,"inks, cover inks",WFH,,,,61FC2A10-3D71-FD4D-AC36-CE37A75E5696
,Character,,,,,Lee Moder,cover pencils,WFH,,,,C9C0EED5-C3BF-B040-9C9C-2B67D7C93953
,Character,,,,,Tom McCraw,color,N/A,,,,73637FAF-E004-D84B-80FF-DBD667883D8D
,Character,,"full depiction:
JSA #33",Apr-02,N,David S. Goyer,co-writer,WFH,,,,48C1C07B-89D0-3342-BCD8-3251AA735A44
,Character,,,,,Geoff Johns,co-writer,WFH,,,,BB875B04-225F-8D40-BED8-A1602771979D
,Character,,,,,Leonard Kirk,pencils,WFH,,,,2216CE62-59C5-A047-9F1D-75C77EDBCAD2
,Character,,,,,Keith Giffen,pencils,WFH,,,,3CE9F509-CEA9-5946-B967-683EC7DFE655
,Character,,,,,Keith Champagne,inks,WFH,,,,63B2066D-28E0-ED43-B5B2-DED02529CBDD
,Character,,,,,Al Milgrom,inks,WFH,,,,076BB0FA-B1DF-DD45-A2C6-4754317C3FA9
,Character,,,,,"Ralph ""Rags"" Morales",cover,WFH,,,,BC1BEC38-3FE0-9C47-9E64-89F79A552F4A
,Character,,,,,John Kalisz,color,N/A,,,,19D26CA9-2ACE-374D-B3C3-430B2ACE0099
"Crimson Dawn
(Kit Dawn; Kit Langman)",Character,,Secret Six #1,Apr-68,Y,E. Nelson Bridwell,writer,N/A,,"Bridwell was an employee of DC at this time.
Deceased",,8BEEC462-7825-7442-AD1E-29E9C0166E6C
,Character,,,,,Frank Springer,"pencils, inks, cover",None,,Deceased,,EEC21D16-8EB9-C347-A222-03CB6F5B9FF8
"Crimson Fox
(Vivian & Constance D'Aramis)",Character,"Powerless
(Global Guardians)",Justice League Europe #6,Sep-89,N,Keith Giffen,plot,WFH,1994,,,7D231468-FF24-EC4A-9C1E-0DF822C8C75B
,Character,,,,,John Marc DeMatteis,script,WFH,,,,A9754CE9-EA07-F041-A1EC-778DD62D8FC5
,Character,,,,,Bart Sears,"pencils, cover pencils",WFH,1991,,,D76288BE-DEAC-4D4D-BD8F-415600E154EF
,Character,,,,,Pablo Marcos,inks,WFH,,,,2184FF61-6ED2-5741-9E8D-808AD90EBB65
,Character,,,,,Art Nichols,cover inks,WFH,,,,4D40386A-028D-234E-BCD8-A005C19E42CC
,Character,,,,,Gene D'Angelo,color,N/A,,,,F9E42D78-3952-914E-9BB5-DC7EBBFC1EA6
"Crocodile Man
(Herkimer)",Character,Plastic Man,"in Fawcett Comics:
Captain Marvel Adventures #38
""Mr. Mind's Movie Madness""",Aug-44,N,Otto Binder,writer,None,,See also: Fawcett Purchase Agreements,,6D8EED50-24D1-8848-A788-B31F20871455
,Character,,,,,"Charles Clarence ""C.C."" Beck","pencils, inks, cover pencils",None,,,,703C87E9-03FF-9B44-A25A-AAB26DCA3181
,Character,,,,,Pete Costanza,cover inks,None,,,,A1FFF84A-2F7F-0545-A783-91D6FA53D523
,Character,,"in DC Comics:
Shazam #2
""The Astonishing Arch-Enemy""",Apr-73,N,Dennis O'Neil,writer,Creator Recognition,,,,20670E7E-28B7-FC43-9722-F821323080E2
,Character,,,,,"Charles Clarence ""C.C."" Beck","pencils, inks, cover pencils",None,,Deceased,,E2775AB4-42A1-9B41-84A3-3B2C550C5B9B
,Character,,,,,Jack Adler,cover inks,None,,Deceased,,B28072C3-E6F8-CA4C-8A77-54E9983AB584
Crossing Midnight,Property,,Crossing Midnight #1,Jan-07,Y,Mike Carey,writer,Joint Creator/All Rights; Writer,2005,,,14AF8F2C-02F3-A64B-A17A-37BC59076E60
,Property,,,,,Jim Fern,pencils,Joint Creator/All Rights; Artist,2006,,,C3213446-B5B5-8241-ABAB-DB7C155836A3
,Property,,,,,Robert Hunter,inks,WFH,,,,1EDE262C-57A9-1B47-8FFC-5401330A9EE4
,Property,,,,,James H. Williams III,cover,WFH,,,,6CCE8C67-A861-4341-9F4F-FC7F54DE9E13
,Property,,,,,Jose Villarrubia,color,N/A,,,,CA2788A8-CEDD-4846-A03C-E366F2C542CD
"The Crowne Family
(Amelia & Burton)",Character,"Gotham 205
(10/19/2015)",Nightwing #9,Jul-12,N,Kyle Higgins,writer,WFH,,,,1AC165FE-F756-5843-BC5A-F3081B986D5A
,Character,,,,,Eddy Barrows,"pencils, cover",WFH,,,,EBFF5E37-E380-4F48-A75F-87FFECF6FAE1
,Character,,,,,Andres Guinaldo Isabel,pencils,None,,WFH Agreements for Nightwing #11-14 have been located.,,B0A673E6-304B-6647-B2AB-297D213D1F81
,Character,,,,,Eber Ferreira,inks,WFH,,,,6F84C150-7F49-5C42-BD68-4578B8B62665
,Character,,,,,Ruy Jose,inks,WFH,,,,788AB2D5-BDBC-794C-84BC-583F5F4AA977
,Character,,,,,Mark Irwin,inks,WFH,,,,25DFC1D4-E791-9944-AD3E-FEF36F0FC1DA
,Character,,,,,Rod Reis,color,N/A,,,,7086806B-094D-EF4C-A757-BD18890B73AD
,Character,,,,,Peter Pantazis,color,N/A,,,,424DF593-E9EA-414F-8498-E1E0A010910C
Crucifer,Character,Flash 417,JLA #94,May-04,N,John Byrne,"writer, pencils, cover pencils",WFH,,,,76496A2D-85B8-2A4F-96FE-0278A1333584
,Character,,,,,Chris Claremont,writer,WFH,,,,76BA164E-7855-EA42-B3A0-7B37C9ED21C7
,Character,,,,,Jerry Ordway,"inks, cover inks",WFH,,,,3473C486-603C-0849-A03D-5D6A5DF80ABA
,Character,,,,,David Baron,color,Exclusive,,,,D4EA63EF-D4E5-1746-A3FD-0C31652CA540
"Cyborg
(Victor ""Vic"" Stone)",Character,,"DC Comics Presents #26
""Where Nightmares Begin""",Oct-80,N,Marv Wolfman,writer,Exclusive,1980,,,C7C8DA51-BB54-0A4D-93F6-495F9EC551D8
,Character,,,,,George Perez,pencils,None,1980,,,2756F948-10D2-B642-B512-3B96E7BD37B2
,Character,,,,,Dick Giordano,inks,Exclusive,,"Giordano may have been an employee of DC at this time.
Deceased",,67CC18A1-651A-4E4E-ADEC-4BC906D60463
,Character,,,,,Jim Starlin,cover,None,,,,30C18C56-1076-2144-BE6E-3D12E9963717
,Character,,,,,Adrienne Roy,color,N/A,,Deceased,,3740094E-4355-BE4A-AE87-37341BF8A4C3
"Cyborg
(Ronald Evers)",Character,,"as Ronald Evers:
Tales of the New Teen Titans #1",Jun-82,N,Marv Wolfman,writer,Exclusive,,,,B9F28DCD-85BE-8B45-B79B-D801135B0845
,Character,,,,,George Perez,"pencils, cover",Exclusive,,,,4199B7E7-8E45-A14B-953E-212880796475
,Character,,,,,Brett Breeding,inks,None,,,,FDD75A0A-C101-F64D-BF05-D70A92F77330
,Character,,,,,Adrienne Roy,color,Exclusive,,Deceased,,8A3E0112-1851-5149-9BAA-703F57D9884B
,Character,,"as Cyborg:
DC Special: Cyborg #2",Aug-08,Y,Marc Sable,writer,WFH,,,,06C86DD9-E7DA-8C40-A695-84E3FEE5C6C0
,Character,,,,,Ken Lashley,pencils,WFH,,,,B48259F1-CDC6-8F43-A084-36A887DB6E3D
,Character,,,,,Jonathan Glapion,inks,WFH,,,,F5861B49-2A5F-E043-A5E0-4FACEB2022E8
,Character,,,,,Jonathan Smith,color,N/A,,,,0AD9E41D-2387-2D47-85B1-9EC655823C94
"Cyborg Superman
(Henry ""Hank"" Henshaw; The Cyborg)",Character,Supergirl 101,"as Hank Henshaw:
Adventures of Superman #466",May-90,Y,Dan Jurgens,"writer, pencils, cover pencils",WFH,1994,,,1A152824-5DBC-B14A-8857-D66BAD719539
,Character,,,,,Dick Giordano,"pencils, inks",WFH,,"Giordano may have been an employee of DC at this time.
Deceased",,B569416A-7AC8-4743-91CE-E5B7FCB41825
,Character,,,,,Brett Breeding,cover inks,WFH,,,,06B35E97-246E-EE4D-851B-F09D95341E96
,Character,,,,,Glenn Whitmore,color,N/A,,,,A0D16EAF-5BF2-A042-9D6D-9242F3070A51
,Character,Supergirl 207,"as Cyborg Superman:
Adventures of Superman #500
""First Sighting: Cyborg Superman""",Jun-93,N,Dan Jurgens,"writer, pencils",Continuity,1994,,,331A6DEA-BFDA-5147-8FE0-E6B3D41036A5
,Character,,,,,Brett Breeding,"pencils, inks",Continuity,,,,7C911315-81EC-7444-AD27-560CE80939D7
,Character,,,,,Tom Grummett,cover pencils,Continuity; WFH,,,,547A4D1C-AC99-5B49-9559-18A5890D706C
,Character,,,,,Doug Hazlewood,cover inks,Continuity,,,,8E66A578-8E74-0741-84CE-E99010BDCCED
,Character,,,,,Glenn Whitmore,color,N/A,,,,E21732BC-5045-A249-9881-93CF851742A9
"Cygnus
(Planet)",Location,,"Salvation Run #1
First Appearance -  unanmed",Nov-07,N,Bill Willingham,writer,WFH,,,,A3FAFAC6-8E06-B247-A797-4C7EABCE2421
,Character,,,,,Sean Chen,pencils,WFH,,,,B8C7693A-6886-3144-AFC7-B88EF5BEF07B
,Character,,,,,Walden Wong,inks,WFH,,,,FB5AA1D3-944E-D246-BA24-8F417E9CDB98
,Character,,"Justice League of America (vol. 2) #19
First appearance - named",Mar-08,N,Alan Burnett,writer,WFH,,,,70F2ECDA-4BED-484C-BF20-37C7B1E2916C
,Character,,,,,Ed Benes,pencils,"Exclusive, WFH",,,,E04B1A2E-934B-444B-8637-83C4FBB612E8
,Character,,,,,Ruy Jose,inks,WFH,,,,26C2FAA4-6F22-5542-902E-8C188448B699
,Character,,,,,Mariah Benes,inks,None,,,,E04BDF17-E54F-A448-B781-A25C6CA387DE
,Character,,,,,Sandra Hope Archer,inks,None,,,,6CB017C9-A58F-FE4A-A254-A02BE02E7F46
"Cygnus
(Solar System, with with New Mars aka Mars II)",Location,,DC Comics Presents #27,Aug-80,Y,Len Wein,writer,None,,,,5DCE0D34-6C14-4644-8C13-21FECA2C7421
,Location,,,,,Jim Starlin,pencils,None,,,,8D4A8A49-8ADE-2840-BC70-CF9C48E76087
,Location,,,,,Dick Giordano,inks,Services Agreements,,,,6E3E3EB4-FE16-DB4A-B5F3-6262D83DCA55
,Location,,,,,Frank McLaughlin,inks,Services Agreements,,,,D4C5422F-902F-A942-B09E-BC1DF5FEB172
Cyrus Broderick,Character,Arrow 619,Green Arrow #48,Mar-16,N,Benjamin Percy,writer,WFH,,,,2B85FB76-40B6-084D-8C44-E5642194D8D2
,Character,,,,,Patrick Zircher,"pencils, inks",Continuity,,,,79D91782-5644-4443-9B4C-C55E4AAB67FB
,Character,,,,,Szymon Kudranski,cover,WFH,,,,8A96991A-ECA5-8E47-AE1D-999A505FD775
,Character,,,,,Gabe Eltaeb,color,WFH,,,,00D25A5B-EFD1-9845-ACCE-A74B2657845D
Czarnia,Location,Supergirl 308,Omega Men #3,Jun-83,Y,Roger Slifer,writer,WFH; Writer,,Deceased,,08088AEC-060A-9F43-829D-3F1B5711F88A
,Location,,,,,Keith Giffen,"pencils, cover pencils",WFH; Artist,,,,151B9BB6-3B9E-DE43-AEBD-BA0B96BAAC73
,Location,,,,,Mike DeCarlo,"inks, cover inks",WFH; Exclusive,,,,45AFBA2E-C9FE-DD4B-A2F8-8E9CAF29904A
,Location,,,,,Anthony Tollin,color,N/A,,,,C1311587-AE8A-4E4B-B0D7-5B39D762C102
Dabney Donovan,Character,Superman and Lois,"Superman's Pal, Jimmy Olsen #142
""Jimmy Olsen: The Man from Transilvane!""",Oct-71,N,Jack Kirby,"writer, pencils",None,,Deceased,"From Benjamin in the Library - I don’t think he fully counts as a 4th World Character. 
He did first appear in issues and storylines that are reprinted in the 4th World Saga – but he was only featured in 2 separate – 2 page backup stories called “Strange Stories of the D.N.A. Project”.And in those 4 pages he is never named and has no dialogue in those 2 backup stories (SPJO #142 & #143). The stories are also just flashbacks to earlier experiments about CADMUS. And CADMUS is a very borderline connection with Darkseid, et al",4D828492-4CC1-674D-943E-5E979B2FA0D8
Daily Planet,Location,,"Action Comics #23
""Europe at War (Part II)""",Apr-40,Y,Jerry Siegel,writer,Settlement,,,,40566EA1-546C-B44C-8F8F-602178EFE8D2
,Location,,,,,Joe Shuster,"pencils, inks",Settlement,,,,13B2E442-1F84-F34A-AA4A-35B261B91035
,Location,,,,,Paul Cassidy,cover inks,None,,,,D3EFF973-A9BA-D147-B058-6E84D5F3CC30
Dale Gunn,Character,,Justice League of America Annual #2,Oct-84,Y,Gerry Conway,writer,WFH,2013,,,8A79D551-AC52-8E43-9840-231A0C625985
,Character,,,,,"Francis ""Chuck"" Patton","pencils, cover pencils",WFH,2013,,,3BE0EAF4-0729-B74C-91CB-D49423E7AB0E
,Character,,,,,Dave Hunt,inks,WFH,,,,FC5F7AA8-B0E8-FC46-86F2-5263CE0C99B2
,Character,,,,,Dick Giordano,cover inks,None,,"Giordano may have been an employee of DC at this time.
Deceased",,0270B28E-6E3A-F04F-A1F1-6C6636BCBAA3
,Character,,,,,Carl Gafford,color,N/A,,,,F42DB956-9563-244C-A238-8F38BFDA1D9B
Damien Darhk,Character,"Flash 208
(12/1/2015)",Titans #1,Mar-99,N,Devin Kalile Grayson,writer,WFH,2015,,,669BABD1-448E-CC49-B3AD-82FB67135375
,Character,,,,,Mark Buckingham,"pencils, cover pencils",WFH,2015,,,6FA638C8-D2C3-8F44-A4FC-DF78DFF43346
,Character,,,,,Wade Von Grawbadger,"inks, cover inks",WFH,,,,099ED9B0-5676-C94F-91FE-76291522948B
,Character,,,,,Gregory Wright,color,N/A,,,,697240C0-1741-AD4E-AE5D-8C6813029CB5
Danny the Street,Character,Doom Patrol 108,Doom Patrol #35,Aug-90,N,Grant Morrison,writer,Writer Agreement,2006,,,3C8875C1-5854-844E-A56E-D5D1661D9296
,Character,,,,,Richard Case,pencils,WFH,,,,53E83152-BF52-CF42-AF48-87DC4B87E107
,Character,,,,,John Nyberg,inks,WFH,,,,79B299BF-EEAB-4946-8F79-A43B820C9FCD
,Character,,,,,Simon Bisley,cover,WFH,,,,BBAD8B87-D83A-EC40-80F6-25570C2B873E
,Character,,,,,Daniel Vozzo,color,N/A,,,,29E9AF2C-B009-6C42-A68E-4BFA5AD6BCAD
"Dante
(Young Justice villain)",Character,,Young Justice #12,Sep-99,N,Peter David,writer,WFH,,,,C1C2BF81-5B2C-9D4C-98F4-07E17A2664FD
,Character,,,,,Todd Nauck,"pencils, cover pencils",WFH,,,,72DBD664-5C48-084E-B666-236B0D446265
,Character,,,,,Lary Stucker,"inks, cover inks",WFH,,,,1675F28E-971D-1F46-9F83-2B5D62E9B158
,Character,,,,,Jaime Mendoza,inks,WFH,,,,4D86D648-EC71-DC4D-886C-68C6AF30F1AF
,Character,,,,,Jason Wright,color,N/A,,,,0A558D7C-6132-4646-86A7-5C8A6007FB45
"Dante
(leader of the Ninth Circle)",Character,Arrow 714,Green Arrow #2,Sep-16,N,Benjamin Percy,writer,WFH,2017,,,6AB01915-06C5-1745-B122-DCF089711516
,Character,,,,,Otto Schmidt,"pencils, inks, color",WFH,,,,1063ADE5-B2C1-4740-B50D-1952C50B8C43
,Character,,,,,Juan Ferreyra,cover,WFH,2017,,,4FA24483-791F-C34F-8672-D686D988F1F2
"Dark Flash
(Walter West)",Character,Arrow 608,Flash #150,Jul-99,N,Brian Augustyn,writer,WFH,,,,9C07E3A2-3303-CA4D-8B4F-6BEC10EC41EC
,Character,,,,,Mark Waid,writer,Continuity; WFH,,,,B06CFFC1-36E3-9741-A1AE-C303EA722087
,Character,,,,,Paul Pelletier,pencils,WFH,,,,DE82014E-C15E-AE40-9638-859C2896271F
,Character,,,,,Vince Russell,inks,WFH,,,,76BF74B7-1F56-0843-A51F-F90C54FEFF8C
,Character,,,,,Steve Lightle,cover,WFH,,,,41349A52-CB7D-944D-A716-8FDCDADBA89E
,Character,,,,,Tom McCraw,color,Exclusive,,,,11F03FB2-0582-0742-95D4-CD5CE73CC8B5
"Darkseid
(Uxas)",Character,"Justice League
(2017)",Superman's Pal Jimmy Olsen #134,Dec-70,N,Jack Kirby,"writer, pencils",Fourth World Agreement,1982,Deceased,,CDA36E3E-C242-2347-B03A-FB1EE49E750A
,Character,,,,,Vince Colletta,inks,None,,,,D3DBB402-AE5D-584F-9C3F-60BBFACFEC0F
,Character,,,,,Neal Adams,cover,Creator Recognition,,,,C0515BF8-07D8-254C-A1AF-EFACC8558A14
Darkstars,Property,Flash 311,Darkstars #1,Oct-92,Y,Michael Jan Friedman,writer,Continuity; WFH,1990,,,286F8A0D-AFC0-974F-820E-09322A1A9B61
,Property,,,,,Larry Stroman,pencils,Continuity,1990,,,1D5D20B1-B4F6-0C45-AB1B-6480BC7E0669
,Property,,,,,Scott Hanna,"inks, cover inks",WFH,,,,9A4EBC76-85D7-E34E-99B1-32471B17B1FB
,Property,,,,,Travis Charest,cover pencils,Artist,,WFH agreements have been located for issues #4-10; Artist agreement is in the warehouse (not in eDocs yet),,8ECD6086-53E8-5A49-BD03-2780CF5B1B50
,Property,,,,,Jullianna Ferriter,color,N/A,,,,6B10EE2A-FBD3-5747-B3D0-DA056B84375E
Darren Jones,Character,Doom Patrol 108,Doom Patrol #35,Aug-90,N,Grant Morrison,writer,Writer Agreement,,,,FF7BA8DB-AD91-554C-AB48-A7A708A783C7
,Character,,,,,Richard Case,pencils,WFH,,,,6FD14C5F-D18D-8F4B-80F2-86E53FB4B0CB
,Character,,,,,John Nyberg,inks,WFH,,,,56021E66-6B83-634F-A263-5658A454FE3E
,Character,,,,,Simon Bisley,cover,WFH,,,,02B0CC5C-8B9D-AC47-87A8-D7BE297D74C1
,Character,,,,,Daniel Vozzo,color,N/A,,,,60FA7F71-0796-8C47-8428-6965D06C6CA7
"David Cain
(Orphan)",Character,,"as David Cain:
Batman #567",Jul-99,N,Kelley Puckett,writer,WFH,,,,0D5D48E9-0856-6541-A92F-AAA1DECD7F37
,Character,,,,,Damion Scott,"pencils, cover pencils",WFH,,,,6378A73C-8474-4C4D-9164-7E96731F5000
,Character,,,,,John Floyd,inks,WFH,,,,EA2AFA15-9639-CD4D-9BB0-195271D5C93D
,Character,,,,,Robert Campanella,cover inks,WFH,,,,C95DD5CC-3EE8-B441-8762-D7ECD4D6D2B7
,Character,,,,,Gregory Wright,color,N/A,,,,82C34FD3-475C-C842-9DEE-48A6A65FDD74
,Character,Gotham 422,"as Orphan:
Batman & Robin Eternal #1",Dec-15,N,Scott Snyder,writer,Exclusive,,,,D9975707-DE17-2E43-8CE4-AAD48E70A304
,Character,,,,,James Tynion IV,writer,WFH,,,,6A75B978-27CD-DE41-93B2-3BA0C9A510D3
,Character,,,,,Tony S. Daniel,"pencils, cover pencils",WFH,,,,6052695A-361D-584E-B8F6-33D4288D31C6
,Character,,,,,Sandu Florea,"inks, cover inks",WFH,,,,618B8047-060B-D64B-B473-F81A686F46AD
,Character,,,,,Tomeu Morey,color,WFH,,,,79B12741-CD01-BB4A-9105-9F355F7BC689
"David Drake
(Typhoon)",Character,,Fury of Firestorm: The Nuclear Men #19,Jun-13,N,Dan Jurgens,"Writer, Pencils, Cover Pencils",WFH,,,,FA18D86B-B08A-D544-9CFA-1B41A87C773A
,Character,,,,,Ray McCarthy,"Inks, Cover Inks",WFH,,,,9136B931-2B5A-CE4F-B86C-D5C080462E18
,Character,,,,,Karl Kesel,Inks,WFH,,,,73694F0E-174E-1743-81A9-8CBAF65BD401
,Character,,,,,Brian Miller,Color,N/A,,,,DC177441-F47A-6A43-91B1-86AF2ACFE976
Dayton Laboratories,Location,,"Tales of the Teen Titans #48
""The Recombatants!""",Nov-84,N,Marv Wolfman,writer,Co-writer/Co-editor; Exclusive,,,,009FD396-678F-FA4E-872F-0FE7D05054C6
,Location,,,,,George Perez,"writer, pencils, cover",Co-writer/Artist/Co-editor,,,,709FBA03-E716-9B47-9568-4323FA5E9420
,Location,,,,,Steve Rude,pencils,WFH,,,,6F103893-2F18-A44D-8432-36BBC5E83B5B
,Location,,,,,Al Gordon,inks,WFH,,,,A6834AA2-0419-1640-814A-225FB0A5AA65
,Location,,,,,Mike DeCarlo,inks,Exclusive,,,,6ED099F9-7879-994A-BB50-E40C2D509165
,Location,,,,,Adrienne Roy,color,Exclusive,,Deceased,,F88068C5-0B02-FA43-9D18-87033767AF9C
David Singh,Character,"Flash
(2018)",Flash Secret Files and Origins #1,May-10,,Geoff Johns,writer,Exclusive; WFH,,,,BAFDF148-112E-1145-ADE1-26234CA58D04
,Character,,,,,Scott Kolins,"pencils, inks",WFH,,,,6F8D1832-3715-8242-86E4-2259176EE334
,Character,,,,,Francis J. Manapul,"pencils, inks, cover",WFH,,,,6BA05260-BA51-5148-B367-D233B31B7576
,Character,,,,,Michael Atiyeh,color,N/A,,,,692364B5-D6D3-E44D-9FDB-275AB41E8FC0
Dawnstar,Character,,"Superboy #226
""The Dazzling Debut of Dawnstar""",Apr-77,Y,Paul Levitz,writer,Exclusive,1979,,,6B798536-A5AD-F949-A8AC-5087175B5F85
,Character,,,,,James Sherman,pencils,None,,,,FE5E8A51-53DB-394C-818B-6DAAD0A68048
,Character,,,,,Jack Abel,inks,Exclusive,,Deceased,,E8EE575B-519D-CC43-9DD9-DC1CE41A6196
,Character,,,,,Mike Grell,cover,Exclusive,1985,,,E42462F1-855F-5146-8A2E-5D9ED4DB8284
,Character,,,,,Liz Berube,color,N/A,,,,81BD1F23-585D-D543-B1A1-55273F5ECE9A
Daxam,Location,Supergirl 204,"Adventure Comics #312
""The Super-Sacrifice of the Legionnaires""",Sep-63,N,Edmond Hamilton,writer,None,,Deceased,,F85B4691-F650-5644-8886-52D5123F36EC
,Location,,,,,John Forte,"pencils, inks",None,,Deceased,,0A177A7E-7E54-8D44-9DE6-6B1B856FBCC4
,Location,,,,,Curt Swan,cover pencils,None,,Deceased,,3BFA08C2-09F9-9C44-8447-00E1585A2C92
,Location,,,,,George Klein,cover inks,None,,Deceased,,140FF885-70ED-A34D-8996-CC8FA737AC44
"Dead Boy Detectives
(Edwin Paine and Charles Rowland)",Character,,The Sandman vol 2 #25,Apr-91,N,Neil Gaiman,writer,WFH,Y,,,21EB5E12-EFD1-4F40-AA5D-E4A8AEA5A7A0
,Character,,,,,Matt Wagner,pencils,WFH,,,,3162C7A9-F90D-5949-A1F5-C395BE3A4CB8
,Character,,,,,P. Craig Russell,inks,WFH,,,,84108C99-9DBA-6E45-AC26-582EF858A356
,Character,,,,,Daniel Vozzo,color,N/A,,,,2656216F-F5B6-2B49-946E-E0BC4EA5DB77
Dead King,Character,,Aquaman #17,Apr-13,N,Geoff Johns,writer,WFH,,,,7403BBA0-C4DC-DC43-ABA0-73B263362C7B
,Character,,,,,Paul Pelletier,"pencils, cover pencils",WFH,,,,437AF708-4CA2-4441-BCC6-DC8FFD07B58B
,Character,,,,,Sean Parsons,inks,WFH,,,,D8A00A2E-365A-2042-BAFC-C8A9BE420B1D
,Character,,,,,Art Thibert,cover inks,WFH,,,,80EB347F-C644-FE4B-85AB-97AB58696DC8
,Character,,,,,Rodrigo Reis,color,N/A,,,,5618DFF7-8C59-2449-AE9A-A296B52B0C53
"Deadman
(Boston Brand)",Character,Dark Universe,"Strange Adventures #205
""Who Has Been Lying In My Grave?""",Oct-67,Y,Arnold Drake,writer,None,2006,Deceased,,BF2502CD-B0C5-A645-9363-F75E7B2C2136
,Character,,,,,Carmine Infantino,"pencils, cover pencils",Settlement,,Deceased,,9D9C8FBF-3F37-074D-AD57-EC5454880320
,Character,,,,,George Roussos,"inks, cover inks",None,,Deceased,,B9EDC168-9171-D34A-9253-514A7612A345
"Deadshot
(Floyd Lawton)",Character,"Suicide Squad
(2016)","Batman #59
""The Man Who Replaced Batman""",Jun-50,N,"David Levine
(David Vern Reed)",writer,None,,Deceased,,C2343699-13CD-C344-8507-DF8EDF40BB6B
,Character,,,,,Bob Kane,pencils,Services Agreements,,Deceased,,5E9151A6-CBDB-E849-934E-9292B165DC58
,Character,,,,,Lew Schwartz,"pencils, cover pencils",WFH Acknowledgement,2010,Deceased,,E9E95D8C-0EB0-4642-AD1B-B581586D2B7A
,Character,,,,,Charles Paris,"inks, cover inks",None,,Deceased,,76864890-F26F-1941-997C-B18C9156A7E2
"Death Rattle
(Erasmus Rayne)",Character,Gotham 416,Arkham Asylum: Living Hell #1,Jul-03,N,Dan Slott,writer,WFH,,,,BF324232-DE64-D640-98FF-7542107AA271
,Character,,,,,Ryan Sook,"pencils, inks",WFH,,"Sook signed a WFH agreement for the cover of this issue; however, Powell clearly did the artwork. We do have WFH for Powell for issues #2-6.",,4060A098-1ADE-F741-97F4-A9EDEA4C9306
,Character,,,,,Eric Powell,cover,None,,,,ACFC70E2-1731-DD40-9308-819F8D0EC75F
,Character,,,,,Lee Loughridge,color,N/A,,,,431A7AC1-B66A-D04D-9879-0406FE0A8EE3
"Deathblow
(Michael Cray)",Character,"Point Blank
Sleeper","Darker Image #1
""Deathblow/Cybernary""",Mar-93,N,Jim Lee,"writer, pencils, inks",WildStorm Employment Agreement,,,,7313C1FE-F964-E847-BB81-F9F66E49F98C
,Character,,,,,Brandon Choi,writer,WildStorm WFH Acknowledgment,,,,A261914E-1252-3D4E-B2A0-8BE2B3627186
,Character,,,,,Sam Kieth,cover,None,,,,480D8EC4-EE3D-944D-9426-0CE00A2981B0
,Character,,,,,Joe Chiodo,color,None,,,,032D39DC-0B0D-F54C-AFFD-4026F444AC38
,Character,,,,,Wendy Fouts,color,None,,,,4BE52596-5698-E341-A5A1-99FEFD7E428D
"Deathstorm
(Black Lantern Firestorn)",Character,,Brightest Day #10,Nov-10,,Geoff Johns,writer,WFH,,,,06766FB1-1559-3D4B-8B98-374B523CA6E3
,Character,,,,,Peter Tomasi,writer,Exclusive,,,,E31DE57A-23A4-7E4E-AD24-953C9C49FF89
,Character,,,,,Ivan Reis,"pencils, inks",Exclusive,,,,75A30884-30A4-C54A-AF31-E87048BC3C99
,Character,,,,,Patrick Gleason,pencils,Exclusive,,,,52A23477-B574-BB49-86B2-20C03636846E
,Character,,,,,Joe Prado,pencils,WFH,,,,2231C713-670F-FD4A-9074-7BB71E66A388
"Deathstroke
(Slade Wilson)",Character,,New Teen Titans #2,Dec-80,Y,Marv Wolfman,writer,Exclusive,1983,,,D093DED5-6699-E04E-B2E3-15BF145E9F9A
,Character,,,,,George Perez,"pencils, cover",None,1983,,,EA161EDE-E108-6747-83DB-13D8CAD4DA1C
,Character,,,,,Romeo Tanghal,inks,Exclusive,,,,D002B8FC-D7B3-6F4D-91A8-B67F6464B81B
,Character,,,,,Adrienne Roy,color,N/A,,,,F2CA5BFE-CAC7-DD46-BDCE-1B40A55A6F1E
The Decreator,Character,Doom Patrol 105,Doom Patrol #32,May-90,N,Grant Morrison,writer,Writer Agreement,2007,,,8415253B-FFD1-1842-B48C-376889972EB7
,Character,,,,,Richard Case,pencils,WFH,,,,BAC502E0-B731-C14D-A7B6-D30B9F4B00E9
,Character,,,,,John Nyberg,inks,WFH,,,,0E8CC897-517E-3346-B9A4-E9C086C0971E
,Character,,,,,Simon Bisley,cover,WFH,,,,274F0D32-2738-8148-84E2-0290BBAC0312
,Character,,,,,Daniel Vozzo,color,N/A,,,,825C51CA-7CD1-9946-B149-7F9892B98E03
"Deimos
(Pre-Crisis)",Character,,Wonder Woman #183,Jul-69,N,Mike Sekowsky,"writer, pencils, cover pencils",None,,Deceased,,B70ECDD9-EEA7-8B4A-BBDC-FA5221CFDF1A
,Character,,,,,Dick Giordano,"inks, cover inks",N/A,,"Giordano was an employee of DC at this time.
Deceased",,F74A502F-D673-C644-BE5A-2DFFCC8FF65D
"Deimos
(Post-Crisis)",Character,,Wonder Woman #2,Mar-87,N,Greg Potter,writer,WFH,,,,5ADC6331-5447-5D4D-A41D-A337BDBCC849
,Character,,,,,George Perez,"plot, pencils, cover",Continuity,,,,569C1ADE-3048-4043-B2BD-9DB99C9333F9
,Character,,,,,Bruce Patterson,inks,WFH,,,,FE555631-23D9-E247-ACC6-706FD79C8F51
,Character,,,,,Tatjana Wood,color,N/A,,,,562A2D56-9968-5547-8052-95CA0CF2C6E0
Demolition Team,Property,"Arrow 414
(2/17/2016)",Green Lantern #176,May-84,N,Len Wein,writer,WFH,2005,Deceased,,D57CF8BF-BD95-514F-9F5D-BB83242615DA
,Property,,,,,Dave Gibbons,"pencils, cover",WFH,,,,43CB1DC4-64B3-0F4F-973C-73A1B9A4758A
,Property,,,,,Dick Giordano,inks,WFH,,"Giordano was an employee of DC at this time.
Deceased",,0D680081-56F1-6343-897D-C9B6F1C5394B
,Property,,,,,Anthony Tollin,color,Exclusive,,,,E4110127-5972-A04C-8FB2-7200ED5CB60B
"The Demon
(Jason Blood / Etrigan)",Character,Dark Universe,The Demon #1,Aug-72,Y,Jack Kirby,"writer, pencils, cover pencils",Fourth World Agreement,1982,Deceased,,60EB356D-B67C-2748-BC02-DA0AF9D5CE7A
,Character,,,,,Michael Royer,"inks, cover inks",None,,,,4441886A-3E82-0344-B8CE-3C1052017650
"Demon's Three
(Abnegazar, Rath, Ghast)",Character,Dark Universe,Justice League of America #10,Mar-62,N,Gardner Fox,writer,Creator Recognition,2009,Deceased Creator recognition agreement with is with heirs.,,84436B35-18A4-6F46-8DD0-CCC291764335
,Character,,,,,Mike Sekowsky,pencils,None,,Deceased,,681A6323-4D17-A246-9474-FAA391087F31
,Character,,,,,Bernard Sachs,inks,None,,Deceased,,354A9BFE-D41F-C440-8B44-2407089A3440
,Character,,,,,Murphy Anderson,cover,None,,Deceased,,6E3F8AE2-08EB-394C-95CD-BC7E2F680019
Dennis Barclay,Character,Swamp Thing 109,"The Saga of the Swamp Thing #5
""The Screams of Hungry Flesh""",Sep-82,Y,Martin Pasko,writer,None,,,,FEC44B91-F163-CE4C-944E-99703839DE06
,Character,,,,,Thomas Yeates,"pencils, inks, cover",None,,,,C7AD45A0-AC71-8B48-A9C5-062504E3252D
,Character,,,,,Tatjana Wood,color,Exclusive,,,,DAA96001-5B1A-A24E-B31C-9A318D524A60
"Derek ""Dexter"" Tolliver",Character,"Suicide Squad
(2016)",The Fury of Firestorm #64,Oct-87,N,John Ostrander,writer,WFH,,,,94A05700-6FF9-2F4B-B788-79E97CC1C2B6
,Character,,,,,Joe Brozowski,"pencils, cover pencils",WFH,,,,0EEFC8D3-E454-6F43-956A-44A2A4F848A0
,Character,,,,,Sam De La Rosa,inks,WFH,,,,BF767994-73B0-E942-B7EF-50C215D9F84F
,Character,,,,,Bob Lewis,cover inks,WFH,,,,82F60F56-506F-F046-9818-A3486E6EFC20
,Character,,,,,Nansi Hoolihan,color,N/A,,,,5D985A7B-C0D7-1D40-887F-7789A956B829
Desaad,Character,,Forever People #2,Apr-71,N,Jack Kirby,"writer, pencils, cover pencils",Fourth World Agreement,1982,Deceased,,44C8A052-EE2C-6142-BAB8-FD05656F4E50
,Character,,,,,Vince Colletta,inks,None,,Deceased,,E9D01C7C-C22E-D74C-BCF0-3029E5568289
,Character,,,,,Mike Royer,cover inks,None,,,,B5E86849-3C83-434C-9969-3846AA6A2FDB
Despero,Character,Krypton,Justice League of America #1,Nov-60,Y,Gardner F. Fox,writer,Creator Recognition,,Deceased Creator recognition agreement with heirs.,,3935E608-DA63-ED42-8FDD-8F1F08896928
,Character,,,,,Mike Sekowsky,"pencils, cover pencils",None,,Deceased,,0D0A45A6-45FE-4846-8D8D-C9E76AA1E8BD
,Character,,,,,Bernard Sachs,inks,None,,Deceased,,1984275A-92BC-874F-99D9-C9740765D3B1
,Character,,,,,Murphy Anderson,cover inks,None,,Deceased,,1A630B57-EC4F-AE4E-B6F9-1F017B1CE74A
"Detective Chimp
(Bobo)",Character,Dark Universe,"Adventures of Rex the Wonder Dog #4
""Meet Detective Chimp""",Jul-52,N,John Broome,writer,None,,Deceased,,253ECC5A-EF01-7F4A-9460-CE14DDC66139
,Character,,,,,Carmine Infantino,pencils,Settlement,,Deceased,,E07886FB-9034-1040-9263-D9F001966D40
,Character,,,,,Sy Barry ,inks,None,,,,D5114FCB-57B8-AA49-A615-BEFED4E2AEC3
,Character,,,,,Gil Kane,cover pencils,None,,Deceased,,C367F8E8-204A-B24E-B13E-BE71A4D9BB27
,Character,,,,,Frank Giacoia,cover inks,None,,Deceased,,3DCB4479-3448-AA4E-832E-1B6F8F90CC82
Detective Frank Curtis,Character,"Flash
(2018)",Flash #270,Feb-79,,Cary Bates,writer,Exclusive,,,,BFC73CB6-CD9A-A144-9F93-F336FB51997C
,Character,,,,,Irv Novick,pencils,N/A,,"Novick was employed by DC from 5/9/67 - 12/28/84.
Deceased",,CB40996F-A122-424F-903D-6988AA01C129
,Character,,,,,Frank McLaughlin,inks,Exclusive,,,,A57E2AD0-7662-D748-8740-494DB3EC4282
,Character,,,,,Rich F. Buckler,cover pencils,Exclusive,,,,8DC08329-C944-FA41-8891-E3C7758B1C0E
,Character,,,,,Dick Giordano,cover inks,Exclusive,,Deceased,,0EFF4778-C32D-9F42-BEA9-CF1DE1313B3B
,Character,,,,,Gene D'Angelo,color,N/A,,,,082E0965-18A8-4949-ADB7-09D7B37B9FED
Detonator,Character,,Robin #168,Jan-08,,Peter Milligan,writer,WFH,,,,5910B1A9-1700-0E43-B495-489462FF0D0B
,Character,,,,,Freddie E. Williams II,"pencils, inks",Exclusive,,,,ABD69B43-E9E5-B44D-9A06-549CF4F24237
Dex-Starr,Character,Lego Aquaman,Final Crisis: Rage of the Red Lanterns #1,Dec-08,N,Geoff Johns,writer,Exclusive; WFH,2010,,,0B20BEBE-9A0F-D143-A4E1-FFDD6B9EBA35
,Character,,,,,"Shannon ""Shane"" Davis","pencils, cover pencils",WFH,2010,,,2476CA11-12FC-B249-9EB9-3EACB5893E79
,Character,,,,,Sandra Hope Archer,"inks, cover inks",None,,,,AA164CCB-CADA-E147-8982-6F8BB59AAA9D
,Character,,,,,Nei Ruffino,color,N/A,,,,FC13E8F1-CAFE-414B-9497-CE0D91C1DE56
Dexter Myles,Character,Flash 501,"The Flash #138
""Mystery of the Matinee Idol""",Aug-63,N,John Broome,writer,None,,Deceased,,D4D38C3A-F807-9149-BAA9-22E92B97BE48
,Character,,,,,Carmine Infantino,"pencils, cover pencils",Settlement,,Deceased,,918FFBA8-1A14-1944-9B8D-67814F160EC4
,Character,,,,,Joe Giella,inks,None,,,,34D710A5-21B7-0742-BF94-9F3958B9156C
,Character,,,,,Murphy Anderson,cover inks,None,,Deceased,,E960119F-C7EA-1942-B973-1F7AD15CB9BD
Dial H For Hero,Property,"#4Hero
(Machinima)","House of Mystery #156
""Dial H For Hero""",Jan-66,Y,Dave Wood,writer,None,,,,B986097C-669E-B846-83B9-6E49E4AFDD2E
,Property,,,,,Jim Mooney,"pencils, inks, cover",None,,Deceased,,FC8949D2-1A3A-0741-9BF5-FEED8951AFBE
"Dial ""H"" For Hero",Property,,"Legion of Super-Heroes #272
""Who Are the Heroes?""",Feb-81,Y,Marv Wolfman,writer,Exclusive,1980,,,DC8DE576-938B-5E4F-ADD4-D6B8A8E35270
,Property,,,,,Carmine Infantino,pencils,Artist; Settlement,2005,Deceased,,E34D1321-D9E4-B041-AC0C-6CDCF3ED8748
,Property,,,,,Frank Chiaramonte,inks,Exclusive,,Deceased,,A370207D-8F52-3941-BAB3-2AD306B3A2D8
,Property,,,,,Dennis Jensen,inks,None,,Freelance agreements with Jensen between 4/27/81 - 4/27/84 have been located.,,1F9D92BA-C692-B248-BAC3-4C6E2EA202C0
,Property,,,,,Jim Janes,cover pencils,Artist,,,,3318850F-C9E2-D74F-B8D8-BF83EE2679BF
,Property,,,,,Dick Giordano,cover inks,Exclusive,,"Giordano was an employee of DC at this time.
Deceased",,50490101-9CF9-C74A-9567-76D032CB91AA
,Property,,,,,Gene D'Angelo,color,N/A,,,,40F97906-8623-C145-9E1F-EA469776C6D3
H-E-R-O,Property,,H-E-R-O #1,Apr-03,Y,Will Pfeifer,writer,Exclusive,,,,2C3AF344-30D0-C540-A1B3-189131457B69
,Property,,,,,Jose Angel Cano Lopez,"pencils, inks",WFH,,,,2010B815-23E8-B147-982F-DA95B30BA947
,Property,,,,,John Van Fleet,cover,WFH,,,,41B7A809-75DC-7549-97E8-F7860C6A12BF
,Property,,,,,Dave Stewart,color,N/A,,,,01C551C9-B634-244D-A9C6-A5AC49C52457
Dial H,Property,,Dial H #1,Jul-12,Y,China Mieville,writer,WFH,,,,8A6EC65D-1136-FF40-93FB-8FF180FC6C98
,Property,,,,,Mateus Santolouco,"pencils, inks",WFH,,,,C044FB54-CB62-5A4E-AD60-49FA659B57F7
,Property,,,,,Brian Bolland,cover,WFH,,,,2996A295-A7B5-0644-9663-D94A13D879A7
,Property,,,,,Richard & Tanya Horie,color,N/A,,,,B485AE73-999C-9141-94B6-DCFE770449A8
Diamanda M'Batu,Character,"Point Blank
Sleeper",Sleeper #4,Jun-03,N,Ed Brubaker,writer,WFH,,,,5EFF88D7-FBF9-F140-9854-4A16AD5E1BF6
,Character,,,,,Sean Phillips,"pencils, inks, cover",WFH,,,,91BC04FB-90D7-F144-9BF2-F530918313D5
,Character,,,,,Tony Avina,color,N/A,,,,1540A486-D2C7-994C-BB25-28543E1DA4BF
"Dick Malverne
(Dick Wilson; Tempus)
*This applies to the Supergirl villain only. For other versions of Tempus, see TEMPUS",Character,Supergirl 219,"as Dick Wilson:
Action Comics #256
""The Great Supergirl Mirage""",Sep-59,N,Otto Binder,writer,None,,Deceased,,8A6FCBFC-3A77-184D-AC18-EBB1C4A6A9C0
,Character,,,,,Jim Mooney,"pencils, inks",None,,Deceased,,F9F19DD7-E02E-C340-A2E0-3AA764C88D22
,Character,,,,,Curt Swan,cover pencils,None,,Deceased,,8B633FDA-BC02-B04B-BF6D-638F1036DB7E
,Character,,,,,Stan Kaye,cover inks,None,,Deceased,,9C722C48-D28E-C84C-95EB-8338846E9683
,Character,,"as Dick Malverne:
Action Comics #282
""The Supergirl of Tomorrow!""",Nov-61,N,"Jerome ""Jerry"" Siegel",writer,Settlement,,Deceased Settlement is with heirs.,,D72EC618-771B-F64C-9459-4B26AC666DDD
,Character,,,,,"James ""Jim"" Mooney","pencils, inks",None,,Deceased,,6DBDFD03-9E85-CC45-A2A6-30867102879D
,Character,,,,,Curt Swan,cover pencils,None,,Deceased,,72575C7A-22A0-3248-B17F-1DDAD8F603A9
,Character,,,,,Stan Kaye,cover inks,None,,Deceased,,C2C7535D-C0B7-084B-ADCF-49F5EA70B508
,Character,,"as Tempus:
Supergirl #8",Apr-97,N,Peter David,writer,WFH,,,,8148C7DD-CEEB-744C-97FA-89396FE74FBA
,Character,,,,,Gary Frank,"pencils, cover pencils",WFH; Continuity,,,,7C014BB2-6764-444C-8D41-442A1FFD4F7B
,Character,,,,,Cam Smith,"inks, cover inks",WFH; Continuity,,,,2987B337-C60E-614F-BDD6-7AB5D9A8732A
,Character,,,,,Gene D'Angelo,color,N/A,,,,F57E4B14-3E4A-0A40-94E0-BF604AB649A3
Diesel Max,Character,"Point Blank
Sleeper",Sleeper #5,Jul-03,N,Ed Brubaker,writer,WFH,,,,CC1A8DB8-3B0E-994A-93D1-D4FCA631909D
,Character,,,,,Sean Phillips,"pencils, inks, cover",WFH,,,,2CAABEA0-A190-8E42-AACA-50AD454331C4
,Character,,,,,Tony Avina,color,N/A,,,,F2BB60A3-046A-1B43-B67D-633642B46951
Digitronix World Industries,Location,Flash 518,Hacker Files #1,Aug-92,Y,Lewis Shiner,writer,"Writer-Creator, WFH",1989,,,8CA755A6-65B9-9E45-A79A-70E4F8DDC6F8
,Location,,,,,Tom Sutton,pencils,WFH,1992,,,7299E5F5-4B10-6E4F-9E04-B94E48B27046
,Location,,,,,Mark Buckingham,inks,WFH,,,,6EE54AAD-2FDE-594E-95AF-114FDDA26618
,Location,,,,,Tom Canty,cover,WFH,,,,D403B992-8C19-1146-8535-CAAC69CF1C5B
,Location,,,,,Lovern Kindzierski,color,N/A,,,,6E39A076-98B6-9049-AD66-E2AD4276D334
"Ding Dong Daddy
(aka Dowd)",Character,,Teen Titans #3,May-66,N,Bob Haney,writer,Contributor Recognition,,,,CDAD2143-8070-DC48-90D4-91793849E886
,Character,,,,,Nick Cardy,"pencils, inks",None,,Deceased,,9F9E063E-24F9-6B40-9282-EB3E8116E4F2
"Discord
(Sean Sonus)",Character,,Green Arrow and Black Canary #15,Feb-09,N,Andrew Kreisberg,writer,None,,,,35E83CFB-FA94-2C4F-BBF2-4B96B23775DA
,Character,,,,,Mike Norton,pencils,WFH,,,,389C429A-FC18-C441-BC0E-98AC76630AF0
,Character,,,,,Josef Rubinstein,inks,WFH,,,,D0B505AB-56AF-E744-9992-A4936831A379
,Character,,,,,Jose Ladronn,cover,WFH,,,,D1D421C3-2155-CF49-BC77-BCE0B891163E
,Character,,,,,David Baron,color,Exclusive,,,,3A4EC889-9842-3F4D-9463-9A1BBCFF7048
DMZ,Property,,DMZ #1,Jan-06,Y,Brian Wood,"writer, cover",Joint Creator/All Rights; Writer,2005,,,A0A9611F-20C7-2A45-8F6A-709CF46963C2
,Property,,,,,Riccardo Burchielli,"pencils, inks",Joint Creator/All Rights; Artist,2005,,,B7621AC7-F2E2-D846-959A-7918B997FBB9
,Property,,,,,Jeremy Cox,color,N/A,,,,6BA027E7-2032-0545-97A5-E8335C0EB3F5
Doc,Character,Krypton,Omega Men #3,Jun-83,Y,Roger Slifer,writer,WFH; Writer,1982,Deceased,,70EA5DBD-2108-2047-89B5-16C0BAE0F3F0
,Character,,,,,Keith Giffen,"pencils, cover pencils",WFH; Artist,,,,79D48F62-E702-C846-B249-403AFE12409C
,Character,,,,,Mike DeCarlo,"inks, cover inks",WFH; Exclusive,,,,418A604B-186A-9F42-B2FB-96A6059AB30A
,Character,,,,,Anthony Tollin,color,N/A,,,,06051492-A5A0-B743-AF88-3E50DA8E79AC
"The Doctor
(Jeroen Thornedike)",Character,,The Authority #1,May-99,N,Warren Ellis,writer,None,,"WFH agreements located for issues 4, 6-12.",,35FB3FF0-2DAF-F742-8FD2-91CD047BE462
,Character,,,,,Bryan Hitch,"pencils, cover pencils",None,,WFH agreements located for issues 2-12.,,C2F3AFA0-FBB3-ED42-A333-E50219DF9BE4
,Character,,,,,Paul Neary,"inks, cover inks",None,,WFH agreements located for issues 2-12.,,9BF18FC4-DA79-F64C-A941-F13C002457FF
,Character,,,,,Laura Depuy Martin,color,N/A,,,,54FEC62E-1186-7540-8901-14E47F430B71
"Doctor Alchemy
(Albert Desmond; Mister Element)",Character,Flash 302,"Showcase #13
""Master of the Elements""",Mar-58,N,John Broome,writer,None,,Deceased,,A84C1605-F15C-7F40-80E2-2DAB0FA233D7
,Character,,,,,Carmine Infantino,"pencils, cover pencils",Settlement,,"Infantino may have been an employee of DC at this time.
Deceased",,9704AC02-AE7F-CA49-BBA8-580F58FAD5C3
,Character,,,,,Frank Giacoia,inks,None,,Deceased,,B4BFADE0-7A53-2D40-B008-B47CD2867960
,Character,,,,,Joe Giella,cover inks,None,,,,00B2C1F8-1AFF-8341-A60F-C5432E1C5367
"Doctor Alchemy
(Alvin Desmond; clone of Albert Desmond)",Character,Flash 302,The Flash #287,Jul-80,Y,Cary Bates,writer,Exclusive,,,,B10B45F5-6F21-1145-BE70-7D0D362E5378
,Character,,,,,Don Heck,"pencils, cover pencils",Exclusive,,Deceased,,311A77F8-3C83-FA42-BAFE-1C06EB3C0752
,Character,,,,,Frank Chiaramonte,inks,Exclusive,,,,81250EC7-C886-CE43-A221-3828C2873BBE
,Character,,,,,Dick Giordano,cover inks,Exclusive,,"Giordano may have been an employee of DC at this time.
Deceased",,2EC19AE7-2936-D44F-B05E-7FFFBC7D99ED
,Character,,,,,Gene D'Angelo,color,N/A,,,,B64113B4-0A9D-CF44-8790-67193B0AE434
"Doctor Cyber
(Silver Age)",Character,Arrow 508,Wonder Woman #179,Nov-68,N,Denny O'Neil,writer,Creator Recognition,2012,,,86AB68DA-7F77-3B48-B3C7-C2C925F78106
,Character,,,,,Mike Sekowsky,"pencils, cover pencils",None,,Deceased,,06D0AE26-7AA7-E54A-81F8-0CEF4C6E98C2
,Character,,,,,Dick Giordano,"inks, cover inks",None,,"Giordano may have been an employee of DC at this time.
Deceased",,6220A993-5BD9-924D-9E2C-2DC120D4EC9F
"Doctor Cyber
(Cylvia Anita Cyber)",Character,Arrow 508,"JLA #61
""The Power Principle""",Feb-02,N,Kurt Busiek,writer,Writer; WFH,,,,16B163CB-02BB-944D-890C-ADDA28E6EF6C
,Character,,,,,Tom Grummett,pencils,WFH,,,,91950967-1DE4-D74F-B72C-B194A183C8FC
,Character,,,,,Wade Von Grawbadger,inks,WFH,,,,9E98801F-49EB-E548-8D5D-E9D16BC9A4F8
,Character,,,,,Doug Mahnke,cover pencils,WFH,,,,E40F5EBA-28C6-5246-B672-15EE1D3CAD35
,Character,,,,,Tom Nguyen,cover inks,WFH,,,,BA5C881E-A2A6-E547-BFE0-EA82BA942786
,Character,,,,,Alex Sinclair,color,N/A,,,,37E0D333-4764-3646-8F81-27F89EE3BA25
"Doctor Destiny
(John Dee)",Character,Dark Universe,Justice League of America #5,Jun-61,N,Gardner F. Fox,writer,Creator Recognition,2009,Deceased Creator recognition agreement with heirs.,,E62492CB-D58B-D44F-AC4C-A3A4B3A8CC54
,Character,,,,,Mike Sekowsky,"pencils, cover pencils",None,,Deceased,,82D180FD-1436-9D41-BBA4-92AEC494F22A
,Character,,,,,Bernard Sachs,inks,None,,Deceased,,3258A3AD-FE41-7649-8348-71007B54A28C
,Character,,,,,Murphy Anderson,cover inks,None,,Deceased,,1C1EEA3C-CBBE-B54E-A22B-DF5E244218DA
"Doctor Double X
(Doctor XX; Simon Ecks)",Character,Lego Batman,"Detective Comics #261
""The Amazing Dr. Double X""",Nov-58,Y,Dave Wood,writer,None,,Deceased,,6AF91020-6D93-5B44-832D-D8CE32B18BF9
,Character,,,,,Sheldon Moldoff,pencils,None,,"Deceased
Per the library and Wayne Smith (Corp. Legal), please check to see if Bob Kane should also be included in credits.",,49DAF2BD-56FB-D943-8D0A-9191BC02903A
,Character,,,,,Charles Paris,inks,None,,Deceased,,3C80F597-BF49-0148-9E3C-115F810EFF4C
,Character,,,,,Curt Swan,cover pencils,None,,Deceased,,0C9B28AE-E338-4C4A-ADDD-8583FEF7A276
,Character,,,,,Stan Kaye,cover inks,None,,Deceased,,D052D73C-499A-114F-8D7B-5627858EFAFC
"Doctor Fate
(Kent Nelson; for Hector Hall, see Sandman)",Character,,"More Fun Comics #55
""The Menace of Wotan""",May-40,N,Gardner F. Fox,writer,Creator Recognition,2009,Deceased Creator recognition agreement with is with heirs.,,D971C3CB-F49E-7D44-8AB4-15EF57F19D9A
,Character,,,,,Howard Sherman,"pencils, inks",None,,,,34F77975-B41A-514B-AD1A-A4B007A4D456
,Character,,,,,Bernard Baily,cover,None,,Deceased,,C8EB0AB2-DB78-5349-92F6-DA518B1EB354
Doctor Jonathan Tyme,Character,,Doom Patrol #92,Dec-64,Y,Arnold Drake,writer,None,,Deceased,,F561F0EC-1E9B-E94B-A36B-77F63DCC061E
,Character,,,,,Bruno Premiani,"pencils, inks",None,,,,C2B18B68-E02D-7947-8581-ECDB1BFE6A32
,Character,,,,,Bob Brown,cover,None,,,,A8EFB83F-FB77-EE44-BD7A-AFE4452CD3EF
"Doctor Light
(Arthur Light)",Character,"Flash 205
(11/3/2015)",Justice League of America #12,Jun-62,Y,Gardner F. Fox,writer,Creator Recognition,,Deceased Creator recognition agreement with heirs.,,9A1F7973-F313-2043-93D7-B46ECEF65556
,Character,,,,,Mike Sekowsky,"pencils, cover pencils",None,,Deceased,,3B0A57FF-2970-F945-AE52-E0288AE5786C
,Character,,,,,Bernard Sachs,inks,None,,Deceased,,1EBF472A-D688-5F42-A114-837C567AB772
,Character,,,,,Murphy Anderson,cover inks,None,,Deceased,,138594F2-2BC4-7C40-85AC-7E8526A004BB
"Doctor Light
(Kimiyo Hoshi)",Character,,Crisis on Infinite Earths #4,Jul-85,N,Marv Wolfman,writer,Writer/Editor,1985,,,29A72FDD-9B43-8E48-8B43-AFB70B6C2B34
,Character,,,,,George Perez,"pencils, cover",Exclusive,1985,,,67F35F9A-4093-9C45-9F76-26BC438F26E0
,Character,,,,,Mike DeCarlo,inks,Exclusive,,,,C89D827A-152E-E944-BD22-4727AECFBDFB
,Character,,,,,Anthony Tollin,color,Exclusive,,,,7996C34F-48FF-304D-BEC1-2CF741A00B47
"Doctor Mid-Nite
(Dr. Charles McNider)",Character,Legends 201,"All-American Comics #25
""Dr. Mid-Nite, How He Began""",Apr-41,N,Charles Reizenstein,writer,None,,,,F7CDBBFB-947B-4D4D-AC24-D9A04C5AB1D2
,Character,,,,,Stanley Josephs Aschmeier,"pencils, inks",Artist,,Deceased,,F35E6ED8-C105-E846-88E0-A0745207CF5D
,Character,,,,,Howard Purcell,cover,Artist,,Deceased,,A38731C7-B4DD-BF44-89D2-EF6AF3328D17
"Doctor Midnight
(Dr. Elizabeth Chapel)",Character,,"as Beth Chapel:
Infinity Inc. #19",Oct-85,N,Roy Thomas,co-writer,Writer,1985,,,BD5D2CFD-76CB-BB4D-B0CA-F43213256EFB
,Character,,,,,"Dannette ""Dann"" Thomas",co-writer,None,,"We believe that Roy Thomas entered into a separate agreement with Dann Thomas for writing services, but we do not have a copy of it.",,857CFA97-FBE6-E447-AFDD-7343E7181F6F
,Character,,,,,Todd McFarlane,"pencils, cover pencils",Artist,1985,,,FFA86D25-9FEB-5747-BA69-5F336C257A08
,Character,,,,,Tony DeZuniga,cover inks,None,,Deceased,,C2AC7D28-8ECE-C94C-9D31-FCFBE603127C
,Character,,,,,Steve Montano,inks,None,,,,B40EBDEB-3BCE-4D42-B806-9CA6BB715E41
,Character,,,,,Adrienne Roy,color,Exclusive,,Deceased,,D4F5661D-05E8-384B-B327-CFEF895F615B
,Character,,,,,Anthony Tollin,color,Exclusive,,,,8C509FCC-26B3-5A42-B1CE-63F783FF9FCE
,Character,,"as Doctor Midnight:
Infinity Inc. #21",Dec-85,Y,Roy Thomas,co-writer,Writer,,,,272CCF0E-2CA1-2C4A-86B0-7429AD6C8668
,Character,,,,,"Dannette ""Dann"" Thomas",co-writer,None,,"We believe that Roy Thomas entered into a separate agreement with Dann Thomas for writing services, but we do not have a copy of it.",,10557BA5-A053-C344-AF74-67F81E636AD3
,Character,,,,,Todd McFarlane,"pencils, cover pencils",Artist,,,,3BC442E8-7D0B-FB4B-A487-545420E92BD1
,Character,,,,,Tony DeZuniga,"inks, cover inks",None,,Deceased,,D878EFA3-4B06-444D-B385-1C9C2166EE9B
,Character,,,,,Steve Montano,inks,None,,,,FAA61769-4C4C-6D43-B6E2-BE50D67C3014
,Character,,,,,Adrienne Roy,color,N/A,,Deceased,,8F01FCEB-A6D2-824E-9528-F92A2561A322
,Character,,,,,Anthony Tollin,color,Exclusive,,,,846CDBBD-1F81-8246-BA4F-A521746434FE
"Doctor Mid-Nite
(Dr. Pieter Anton Cross)",Character,,Doctor Mid-Nite #1,1999,Y,Matt Wagner,writer,Prestige,,,,7C9D0648-9FB1-7C4B-BA04-D059DF8CB033
,Character,,,,,John K. Snyder,"pencils, inks, cover",Prestige,,,,3A2B6C13-AD39-B742-B9C5-69A964141E14
Doctor Mind,Character,"Point Blank
Sleeper",Sleeper #2,Apr-03,N,Ed Brubaker,writer,WFH,,,,C2B17A18-71EA-7D46-96A4-F27D5ECB0DBA
,Character,,,,,Sean Phillips,"pencils, inks, cover",WFH,,,,78BC9832-FE9E-B747-96B5-EE9C25FDDE62
,Character,,,,,Tony Avina,color,N/A,,,,C2452DA1-7EAE-7F42-B672-87E1EFCDC586
,Character,,,,,Randy Mayor,color,N/A,,,,17C14A26-CD13-F541-97F2-7527767D031D
"Doctor Mist
(Nommo of Kor)",Character,"Powerless
(Global Guardians)",Super Friends #12,Jun-78,N,E. Nelson Bridwell,writer,N/A,,"Bridwell was an employee of DC at this time.
Deceased",,EA8B09CB-25E8-A340-935F-56A1611A2809
,Character,,,,,Ramona Fradon,"pencils, cover pencils",Exclusive; Creator Recognition,2016,,,995125A8-8D31-C141-9996-A93D36EA8292
,Character,,,,,Robert R. Smith,"inks, cover inks",None,,,,30D0F68A-021F-0844-8BEC-62A81D2B0F96
,Character,,,,,Gene D'Angelo,color,N/A,,,,E1683E4A-D805-EA46-B1FF-A726659D7383
Doctor Moon,Character,Young Justice,"Batman #240
""Vengeance for a Dead Man!""",Mar-72,N,Denny O'Neil,writer,Creator Recognition,2012,,,0FF7AA0B-1F6B-6946-BE2C-67141A3F05C9
,Character,,,,,Irv Novick,pencils,N/A,,"Novick was an employee of DC from 5/9/1967-12/28/1984.
Deceased",,EE0E515E-F9F1-E74E-8684-3DC468EF8A39
,Character,,,,,Dick Giordano,"inks, cover inks",None,,"Giordano may have been an employee of DC at this time.
Deceased",,4B74B10E-E5F1-C74F-A401-28E97A09ECAF
,Character,,,,,Neal Adams,cover pencils,Creator Recognition,,,,C54967B1-BD9D-D24D-A497-FB6187418C51
"Doctor Phosphorus
(Alexander Sartorius)",Character,Lego Batman,"Detective Comics #469
""…By Death's Eerie Light""",May-77,Y,Steve Englehart,writer,Exclusive,,,,624A142B-6728-4842-B49C-6ED9C967FE47
,Character,,,,,Walter Simonson,pencils,None,,,,47983244-E6BD-3E41-9471-4D930F635962
,Character,,,,,Al Milgrom,inks,None,,,,1D7F5E9F-D226-6141-B1B1-33D1B56D89EF
,Character,,,,,Jim Aparo, cover,Exclusive,,Deceased,,B2B124FE-E6C1-4E47-BEFE-84319303BF9C
,Character,,,,,Jerry Serpe,color,N/A,,Deceased,,6DEE5410-F6CF-C545-866D-6539274ABDD6
"Doctor Poison
(Princess Maru)",Character,"Wonder Woman
(2017)","Sensation Comics #2
""Dr. Poison""",Feb-42,Y,William Moulton Marston,writer,Marston agreements (7/31/41; 1/15/46; 7/25/51),,Deceased Final agreement is with Estate.,,86F69372-F6D8-1E4B-ADBB-FF500F2383D8
,Character,,,,,Harry G. Peter,"pencils, inks, cover",Artist,,Deceased,,66F7825A-616D-7344-AB7D-A45B9CB70A41
"Doctor Psycho
(Edgar Cizko)",Character,,Wonder Woman #5,Jul-43,Y,William Moulton Marston,writer,Marston agreements (7/31/41; 1/15/46; 7/25/51),,Deceased Final agreement is with Estate.,,93D3B254-7617-0B4B-AC44-925A77FD63AD
,Character,,,,,Harry G. Peter,"pencils, inks, cover",Artist,,Deceased,,3BA51DD4-602A-7C43-BA66-5AAE87B2E193
Doctor Sivana,Character,Shazam,"in Fawcett Comics:
Whiz Comics #2
""Introducing Captain Marvel""",Feb-40,N,Bill Parker,writer,None,,See also: Fawcett Purchase Agreements,,E2137761-82BF-8E49-BD28-EDE0ADB66DE5
,Character,,,,,"Charles Clarence ""C.C."" Beck","pencils, inks, cover",None,,,,020F4C04-829A-4A41-B757-CA072AF04D30
,Character,,"in DC Comics:
Shazam! #1",Feb-73,N,Dennis O'Neil,writer,Creator Recognition,,,,7F91B1A4-E5B0-DB4B-B5E3-7626ECB0E462
,Character,,,,,"Charles Clarence ""C.C."" Beck","pencils, inks, cover",None,,Deceased,,EFFC61B3-DE8E-6244-8566-D4704CC550AD
"Doctor Weerd
(James Stanton)",Character,Stargirl 101,"Star-Spangled Comics #1
""Dr. Weerd & the Metal Monster""",Oct-41,Y,"Jerome ""Jerry"" Siegel",writer,None,,Deceased,,E11E165F-8B95-F749-A50C-B3842F92B589
,Character,,,,,Harold Sherman,"pencils, inks, cover",None,,Deceased,,3BC9FB0D-8CA2-F44E-8AF5-93131B48EEE2
Dolores Watson,Character,Doom Patrol 111,Doom Patrol #39,Dec-90,N,Grant Morrison,writer,Continuity Writer,2010,,,996EA6CF-548E-A64B-B6D1-A73ACEC11403
,Character,,,,,Richard Case,pencils,Continuity Artist,,(Agreement is in warehouse box 699835717 & not scanned),,6FFFD82A-4A45-D14A-AF97-2EE298DD44A9
,Character,,,,,Mark McKenna,inks,Continuity Artist,,(Agreement is in warehouse box 699835357 & not scanned),,95E724C2-E474-1A4C-A4D5-914DFFA1D0D4
,Character,,,,,Kim DeMulder,inks,WFH,,,,43BE6A71-3082-5D4A-95F6-1D22F1D541B6
,Character,,,,,Simon Bisley,cover,WFH,,,,DDDBFBAA-1708-764E-8839-7EFF039B1C7E
,Character,,,,,Daniel Vozzo,color,N/A,,,,49598699-5AB4-0F4C-B242-22EBAD5709C0
Dominator Mothership/Flagship,Property,Arrow 508,"First appearance of a warship:
Legion of Super-Heroes Annual #3",1987,N,Paul Levitz,writer,WFH,,,,E9954E4F-C948-0A49-9BBE-E88185A988B3
,Property,,,,,Greg LaRocque,pencils,WFH,,,,A9D7C1D8-0A47-3D46-933C-A2D62A5FBD8B
,Property,,,,,Mike DeCarlo,inks,WFH,,,,5DB4C216-18F1-3347-B238-367BD135D01A
,Property,,,,,Arne Starr,inks,WFH,,,,B41DF296-386E-1541-B45B-F973908085B3
,Property,,,,,Ken Steacy,cover,WFH,,,,0DFBCD41-3264-0248-BDF6-45BF90857075
,Property,,,,,Carl Gafford,color,N/A,,,,832DD713-2F78-9E46-AC6F-37C3A4D348BD
,Property,,"First appearance of Flagship:
Invasion #1",1988,N,Keith Giffen,plot,WFH,,,,07B0781C-F399-274D-8B60-05642092C87C
,Property,,,,,Bill Mantlo,dialogue,WFH,,Mantlo is living but brain damaged. His affairs are handled by his brother.,,715703B3-BAA5-FE46-8AAD-02B94378BAE7
,Property,,,,,Todd McFarlane,"pencils, inks, cover",WFH,,,,E2CA3107-FB57-8A48-AE6E-65DBD446DA3F
,Property,,,,,Al Gordon,inks,WFH,,,,D79CAA7F-9B81-CA4B-A629-4480D2A62EA7
,Property,,,,,Josef Rubinstein,inks,WFH,,,,BF9698E6-67AA-A643-86DD-88C1CB652D4A
,Property,,,,,Philip Craig Russell,inks,WFH,,,,60DAC362-5C93-0848-87B7-1B6004C27CB1
,Property,,,,,Carl Gafford,color,N/A,,,,AB3F87F0-AC0E-5F42-B580-7B416396DB0D
"The Dominion
(Dominators)",Character,Flash 308,Adventure Comics #361,Oct-67,N,"James ""Jim"" Shooter",writer,None,,,,464CCDDA-CC63-6443-BB98-09C5B0D2593A
,Character,,,,,Curt Swan,"pencils, cover pencils",None,,Deceased,,DEC644ED-6704-7442-AF8D-F9AA3F45AF13
,Character,,,,,"James ""Jim""  Mooney",inks,None,,Deceased,,CFABBF33-B4E1-B941-B6E1-EE1EA97296D0
,Character,,,,,George Klein,cover inks,None,,Deceased,,E22E873F-9B49-564A-B061-17312F8B566A
Donovan Caine,Character,Night Force,"New Teen Titans #21
""Night Force""",Jul-82,N,Marv Wolfman,writer,Writer,,,,3D5E9606-591B-9A44-B4BE-0CB463EB0E49
,Character,,,,,Eugene Colan,"pencils, cover pencils",Exclusive,,Deceased,,14749752-BBFC-284F-A36C-C4C70D25F851
,Character,,,,,Robert L. Smith,"inks, cover inks",None,,,,B859932B-EE3F-EC4A-A35F-BD6ACF8FFF25
,Character,,,,,Michele Wolfman,color,N/A,,,,DC0E79ED-0272-5846-8D39-C383FC2E1045
"Doodlebug
(Daedalus Boch)",Character,Gotham 416,Arkham Asylum: Living Hell #1,Jul-03,N,Dan Slott,writer,WFH,,,,332521AB-5837-0242-B4F1-718E8A03A5E9
,Character,,,,,Ryan Sook,"pencils, inks",WFH,,"Sook signed a WFH agreement for the cover of this issue; however, Powell clearly did the artwork. We do have WFH for Powell for issues #2-6.",,16FAD47E-BD11-BE44-9B55-808EB0770C3A
,Character,,,,,Eric Powell,cover,None,,,,71779578-0EAA-544F-A365-FF810FA695EE
,Character,,,,,Lee Loughridge,color,N/A,,,,FB53BAC7-38B9-744F-909F-763AC2E112DB
"Doom Patrol
(Silver Age)",Property,,My Greatest Adventure #80,Jun-63,Y,Arnold Drake,writer,None,2006,Deceased,,255F7FC4-2A3A-054D-A02D-2C2AFD0E8290
,Property,,,,,Bob Haney,writer,Contributor Recognition,,Deceased Contributor Recognition Agreement is with heirs.,,A49287C3-46BC-374A-8740-F0695E90EE3B
,Property,,,,,Bruno Premiani,"pencils, inks, cover",None,,Deceased,,A9DD91DF-7D78-FA45-8F98-F264E6A8AB42
"Doom Patrol
(Modern Age)",Property,,Doom Patrol #19,Feb-89,Y,Grant Morrison,writer,WFH,,,,5E7F75CA-BB59-BE46-ACD1-6E5BBB926C12
,Property,,,,,Richard Case,"pencils, cover pencils",WFH,,,,F94C868B-29D8-8448-A7B4-4E3166B97BF5
,Property,,,,,Carlos Garzon,"inks, cover inks",WFH,,,,5EFBF48C-E490-C34B-9F0C-A0E1934FE517
,Property,,,,,Michele Wolfman,color,N/A,,,,9977C928-D95B-DE44-A7A6-946D1CD6A2DF
Doomsday,Character,,Superman: The Man of Steel #18,Dec-92,Y,Dan Jurgens,co-creator,Continuity,1993,"Doomsday was initially conceived at a meeting of a number of freelance artists and writers working on SUPERMAN in 1991 or 1992. DC recognized four of the attendees at this meeting Dan Jurgens, Jerry Ordway, Louise Simonson and Roger Stern as the co-creators of Doomsday. Jerry Ordway assigned half of his equity share to a fifth contributor, Brett Breeding, and DC recognized Breeding as a co-creator of Doomsday as well. DC has “continuity agreements” with all five of these contributors covering the time period of their creation of Doomsday. We also have character equity agreements with 4 of the 5 contributors as well as the assignment from Ordway to Breeding. Included in the COT are continuity agreements with other talent, John Bogdanove and Dennis Janke, because they contributed to the comic book issue(s) in which Doomsday first appeared. Doomsday first appeared unnamed in artwork on the last page of Superman: Man of Steel #17. Doomsday made his first appearance, by name, in Superman: The Man of Steel #18.",,DB682239-0D32-8244-9027-5C90F7F47059
,Character,,,,,Jerry Ordway,co-creator,Continuity,"1993
1994",,,49616985-7FB6-224C-8C48-FB87BF7D98A1
,Character,,,,,Roger Stern,co-creator,Continuity,1993,,,2C0E5039-8F56-E243-AE36-EC74425794F7
,Character,,,,,Louise Simonson,"writer, co-creator",Continuity,1993,,,D31DCB82-C2C2-B748-91DF-F572C8411781
,Character,,,,,Brett Breeding,co-creator,Continuity,,,,A6938C7E-810F-044C-B742-BF45F6076DDD
,Character,,,,,Jon Bogdanove,"pencils, cover pencils",Continuity,,,,6046EC91-4273-1F47-BF9F-3EF6603B5776
,Character,,,,,Dennis Janke,"inks, cover inks",Continuity,,,,01649F85-EB5D-2C4D-BCB4-22FAC405A04E
,Character,,,,,Glenn Whitmore,color,N/A,,,,1ABAD2D5-8A7F-6B46-A59D-50FD0900CC18
Doris Chase,Character,Arrow 513,New Teen Titans #29,Mar-83,N,Marv Wolfman,writer,Exclusive; WFH,,,,2FBD4CF7-03A4-6743-B3DF-832ABF830C1E
,Character,,,,,George Perez,"pencils, cover",Exclusive; WFH,,,,43163382-2568-804D-976E-76A1AF18AD92
,Character,,,,,Romeo Tanghal,inks,Exclusive; WFH,,,,FE3D00C5-2F97-3B42-A4E2-B0335DBC24A8
,Character,,,,,Adrienne Roy,color,Exclusive,,,,A7BD4984-AC53-C649-B25F-426A51E010EB
Dorothy Spinner,Character,Doom Patrol 115,Doom Patrol #14,Nov-88,N,Paul Kupperberg,writer,WFH,,,,4EFA9D0D-74C9-194A-9C60-F14E77C135B7
,Character,,,,,Eric Larsen,"pencils, cover pencils",WFH,,,,8DD74713-9842-BE43-8DD7-213C033FD191
,Character,,,,,Jim Sanders III,inks,WFH,,,,5B4BE4A2-8621-E54E-9B20-5C7BCC23356A
,Character,,,,,Al Gordon,cover inks,WFH,,,,8E457BFE-BA19-B94D-A270-EE6FEF5476BB
,Character,,,,,Michele Wolfman,color,N/A,,,,DC7E3D8D-513D-9047-81D1-3AA102B0FBA3
"Double Down
(Jeremy Tell)",Character,Flash 304,Flash: Iron Heights,2001,N,Geoff Johns,writer,Prestige Writer,2010,,,5902E18C-3317-3F43-8E7D-93B2C87D9881
,Character,,,,,Ethan Van Sciver,"pencils, cover pencils",Prestige Artist,2010,,,EB49EFCD-970B-4B42-A170-9A72A9D38DDF
,Character,,,,,Prentis Rollins,"inks, cover inks",Prestige Artist,,,,76EA6FC1-8E01-7B4E-AB6D-C18A251B998F
,Character,,,,,Chris Chuckry,color,Color Artist,,,,0C4CEE37-8480-E447-B62B-44CA02F4E32A
"Dove
(Donald ""Don"" Hall)",Character,Birds of Prey,Showcase #75,Jun-68,Y,Steve Skeates,writer,None,,"According to the GCD, Giordano and Infantino were both involved with the creation of Hawk & Dove. Infantino claimed to have come up with the original idea. Giordano claimed that Ditko wrote the rough plot and Skeates worked from that. Skeates claimed that Infantino came up with the title, but the rest of the creation was ""by committee.""
Giordano and Infantino were both employees of DC at this time and are both Deceased 
Ditko is Deceased",,D182C14C-9209-004D-BB89-F6561BE24AEB
,Character,,,,,Steve Ditko,"plot, pencils, inks, cover",Creator Recognition,2017,,,36F73581-7B89-0141-9978-83969338EC44
,Character,,,,,Dick Giordano,editor,N/A,,,,ACF1F2FA-BB9D-7B44-82E0-E3C491DDA8D4
,Character,,,,,Carmine Infantino,editor,Settlement,,,,F3FD329E-DDA9-FD49-82EE-EF66FC629CF4
"Dove
(Dawn Marie Granger)",Character,Birds of Prey,Hawk and Dove #1,Oct-88,N,Karl Kesel,"writer, inks, cover inks",WFH,,,,700127E8-51AA-B24A-A9C8-976D9F6A6F24
,Character,,,,,Barbara Randall Kesel,writer,WFH,,,,6851BAC8-1A00-9C4D-9827-D712E6A16567
,Character,,,,,Rob Liefeld,"pencils, cover pencils",WFH,2017,,,E9508358-EDFD-4E47-9B43-C3308DF2618A
,Character,,,,,Glenn Whitmore,color,N/A,,,,B1F69737-8056-BF40-89CC-984639D42191
"Dove
(Wiley Wolverman)",Character,Birds of Prey,Genesis #2,Oct-97,N,John Byrne,writer,WFH,,,,4A5D6EC5-CA83-144C-9604-D3465334F367
,Character,,,,,Ron Wagner,pencils,WFH,,,,F7E4771C-30ED-EE45-8166-AA324E8E225F
,Character,,,,,Joe Rubinstein,inks,WFH,,,,82E85C2E-F84D-4847-A197-DF8A225510C7
,Character,,,,,Alan Davis,cover pencils,WFH,,,,177E4EC9-08A3-5D43-900D-8ABDFC724236
,Character,,,,,Mark Farmer,cover inks,WFH,,,,7D006120-25BA-714D-A2C4-1E1A1A4BC403
,Character,,,,,Patricia Mulvihill,color,Exclusive,,,,093FCF7B-91E3-374D-8178-AA5D61FB3005
Dr. Eleanor Poole,Character,,Doom Patrol #19,Feb-89,N,Grant Morrison,writer,WFH,2007,,,BB793B21-D50D-BF48-8EA3-0932D8329EB0
,Character,,,,,Richard Case,"pencils, cover pencils",WFH,,,,2B66FC2A-08A7-5341-9D52-7267C5CB457E
,Character,,,,,Carlos Garzon,"inks, cover inks",WFH,,,,8EFB1BDB-45FA-4742-B87B-4F7527F68CB4
,Character,,,,,Michele Wolfman,color,N/A,,,,49B617FD-31BD-2E4C-8E21-1F0AE3CAAC39
Dr. Hugh Evans,Character,"Suicide Squad
(2016)",The Brave and the Bold #25,Aug-59,N,Robert Kanigher,writer,N/A,,"Kanigher was an employee of DC from 2/3/47 - 5/31/82.
Deceased",,49B466C4-3D43-0843-BDB8-8375E7C53AE6
,Character,,,,,Ross Andru,"pencils, cover pencils",None,,Deceased,,D865B79A-E453-664B-B4B0-C66F3920CBD2
,Character,,,,,Mike Esposito,"inks, cover inks",None,,Deceased,,19A18F20-B3D4-F844-90C6-D90012ADF2B5
Dr. Ito,Character,Stargirl 104,"Action Comics #56
""The Man the Whole World Feared""",Jan-43,N,Joseph Greene,writer,None,,Deceased  ,Cleared by Wayne Smith for Stargirl TV series,B707BEF3-6F97-E748-A0F4-9C3D7CBF34CE
,Character,,,,,Bernard Baily,"pencils, inks",None,,Deceased,,2155376D-0878-2E43-97AF-141B44FA0C1C
,Character,,,,,John Sikela,cover,None,,Deceased,,CBDA7DC4-15C5-C64D-96CA-F945F69BF599
Dr. Maria Verdugo,Character,,"Action Comics Weekly #601
""Listening to the Mockingbird""",1988,N,Martin Pasko,writer,WFH,,,,8997BD42-2BFA-BF43-AB77-88C43FE80C67
,Character,,,,,Dan Spiegle,"pencils, inks",WFH,,,,A41588DB-92C5-0245-B4C3-462E4761C223
,Character,,,,,Dave Gibbons,cover,WFH,,,,341EEC9F-5F46-864D-A256-04229F40ADB4
,Character,,,,,Carl Gafford,color,N/A,,,,C9049D4D-5F2B-0C46-B967-E321FA313364
"Dr. Occult
(Richard Occult)",Character,,"New Fun Comics #6
""The Vampire Master""",Oct-35,N,"Jerome ""Jerry"" Siegel",writer,None,,Deceased Settlement is with heirs.,,08C47DEA-1F04-7348-92AD-912831A887FD
,Character,,,,,Joe Shuster,"pencils, inks",None,,Deceased,,87F5875B-A032-DC4E-A297-1438AAB2CBF7
,Character,,,,,Vincent Sullivan,cover,None,,,,7EFD8856-D891-6D46-A7AA-DF27FB8EEB81
"Dr. Ramsey Rosso
(Bloodwork)",Character,Flash 601,The Flash #29,Oct-17,N,Joshua Williamson,writer,WFH,,,,D0EC0AAA-75F9-4F4D-9B8B-43454F6E6E58
,Character,,,,,Carmine Di Giandomenico,"pencils, inks",WFH,,,,FD755EA2-D730-1D47-9121-8416250AF3E7
Dr. Saul Erdel,Character,,"Detective Comics #225
""The Strange Experiment of Dr. Erdel""",Nov-55,N,Joe Samachson,writer,None,,Deceased,Cleared by Jay for Creative for use as Featured Character in Space Cabbie Series 03/23/21,856FE9B0-97E1-074E-AA41-EDD4CC9B543D
,Character,,,,,Joe Certa,"pencils, inks",None,,Deceased,,F1C050A8-7905-8645-AE34-91D314CE3C49
,Character,,,,,"James Winslow ""Win"" Mortimer",cover,None,,Deceased,,845EB30A-0B33-E64F-8A2E-84D5951B8392
"Dr. Terrence ""Terry"" Thirteen",Character,Traci 13,"Star-Spangled Comics #122
""I Talked With The Dead!""",Nov-51,Y,UNKNOWN,writer,N/A,,,,53D99E53-BAF6-374D-B6E0-771EA4394B0A
,Character,,,,,Leonard Starr,"pencils, inks, cover",None,,,,02DEE6A1-0BF9-274C-A0CF-00A6FC7EC583
"Dr. T.O. Morrow
(Thomas Oscar Morrow; Future Man)",Character,"Supergirl 106
(11/30/2015)",The Flash #143,Mar-64,N,Gardner Fox,writer,Creator Recognition,2009,Deceased Creator recognition agreement with is with heirs.,,E6E834B4-E95B-1F42-804D-EE0D6A88482D
,Character,,,,,Carmine Infantino,"pencils, cover pencils",Settlement,,Deceased,,209A0B75-49EB-5441-9EF9-B5A66224EA54
,Character,,,,,Joe Giella,inks,None,,,,D0E8D7DC-F64D-494F-8462-E34C1824B822
,Character,,,,,Murphy Anderson,cover inks,None,,Deceased,,B7B04CB1-2CAB-2443-AE20-C0D2AA5D12BD
"Dr. Trap
(Doctor Trap, Larry Trapp)",Character,,Chase Vol 1 #3,Apr-88,N,Dan Curtis Johnson,writer,Writer Agreement,,,,CECD3383-39A2-C041-87C7-1988DD9C338A
,Character,,,,,J.H. Williams III,pencils,Artist Agreement,,,,43B1BF51-AC27-F64E-A6B8-66C8556E4903
,Character,,,,,Mick Gray,inks,Artist Agreement,,,,AEB36741-CA86-7E46-9489-7E015C6EADDA
"Dr. William ""Doc"" Magnus",Character,,Showcase #37,Mar-62,N,Robert Kanigher,writer,N/A,,"Kanigher was an employee of DC from 2/3/47 through 5/31/82.
Deceased",,A7BF7C92-2306-294C-ACAF-2384E4D81C73
,Character,,,,,Ross Andru,"pencils, cover pencils",None,,Deceased,,9E6B4A5D-3F40-0E41-AF4B-71554521EC56
,Character,,,,,Mike Esposito,"inks, cover inks",None,,Deceased,,0D14EE22-BD09-174D-95BA-9D4965315A22
Draaga,Character,Supergirl 204,Action Comics Annual #2,1989,N,Jerry Ordway,"writer, pencils, cover inks",None,,,,9824081E-D67A-6F4F-AA2D-40F358E9A2FB
,Character,,,,,George Perez,"writer, inks, cover pencils",WFH,,,,125D6798-6418-ED42-899D-265260DFB67C
,Character,,,,,Roger Stern,writer,Continuity,,,,A68FAB37-996F-3440-98AC-8A930DFEFBB3
,Character,,,,,Curt Swan,pencils,Exclusive,,Deceased,,A87974F5-C68D-2C41-8F54-3B54C0B65054
,Character,,,,,Mike Mignola,pencils,None,,,,C77D6A50-1048-254A-B76F-99B2C0F42BAC
,Character,,,,,John Statema,inks,None,,,,9FCF1A87-F353-F247-9C1F-BE74916A5C8D
,Character,,,,,Brett Breeding,inks,WFH,,,,4E29FCEB-1049-114E-8979-038FCA52E225
,Character,,,,,Glenn Whitmore,color,N/A,,,,BEFBAD04-2C29-5440-BC12-EF64EAA212C1
Dragon King,Character,Stargirl 104,All-Star Squadron #4,Dec-81,N,Roy Thomas,writer,Exclusive,,,,55AD7B44-6F67-4A47-8E75-2488D5CACF57
,Character,,,,,Rich Buckler,"pencils, cover pencils",Exclusive,,Deceased,,C0C591E6-A1CC-A547-8860-F2CC91A08EDF
,Character,,,,,Jerry Ordway,inks,Exclusive,,,,4AC5D3C8-776A-874D-8D4B-CAB7558C925C
,Character,,,,,Dick Giordano,cover inks,Exclusive,,"Giordano may have been an employee of DC at this time.
Deceased",,545CC632-DF5A-B345-846E-8F3F063C7A62
,Character,,,,,Carl Gafford,color,N/A,,,,540EB352-7B50-004D-B3BE-70BA842E5218
Dragos Ibanescu,Character,Arrow 619,Catwoman #41,May-05,N,Matteo Casali,writer,WFH,,,,941E936D-CE64-214A-8859-1425AD505DD2
,Character,,,,,Brad Walker,pencils,WFH,,,,0BC3B381-0241-9743-AC96-D85DACCDEE48
,Character,,,,,"James ""Jimmy"" Palmiotti","inks, cover inks",WFH,,,,DE45CA5B-2403-2C46-A27D-B096FA592A54
,Character,,,,,Paul Gulacy,cover pencils,WFH,,,,04ABF7BB-4188-D946-8E2C-8E3D74A65D76
,Character,,,,,Laurie Kronenberg,color,N/A,,,,B5EB4810-3DD4-A64B-BA8C-78CED8CAA77C
"Dream Girl
(Nura Nal; Dreamer; Nura Schnappin)",Character,Supergirl 402,"as Dream Girl:
Adventure Comics #317
""The Menace of Dream Girl""",Feb-64,Y,Edmond Hamilton,writer,None,,Deceased,,C0BD845D-670F-6249-AD3E-4CD8FD5B9F05
,Character,,,,,John Forte,"pencils, inks",None,,Deceased,,0602AFE5-8021-274A-804C-51BBB55B54E8
,Character,,,,,Curt Swan,cover pencils,None,,Deceased,,875A56C5-F2AE-A548-9905-D251D415C8BB
,Character,,,,,George Klein,cover inks,None,,Deceased,,3DF99865-07C8-5945-BBC8-32873E290250
,Character,Supergirl 412,"as Dreamer:
Legion of Super-Heroes #84",Sep-96,N,Tom Peyer,writer,Continuity Writer,,,,6B3F0B82-F728-104B-9B4A-8FFE627B8B4A
,Character,,,,,Tom McCraw,"writer, color",WFH; Exclusive,,,,02808730-E99B-3A4D-BB6F-B6F3E77BA624
,Character,,,,,Lee Moder,pencils,WFH,,,,8EF221B4-63EF-7546-83FB-AA56433442ED
,Character,,,,,Ron Boyd,inks,Continuity Artist,,,,CBA6A5D0-602A-D343-AD67-C0F370C60877
,Character,,,,,Alan Davis,cover pencils,WFH,,,,489CC97F-AB0C-164D-A170-799EB276B437
,Character,,,,,Mark Farmer,cover inks,WFH,,,,49FBD748-8679-0F47-A0B5-A35599642348
Droxelle,Character,,Green Lantern #169,Oct-83,N,Joey Cavalieri,writer,WFH,,,,6DCEA219-72BE-9C4C-9522-3CC610445B8C
,Character,,,,,Howard Simpson,pencils,WFH,,,,8FDF47A8-1B67-B448-A2CE-10934323434A
,Character,,,,,Jose Delbo,pencils,WFH,,,,ADB2B407-155A-214A-AAEA-7B9B12CC9503
,Character,,,,,Gary Martin,inks,WFH,,,,0E30585D-B1CA-EF41-98BF-25E8A87F699A
,Character,,,,,Gil Kane,cover,WFH,,Deceased,,5FC4F6C6-7AEF-414B-8F5B-B9C057EE2E91
,Character,,,,,Gene D'Angelo,color,N/A,,,,4320207C-1E08-C64F-90B4-18D4C4BA93B1
Duela Dent,Character,,"Batman Family #6
""The Joker's Daighter""",Aug-76,N,Bob Rozakis,writer,None,,,,37EB3F13-0BE5-3E48-B220-629B49EB5664
,Character,,,,,Irv Novick,pencils,None,,Novick was an employee of DC Comics from 5/9/67 - 12/28/84,,09764090-8BF7-2647-AE7C-CECE714C2E96
,Character,,,,,Frank McLaughlin,inks,None,,,,ADE48322-741E-5B42-86AC-2B4C40E5F674
Dummy,Character,Plastic Man,Leading Comics #1,Dec-41,N,Mort Weisinger,writer,N/A,,"Weisinger may have been an employee of DC at this time.
Deceased",,FB9FD80F-FB1E-FC4E-8647-2B231DD3B8ED
,Character,,,,,Mort Meskin,"pencils, inks, cover",None,,Deceased,,F47DCA03-07A0-8240-8625-FCD699FEDB1A
,Character,,,,,Creig Flessel,"pencils, inks",None,,Deceased,,DED1D2B4-26DF-0249-96EC-6918E3D10FAF
,Character,,,,,George Papp,"pencils, inks",,,"Although Siegel, Lehti, Papp, and Sherman contributed to this issue, according to the GCD, they did not work on the chapters in which Dummy appears. Confirming with DC Library.",,9CAEC19B-2021-D748-AF3A-B5ECA013C4A3
,Character,,,,,"Harold ""Hal"" Sherman","pencils, inks",,,,,11A979EB-E29F-EA4F-BE7D-1185A3F21549
,Character,,,,,"Jerome ""Jerry"" Siegel",writer,,,,,125ADA35-5B94-3E4E-AFA8-CA9FE1A86F87
,Character,,,,,"John ""Jack"" Lehti","writer, pencils, inks",,,,,C5B28EA1-C6AF-D345-8ECD-BD504EC7E57A
Durla,Location,Supergirl 217,"Superman's Girl Friend, Lois Lane #97
""The Three Super-Sirens""",Nov-69,N,UNKNOWN,writer,,,The writer of this issue is completely unknown. Confirmed by the DC Library.,,8A55393B-70D3-844E-948E-501B275B2A5C
,Location,,,,,Irv Novick,pencils,None,,"Novick was an employee of DC from 5/9/67 - 12/28/84.
Deceased",,4178BB7C-F496-9347-B0AE-2E1F059F49D0
,Location,,,,,Mike Esposito,inks,None,,Deceased,,D4629FF0-A1AB-9D44-8DD0-E2E2D414B795
,Location,,,,,Curt Swan,cover pencils,None,,Deceased,,20443481-E14B-EE4D-A415-7531A1235161
,Location,,,,,Murphy Anderson,cover inks,None,,Deceased,,24493CCA-9ED6-FE4D-9795-B5AE6FCBB5B2
"Dwarfstar
(Sylbert Rundine)",Character,Flash 412,All-New Atom #2,Oct-06,N,"Tamra James
(Gail Simone)",writer,WFH,,,,DF49B458-8CCC-3041-A0A1-B5E41904199B
,Character,,,,,John Byrne,pencils,WFH,,,,5AA3426A-1D5B-8A47-8267-CD4C1B515365
,Character,,,,,Trevor Scott,inks,None,,,,039ACD94-FA93-9241-9F32-B9FD405D56F8
,Character,,,,,Ariel Olivetti,cover,WFH,,,,B53A389D-4929-BA4B-8293-A8FCD24F37F3
,Character,,,,,Alex Blayaert,color,N/A,,,,0F7E3578-ED11-A041-B4D0-A678BB180996
Earl Clifford,Character,Black Lightning 101,Black Lightning #1,Apr-77,Y,Anthony Isabella,writer,Exclusive; Creator Recognition,2016,,,9CD076A9-F7BC-7044-9824-7A45036F2E87
,Character,,,,,Trevor Von Eeden,pencils,None,, We have character equity agreements for other characters who first appeared in Black Lightning #1 that acknowledge Von Eeden’s work in this issue was work-for-hire,,3FAFAC7A-5FBF-E34A-AA65-5BF89FC399AA
,Character,,,,,Frank Springer,"inks, cover inks",None,,,,AD05A7F3-B5C5-6342-9450-794FBEDD8D0B
,Character,,,,,Rich Buckler,cover pencils,None,,,,A7621918-86EC-9A48-AA5A-78D8B7ED4253
,Character,,,,,Liz Berube,color,N/A,,,,17CBA077-1FCB-0C47-90C8-75B0A6BE2BEF
"Earth-Man
(Absorbency Boy; Kirt Niedrigh)",Character,,"as Absorbency Boy:
Superboy #218
""The Secret Villain the World Never Knew""",Jul-76,N,Cary Bates,writer,None,,,,3FB7625F-F487-ED4E-BD6C-90FD16C250D1
,Character,,,,,Mike Grell,"pencils, inks, cover",None,,,,A7DF7A58-D877-A947-8957-C21B75AD8677
,Character,,"as Earth Man:
Action Comics #858",Dec-07,N,Geoff Johns,writer,WFH,,,,1A3131B0-2F06-584F-A053-E26B1E04C84D
,Character,,,,,Gary Frank,"pencils, cover",WFH,,,,E1E185A3-F89A-CD46-B41D-FEBEF35192C6
,Character,,,,,Jonathan Sibal,inks,WFH,,,,AE5A3E71-5EE5-8944-B702-E38A34B7565B
,Character,,,,,Dave McCaig,color,N/A,,,,51095E4A-1A10-1C4A-BAC3-76D434A98D7D
Earth-X,Location,Flash 408,Justice League of America #107,Sep-73,Y,Len Wein,writer,None,,Deceased,,2845F3A6-D869-4943-8796-4611C37C9579
,Location,,,,,Dick Dillin,pencils,None,,Deceased,,DCA70182-C6D0-2F4E-BA0B-61F4EFF09D91
,Location,,,,,Dick Giordano,inks,None,,Deceased,,D9354387-D0B4-1B4E-8629-BF1DC004D3F5
,Location,,,,,Nick Cardy,cover,None,,Deceased,,E8B9FB19-BF8C-9948-8D01-F0891CF596E9
,Location,,,,,Glynis Wein,color,N/A,,,,28064AB0-D3A7-8447-A2D8-2C04396A8AFB
"East Street Skulls
(E-Street; Eastlies)",Property,Flash 502,Steel #1,Feb-94,N,Jon Bogdanove,"writer, cover pencils",Continuity Writer; Exclusive,,,,8F7F8A00-2FA1-4A4C-BE3F-34725E99B612
,Property,,,,,Louise Simonson,writer,Continuity Writer,,,,58343BF6-F13D-D842-AAC9-A32E727418A3
,Property,,,,,Chris Batista,pencils,WFH,,,,11FB05FE-E46D-2749-B8D8-47A784397829
,Property,,,,,Rich Faber,inks,WFH,,,,F5484BF0-2B9A-6B41-893D-A79B451F594A
,Property,,,,,Dennis Janke,cover inks,None,,,,1049369A-0EA3-6840-B892-2009A1FA905C
,Property,,,,,Gina Going-Raney,color,N/A,,,,811AD4D9-EC7B-7B44-97DF-B43CC1C4B3C5
Easy Company,Property,,"Our Army At War #81
""The Rock of Easy Co.""",Apr-59,Y,Robert Kanigher,plot,N/A,,"Kanigher was an employee of DC from 2/3/47 - 5/31/82.
Deceased",,4CF6CAA7-A0A5-974E-9B32-A60CF976E24E
,Property,,,,,Bob Haney,script,Creator Recognition,,Deceased Creator Recognition Agreement is with heir.,,8A3E8C7D-F06B-394F-B001-1E07900BE48A
,Property,,,,,Ross Andru,pencils,None,,Deceased,,F9071874-F4C1-174E-96D5-67087579B981
,Property,,,,,Mike Esposito,inks,None,,Deceased,,85DA9390-4A4F-7645-AA93-DDD1A1C1C8C6
,Property,,,,,"Jerry Grandenetti
(Charles J. Grandenetti)",cover,None,,Deceased,,5928B08B-48E5-9E4F-80BA-0928EC577F37
ECHO,Character,The Flash 604,Batman: Legends of the Dark Knight #119,Jul-99,N,Greg Rucka,writer,"WFH, Creative Contributor",2009,,,7E24EE1B-F1AE-2C4F-84E5-917704541B1E
,Character,,,,,Rick Burchett,pencils,"WFH, Creative Contributor",2009,,,D4B1B768-472C-AB40-82E5-869C5C7CE471
"Eclipso
(Bruce Gordon)",Character,Traci 13,"House of Secrets #61
""Eclipso, the Genius Who Fought Himself""",Jul-63,Y,Bob Haney,writer,Contributor Recognition,,Deceased Contributor Agreement is with heirs.,,A2949514-DBD5-004B-B354-D0D2C7D1F18A
,Character,,,,,Lee Elias,"pencils, inks, cover",None,,,,C1D7206E-D238-114E-8CF3-B7B88EF37392
"Eclipso
(Alex Montez)",Character,Stargirl 104,JSA #26,Sep-01,N,Geoff Johns,writer,WFH,,,,C405DA8F-025E-194D-BC79-73A6AA4F4A03
,Character,,,,,"Ralph ""Rags"" Morales","pencils, cover",WFH,,,,A802CE0E-3633-CF45-A1CA-E138005982E7
,Character,,,,,"Michael Bair
(Michael Hernandez)",inks,WFH,,,,B93A7B3A-2D8A-4C41-9A3C-849AFDDE6215
,Character,,,,,John Kalisz,color,N/A,,,,1F784203-C606-9146-81F3-979916CEF0BC
"Eclipso
(Jean Loring)",Character,,"as Jean Loring:
Showcase #34
""Birth of the Atom""",Sep-61,N,Gardner F. Fox,writer,Creator Recognition,,Deceased Creator recognition agreement with heirs.,,E6052D84-402F-3A4B-8A58-F6D0FA569326
,Character,,,,,Gil Kane,"pencils, cover",None,,Deceased,,175D512A-2B1A-1B4F-BB84-A869BC6AF61F
,Character,,,,,Murphy Anderson,inks,None,,Deceased,,5DDD91D7-3F72-3D43-8635-978FD8F16178
,Character,,"as Eclipso:
Day of Vengeance #1",Jun-05,N,Bill Willingham,writer,WFH,,,,7190F1F7-1B76-E54E-943C-4F9F04988380
,Character,,,,,Josue Justiniano,pencils,WFH,,,,22B7876A-53C5-814F-B58D-D14BFFA233D4
,Character,,,,,Walden Wong,inks,WFH,,,,19869F10-2E3C-884E-A290-36002AB9EB9F
,Character,,,,,Walter Simonson,cover,WFH,,,,464165C6-63F3-794B-8FA9-571040296157
,Character,,,,,Chris Chuckry,color,N/A,,,,FF3D635B-E1B1-9D41-A174-F9201765DECF
"Eclipso
(Kalaa)",Character,,Team 7 #3,Feb-13,Y,Justin Jordan,writer,WFH,,,,CCC79120-9344-4C43-94E3-7EA51E2CE009
,Character,,,,,Julius Gopez,pencils,WFH,,,,AA69FF08-3771-3348-8E73-DDEAFE915585
,Character,,,,,"Krishner Angelo C. Salgado
(Jimbo Salgado)",inks,WFH,,,,5AA3F8C9-5D02-8E44-9B2B-28DD82832B42
,Character,,,,,Tyler Kirkham,cover pencils,WFH,,,,83BF253F-2707-A745-A461-FBF7C5FDC372
,Character,,,,,Matt Banning,cover inks,WFH,,,,C0050FF4-DC05-304E-B1A8-5D95F4010C65
,Character,,,,,Nathan Eyring,color,WFH,,,,FCA7FD9E-A41B-844F-8EC2-7DEA7B7CABDC
Eddie Corliss,Character,,The Brave and the Bold #54,Jul-64,N,Bob Haney,writer,Contributor Recognition,,Deceased Contributor Recognition agreement is with heirs.,,749B338B-89A9-FB48-B43D-D1AFBFD1F0B2
,Character,,,,,Bruno Premiani,"pencils, inks, cover",None,,,,E04B18C1-F21D-A449-BF60-49BC8C8C27F7
Eddie Deacon,Character,Dark Universe,"Detective Comics #410
""A Vow From the Grave""",Apr-71,Y,Dennis O'Neil,writer,Creator Recognition,2012,,,8319F8EE-F225-FF42-81C3-2139B46D8874
,Character,,,,,Neal Adams,"pencils, cover",Creator Recognition,2014,,,97559E22-EC0F-B646-ACFD-50D85F1763FA
,Character,,,,,Dick Giordano,inks,N/A,,"Giordano was an employee of DC at this time.
Deceased",,0B7DA7C0-E2E9-4846-A5B9-E9208F27A5B7
Eden Corps,Property,Flash 415,Green Arrow #97,Jun-95,N,Chuck Dixon,writer,Continuity Writer,,,,809B6CF3-FDEB-2842-A5C6-212E22DC0582
,Property,,,,,Rodolfo Damaggio,"pencils, cover pencils",WFH,,,,E4549661-908C-CD41-A1DE-50AAC0C49595
,Property,,,,,Gerry Fernandez,inks,WFH,,,,936FB253-2527-2242-B20E-B5E9A15BD014
,Property,,,,,Frank McLaughlin,inks,WFH,,Deceased,,D534D84F-D8EB-4644-8848-AE80C3BFA186
,Property,,,,,Rob Leigh,inks,WFH,,,,9FE8233D-2E37-5A48-8DE5-9DED7909EAD0
,Property,,,,,Klaus Janson,cover inks,WFH,,,,AACB7840-9401-074B-9957-770174EBDD8F
,Property,,,,,Lee Loughridge,color,N/A,,,,57C8B5A6-396E-5A4A-AE8C-A394FE9AA9F3
Eduardo Flamingo,Character,"Gotham 209
(11/16/2015)",Batman #666,Jul-07,N,Grant Morrison,writer,WFH; Exclusive,,,,E7F352BB-ED43-5B49-B395-5EFF4B88C1F0
,Character,,,,,Andy Kubert,"pencils, cover",WFH; Continuity,,,,D8E8C70D-D7DD-9F4E-A68E-896F16555ABD
,Character,,,,,Jesse Delperdang,inks,WFH,,,,1AA2439E-77C9-B243-9CE4-E7E923CAE511
,Character,,,,,Guy Major,color,N/A,,,,909CA626-6DC4-F740-A74D-5F36F3DBE320
Edward Elliot,Character,The Batman,Batman: Gates of Gotham #1 (Part One: A Bridge to the Past) ,Jul-11,N,Kyle Higgins,writer,WFH,,,,35573B85-1134-7E48-8D07-3A0D35AB3956
,Character,,,,,Scott Snyder,writer,WFH,,,,E5BABF53-300B-D447-8F6A-DAD242B4B322
,Character,,,,,Trevor McCarthy,"pencils, inks",WFH,,,,1608DC0F-0494-274D-A8E4-7EA106325CFA
Edward Reilly,Character,Stargirl 107,"Police Comics Vol 1 #1 
Firebrand: ""Introducing the Firebrand""",Aug-41,N,Jerry Igler,writer,None,,,,3FB97E6E-0133-EA49-BB94-595499ABA905
,Character,,,,,Reed Crandall,"pencils, inks",None,,,,FDE8D1F1-4A34-0F49-8D77-EC99ECCC49CB
Edwin Allman Pohe,Character,Arrow 503,"Detective Comics #500
""The Final Mystery of Edgar Allen Poe""",Mar-81,N,Mike W. Barr,writer,None,,,,AA486189-7B73-0747-9FED-E2DDFE545B8D
,Character,,,,,Jose Luis Garcia-Lopez,"pencils, inks, cover",Exclusive,,,,A9DF00D3-AFE9-9B47-BFEE-E9E68CCE3238
,Character,,,,,Joe Kubert,cover,None,,Deceased,,299D8F58-0E4F-B34A-B352-DBDB7DD302AC
,Character,,,,,Dick Giordano,cover,Exclusive,,"Giordano may have been an employee of DC at this time.
Deceased",,EEF03C14-3941-8C48-A0FD-6553843E36BA
,Character,,,,,Walter Simonson,cover,None,,,,AAAC14DE-5A10-9C42-87B4-DFD22FFC24F9
,Character,,,,,Thomas Yeates,cover,None,,,,DC7A5E8F-DF77-6D44-AFE8-DFF273A2E508
,Character,,,,,Jim Aparo,cover,None,,Deceased,,B08036FD-5891-634E-A07B-B0B2D490A071
,Character,,,,,Carmine Infantino,cover pencils,None,,Deceased,,474358F4-A4A1-E94C-A930-3A3D0C9C8C43
,Character,,,,,Robert R. Smith,cover inks,None,,,,DF433FED-1295-F547-9E2B-8E65E5445750
Egeria,Character,"Wonder Woman
(2017)","Wonder Woman Annual #1
""Amazons""",1988,N,George Perez,"writer, inks, cover pencils",Continuity,,,,DE9F0ABC-061C-6E4B-830D-A2E64601EF7F
,Character,,,,,Brian Bolland,pencils,WFH,,,,AE24AF69-2A59-9F42-92E6-8AC7CF5D60CB
,Character,,,,,Mark Farmer,inks,WFH,,,,0BD2857B-62FE-2744-910A-93BBE9A052F8
,Character,,,,,Chris Marrinan,pencils,WFH,,,,2C193A25-2A58-F041-A389-E78CA42B8B94
,Character,,,,,Will Blyberg,inks,WFH,,,,93FC3253-10E9-5E47-A4A7-DB36C0CE1AFD
,Character,,,,,Arthur Adams,"pencils, inks",WFH,,,,A229935B-9F5F-6746-9AF8-9A98D2CD6D20
,Character,,,,,John Bolton,"pencils, inks",WFH,,,,0E46A3F7-4659-7543-9103-B08745CF2A55
,Character,,,,,Jose Luis Garcia-Lopez,"pencils, inks",WFH,,,,E9385DAE-0B1E-1247-AF6A-0EC3A6319CEA
,Character,,,,,Curt Swan,pencils,WFH,,,,565F683F-08B0-6847-9041-6FF21BC0CEDC
,Character,,,,,Bob McLeod,inks,WFH,,,,519E439E-D6B7-484F-8EF9-A22C44CF486B
,Character,,,,,Ross Andru,pencils,WFH,,,,BFA58FD2-3298-F04D-9BC9-A39BF63D5C94
,Character,,,,,John Stracuzzi,cover inks,None,,,,8B22CA98-A0AB-5D4D-955C-ACE83217DD7C
,Character,,,,,Carl Gafford,color,N/A,,,,FE8DE35D-E5FD-424C-A913-29C28A9BC5CD
Egghead,Character,Plastic Man,"Batman (1966 TV Show)
""An Egg Grows in Gotham""",Oct-66,,,,,,,,08D2C250-DBFF-A84A-AE98-87081D1E5954
,Character,,"Batman: Shadow of the Bat #3
(cameo only)",Aug-92,N,Alan Grant,writer,WFH,,,,239F600F-E180-174A-B03F-6D42CEFD7825
,Character,,,,,Norm Breyfogle,"pencils, inks",None,,"Deceased
Breyfogle's WFH agreements for Shadow of the Bat #1 &2 have been located.",,4A3AA757-CEC9-0C47-8FC3-550C3E9789BD
,Character,,,,,"Jefferson Mitchell
(Brian Stelfreeze)",cover,WFH,,,,7458CCB7-C174-B24C-9E6C-A3A76C9C499B
,Character,,,,,Adrienne Roy,color,Exclusive,,Deceased,,900F0F44-924D-814D-BD3B-6D6A0BE22360
"Egghead
(Edgar Heed)",Character,Plastic Man,"The Brave and the Bold
""Day of the Dark Knight""",Jan-09,,,,,,,,7CC2EB4B-D711-F448-931B-90C71064BCC9
,Character,,Batman: The Brave and the Bold #16,Jun-10,Y,Landry Quinn Walker,writer,WFH,,,,426479A2-F9B8-2B40-96A5-100A9C3FAABB
,Character,,,,,Eric M. Jones,"pencils, inks, cover",WFH,,,,2C25A223-DB47-334B-960F-FA6FA68CDDB6
,Character,,,,,Eric Hestor,color,N/A,,,,665D2D79-FA9E-2649-8EB6-E41F97F95ED9
Dean Egghead,Character,Plastic Man,Showcase #65,Dec-66,N,E. Nelson Bridwell,writer,N/A,,"Bridwell may have been an employee of DC at this time.
Deceased",,CFE6D8BF-F699-E849-848B-A30BE31DD865
,Character,,,,,Joe Orlando,pencils,None,,,,88C0A9BC-1D5A-AC40-A6A4-87F87499E20A
,Character,,,,,Mike Esposito,"inks, cover inks",None,,Deceased,,0F1878D6-53FE-5A4D-8053-E72740A52F3A
,Character,,,,,Mike Sekowsky,cover pencils,None,,Deceased,,621C7CFB-77F2-954C-8299-4E4F19FC0254
"Elasti-Girl
(Rita Farr; Elasti-Woman)",Character,(SEE PERMISSION AGREEMENT WITH DISNEY/PIXAR),My Greatest Adventure #80,Jun-63,N,Arnold Drake,writer,None,2006,Deceased,,63866AEA-66B9-5143-BB8E-2D1618B7841F
,Character,,,,,Bob Haney,writer,Contributor Recognition,,Deceased Contributor Recognition Agreement is with heirs.,,DB294CA1-0A3A-104C-B0B9-69EAE249022C
,Character,,,,,Bruno Premiani,"pencils, inks, cover",None,,Deceased,,7565332C-0FEF-2642-B11D-BA8A22B8D83C
"El Diablo
(Lazarus Lane)",Character,"Suicide Squad
(2016)","All-Star Western #2
""The Devil Has Two Faces""",Oct-70,Y,Robert Kanigher,writer,N/A,,"Kanigher was an employee of DC from 2/3/47 - 5/31/82.
Deceased",,6AAC5AB9-3566-D147-89CE-58E776A9846A
,Character,,,,,Gray Morrow,"pencils, inks",None,,Deceased,,3DFE7106-839A-3C44-8CA4-C7731D4ACC70
,Character,,,,,Neal Adams,cover ,Creator Recognition,,,,808EF16D-E957-9049-B85B-39B6427B065C
"El Diablo
(Rafael Sandoval)",Character,"Suicide Squad
(2016)",El Diablo #1,Aug-89,Y,Gerard Jones,writer,Continuity; WFH,,DC no longer has an active relationship with Jones due to criminal conviction.,,A6439826-E264-7846-9581-3EA902FFD292
,Character,,,,,Mike Parobeck,"pencils, cover pencils",Continuity; WFH,,Deceased,,951A4601-35DB-BC4C-BF2D-B0B421E92FD6
,Character,,,,,John Nyberg,"inks, cover inks",Continuity; WFH,,,,11F38961-5BA4-3D41-9493-5AA61F7B832F
,Character,,,,,Lovern Kindzierski,color,N/A,,,,7E804AFD-5771-1446-90B6-E3CEDE2BCA60
"El Diablo
(Chato Santana)",Character,"Suicide Squad
(2016)",El Diablo #1,Nov-08,Y,Jai Nitz,writer,WFH,2017,,,D9039FC0-7125-5444-AFE1-2431E828ECB0
,Character,,,,,Phil Hester,"pencils, cover pencils",WFH,2017,,,7BA301F2-7255-EE40-B3D8-94B8954C4958
,Character,,,,,Ande Parks,"inks, cover inks",WFH,,,,8A57862D-6273-0B47-B58C-A4D280EB2814
,Character,,,,,Guy Major,color,N/A,,,,8A680C23-5619-944A-A2D0-1417EE627337
Elder Martin,Character,,Hellblazer #4,Apr-88,N,Jamie Delano,writer,WFH,,,,AE6A5C8E-2FF6-554C-ACCB-92D3671BD084
,Character,,,,,John Ridgway,"pencils, inks",WFH,,,,1ADC724A-1442-A74F-8CC5-7120675EC420
,Character,,,,,Dave McKean,cover,WFH,,,,E8A0A783-BE3F-BB45-B460-F8FDB2C51B46
,Character,,,,,Lovern Kindzierski,color,N/A,,,,FA919640-E4E5-BE44-831D-6AF78A2D257B
"Electrocutioner I
(Buchinsky)",Character,,"Batman #331
""Closed Circuit""",Jan-81,Y,Marv Wolfman,plot,Exclusive,,,,53950EF4-4462-234F-8703-DD672A2848A9
,Character,,,,,Michael Fleisher,script,None,,,,8F44A249-2F44-2144-8C58-4E898784A0B1
,Character,,,,,"Irving ""Irv"" Novick",pencils,N/A,,"Novick was an employee of DC Comics from 5/9/67 - 12/28/84.
Deceased",,7632F0D6-EB65-AF44-9B54-E76FE0F7E086
,Character,,,,,Frank McLaughlin,inks,Exclusive,,,,61395D9C-98A7-644C-B35D-ED3CFDD86C85
,Character,,,,,Jim Aparo,cover,None,,Deceased,,B13DDB49-5DCA-0946-AAC9-45E7EECCF2D9
,Character,,,,,Adrienne Roy,color,N/A,,Deceased,,F85FCD1A-3D68-354E-8E4C-7D198E4DE3CF
Electrocutioner II,Character,,Detective Comics #626,Feb-91,N,Marv Wolfman,writer,WFH,,,,2DCC6BF3-9AC8-024C-BC65-7AA749D65D2D
,Character,,,,,Jim Aparo,pencils,Continuity,,,,5FB49E79-CF83-6C41-9608-D192C46B2158
,Character,,,,,Mike DeCarlo,inks,WFH,,,,1D9304D1-A5DA-BF4E-BC7E-93C1272DF98D
,Character,,,,,Michael Golden,cover,None,,,,2A8682AB-4B37-1049-898D-EF76DFCB1C05
,Character,,,,,Adrienne Roy,color,Exclusive,,Deceased,,742FA280-9385-CD45-BC29-567821678A14
"Electrocutioner III
(Lester Buchinsky - brother of Electrocutioner I)",Character,,Detective Comics #644,May-92,Y,Chuck Dixon,writer,WFH,,,,1E096425-11BA-CF4F-9034-CA5881EA33AE
,Character,,,,,Tom Lyle,pencils,WFH,,,,A6A7E7FD-D032-E14F-AA10-094D77B33E3D
,Character,,,,,Scott Hanna,inks,WFH,,,,6EFAEC7A-4453-4749-A2AB-C700184B7763
,Character,,,,,Michael Golden,cover,None,,,,D43C8D78-F2E7-4F4A-8D86-C9BAB0D42CD5
,Character,,,,,Adrienne Roy,color,Exclusive,,Deceased,,C9C3D636-A060-9B4A-99D2-EC6DF59C59F2
Electron,Character,"Point Blank
Sleeper",Sleeper: Season 2 #1,Aug-04,N,Ed Brubaker,writer,WFH,,,,18F335DD-F96F-0F46-BBFA-2BE055823B58
,Character,,,,,Sean Phillips,"pencils, inks, cover",WFH,,,,6FCB8924-EECA-2345-BD15-5FC7B6458599
,Character,,,,,Alex Sinclair,color,N/A,,,,DFDAB624-6B16-BE4C-9DDF-B0A68624C39F
,Character,,,,,Carrie Strachan,color,N/A,,,,C0427DA1-E4D2-204A-8126-78F7A6517778
"Element Lad
(Mystery Lad; Jan Arrah)",Character,,"Adventure Comics #307
""The Secret Power of the Mystery Super-Hero""",Apr-63,Y,Edmond Hamilton,writer,None,,Deceased,,0371A217-245E-7B45-845F-EA7BFCBB565C
,Character,,,,,John Forte,"pencils, inks",None,,Deceased,,1074976A-B4FA-CE4A-9926-14D7A338293B
,Character,,,,,Curt Swan,cover pencils,None,,Deceased,,40677037-E231-764D-8F7C-0F2A6842C4C0
,Character,,,,,George Klein,cover inks,None,,Deceased,,F922B2D3-E474-0944-B186-2C4E77AEA9F3
"Element Woman
(Emily Sung; Element Girl)",Character,,Justice League vol 2 #16,Mar-13,N,Geoff Johns,writer,WFH,,,,38731718-0AB1-F344-90C3-605B6EFE4457
,Character,,,,,Ivan Reis,"pencils, inks",WFH,,,,E5D20482-0F52-0445-9ADF-97A60579102E
,Character,,,,,Joe Prado,inks,WFH,,,,C9A12289-3118-314A-A95E-E97C16842519
,Character,,,,,Rod Reis,color,WFH,,,,FE5BD498-AB56-7F47-BC5D-67CB35170EEE
Elinore Stone,Character,"Justice League
(2017)",New Teen Titans #7,May-81,N,Marv Wolfman,writer,Exclusive,1983,,,FB127233-EC06-0D4A-ACF3-F55576D6D856
,Character,,,,,George Perez,"pencils, cover",Exclusive,1983,,,E8090941-B01B-3E44-BCFF-FB5B8F69D3AD
,Character,,,,,Romeo Tanghal,inks,Exclusive,,,,A81662A2-3403-434D-B183-19F5FCB5603C
,Character,,,,,John Drake,color,N/A,,,,22D27747-E3F6-6C45-923D-8EC06D906F09
"The Elite
(Manchester Black, Sister Superior, Coldcast, Menagerie, Hat)",Property,Supergirl 413,Action Comics #775,Mar-01,N,Joe Kelly,writer,Continuity Writer,,,,743A8DC6-7B11-3441-AA31-33BC543B2DB3
,Character,,,,,Doug Mahnke,pencils,Continuity Artist; WFH,,,,BD998D78-B1D5-8148-A5C6-BE519A9ADA7E
,Character,,,,,Lee Bermejo,pencils,None,,,,6DC9618F-7FB8-1245-91F4-F7FA8CBF8C0C
,Character,,,,,Tom Nguyen,inks,WFH,,,,3D4B4DCD-ED68-2D40-9058-7C39A3A4F8E1
,Character,,,,,Dexter Vines,inks,WFH,,,,FD2C9CFD-8EB8-7842-970B-7D5CAE936B39
,Character,,,,,Jim Royal,inks,None,,,,577E66BF-65EB-E540-91AA-FBBFE0605A0F
,Character,,,,,Jose Marzan,inks,WFH,,,,98AF39DF-1938-994A-9124-9054B343B261
,Character,,,,,Wade von Grawbadger,inks,WFH,,,,9409051B-1631-7142-8D96-81F7D5CE1086
,Character,,,,,Wayne Faucher,inks,WFH,,,,372CDD07-FB81-8643-88AF-7664382F1600
,Character,,,,,Tim Bradstreet,cover,WFH,,,,7AAF558D-D2C4-1B43-8437-EBC3734300EB
,Character,,,,,Rob Schwager,color,N/A,,,,034C2261-92FA-4A4F-B4E1-B997E893FE85
"Elizabeth ""Beth"" Kane
(Alice)",Character,Gotham 303,"Detective Comics #854
""Agitato""",Aug-09,N,Greg Rucka,writer,WFH,,,,765DE574-5E8C-D241-954A-841CE608422F
,Character,,,,,James H. Williams III,"pencils, inks, cover",WFH,,,,F068EC05-0A89-7D49-8BEF-4CB08232EC8E
,Character,,,,,Dave Stewart,color,N/A,,,,E972DE3A-C3F2-0B49-BCE8-CD50871078BC
Ellen Evans,Character,,"Action Comics #265
""The Day Supergirl Revealed Herself"" ",Jun-60,N,"Jerome ""Jerry"" Siegel",writer,Settlement,,Deceased Settlement is with heirs.,,6B424317-A87F-8F49-84E4-246F8348D504
,Character,,,,,"James ""Jim"" Mooney","pencils, inks",None,,Deceased,,30F0470D-4C13-C84B-82E5-5A936E52DBB2
"The Elliot Family
(Roger & Marla)",Character,"Gotham 205
(10/19/2015)",Detective Comics #847,Oct-08,N,Paul Dini,writer,WFH,,,,B88C5A36-3F28-0D43-9955-D0BF927C9974
,Character,,,,,Dustin Nguyen,"pencils, cover",WFH,,,,E3E772E9-F029-1241-85DA-E80E1AC8E8B7
,Character,,,,,Derek Fridolfs,inks,WFH,,,,1A239D77-4205-E94A-8090-947B4979C3F1
,Character,,,,,John Kalisz,color,N/A,,,,5A3B5293-6918-9147-A520-0739A902B90D
Elmond High School,Location,Titans 110,Showcase #75,Jun-68,N,Steve Skeates,writer,None,,Giordano and Infantino were both employees of DC at this time and are both Deceased ,,675ADB2A-186A-DE4F-BB3F-2C3E1042B795
,Location,,,,,Steve Ditko,"plot, pencils, inks, cover",Creator Recognition,,,,18B92495-CCE1-1142-B3FF-B32392C6170A
,Location,,,,,Dick Giordano,editor,N/A,,,,D2DE31E5-5458-9C45-9ED2-1A9BECCAE291
,Location,,,,,Carmine Infantino,editor,Settlement,,,,6E471551-2254-5843-87A7-209D07CF0F98
"The Elongated Man
(Ralph Dibny)",Character,,"The Flash #112
""Mystery of the Elongated Man""",Apr-60,Y,John Broome,writer,None,,Deceased,,B4F168D8-EC56-7544-B18D-B3C83BC920E2
,Character,,,,,Carmine Infantino,"pencils, cover pencils",Settlement,,Deceased,,C90C9A45-C5ED-1C43-9B26-4BDEC4F6A73F
,Character,,,,,Joe Giella,"inks, cover inks",None,,,,06C7DCA8-F0D8-8649-A858-0D1D7942642A
"Emerald Empress
(Sarya)",Character,,Adventure Comics #352,Jan-67,Y,"James ""Jim"" Shooter",writer,None,,,,8BFDBA15-113D-5041-B370-791E464B0490
,Character,,,,,Curt Swan,"pencils, cover pencils",None,,Deceased,,9AA0413B-CAC1-DD4E-977F-5FEEC0B166FB
,Character,,,,,George Klein,"inks, cover inks",None,,Deceased,,2EABDBB8-8BA2-C14D-91E4-462ED7364F6B
"Emerald Empress
(Cera Kesh)",Character,,Legionnaires #2,May-93,N,Tom Bierbaum,writer,Continuity,,,,901522E7-9F55-584C-A1F4-8E8BD159D610
,Character,,,,,Mary Bierbaum,writer,Continuity,,,,42F515E3-F880-1148-88B7-5DCF155DC5F4
,Character,,,,,Chris Sprouse,"pencils, cover pencils",WFH,,,,63E0D09B-AA2B-5C40-A93F-1F14F72A2896
,Character,,,,,Karl Story,"inks, cover inks",WFH,,,,120BFC48-793C-E848-9320-AFFF080E328D
,Character,,,,,Tom McCraw,color,N/A,,,,F81A5B22-8EC1-D046-8183-2FA69B8BBA2A
"Emerald Empress
(Empress)",Character,,Legion of Super-Heroes #78,Mar-96,N,Tom McCraw,"writer, color",WFH,,,,014098E0-0C9D-9E46-A653-2798DE251434
,Character,,,,,Tom Peyer,writer,WFH,,,,E8103129-CA1C-E745-9670-7ABB6224E646
,Character,,,,,Lee Moder,pencils,WFH,,,,44A61F80-FFDB-7F44-B06D-9875928C2108
,Character,,,,,Ron Boyd,inks,None,,,,B9F775A6-0E60-6B46-8359-C7D3F6B0E107
,Character,,,,,Alan Davis,cover pencils,WFH,,,,5F14AA5B-903B-2A46-9185-B85CC0DF8A05
,Character,,,,,Mark Farmer,cover inks,WFH,,,,911C62B3-4381-5C4B-B249-DD90F38C6E78
"Emperor Blackgate
(Emperor Penguin; Ignatius Ogilvy)",Character,,Detective Comics vol 2 #13,Dec-12,N,John Layman,writer,WFH,,,,E7B4C3BA-636B-754D-9DFE-5A2659A1DB0B
,Character,,,,,Jason Fabok,"pencils, inks",WFH,,,,1FA1BA63-9ECC-BC42-A6D3-6304443A6522
"Enchantress
(June Moone)",Character,"Suicide Squad
(2016)","Strange Adventures #187
""The Enchantress of Terror Castle""",Apr-66,Y,Bob Haney,writer,Contributor Recognition,,Deceased Contributor Recognition Agreement is with heirs.,,5421DAEF-93A6-794D-8804-04844435AD0B
,Character,,,,,Howard Purcell,pencils,None,,Deceased,,F1ECD56F-A70E-BA49-9240-A39AA54F2163
,Character,,,,,Sheldon Moldoff,inks,None,,Deceased,,54F2DA6D-2555-0841-8135-46973AD69B49
,Character,,,,,Jack Sparling,cover,None,,Deceased,,92B326E3-ED55-C44A-878B-1ACE0FD64D39
Enigma,Character,,Teen Titans #38,Sep-06,N,Geoff Johns,writer,WFH,,,,2AEDBBEC-9BC5-474D-AF52-7C7EDA81E241
,Character,,,,,Carlos Ferreira,pencils,WFH,,,,F5461B2E-BF51-8945-BA10-AF42C33FB8F4
,Character,,,,,Art Thibert,inks,WFH,,,,410BBF33-2CDB-6845-9FD3-FED9C9117231
,Character,,,,,Drew Geraci,inks,WFH,,,,AD63A711-D2FA-B044-B89D-422A3781ECF5
"The Engineer
(Angela Spica)",Character,,The Authority #1,May-99,Y,Warren Ellis,writer,None,,"WFH agreements located for issues 4, 6-12.",,2914D1FB-52B6-4B44-9561-AB41E25B8227
,Character,,,,,Bryan Hitch,"pencils, cover pencils",None,,WFH agreements located for issues 2-12.,,62D48144-F5EA-EF46-A20F-73E6D1949981
,Character,,,,,Paul Neary,"inks, cover inks",None,,WFH agreements located for issues 2-12.,,285B5731-6D45-8D46-A3BD-64CA4EFA54DB
,Character,,,,,Laura Depuy Martin,color,N/A,,,,2D2AE5B0-706B-E444-8A65-F3759744B117
Ephram Snow,Character,Gotham 416,"Batman #35
""The Paleman""",Dec-14,N,James Tynion IV,writer,WFH,,,,42FD1C94-D1D1-CE4D-AAE7-A4B02CF18BB2
,Character,,,,,Kelley Jones,"pencils, inks",WFH,,,,75F54F0F-0630-1940-86E0-EC7D5A0E8E33
,Character,,,,,Greg Capullo,cover pencils,WFH,,,,AC8C8995-9312-B045-B94C-07B322100B41
,Character,,,,,Danny Miki,cover inks,WFH,,,,6AAB88F7-30E5-EE42-9F72-7700EB9BE09A
,Character,,,,,Michelle Madsen,color,N/A,,,,8E691713-E146-1848-82F8-B3521C18FCBA
,Character,,,,,FCO Plascencia,cover color,N/A,,,,2A3CCDA3-864B-5D44-A068-3738C98AE6AE
Epione,Character,"Wonder Woman
(2017)",Wonder Woman #7,Aug-87,N,George Perez,"plot, pencils, cover",Continuity,,,,45E2407B-A6DF-BD49-94BD-7E9363FE6816
,Character,,,,,Len Wein,script,WFH,,Deceased,,FFCE2BA5-825E-CC41-A413-609BDA85172D
,Character,,,,,Bruce Patterson,inks,WFH,,,,02DDDB0D-7E9F-0A4F-9359-A22DED078189
,Character,,,,,Tatjana Wood,color,N/A,,,,090F170B-F554-A942-A207-7BD24AA28681
Epiphany Greaves,Character,,Hellblazer #256,Aug-09,N,Peter Milligan,writer,None,,"WFH agreements for Hellblazer #250-255, #257, and #260-270 have been located.",,EFC5B4DB-13FA-5247-92D9-BF768A143D93
,Character,,,,,Giuseppe Camuncoli,pencils,WFH,,,,95FA7C4D-3A50-4243-8C29-4F39FD299217
,Character,,,,,Stefano Landini,inks,WFH,,,,F36EFDF5-DA88-2845-B767-96F5179CA24B
,Character,,,,,Simon Bisley,cover,WFH,,,,B252238F-B96A-AB4B-9CCE-790D7177075E
,Character,,,,,Jamie Grant,color,N/A,,,,8A838E93-31DF-604C-8CE7-53708D153D60
The Eradicator,Character,,Action Comics Annual #2,1989,N,Jerry Ordway,"writer, pencils, cover inks",None,,,,CDA5A031-E9D2-0148-9413-BDF0BF7E1821
,Character,,,,,George Perez,"writer, inks, cover pencils",WFH,,,,A340671E-97DE-744B-9442-572501ED58E0
,Character,,,,,Roger Stern,writer,Continuity,,,,9B1D6898-15BB-AE44-949C-54896835CC06
,Character,,,,,Curt Swan,pencils,Exclusive,,Deceased,,D99C7BE4-916A-9649-A6D8-5E7DE28C45F2
,Character,,,,,Mike Mignola,pencils,None,,,,A5D62540-0CC2-2544-9C66-2B679D446ED9
,Character,,,,,John Statema,inks,None,,,,1984C350-1698-A842-98A4-31D56FA0E2DB
,Character,,,,,Brett Breeding,inks,WFH,,,,B77BA0F4-223B-E841-B647-9488A577872C
,Character,,,,,Glenn Whitmore,color,N/A,,,,06A5678D-6EA5-8349-BB24-FEB0B8E709AD
"Eraser
(Leonard Fiasco)",Character,Lego Batman,"Batman #188
""The Eraser Who Tried To Rub Out Batman""",Dec-66,Y,John Broome,writer,None,,Deceased,,1B075831-E893-5849-8484-F289E59C0A2D
,Character,,,,,Sheldon Moldoff,pencils,None,,"Deceased
Per the library and Wayne Smith (Corp. Legal), please check to see if Bob Kane should also be included in credits.",,AFE9683A-87BC-444F-AD8E-358BD5E438D7
,Character,,,,,Joe Giella,"inks, cover inks",None,,,,8C0C3131-C3A6-4249-A286-417E542A76CC
,Character,,,,,Carmine Infantino,cover pencils,Settlement,,Deceased,,1147AFBB-267F-4641-B79D-6D835AC0F5F4
Eric Forrester,Character,,New Teen Titans #48,Oct-88,N,Marv Wolfman,writer,Employment; WFH,,,,4F6999DB-7184-A741-ACFD-386CCD4C7B91
,Character,,,,,Eduardo Barreto,"pencils, cover",WFH,,,,1DE11586-DF7C-BE4C-B585-159BCF87A9D4
,Character,,,,,Romeo Tanghal,inks,WFH,,,,C70E3B39-C177-3C42-A27C-E8BF9602C44F
,Character,,,,,Adrienne Roy,color,N/A,,Deceased,,2B158CE3-1AFE-B84B-BB6C-55DC26CAFA0D
"Eric Morden
(Mr. Nobody)",Character,,"as Mr. Morden:
Doom Patrol #86
""The Brotherhood of Evil""",Mar-64,N,Arnold Drake,writer,None,2006,Deceased,,3A793E88-9E0D-BE49-9262-E065C1AD2F00
,Character,,,,,Bruno Premiani,"pencils, inks",None,,Deceased,,489E00DF-E864-754D-966C-AC734A35BFD8
,Character,,,,,Bob Brown,cover,None,,,,892D453A-16C9-9A44-AFC9-099F9A5C39A8
,Character,,"as Mr. Nobody:
Doom Patrol #26",Sep-89,N,Grant Morrison,writer,WFH,,,,52006A64-8474-164F-8545-1DFBA1DCACA8
,Character,,,,,Richard Case,pencils,WFH,,,,83B5FF73-521B-7740-B716-40F8531B33CB
,Character,,,,,John Nyberg,inks,WFH,,,,210070A9-2BF9-9749-96E0-76FE7846751E
,Character,,,,,Simon Bisley,cover,WFH,,,,7646E2D2-AB77-2F43-BF23-EEEC335C8447
,Character,,,,,Daniel Vozzo,color,N/A,,,,EE6F39FD-279C-2741-8702-209B00648CAC
Esperanza Garcia,Character,Flash 602,Titans #30,Dec-10,N,Eric Wallace,writer,WFH,,,,52EAD5E0-3DBF-E440-A189-F2226D770A52
,Character,,,,,Fabrizio Fiorentino,"pencils, inks, cover",WFH,,,,3B00EBDC-1F23-4649-9DF7-7B75A0458C77
Etcher,Character,"Point Blank
Sleeper",Sleeper #3,May-03,N,Ed Brubaker,writer,WFH,,,,F34F779A-3527-7A45-8515-754538EDFE8C
,Character,,,,,Sean Phillips,"pencils, inks, cover",WFH,,,,66D1689C-CF62-B14B-982D-44A1D7EB2B6A
,Character,,,,,Tony Avina,color,N/A,,,,BB32EA16-CF05-D143-9DBA-12A2D0EFF9DC
"Etta Candy
(Golden Age)",Character,,"Sensation Comics #2
""Dr. Poison""",Feb-42,N,William Moulton Marston,writer,Marston agreements (7/31/41; 1/15/46; 7/25/51),,Deceased Final agreement is with Estate.,,37ECAB39-CC95-C140-9E34-6343E281BC0F
,Character,,,,,Harry G. Peter,"pencils, inks, cover",Artist,,Deceased,,1C3D3E1A-7E37-0245-8E18-709B37F59CED
"Etta Candy
(Modern Age)",Character,,Wonder Woman #2,Mar-87,N,Greg Potter,writer,WFH,,,,84D0FB4F-ACCD-1F49-905F-9A6FB1E17206
,Character,,,,,George Perez,"plot, pencils, cover",Continuity,,,,F80FA0D7-55CF-064E-B376-C5AF7120EFB2
,Character,,,,,Bruce Patterson,inks,WFH,,,,24FC74DB-18E7-D54C-847E-0C897DC5ACA9
,Character,,,,,Tatjana Wood,color,N/A,,,,CB6C926B-6A0B-C748-BDF2-ECB6056502EE
Euboea,Character,"Wonder Woman
(2017)",Wonder Woman #10,Nov-87,N,George Perez,"plot, pencils, cover",Continuity,,,,42B9F8A3-66AE-2843-A7E1-38D67660188D
,Character,,,,,Len Wein,script,WFH,,Deceased,,27E365F6-12EC-C745-8DAE-BF5B741C0412
,Character,,,,,Bruce Patterson,inks,WFH,,,,0B24A25B-C857-3545-AE87-6127D52C6363
,Character,,,,,Carl Gafford,color,N/A,,,,233DF3C3-8DF1-584A-BA1A-D453140817F8
Eve Teschmacher,Character,Supergirl 201,Superman,1978,,Richard Donner,director,,,,,52F82465-06B1-FF48-9C27-053B49539BEB
,Character,,"First comic appearance:
JLA: Earth-2 OGN",2000,N,Grant Morrison,writer,Graphic Novel Writer,,,,F728EAE6-0F92-DF47-AF33-50E7ADED69E2
,Character,,,,,"Vincent Deighan
(Frank Quitely)","pencils, inks, cover",Graphic Novel Artist,,,,DD61340F-00C0-5F46-852B-4F4A97B718E3
,Character,,,,,Laura Depuy Martin,color,N/A,,,,41B3AF28-9FCD-CD43-B0D4-12CFA8442687
Evelyn Dent,Character,,Countdown Presents: The Search for Ray Palmer: Crime Society #1,Dec-07,,Sean McKeever,writer,,,,,31253B56-7922-D344-9D9F-FE3846F5302D
,Character,,,,,Jamal Igle,pencils,,,,,524ED056-7638-E141-9A85-A03A82BE14B9
,Character,,,,,Rob Hunter,inks,,,,,340234ED-A3C9-2A49-A278-F437629672D1
,Character,,,,,John Kalisz,colors,,,,,EDE0DA81-ECC4-BA4D-B518-746B1280298A
The Executor,Property,,The Executor OGN,2010,Y,Jon Evans,writer,Sole Creator/All Rights; Writer,2007,,,E1F43C13-76B1-D842-B27A-9400CDC97D2A
,Property,,,,,Andrea Mutti,"pencils, inks",Graphic Novel,,,,D56E8074-BDC5-B646-B8D9-B9B62B145DF5
,Property,,,,,Lee Bermejo,cover ,WFH,,,,7D95206D-61AC-7A41-A482-4455F203300A
Fables,Property,,Fables #1,Jul-02,Y,Bill Willingham,writer,Sole Creator/First & Last Rights; Writer; Literary Option,2001,,,48218A53-E518-024B-8D29-D20CD0B0F7DD
,Property,,,,,Lan Medina,pencils,WFH,,,,04FA8CDE-916C-D846-B1E4-F994AEE46DC7
,Property,,,,,Steve Leialoha,inks,WFH,,,,8EF94CCE-94E0-FA46-B014-F96FAA06289D
,Property,,,,,James Jean,cover,WFH,,,,BFA0976A-BDB0-CA41-AE04-C83EE31023A1
,Property,,,,,Alexander Maleev,cover (variant),None,,,,97EAD4A8-167D-1144-8673-551587EC78CA
,Property,,,,,Sherilyn Van Valkenburgh,color,N/A,,,,D0F3B324-4761-2B43-8168-C6572E74F84B
,Property,,Fables: 1001 Nights of Snowfall ,2006,Y,Bill Willingham,writer,Writer,,,,D3B71E50-CA61-7C44-A809-94855A5E7AF5
,Property,,,,,Esao Andrews,artist,Graphic Novel Artist,,,,BD056D95-C4ED-FA4D-BD13-42AA60F3899E
,Property,,,,,Brian Bolland,artist,Graphic Novel Artist,,,,A01DD7E1-5F2E-174A-B5BD-0F8F5FC44D56
,Property,,,,,John Bolton,artist,Graphic Novel Artist,,,,9FBEDD07-58BA-924D-9FED-475DEA27CC3F
,Property,,,,,Mark Buckingham,artist,Graphic Novel Artist,,,,E4BAF357-B5BC-9042-AD40-88C4AC71E58E
,Property,,,,,James Jean,"artist, cover",Graphic Novel Artist,,,,C27FFCF9-C595-B944-B262-47CC07797328
,Property,,,,,Mike Kaluta,artist,Graphic Novel Artist,,,,32926D88-86E6-DC43-9137-02A19D17A2CC
,Property,,,,,Derek Kirk Kim,artist,Graphic Novel Artist,,,,70C7C3CF-367B-5545-B02D-441F67816206
,Property,,,,,Tara McPherson,artist,Graphic Novel Artist,,,,3BFD59B9-053B-5A4B-BECC-FA70731CDA8E
,Property,,,,,Jill Thomson,artist,Graphic Novel Artist,,,,8D78C483-7086-4C4E-863F-B47D6F1D8B57
,Property,,,,,Charles Vess,artist,Graphic Novel Artist,,,,C649DE8E-47D7-C24D-8A32-87919233F381
,Property,,,,,Mark Wheatley,artist,Graphic Novel Artist,,,,055AF194-C106-8449-B021-206A541378FE
,Property,,Fables: The Last Castle,2003,Y,Bill Willingham,writer,Writer,,,,CA49AF9D-110A-E24B-A6AF-B30665659785
,Property,,,,,Craig Hamilton,pencils,Prestige Artist,,,,C539286A-E2C2-3844-A5C8-9EF36808CC4B
,Property,,,,,P. Craig Russell,inks,Prestige Artist,,,,9D34F4B9-6BC1-1746-AD87-52ADF0BA31E3
,Property,,,,,James Jean,cover,WFH,,,,F7563EB6-0CF5-7A46-AE5C-9D2ABEEE1C48
,Property,,,,,Lovern Kindzierski,color,N/A,,,,FCDE5270-7654-8E4D-A718-40F9D809F350
,Property,,Jack of Fables #1,Sep-06,Y,Bill Willingham,co-writer,Writer,,,,A88DECE4-DD55-1F44-BD21-E0D64BE45301
,Property,,,,,Matt Sturges,co-writer,WFH,,,,D9AD8EF4-2831-1343-8B9E-8B7026ED68B0
,Property,,,,,Tony Akins,pencils,WFH,,,,A2AC169D-0048-6D46-BBE7-A11A24F456E2
,Property,,,,,Andrew Pepoy,inks,WFH,,,,7966B05E-3AE9-2347-BA56-38EA26B1AC47
,Property,,,,,James Jean,cover,WFH,,,,BA21CFB4-38CC-C241-9205-937D570CB2DF
,Property,,,,,Danny Vozzo,color,N/A,,,,ABC6D69C-17BE-CC4F-B203-3B1E7EF01375
,Property,,Peter & Max: A Fables Novel,2009,Y,Bill Willingham,writer,Writer,,,,8B7BCC12-BF93-8A4F-9785-48C0F549560B
,Property,,,,,Steve Leialoha,"pencils, inks, cover",Graphic Novel Artist,,,,0960744D-5DB3-184E-96FA-35387CDCBBD9
"Faghag
(Claudia)",Character,"Point Blank
Sleeper",Sleeper: Season 2 #6,Jan-05,N,Ed Brubaker,writer,WFH,,,,FBAA417F-7DE6-D54D-BF82-B9555FC35566
,Character,,,,,Sean Phillips,"pencils, inks, cover",WFH,,,,2AC5CD5B-E783-0A4F-8872-6340B8B6F4BC
,Character,,,,,Carrie Strachan,color,N/A,,,,296B79B0-B655-6543-9839-A6B843D90242
"Fallout
(Neil Borman)",Character,Flash 304,Flash: Iron Heights,2001,N,Geoff Johns,writer,Prestige Writer,2003,,,E5E21902-22D8-F643-BCCF-CCBE11332DC6
,Character,,,,,Ethan Van Sciver,"pencils, cover pencils",Prestige Artist,2003,,,EFFF1506-8E93-9D47-BF3E-7D72AAA63C68
,Character,,,,,Prentis Rollins,"inks, cover inks",Prestige Artist,,,,EF658CC2-DDE0-974F-9750-11DDE9A8FB1B
,Character,,,,,Chris Chuckry,color,Color Artist,,,,0C6BC6F2-F480-0648-B0A4-484E6567B19A
"The False Face Society
(led by the Joker)",Property,,"Batman #152
""The False Face Society""",Dec-62,Y,Bill Finger,writer,Contributor Recognition,,Deceased Contributor Recognition Agreement is with heir.,,5A27DDD7-9923-8641-B94B-41B103F63201
,Property,,,,,Sheldon Moldoff,pencils & cover artist,None,,"Deceased
Per the library and Wayne Smith (Corp. Legal), please check to see if Bob Kane should also be included in credits.",,29EDBEE8-5D47-034B-8007-C835AB145450
,Property,,,,,Charles Paris,inker,None,,Deceased,,67A018A7-E03A-E648-8BDC-AA3C280A68AE
"The False Face Society
(led by Black Mask)",Property,"Birds of Prey 
(2020)",Batman #386,Aug-85,N,Doug Moench,writer,WFH,,,,86CD8E72-7E47-BF48-AFEB-D374184F149F
,Property,,,,,Tom Mandrake,"pencils, inks, cover",WFH,,,,1EA8158F-A145-A748-9E1C-DD28E44EE3F5
,Property,,,,,Adrienne Roy,color,Exclusive,,Deceased,,7B3F62EE-5E70-8344-B40F-67469CAB816F
Farfarmniflatch,Character,Supergirl 501,Young Heroes in Love #17,Oct-98,N,Dan Raspler dba Metrognome,writer,Joint Creator/All Rights; Writer,,"Reversion Agreement Dated January 19, 2006",,C0A103AF-0F89-1640-9CC0-D2FEAB2D47B2
,Character,,,,,Dev Madan,pencils,Joint Creator/All Rights; Artist,,"Reversion Agreement Dated January 19, 2006",,D6A0C13D-503A-DD46-A58D-B8DE1ABF7DE5
,Character,,,,,Chris Jones,pencils,WFH,,,,9A1CD748-BF9F-3A4F-AFA5-FDC89188839C
,Character,,,,,Sal Buscema,inks,WFH,,,,09A02558-51FB-D344-B2A8-7F0E7A066929
,Character,,,,,Keith Champagne,inks,WFH,,,,C69B645C-1B3D-0F43-AAF5-E0059DF90942
Faruka,Character,Wonder Woman (2017),Wonder Woman #32,Jul-89,N,George Perez,"writer, cover",WFH; Continuity; Exclusive,,,,D6F6ED68-F665-8B49-9168-1E44F9C8AD54
,Character,,,,,Tom Grummett,pencils,WFH,,,,5BC9FF90-2CD4-C549-AE7E-C8B84A076A31
,Character,,,,,Steve Montano,inks,WFH,,,,DD012D60-1028-F84E-A246-743E3C1CCC4F
,Character,,,,,Carl Gafford,color,N/A,,,,FB5C9D51-4721-C047-A250-8C144A529010
"The Fatal Five
(Emerald Empress; Mano; The Persuader; Tharok; Validus)",Property,,Adventure Comics #352,Jan-67,Y,"James ""Jim"" Shooter",writer,None,,,,490F1EF6-B7C7-5049-B7EF-82F824C5B5C4
,Property,,,,,Curt Swan,"pencils, cover pencils",None,,Deceased,,DD234724-5F2F-364D-AA92-10691BC29664
,Property,,,,,George Klein,"inks, cover inks",None,,Deceased,,1E903F69-2DB3-0E4B-B4B3-3F5AA444C99F
Father Daniel Leone,Character,"Man of Steel
(2013)",Superman #204,Jun-04,N,Brian Azzarello,writer,WFH,2014,,,9EADB212-C7C5-AE4B-BF57-485DDACC4DEA
,Character,,,,,Jim Lee,"pencils, cover pencils",Firewall Agreement,,,,673DE8F3-B2DB-8748-AC1D-D34B5B2CA98F
,Character,,,,,Scott Williams,"inks, cover inks",None,,,,02ABCC9A-3DF1-8942-AAE9-EB4C8EE023CC
,Character,,,,,Alex Sinclair,color,N/A,,,,E6404715-1A9E-CF40-AF05-401F3AE5E237
Fausta Grables,Character,"Wonder Woman
(2017)","Comic Cavalcade #2
""Wonder Woman: Wanted By Hitler, Dead Or Alive""",Spring 1943,N,William Moulton Marston,writer,Marston agreements (7/31/41; 1/15/46; 7/25/51),,Deceased Final agreement is with Estate.,,19712CAE-98F7-A54E-8A7C-E897986D4B48
,Character,,,,,Frank Godwin,"pencils, inks",Artist,,,,928CC3CF-6D14-BC49-B43C-4B473C3C82D8
,Character,,,,,Frank Harry,cover,None,,,,F48A476D-0FAE-0349-ADFC-B766EC24D02C
"FBP: Federal Bureau of Physics
(formerly Collider and Strangeways)",Property,,"Collider #1
(Series title was changed to FBP with issue #2)",Sep-13,Y,Simon Oliver,writer,Joint Creator/All Rights; Writer,2011,,,9E806C2E-E784-5E4F-9844-9D136D34181B
,Property,,,,,Robbi Rodriguez,"pencils, inks",Joint Creator/All Rights; Artist,2012,,,BD23F504-AB91-AD4C-B726-BF505C9E285A
,Property,,,,,Nathan Fox,cover,WFH,,,,BCEE6259-471C-3C42-BB1D-404E273A5E36
,Property,,,,,Rico Renzi,color,N/A,,,,41E40B56-4CC2-CE4B-8C8E-F7E3286F7FF7
Felicity Smoak,Character,Arrow 103,Fury of Firestorm #23,May-84,N,Gerry Conway,writer,Writer,2013,,,23AABFCF-9226-CB41-A025-5D16514B51C7
,Character,,,,,Rafael Kayanan,"pencils, cover pencils",WFH,2013,,,5320BB07-E3B7-C844-BD65-B6672D25FB54
,Character,,,,,"Rodolfo ""Rodin"" Rodriguez",inks,WFH,,,,6912E91B-5E7F-C346-81D5-247D384FC634
,Character,,,,,Dick Giordano,cover inks,N/A,,"Giordano may have been an employee of DC at this time.
Deceased",,056E2F41-2053-EA44-A10B-A1DA573D4598
,Character,,,,,Carl Gafford,color,N/A,,,,99E24651-A3A0-5443-9B83-BC6767E3D6EB
Felix Faust,Character,Dark Universe,Justice League of America #10,Mar-62,Y,Gardner F. Fox,writer,Creator Recognition,2009,Deceased Creator recognition agreement with heirs.,,4D03D268-555D-A94F-9ED7-8F05270DEEEB
,Character,,,,,Mike Sekowsky,pencils,None,,Deceased,,872426DE-9547-DB46-BEBE-ADFB542F0940
,Character,,,,,Bernard Sachs,inks,None,,Deceased,,F21134C1-7597-834B-ADE9-3DA8FB40D63D
,Character,,,,,Murphy Anderson,cover inks,None,,Deceased,,10F7A304-1431-5040-B8EE-95B5493006D2
"Ferris Aircraft, Inc.",Location,"Flash 210
(1/19/2016)","Showcase #22
""Secret of the Flaming Spear""",Sep-59,N,John Broome,writer,None,,Deceased,,B33E8F60-56D6-7744-917D-86D3784C84B9
,Location,,,,,Gil Kane,pencils; cover,None,,Deceased,,B4734521-34D7-B44B-912B-2B03E9A72189
,Location,,,,,Murphy Anderson,inks,None,,Deceased,,602E594E-8BB5-F44B-B5EA-A2F7084AFFDB
"Ferro Lad
(Andrew Nolan)",Character,,Adventure Comics #346,Jul-66,Y,"James ""Jim"" Shooter","writer, pencils",None,,,,A1A516D5-BBEF-0346-9BC1-AF5FEE634DF9
,Character,,,,,Sheldon Moldoff,inks,None,,Deceased,,A648FB36-ACF3-4146-BADD-4FB5AA45C4D7
,Character,,,,,Curt Swan,cover pencils,None,,Deceased,,CC6EEE0F-3A7C-134F-A8EB-1262741FD99A
,Character,,,,,George Klein,cover inks,None,,Deceased,,187D4870-1653-0141-8868-8F17E9D42DAF
Fiddler,Character,Plastic Man,"in Fawcett Comics:
Bulletman #11
""The Fiendish Fiddler""",Jan-43,Y,Jack Binder,cover,None,,"See also: Fawcett Purchase Agreements
This character has never been published in DC Comics.",,E8A1A3B4-54C0-6440-838F-6978D7BDF161
"Fiddler
(Benjamin Bowe)",Character,Plastic Man,"Action Comics #59
""Fiddler's Fee""",Apr-43,N,Mort Meskin,pencils,None,,Deceased,,CB2884FC-958C-9F44-AEBD-AF35E4EE2E6E
,Character,,,,,Charles Paris,inks,None,,Deceased,,90FC3D77-80BD-0247-A05B-E3ACB90C0B89
,Character,,,,,Jack Burnley,cover,None,,Deceased,,5FFB3100-6F6C-364F-9844-7E38BD32D203
"Fiddler
(Isaac Bowin)",Character,Plastic Man,"All-Flash #32
""Duet of Danger""",Jan-48,Y,Robert Kanigher,writer,N/A,,"Kanigher was an employee of DC from 2/3/47-5/31/82.
Deceased",,B7C773CA-F964-1842-9B4E-B169721024A6
,Character,,,,,Lee Elias,"pencils, cover pencils",None,,,,6110B5B3-FD80-8E4B-B68E-927E77DF4845
,Character,,,,,Moe Worthman,"inks, cover inks",None,,,,9C74AE32-6AD4-5A4D-88B5-0239E137D7DC
Fight for Tomorrow,Property,,Fight for Tomorrow #1,Nov-22,,Brian Wood,writer,Services,,,DC has all media rights,3B8541DC-C7A1-C346-872E-991AC14204A1
,Property,,,,,Denys Cowan,artist,Services,,,,FE051983-8992-204E-A9A6-A2BE5ACB41BF
Fire Falls,Location,Krypton 208,Superman #141,Nov-60,N,"Jerome ""Jerry"" Siegel",writer,Settlement,,Deceased Settlement is with heirs.,,D66D29D2-4E29-2849-BE4C-800D0A1AC07D
,Location,,,,,Wayne Boring,pencils,None,,Deceased,,CD1F68A1-1019-D44B-954D-14E0C1593DC7
,Location,,,,,Stan Kaye,"inks, cover inks",None,,Deceased,,3CDF1A7D-1E5C-2E40-8734-89E8543C7F6A
,Location,,,,,Curt Swan,cover pencils,None,,Deceased,,294B5B90-20BE-6A47-BB31-157879A9BD5A
"Firefly
(Garfield Lynns)",Character,Gotham 205,"Detective Comics #184
""The Human Firefly""",Jun-52,Y,"France ""Ed"" Herron",writer,None,,Deceased,,9D7D864B-8E0A-3A44-B06B-B740F8B1926B
,Character,,,,,Dick Sprang,pencils,None,,Deceased,Dick Sprang’s beneficiary is Yavapai Symphony Association. We’ve been paying Yavapai Symphony Association since 2000 for Dick Sprang’s royalties,8C277A0E-DE47-E149-97BB-520F39844249
,Character,,,,,Charles Paris,inks,None,,Deceased,,A438EFAE-143D-EA4D-B1D4-E728D75126FF
,Character,,,,,"James Winslow ""Win"" Mortimer",cover,None,,Deceased,,2E1CA43B-07A5-9841-99EE-A9AE1A05C145
"Firefly
(Theodore ""Ted"" Carson)",Character,,"Batman #126
""The Menace of the Firefly""",Sep-59,Y,Bill Finger,writer,Contributor Recognition,,Deceased Contributor Recognition Agreement is with heir.,,512E6E3A-405E-D642-8247-8D537948CEE5
,Character,,,,,Sheldon Moldoff,pencils,None,,"Deceased
Per the library and Wayne Smith (Corp. Legal), please check to see if Bob Kane should also be included in credits.",,7CFF2B93-33B2-9B47-8A6A-ED355E8414BF
,Character,,,,,Charles Paris,inks,None,,Deceased,,883C17E5-C7AC-674D-8ED2-D9AE2DD961B8
,Character,,,,,Curt Swan,cover pencils,None,,Deceased,,DBA70592-3CD0-4C4C-9E91-72F0DA2BBEE3
,Character,,,,,Stan Kaye,cover inks,None,,Deceased,,6D3E5508-18B2-2C4A-9194-A33118705785
"Firestorm
(Ronnie Raymond; Deathstorm)",Character,"Flash 103
(10/21/2014)","as Ronnie Raymond/Firestorm:
Firestorm #1",Mar-78,Y,Gerry Conway,writer,Exclusive,1979,,,8B2306F5-118A-BF45-87FC-9553560342D2
,Character,,,,,Al Milgrom,"pencils, cover",None,1980,,,A3EE1441-F47D-AB4B-AAFB-06127CBE8A9B
,Character,,,,,Klaus Janson,inks,None,,,,D72DDC82-25BA-F54C-906D-0A8A208C9675
,Character,,,,,Josef Rubinstein,inks,None,,,,32AF4CA8-9CB9-2549-9A4D-CF2518941DA5
,Character,,,,,Adrienne Roy,color,N/A,,Deceased,,DCB65236-A8DB-AC44-AADD-491475FEEAD3
,Character,,"as Deathstorm:
Brightest Day #10",Nov-10,N,Geoff Johns,Writer,WFH; Exclusive,,,,F00A14AE-4FC5-0E46-BE68-991FBA796E09
,Character,,,,,Peter Tomasi,Writer,Continuity; Exclusive,,,,D8AB1215-5AD0-9446-97CB-CAD4057FF54E
,Character,,,,,Ivan Reis,Pencils,Continuity; Exclusive,,,,3FC948DF-EA99-DA48-96C4-4EAE1D5F79A3
,Character,,,,,Scott Clark,Pencils,Continuity,,Deceased,,D32B569E-7B67-A849-B403-55C7B1C16A99
,Character,,,,,Joe Prado,Pencils,WFH,,,,DFC1C3FD-8361-F541-BED2-53FB622D820E
,Character,,,,,Oclair Albert,Inks,WFH,,,,25D51D29-84F8-7F4A-A7AC-9E7D4F2B888E
,Character,,,,,David Beaty,Inks,WFH,,,,6160D022-B837-7B4E-97FD-C6862E533B83
,Character,,,,,Peter Steigerwalk,Color,N/A,,,,3A52B798-2F9D-9C47-81EA-EEB055A66F4A
,Character,,,,,John Starr,Color,N/A,,,,0394E618-783F-7A4B-9D05-2F156E66E43B
,Character,,,,,David Finch,Cover,WFH,,,,9F31D706-1390-5F49-A49F-08861B535514
"Firestorm
(Martin Stein)",Character,"Flash 112
(2/3/2015)",Firestorm #1,Mar-78,Y,Gerry Conway,writer,Exclusive,1979,,,87A27386-32DF-0C45-BA38-F5D3990754A3
,Character,,,,,Al Milgrom,"pencils, cover",None,1980,,,31122267-92B1-7848-B239-31593E98E1FA
,Character,,,,,Klaus Janson,inks,None,,,,DB19102C-D4B7-8348-9155-DBBA9E2892CA
,Character,,,,,Josef Rubinstein,inks,None,,,,C212FE5C-AB24-B044-AD7D-4AAD2AFBEBE6
,Character,,,,,Adrienne Roy,color,N/A,,Deceased,,DA92ADA4-0E52-E940-9834-FCDEA30089AC
"Firestorm
(Jason Rusch)",Character,"Flash 110
(1/20/2015)",Firestorm #1,Jul-04,Y,Dan Jolley,writer,WFH,,,,8CD0821B-FB9D-F440-A6FB-CC2C142DCA9A
,Character,,,,,Christopher Williams,"pencils, cover",WFH,,,,709D3BFB-58D5-9A44-9053-ABAA5DD01C2E
,Character,,,,,John Dell III,inks,WFH,,,,1A7F21E3-AB7A-0A4A-9052-D3B04613C34F
,Character,,,,,Chris Sotomayor,color,N/A,,,,5C81C78E-4331-FD4F-8E57-9BDE2EB1F654
"Firestorm
(Madison Payne)",Character,"Flash 204
(10/27/2015)",The New 52: Future's End #4,Jul-14,N,Brian Azzarello,writer,Continuity,,,,5E40DE74-1264-8B42-BC38-88203C19639E
,Character,,,,,Jeff Lemire,writer,Continuity,,,,FA31860D-14C6-6945-9352-D5DB5179A6E4
,Character,,,,,Dan Jurgens,writer,Continuity,,,,809AB540-2D8D-A64D-80D4-4B1883FB15CA
,Character,,,,,Keith Giffen,writer,Continuity,,,,00F2D1B0-B03A-6D4A-A24F-4717A0D33361
,Character,,,,,Aaron Lopresti,pencils,WFH,,,,449529DE-FA4D-2B48-A276-D2C51FD0FED6
,Character,,,,,Art Thibert,inks,WFH,,,,9995976A-19F5-524B-BA36-4FDAED142071
,Character,,,,,Ryan Sook,cover,Continuity,,,,86CF6114-CC16-7F4F-B0AC-5C83E58F97F0
,Character,,,,,Brian Miller,color,N/A,,,,9DED43D4-658B-D746-B64D-CD4E708778C0
Fishy,Character,Lego Aquaman,52 #19,Sep-06,N,Geoff Johns,writer,Exclusive; Continuity,,,,A3C75A30-92AF-1B49-8417-CDF0793ED76C
,Character,,,,,Grant Morrison,writer,WFH; Continuity,,,,A866D039-762A-104D-B37B-712790A6F21F
,Character,,,,,Greg Rucka,writer,WFH; Continuity,,,,0C4BB31F-2444-B747-A845-0154BFA09235
,Character,,,,,Mark Waid,writer,WFH; Continuity,,,,100E5E16-BDD8-6D4A-877F-C2AE2657870E
,Character,,,,,Keith Giffen,pencils,Continuity,,,,A5F542A0-1076-1448-B07C-17D30D770D1E
,Character,,,,,Patrick Olliffe,pencils,WFH,,,,72C1F491-0332-AD47-A395-58B14B4BDF18
,Character,,,,,Drew Geraci,inks,WFH,,,,1D03F42A-55F5-5C4A-93F4-9EF0D1440558
,Character,,,,,J.G. Jones,cover,WFH,,,,52308D4D-3F25-ED45-AE75-A89B69741739
,Character,,,,,Alex Sinclair,color,Exclusive,,,,90D15789-199B-8F42-B9CE-0E1AEF64DE45
"Flamebird
(Thara Ak-Var)",Character,Supergirl 321,Superman #681,Dec-08,N,James Robinson,writer,WFH,,,,D73C0467-5152-BD41-B2AA-BFEAF24113F9
,Character,,,,,Renato Guedes Correa,pencils,WFH,,,,CFD37261-E619-8246-BFAA-A8E326412ADE
,Character,,,,,Jose Wilson Magalhaes,inks,WFH,,,,178B1F9D-FD55-7540-A6D0-42465E962B8C
,Character,,,,,Alex Ross,cover,WFH,,,,249762D0-66A6-1347-9BDB-5F9AF6EB546B
,Character,,,,,David Curiel,color,N/A,,,,6B132CAC-B92E-7543-B67B-0F783DD1B147
"The Flash
(Jay Garrick)",Character,"Flash 201
(10/6/2015)","Flash Comics #1
""Origin of the Flash""",Jan-40,Y,Gardner F. Fox,writer,Creator Recognition,2009,Deceased Creator recognition agreement with is with heirs (DCBL 11899),,9CBCD016-2F9F-BE41-9B9A-964B3B79972C
,Character,,,,,Harry Lampert,"pencils, inks",None,,,,3861F658-97EB-5142-9086-B22524BD2790
,Character,,,,,Sheldon Moldoff,cover,Artist,,Deceased,,778FC5C0-BF38-A847-8D92-289E943FCC9F
"The Flash
(Barry Allen)",Character,"Arrow 208
(12/4/2013)","Showcase #4
""Mystery of the Human Thunderbolt""",Sep-56,Y,Robert Kanigher,writer,N/A,,"Kanigher was an employee of DC from 2/3/47 - 5/31/82.
Deceased",,D460CF15-3C99-EF45-867E-CD2D695101A3
,Character,,,,,Carmine Infantino,"pencils, cover pencils",Settlement,,Deceased,,C0F694DC-9B8D-784E-BF99-7248BAE0B9DD
,Character,,,,,Joe Kubert,"inks, cover inks",None,,Deceased,,F486376B-E2C9-2C40-9F6D-52474222F57C
"The Flash
(Wally West; Kid Flash)",Character,"Flash 209
(12/8/2015)","as Kid Flash:
The Flash #110
""Meet Kid Flash""",Dec-59,N,John Broome,writer,None,,Deceased,,396D78F8-8E52-964F-9EC5-1BDF022E6FCA
,Character,,,,,Carmine Infantino,"pencils, cover pencils",Settlement,,Deceased,,C9FC39B4-0D02-D042-B922-8E0773EDCF25
,Character,,,,,Joe Giella,"inks, cover inks",None,,,,791A41D7-8171-0148-A9B6-9613AAE62EC3
,Character,,"as The Flash:
Crisis on Infinite Earths #12",Mar-86,Y,Marv Wolfman,"writer, editor",Writer-Editor,,,,FCB1DC31-20FF-5646-827F-EAC8BCA5189B
,Character,,,,,George Perez,"pencils, cover",Exclusive,,,,A8E4F054-651F-E34B-98DD-94EABC18C846
,Character,,,,,Jerry Ordway,inks,None,,,,20D413EF-8D55-1549-90F7-CC0EE83D6ADB
,Character,,,,,Thomas Ziuko,color,N/A,,,,A33A3937-A40C-C347-84AF-4B62097DC5A5
"The Flash
(Bart Allen; Impulse; Kid Flash)",Character,,"as Impulse:
Flash #92",Jul-94,Y,Mark Waid,writer,Continuity,1996,,,9C457A1E-C154-C54F-B896-8DFE65168028
,Character,,,,,Mike Wieringo,"pencils, cover pencils",WFH,1996,,,F68F8328-1741-794E-9B21-7F91A7835D9E
,Character,,,,,"Jose F. Marzan, Jr.","inks, cover inks",Continuity,,,,515D55CC-543E-A947-9FC3-899A9E08BC2D
,Character,,,,,Gina Going-Raney,color,N/A,,,,A2D00888-1CC3-D44F-B6FF-2211A0BB9F46
,Character,,"as Kid Flash:
Teen Titans #4",Dec-03,N,Geoff Johns,writer,WFH,,,,D3F0526E-C060-CD4B-82E4-1089F4299A7F
,Character,,,,,Mike McKone,"pencils, cover pencils",WFH,,,,41BEC8A1-9706-A142-99F1-23B47DBDA42A
,Character,,,,,Marlo Alquiza,"inks, cover inks",WFH,,,,D848C6D5-42C1-4445-A0C2-E662119C25B5
,Character,,,,,Jeromy Cox,color,N/A,,,,A8110937-C0F6-1C41-9E75-BE6E91A37E8A
,Character,,"as The Flash:
The Flash: The Fastest Man Alive #1",Aug-06,Y,Danny Bilson,writer,WFH,,,,F5C01F51-4CA8-CD40-8CD2-28106B44C329
,Character,,,,,Paul DeMeo,writer,WFH,,,,0A8180C1-2794-324D-B471-A3D0C025D0BB
,Character,,,,,Ken Lashley,"pencils, cover pencils",WFH,,,,8ED5E2D1-ACEF-104C-B909-36B4F5FB4C4D
,Character,,,,,Marlo Alquiza,inks,WFH,,,,A0E284B1-7CD0-7944-A50A-3894D5BDCB1C
,Character,,,,,Jay Leisten,inks,WFH,,,,B55B6823-AC5C-5B40-B4C0-30BC9A183782
,Character,,,,,Norm Rapmund,inks,WFH,,,,1D37414E-9880-804D-B4A1-3888AD1D57E4
,Character,,,,,Greg Parkin,cover inks,None,,,,4133AFB7-8A1C-3849-945B-2015026FE171
,Character,,,,,Andy Kubert,cover pencils (variant),WFH,,,,CB1B1B58-D847-4C49-AF2F-D9E3EBD81656
,Character,,,,,Joe Kubert,cover inks (variant),WFH,,Deceased,,05B1C2AF-4314-D64A-B44C-70B2947A2859
,Character,,,,,Carrie Strachan,color,N/A,,,,3F7B6141-FAE4-044F-BFCA-C05879CAC0BC
"The Flash
(Danica Williams)",Character,Flash 508,"Justice League Beyond #19
(Digital Release)",Feb-13,N,Derek Fridolfs,"writer, inks",WFH,,,,BF47820E-4837-594F-8E06-ABCB19056F46
,Character,,,,,Jorge Corona,pencils,WFH,,,,942CFA09-C20B-2A48-ADDB-D60CBA7D7425
,Character,,,,,Khary Randolph,cover,WFH,,,,8DA5C4F3-D89B-6447-A2AB-E3C23D88FDC5
,Character,,,,,Nick Filardi,color,N/A,,,,0A8F1F9C-0519-F142-BBA1-9292210FC373
Flash Museum,Location,Flash 320,"The Flash #154
""Gangster Masquerade""",Aug-65,N,John Broome,writer,None,,Deceased,,CF81923C-A095-9144-B5BC-6B554074AF19
,Location,,,,,Carmine Infantino,"pencils, cover pencils",Settlement,,Deceased,,8AA9B97D-0FEA-E747-A2AC-5E4C01FC6248
,Location,,,,,Joe Giella,inks,None,,,,2C5E3633-A791-8A4E-B536-38A51E5F6B7A
,Location,,,,,Murphy Anderson,cover inks,None,,Deceased,,E918BCEC-6D6B-D84F-A1B5-91253FB47F0F
Flex Mentallo,Character,Doom Patrol 113,Doom Patrol #35,Aug-90,N,Grant Morrison,writer,Writer Agreement,,,,0DADEE84-DFB2-CC4E-8B65-7581CD325E64
,Character,,,,,Richard Case,pencils,WFH,,,,78CEF7CB-C375-864D-8BC4-C5F4AECAF317
,Character,,,,,John Nyberg,inks,WFH,,,,07CCE588-9B69-9B4E-8A90-B0542B2D5BD9
,Character,,,,,Simon Bisley,cover,WFH,,,,A5531155-4816-164A-BC6A-487EFF010236
,Character,,,,,Daniel Vozzo,color,N/A,,,,34E5ED0D-3DF2-CF4A-AC6A-870E89C30504
Florence Crawley,Character,Suicide Squad 2,Suicide Squad #1,May-87,N,John Ostrander,writer,WFH,,,,70366A5A-8AF4-2E4A-BAEB-7566D7A0B7E9
,Character,,,,,Luke McDonnell,pencils,WFH,,,,9CBE83AF-C3AC-9645-B94A-DD88FDA3C10A
,Character,,,,,Karl Kesel,inks,WFH,,,,EEBA00D9-CA6B-A74D-9342-2E4AEF401DEB
,Character,,,,,Howard Chaykin,cover,WFH,,,,F4D640B6-FAE5-D94F-B8E1-87D7A80AAAF2
,Character,,,,,Carl Gafford,color,N/A,,,,6F24CDE9-FBF8-054A-B42D-EB02D2B8BC7E
The Flying Graysons,Property,,"Detective Comics #38
""Robin the Boy Wonder""",Apr-40,Y,Bill Finger,writer,Contributor Recognition,,Deceased Contributor Recognition Agreement is with heir.,,AB94C587-833C-7246-9E5A-A3F9A15A1C8C
,Property,,,,,Bob Kane,"pencils, cover pencils",Services Agreements,,Deceased,,18CB4662-855A-854D-A49D-6B2C630D6CE5
,Property,,,,,Jerry Robinson,"inks, cover inks",Settlement,,Deceased,,3FC791B6-0D21-7D4A-AB99-2D09641160C4
"The Fog
(Byron Shelley)",Character,,Doom Patrol #26,Sep-89,N,Grant Morrison,writer,WFH,Y,,,D6648310-8E80-5E4B-807B-8908FF00DB0F
,Character,,,,,Richard Case,pencils,WFH,,,,129AE08C-4401-6341-B244-E1D690B92DF0
,Character,,,,,John Nyberg,inks,WFH,,,,153EF927-AF36-604E-8410-4F53139B922A
Fogtown,Property,,Fogtown HC,2010,Y,Andersen Gabrych,writer,Joint Creator/All Rights; Writer,2006,,,E5C49D14-3677-404F-B11C-EA2D368E42CD
,Property,,,,,Brad Rader,"pencils, inks",Joint Creator/All Rights; Artist,2006,,,527CFB81-0847-7B48-82CA-ADC82C3CB113
,Property,,,,,Lee Bermejo,cover,WFH,,,,4B53EF44-51D6-3745-BCC6-97CFD8717C8C
"Folding Man
(Edward Gauss)",Character,Flash 418,Flash #153,Oct-99,Y,Brian Augustyn,writer,WFH,,,,0796B4C3-D889-9D4D-81A9-B98B263E3B47
,Character,,,,,Mark Waid,writer,WFH,,,,7EFE9323-C203-8B41-ABC7-72543E571CBF
,Character,,,,,Paul Pelletier,pencils,WFH,,,,C7D2EFEB-8987-4B48-A7B5-9BC349A7E32E
,Character,,,,,Jose Marzan Jr.,inks,WFH,,,,4B05783E-C295-DD49-9195-C0DC4B690A75
,Character,,,,,Steve Lightle,cover,WFH,,,,26E1C12A-504C-BE4C-A103-B417A1FE9558
,Character,,,,,Tom McCraw,color,Exclusive,,,,C91BF986-802C-C342-9C18-9B7D2AA1B944
Forager,Character,Young Justice,"New Gods #9
""The Bug!""",Jul-72,Y,Jack Kirby,"writer, pencils, cover pencils",Fourth World Agreement,Y,Deceased,,6A31AB52-BCE5-0D48-A429-ED856E216291
,Character,,,,,Mike Royer,"inks, cover inks",None,,,,32D980E7-A57B-D94D-B33B-BD6278177436
Forager II,Character,,New Gods #2,Mar-89,N,Jim Starlin,writer,WFH,,,,87FFBFB0-C4C5-E74D-A996-A4528EC44407
,Character,,,,,Paris Cullins,"writer, pencils, cover pencils",WFH,,,,DB998DE4-B007-F74F-8717-0E7F61CCF97E
,Character,,,,,Bob Lewis,inks,WFH,,,,217EC627-CEDC-854B-A126-C3060043F080
,Character,,,,,Scott Hanna,cover inks,WFH,,,,F9FD60B4-3867-F94C-BC1D-7290EE285663
,Character,,,,,Tom Ziuko,color,N/A,,,,8B9722E9-9E0D-DE44-8866-178410A6AEE3
Forager III,Character,,Countdown #40,Sep-07,N,Paul Dini,writer,Continuity,,,,F59D8567-DA77-E94A-9FEF-290E7C319DC1
,Character,,,,,Tony Bedard,writer,WFH,,,,841D7FC1-B6CF-F848-B93C-E6ACD36D1CBB
,Character,,,,,Keith Giffen,pencils,Continuity,,,,09AB4123-5B01-3744-8974-D0F799B46B64
,Character,,,,,Manuel Garcia,inks,WFH,,,,F5B655B1-91A0-7548-AA3B-0E99BF0AE548
,Character,,,,,Terry Dodson,cover pencils,WFH,,,,D60463B4-0CA6-C248-A578-148A7CC75EC6
,Character,,,,,Rachel Dodson,cover inks,WFH,,,,A9934C32-6BE1-E244-9C79-413F431FF37B
,Character,,,,,Thomas Chu,color,N/A,,,,DD6DF52A-AF63-FE4C-8DB9-685FA5D16AFA
Fort Rozz,Location,"Supergirl 101
(10/26/2015)",Krypton Chronicles #1,Sep-81,N,E. Nelson Bridwell,writer,N/A,,"Bridwell was an employee of DC at this time.
Deceased",,395AA850-531C-D745-8C53-3A677AD428D3
,Location,,,,,Curt Swan,pencils,Exclusive,,Deceased,,3F22CE55-5CBB-AD46-964E-139F598D5016
,Location,,,,,Frank Chiaramonte,inks,Exclusive,,Deceased,,B0C1BD94-29AA-D14C-B917-20B78A3E4CA4
,Location,,,,,"Richard Buckler, Sr.",cover pencils,Exclusive,,,,30F85BE2-7D60-FB42-AB1B-3E4C17F8E92B
,Location,,,,,Dick Giordano,cover inks,Exclusive,,"Giordano was an employee of DC at this time.
Deceased",,42B90938-BBFD-B34D-BE7E-89BEBF06EC99
,Location,,,,,Carl Gafford,color,N/A,,,,4F561AFA-D13C-E445-ADB7-AEBE9F176753
Foundry Row,Location,,Batgirl #1,Oct-09,N,Bryan Q. Miller,writer,WFH,,,,A8896F09-4C18-8C4B-B497-C23A7EB88EA8
,Location,,,,,Lee Garbett,pencils,WFH,,,,BA18E627-F75D-DB4E-8F70-4788AF953A19
,Location,,,,,Trevor Scott,inks,WFH,,,,CC2016E6-671C-5740-8BCC-5C9060DD82E1
,Location,,,,,Phil Noto,cover,WFH,,,,714E3E1F-6118-9C43-99EF-7931CFDD1427
,Location,,,,,Guy Major,color,Exclusive,,,,DA167F49-8264-114D-855D-D3A3D6C610EA
Francis March,Character,"Point Blank
Sleeper",Sleeper #4,Jun-03,N,Ed Brubaker,writer,WFH,,,,6A0FBEFC-5BE0-5B46-93E8-AF2496F0B1A8
,Character,,,,,Sean Phillips,"pencils, inks, cover",WFH,,,,8EA84A4E-45A6-5544-AB32-E3FCA6D6164F
,Character,,,,,Tony Avina,color,N/A,,,,1D50987D-C7E0-AD46-93D9-D919AD700E98
"Frank ""Two-Bits"" Tanner",Character,Black Lightning 104,Black Lightning #3,Jul-77,N,Tony Isabella,writer,Exclusive; Creator Recognition,2016,,,7DD4352C-F16A-264C-82F0-AAEADE88427B
,Character,,,,,Trevor Von Eeden,pencils,None,2016,,,BA171E6A-7FB3-7240-8291-CF7F01186723
,Character,,,,,Vince Colletta,"inks, cover inks",None,,Deceased,,8AF41AD3-5BE1-6842-BEB0-3503B2CFFA39
,Character,,,,,Rich Buckler,cover pencils,None,,,,FF86F94F-AA0F-694A-B353-6F86D57F3E96
"Franklin ""Chas"" Chandler",Character,,Hellblazer #1,Jan-88,N,Jamie Delano,writer,WFH,1987,,,F063D40E-B701-3647-B0BF-02CC69040D6E
,Character,,,,,John Ridgway,"pencils, inks",WFH,1987,,,EF3D8900-A2DF-9344-B824-4AD2B4E74D6B
,Character,,,,,Dave McKean,cover,WFH,,,,FAC09101-353D-4649-A129-6DB47461FC2A
,Character,,,,,Lovern Kindzierski,color,N/A,,,,AC346A05-F2C5-6E44-8A11-466ACFF3596D
"Frenzy
(Lloyd Jefferson)",Character,,Doom Patrol #24,Jul-89,N,Grant Morrison,writer,Sole Creator Equity Agreement,Y,,,EADAE6A1-D53D-F340-9183-B7D14783DB0A
,Character,,,,,Richard Case,pencils,WFH,,,,F09811F7-180C-E743-8063-079CFDE676EF
,Character,,,,,John Nyberg,inks,WFH,,,,5C3AC3EA-DE3E-3E46-A1D0-067E1E418FE8
Frostbite,Property,,Frostbite #1,Nov-16,,Joshua Williamson,writer,Services,,,"DC has an option to purchase all Film, TV & Ancillary Rights. Creator Credit Obligation.",18AD30EB-FD31-DF49-A443-AC3F51DC758C
,Property,,,,,Jason Alexander,artist,Services,,,,57FB1047-9098-AB4F-B9C2-CE7D00C1A39C
"Gabrielle ""Gabi"" Kane",Character,Batwoman 101,"Detective Comics #855
""Elegy Part 2: Misterioso""",Sep-09,N,Greg Rucka,writer,WFH,,,,3BC757DF-4564-824F-ADED-7A0A0032ADF8
,Character,,,,,James H. Williams III,"pencils, inks, cover",WFH,,,,4C41BAC0-BE4D-1242-8F0A-229CD4F1B8B1
,Character,,,,,Dave Stewart,color,N/A,,,,A57AA13A-DA58-424B-A205-7AABAB04D35E
The Galante Family,Property,"Birds of Prey 
(2020)",Batman/Huntress: Cry for Blood #1,Jun-00,N,Greg Rucka,writer,WFH,,,,448217CB-571D-6149-A814-8478D6F37CAB
,Property,,,,,Rick Burchett,"pencils, inks, cover",WFH,,,,FD695382-4402-814F-B0A9-54251D5F2A22
,Property,,,,,Tatjana Wood,color,N/A,,,,A837523D-B822-3945-8F58-CDEEF3D739D9
Gambi's Tailor Shop,Location,Black Lightning 101,Black Lightning #1,Apr-77,Y,Anthony Isabella,writer,Exclusive; Creator Recognition,,,,951C46A5-13E8-174A-BEE9-69D08EE905F4
,Location,,,,,Trevor Von Eeden,pencils,None,,,,9D37CFF8-A706-B04B-9964-7C2E9CCB4BC2
,Location,,,,,Frank Springer,"inks, cover inks",None,,,,E949CCCE-F2C5-D345-B44E-BB3226752FCF
,Location,,,,,Rich Buckler,cover pencils,None,,,,9E0946C4-6821-F144-B333-75E9DA04B512
,Location,,,,,Liz Berube,color,N/A,,,,82D37854-927F-AC43-8193-3E45AD4DEF9F
"The Gambler
(Steven Sharpe III)",Character,Stargirl 101,"Green Lantern #12
""The Gambler!""",Jun-44,Y,Henry Kuttner,writer,None,,Deceased,,A7EC3E1B-19BA-514A-9684-E5DE0B36932B
,Character,,,,,Martin Nodell,"pencils, inks",Artist; Settlement,,Deceased,,FE3BD23B-49BC-6548-89D1-BCE96218528F
,Character,,,,,Paul Reinman,cover,Artist,,Deceased,,D2C7E9C3-C9DB-7C43-8618-70FFA25A965D
Gamemnae,Character,,JLA #70,Oct-02,N,Joe Kelly,writer,Exclusive,,,,7D6C6331-5E8D-F142-9236-232DC7A0BE90
,Character,,,,,Doug Mahnke,"pencils, cover pencils",WFH,,,,2C2F50E0-8AF7-8E49-B000-2CCA26FDD945
,Character,,,,,Tom Nguyen,"inks, cover inks",WFH,,,,7A3EF7CB-460C-824A-A12C-6ED813082970
,Character,,,,,David Baron,color,Exclusive,,,,DE1AB320-B811-D942-9433-B77FDABDCF3A
Ganthet,Character,,Green Lantern: Ganthet's Tale,1992,N,Larry Niven,plot,Prestige,,,,D1F7266C-3705-9645-9767-04CCBB6BFA6C
,Character,,,,,John Byrne,"dialogue, pencils, inks, cover",Prestige,,,,3481AF0E-46D6-C34F-840E-31D03747390C
,Character,,,,,Matt Webb,color,N/A,,,,A1ABEB5F-4DC3-8D4E-9B64-AE04A772858C
Garfield High School,Location,Black Lightning 101,Black Lightning #1,Apr-77,Y,Tony Isabella,writer,Exclusive,,,,92BB8774-295E-CB44-A85B-435BC14996E3
,Location,,,,,Trevor Von Eeden,pencils,None,,"Although we do not have a governing agreement, Von Eeden's work on this issue is confirmed by his 1981 character equity agreement for the character Black Lightning.",,769D09A2-F46E-4D47-B702-9E28A220BE53
,Location,,,,,Frank Springer,"inks, cover inks",None,,Deceased,,3F0C717D-B9A2-4C4B-9762-92697043EF91
,Location,,,,,Rich Buckler,cover pencils,None,,,,B77E5436-3D7F-3A41-BDAF-188627B1BA0A
,Location,,,,,Liz Berube,color,N/A,,,,BCEB1B4A-2588-5345-9991-3629C52EEAF0
"Geist the Twilight Man
(Dwayne Geyer)",Character,Flash 511,Detective Comics Annual #6,1993,Y,Chuck Dixon,writer,Continuity Writer,1993,,,3D289D5C-3FD5-0648-82A9-90C64172F89D
,Character,,,,,Jim Balent,"pencils, cover pencils",WFH,1993,,,B3DD3B6A-8286-D743-97A5-9EB63E7899B2
,Character,,,,,"Gerardo ""Gerry"" Fernandez",inks,WFH,,,,B5EDEE0D-9DBE-9E4F-AF8E-1D8BD0D14E67
,Character,,,,,Ed Hannigan,cover pencils,WFH,,,,9CEBE302-BBCC-094E-B059-DC45F929D136
,Character,,,,,Dick Giordano,cover inks,WFH,,"Giordano may have been an employee of DC at this time.
Deceased",,EB3488C0-86C1-EE4B-8596-CEFCDEF520B0
,Character,,,,,Adrienne Roy,color,Exclusive,,Deceased,,56BBDB0D-F253-9C42-B991-E4D1A3C465B1
General Hardcastle,Character,Arrow 502,Superman Adventures #1,Nov-96,N,Paul Dini,writer,WFH,,,,2BE21706-A3F7-FC4D-9FDD-62492642B17C
,Character,,,,,Rick Burchett,pencils,WFH,,,,92B0C7E4-04B8-1240-AD24-6ABD9DBBFFCC
,Character,,,,,Terry Austin,inks,Continuity Artist,,,,B5588FDC-9CF1-5E47-BC05-3B2E32BAE7FF
,Character,,,,,Bruce Timm,cover,WFH,,,,63D5CEF2-8F67-E84A-B657-4C263D51E313
,Character,,,,,Marie Severin,color,N/A,,,,C6161191-6854-A942-B1B2-A75F957D26B5
General Sam Lane,Character,"Supergirl 106
(11/30/2015)",Adventures of Superman #424,Jan-87,N,Marv Wolfman,writer,Writer,,,,2328678E-C38B-194F-8DAF-7869C94F483A
,Character,,,,,Jerry Ordway,"pencils, cover",WFH,,,,626AF06E-1B87-5145-9F2E-EEF12F73DF35
,Character,,,,,Mike Machlan,inks,WFH,,,,2A653498-A89F-584B-9738-EFE7B68DEF69
,Character,,,,,Thomas Ziuko,color,N/A,,,,BAC5C0C6-E1C8-2D4C-968B-2B780E2DDA1E
General Wade Eiling,Character,"Flash 105
(11/11/2014)",Captain Atom #1,Mar-87,N,Cary Bates,writer,WFH,2015,,,58A1E13F-CA52-F841-B692-2D43393AEA29
,Character,,,,,Pat Broderick,"pencils, cover",WFH,2015,,,4E835108-5CC9-5F45-A5DF-90A391B3D7C5
,Character,,,,,Robert Smith,inks,WFH,,,,91BDE532-662F-6B43-A306-864B4E006B95
,Character,,,,,Carl Gafford,color,N/A,,,,D7E3E061-C6C0-C84F-A3A8-D36368E5343F
"Genocide Jones
(Byron Jones)",Character,"Point Blank
Sleeper",Sleeper #1,Mar-03,N,Ed Brubaker,writer,WFH,,,,4D89C30E-44B9-E043-9576-F8D213820934
,Character,,,,,Sean Phillips,"pencils, inks, cover",WFH,,,,3ADC0DA6-4205-7847-AB2F-B420F796BFCC
,Character,,,,,Tony Avina,color,N/A,,,,77F122D1-B77D-3744-A63C-383331B709B2
,Character,,,,,Randy Mayor,color,N/A,,,,A5FBC24E-13F6-1F46-908C-41648D12064E
"Gentleman Ghost
(James ""Jim"" Craddock)",Character,Lego Batman,"Flash Comics #88
""The Ghost""",Oct-47,N,Robert Kanigher,writer,N/A,,"Kanigher was an employee of DC from 2/3/47 - 5/31/82.
Deceased",Cleared by Wayne Smith on 11/4/20 for verbal reference in Stargirl; ok to proceed from Jay to Creative for possible TV Series 03/2021,1D2B58C9-DFE3-834C-905B-4AE37450422A
,Character,,,,,Joe Kubert,"pencils, inks, cover pencils",None,,Deceased,,3B90F257-CF9C-ED46-869C-488507D6BDCA
,Character,,,,,Moe Worthman,cover inks,None,,,,CF72F4E8-A73F-9345-ABBF-135167AFB604
"Geo-Force
(Brion Markov)",Character,Arrow 517,"The Brave and the Bold #200
""Batman and the Outsiders""",Jul-83,N,Mike Barr,writer,WFH; Writer,2006,,,281B2A9C-FF6D-E149-8B4B-6F2A3963CF0F
,Character,,,,,Jim Aparo,"pencils, inks, cover",Artist,1983,Deceased,,41CF7E41-570A-BC4A-8559-9FB64F591F6A
,Character,,,,,Adrienne Roy,color,Exclusive,,Deceased,,ACE1D72B-D8C2-7742-81EB-D81D5B6C3846
"G.I. Robot
(Joe)",Character,,"Star Spangled War Stories #101
""The Robot and the Dinosaur""",Feb-62,Y,Robert Kanigher,writer,N/A,,"Kanigher was an employee of DC from 2/3/47-5/31/82.
Deceased",,FD90BFDE-4A72-FE4F-9C71-A3ED7E62CDF1
,Character,,,,,Ross Andru,"pencils, cover pencils",None,,Deceased,,1813F8D4-BA60-9C4C-9C86-8F1AAB2135B5
,Character,,,,,Mike Esposito,"inks, cover inks",None,,Deceased,,F3373B5A-8114-7243-A83B-F1EFF0A11212
"G.I. Robot
(Mac)",Character,,"Star Spangled War Stories #125
""Tidbit for a Tyrannosaurus""",Feb-66,N,Robert Kanigher,writer,N/A,,"Kanigher was an employee of DC from 2/3/47-5/31/82.
Deceased",,375BF622-69CE-FB4F-988C-7AEBCD327ED5
,Character,,,,,Ross Andru,"pencils, cover pencils",None,,Deceased,,287570BD-C509-B543-9861-D34DC9A68093
,Character,,,,,Mike Esposito,"inks, cover inks",None,,Deceased,,5D1AC594-C11C-4D41-B7E4-D38B6105B7CD
"G.I. Robot
(J.A.K.E. 1)",Character,,"Weird War Tales #101
""My Buddy -- the Robot""",Jul-81,Y,Robert Kanigher,writer,N/A,1985,"Kanigher was an employee of DC from 2/3/47-5/31/82.
Deceased",,3C4DD221-DD8D-A34E-BCE2-253549E0B4AC
,Character,,,,,Pepe Moreno Casaris,"pencils, inks",None,Y,,,276B0805-C4F3-7D45-A750-89E62B26313F
,Character,,,,,Ross Andru,cover pencils,None,,Deceased,,2A4B571D-8DEC-4C49-B267-AAF093046DE6
,Character,,,,,Dick Giordano,cover inks,N/A,,"Giordano was an employee of DC at this time.
Deceased",,DAB08F27-9020-5440-87AC-A33338B1F9F3
,Character,,,,,Bob LeRose,color,N/A,,Deceased,,19395314-FD71-F945-B961-56535458E3E2
"G.I. Robot
(J.A.K.E. 2)",Character,,"Weird War Tales #113
""The Robot and the Samurai""",Jul-82,Y,Robert Kanigher,writer,N/A,,"Kanigher was an employee of DC from 2/3/47-5/31/82.
Deceased",,E08D1209-4A4D-D142-8984-CF59C3ED067A
,Character,,,,,Fred Carillo,"pencils, inks",None,,Deceased,,6B5BCD77-EFC9-064C-9A2E-1454821C6079
,Character,,,,,Ross Andru,cover pencils,None,,Deceased,,9D370FAF-C4F4-B94C-B806-B07599A18B4C
,Character,,,,,Romeo Tanghal,cover inks,Artist,,,,F5FF5AA4-75F4-3049-8DDE-D49B2D439B75
,Character,,,,,Jerry Serpe,color,N/A,,Deceased,,464B2E2E-6813-0C40-93C8-9E7F907AA357
"G.I. Robot
(J.A.K.E. 6.1)",Character,,Checkmate #24,May-08,Y,Greg Rucka,writer,WFH,,,,18F0A2BD-DD53-0E40-A80F-73128533B63E
,Character,,,,,Eric Trautmann,writer,WFH,,,,7D37E063-9A88-7945-A1D5-E6F8AE5BDB0B
,Character,,,,,"Benedito Jose Nascimento
(Joe Bennett)",pencils,WFH,,,,0DD71755-1841-EF4E-A884-69C8628A9386
,Character,,,,,Jack Jadson,inks,WFH,,,,FF76E1B3-4AE7-0048-8074-FE8EBA294493
,Character,,,,,Kalman Andrasofszky,cover,WFH,,,,2102E4E3-AFB7-1A43-A4EB-2D3B35538B62
,Character,,,,,Santiago Arcas,color,N/a,,,,8BAD2914-F9DE-C345-BE9B-091D482C96EA
"Giganta
(Doris Zuel)",Character,,Wonder Woman vol 2 #126,Oct-97,N,John Byrne,"writer, pencils, inks",Continuity,,,,DF484903-A84E-9B41-AEC0-4C8ACE2F2167
Gilgamesh II,Property,,Gilgamesh II Vol. 1,1989,Y,Jim Starlin,"writer, pencils, inks, cover",Writer-Artist incl. Equity,1987,Starlin's agreement includes equity for all newly created characters. See agreement for character list.,,29879802-D41F-3A40-B981-5001132CC985
,Property,,,,,Steve Oliff,colorist,WFH,,,,CB9C2D47-91E4-4041-9C31-FBF75BAE935E
Gingold Soda Water,Property,Legends 302,"The Flash #112
""Mystery of the Elongated Man""",Apr-60,N,John Broome,writer,None,,Deceased,,7CDD0397-6023-FF42-AE1A-36643834575F
,Property,,,,,Carmine Infantino,"pencils, cover pencils",Settlement,,Deceased,,3FF9A9AC-2D1C-A041-902A-1083F1A44A25
,Property,,,,,Joe Giella,"inks, cover inks",None,,,,0C20E2B7-4C3A-2C44-AA2D-2076E8C21A6D
Girder,Character,"Flash 106
(11/18/2014)",Flash: Iron Heights,2001,N,Geoff Johns,writer,Prestige Writer,,,,F411CD3C-53FE-4849-A03F-A5D9A1DA2621
,Character,,,,,Ethan Van Sciver,"pencils, cover pencils",Prestige Artist,,,,1B7E1064-C75B-4145-A9D4-FA84F9EC3B06
,Character,,,,,Prentis Rollins,"inks, cover inks",Prestige Artist,,,,4D7B547A-A203-694F-9B9D-20737F5AE84B
,Character,,,,,Chris Chuckry,color,Color Artist,,,,F87C6A60-0C1B-A445-BC68-51D504144D2F
Global Frequency,Property,,Global Frequency #1,Dec-02,Y,Warren Ellis,writer,Sole Creator/First & Last Rights; Writer; Literary Option,,,,26D0F9ED-DA0B-9B42-8BFB-E778C8C58DF2
,Property,,,,,Garry Leach,"pencils, inks",WFH,,,,26E1556A-CE7E-9741-8F46-E768C4922580
,Property,,,,,Brian Wood,cover,WFH,,,,2742AD83-ACEF-314A-B45F-250E8E061597
,Property,,,,,David Baron,color,Exclusive,,,,97A599BC-5FD7-614D-B31A-7C55BF2C2897
Global Guardians,Property,"Powerless
(Global Guardians)",DC Comics Presents #46,Jun-82,Y,E. Nelson Bridwell,writer,N/A,1985,"Bridwell was an employee of DC at this time.
Deceased",,D29F7317-A3AD-8B49-B24D-0BB88B66E7CA
,Property,,,,,Ramona Fradon,N/A,Creator Recognition,"1985
2016","The characters who would become the Global Guardians team originated in Super Friends #7-9, for which Ramona Fradon was the penciller. She has been granted equity for the team, although she did not work on DC Comics Presents #46.",,7AABC8CF-D2D4-0A4A-B4FB-5CBC51ECAFE8
,Property,,,,,Alex Saviuk,pencils,Artist,,,,3C064EE0-D20B-E749-A82A-7908B5FFA42C
,Property,,,,,Pablo Marcos,inks,None,,,,69D9F59B-33A2-DF4C-8A7D-321F6C776CFE
,Property,,,,,Ross Andru,cover pencils,None,,Deceased,,BE122E66-A5BB-284A-8543-174FCDE55FEC
,Property,,,,,Frank Giacoia,cover inks,None,,Deceased,,819AAFB4-76FF-0446-91D9-41FDA03597D4
,Property,,,,,Gene D'Angelo,color,N/A,,,,587DA597-511E-A34D-B345-1CFBF2C659E6
"Glorious Godfrey
(G. Gordon Godfrey)",Character,,Forever People #3,Jun-71,Y,Jack Kirby,"writer, pencils, cover pencils",Fourth World Agreement,1982,Deceased,,A700DFB3-DB97-ED4F-B5E3-C7C93EFF4952
,Character,,,,,Vincent Colletta,"inks, cover inks",None,,Deceased,,9EAC7B08-BA60-8F41-8483-186219FA5027
"Godspeed
(August Heart)",Character,Flash 518,The Flash: Rebirth #1,Aug-16,N,Joshua Williamson,writer,WFH,,,,987CF99C-B848-C644-9AA0-5142A19A0FB5
,Character,,,,,Carmine Di Giandomenico,"pencils, inks",WFH,,,,85A42F85-0357-0B4A-97A2-F2D16CD84339
,Character,,,,,Karl Kerschl,cover,WFH,,,,ADAD1C8F-7435-2A46-AA61-6B56A41F4AB6
,Character,,,,,Ivan Plascencia Muniz,color,WFH,,,,49314786-DBCC-8D40-B145-DA382D0D45EF
Goggles,Character,"Point Blank
Sleeper",Sleeper #9,Nov-03,N,Ed Brubaker,writer,WFH,,,,30A3DB88-B5D9-D343-A91D-245EA5EF3659
,Character,,,,,Sean Phillips,"pencils, inks, cover",WFH,,,,1CA55BAE-41C4-A84C-B19D-085398F546BC
,Character,,,,,Tony Avina,color,N/A,,,,05094994-BF02-9C47-B649-516B87744E89
Gold,Character,,Showcase #37,Mar-62,Y,Robert Kanigher,writer,N/A,,"Kanigher was an employee of DC from 2/3/47 through 5/31/82.
Deceased",,A8543AFF-12BF-D64C-96C8-6BECC58572FE
,Character,,,,,Ross Andru,"pencils, cover pencils",None,,Deceased,,A67840A3-4562-184B-97F2-BE2F52CE76F7
,Character,,,,,Mike Esposito,"inks, cover inks",None,,Deceased,,7CFFBE16-0430-8649-99C1-887951B7818B
"Golden Glider
(Lisa Snart)",Character,"Flash 116
(3/24/2015)",Flash #250,Jun-77,Y,Cary Bates,writer,None,,,,7937F50F-9375-1249-A03D-D9AEF81F876B
,Character,,,,,"Irving ""Irv"" Novick",pencils,None,,"Novick was an employee of DC Comics from 5/9/67 - 12/28/84.
Deceased",,CCD2428F-A878-C649-AC81-1B61A554A7BD
,Character,,,,,Vince Colletta,inks,Exclusive,,Deceased,,24A03C88-57C9-2F44-8B5B-34D7A0F6FDFE
,Character,,,,,Rich F. Buckler,cover pencils,Exclusive,,,,A2451C9B-F69F-9E43-9B82-B63DED0C2BA2
,Character,,,,,Jack Abel,cover inks,Exclusive,,Deceased,,ED0264E3-D4DC-E743-910E-D7148E1A9CD2
,Character,,,,,Jerry Serpe,color,N/A,,,,9D3A4707-92CC-C946-A2D8-6AFB2311E57B
"Goldface
(Keith Kenyon)",Character,Flash,"Green Lantern #38
""The Elixir of Invulnerability""",Jul-65,N,Gardner Fox,writer,Creator Recognition,,Deceased Creator Recognition Agreement is with heirs.,,33D25718-0ABE-C44F-9241-58A4805F48E4
,Character,,,,,Gil Kane,"pencils, cover pencils",None,,Deceased,,89B0F66A-CEAA-E142-BDAF-E7B428F64787
,Character,,,,,Sid Greene,inks,None,,Deceased,,3ED7A29C-D989-DC45-9F69-AFCD528BE5BD
,Character,,,,,Murphy Anderson,cover inks,None,,Deceased,,AFCB5D54-7604-4446-9446-3399FFD68993
Gordanians,Property,Supergirl 209,New Teen Titans #1,Nov-80,N,Marv Wolfman,writer,Exclusive,1983,,,5DC7BC6C-6106-8B41-9F7B-A3A49C165F88
,Property,,,,,George Perez,"pencils, cover pencils",None,1983,,,4C466599-5F73-1E42-9BEF-D7D4C593EB27
,Property,,,,,Romeo Tanghal,inks,Exclusive,,,,E412072D-67E5-4E43-BE54-2C787AA9D48B
,Property,,,,,Dick Giordano,cover inks,Exclusive,,"Giordano may have been an employee of DC at this time.
Deceased",,FB8FC9AE-C12D-A74A-9C4D-0328ADD81746
,Property,,,,,Adrienne Roy,color,N/A,,Deceased,,C8425C2A-4578-F741-9259-027E24E491D2
Gorilla City,Location,"Flash 207
(11/17/2015)","Flash #106
""Menace of the Super-Gorilla""",Apr-59,N,John Broome,writer,None,,Deceased,,36B755F2-ADCB-C640-AAA2-6593C2E15328
,Location,,,,,Carmine Infantino,"pencils, cover pencils",Settlement,,Deceased,,7BE352C6-58A6-F540-A55B-911EA713B383
,Location,,,,,Joe Giella,"inks, cover inks",None,,,,D7F4FC87-671D-A447-8E67-4BA3DEBC8CAF
Gorilla Grodd,Character,,"Flash #106
""Menace of the Super-Gorilla""",Apr-59,N,John Broome,writer,None,,Deceased,,66454824-C8F1-6E47-B66C-5F52EF3F22D3
,Character,,,,,Carmine Infantino,"pencils, cover pencils",Settlement,,Deceased,,5E2E3959-770E-074E-B296-4BFB6946551D
,Character,,,,,Joe Giella,"inks, cover inks",None,,,,2DBF760D-9999-2140-A072-F7F7DBC9ED58
Goronn,Character,,New Teen Titans #3,Nov-84,N,Marv Wolfman,writer,Exclusive,1983,,,50C9C10D-F622-8640-9A61-45BCCC8F4ACF
,Character,,,,,George Perez,"pencils, cover",Exclusive,1983,,,B54CE4AB-B767-0745-9A77-9DC6DE6C65C1
,Character,,,,,Romeo Tanghal,inks,Exclusive,,,,B06DF7D5-CDF2-CF49-AB4E-715D80F9844E
,Character,,,,,Adrienne Roy,color,Exclusive,,Deceased,,A56E300D-883A-8746-9578-6EB8190F5D65
Gotham Botanical Gardens,Location,Gotham 404,"Batman #44
""Born For Adventure!""",Dec-47,N,Bill Finger,writer,Contributor Recognition,,Deceased Contributor Recognition Agreement is with heir.,,8C5564C4-84F4-E049-A309-4A310CD8BF0B
,Location,,,,,"James ""Jim"" Mooney","pencils, inks, cover pencils",None,,Deceased,,04534433-54DD-0D48-BDC0-8AFC1A05DA78
,Location,,,,,Charles Paris,cover inks,None,,Deceased,,B88442A0-65D1-B344-88D9-C0643D3ADC9B
Gotham City,Location,,"Batman #4
""The Case of the Joker's Crime Circus""",Winter 1941,N,Bill Finger,writer,Contributor Recognition,,Deceased Contributor Recognition Agreement is with heir.,,9625DA5F-7B31-D940-A230-2CF661FE0C33
,Location,,,,,Bob Kane,"pencils, cover pencils",Services Agreement,,Deceased,,0E955F36-7559-2840-BBA1-2E03070E2B90
,Location,,,,,Jerry Robinson,"inks, cover inks",Settlement,,Deceased,,18E4D0FF-5F92-C14A-BBD5-687B22FAA30D
Gotham City General Hospital,Location,"Gotham 209
(11/16/2015)",Justice League of America #160,Nov-78,N,Gerry Conway,writer,Exclusive,,,,16EFB244-3A65-8142-988D-6BAF73049D6A
,Location,,,,,"Richard ""Dick"" Dillin","pencils, cover pencils",Exclusive,,Deceased,,75E9B5EC-3B15-824D-B708-AA50F44DBB49
,Location,,,,,Frank McLaughlin,"inks, cover inks",Exclusive,,Deceased,,AF60359A-6938-3447-A137-4B1E3A608091
,Location,,,,,Carl Gafford,color,N/A,,,,628821E0-9972-C24A-BAFC-D1BB00347B0D
Gotham City Police Department,Location,,Detective Comics #27,May-39,N,Bill Finger,writer,Contributor Recognition,,Deceased Contributor Recognition Agreement is with heir.,,410C858D-6CDD-D245-B53D-3F701A89B437
,Character,,,,,Bob Kane,"pencils, inks, cover",Services Agreements,,Deceased,,28855B0F-76CC-9540-846B-D620BAFE21F6
Gotham Clock Tower,Location,"Gotham 201
(9/21/2015)",Batman: Sword of Azrael #1,Oct-92,N,Dennis J. O'Neil,writer,Creator Recognition,,O'Neil's WFH agreement for Sword of Azrael #2 has been located.,,CCB45CC1-5377-E64B-A984-BAEEA1358E4F
,Location,,,,,Joseph Quesada,"pencils, cover pencils",WFH,,,,EE6DBCA2-C218-DE40-BB85-9FC07BB6E30A
,Location,,,,,Kevin Nowlan,"inks, cover inks",WFH,,,,55DC28DA-0C82-3F4C-87C1-C83138DF3E69
,Location,,,,,Lovern Kindzierski,color,N/A,,,,1CB4B4E6-B412-8645-9DDE-2AD3F3B4AC1D
Gotham First National Bank,Location,Gotham 401,"Detective Comics #386
""Stand In For Murder!""",Apr-69,N,Frank Robbins,writer,None,,Deceased,,A3B4F6C7-88E2-9F40-AB34-61CE206F5416
,Location,,,,,Bob Brown,pencils,None,,Deceased,,4B89F6AB-2F22-EB4E-A034-EFA1E04C7B99
,Location,,,,,Joe Giella,inks,None,,,,7CDE1929-F56C-E241-B9F0-9418F4C83C1F
,Location,,,,,Irv Novick,cover,N/A,,"Novick was an employee of DC from 5/9/67 through 12/28/84.
Deceased",,09BA0665-C0A8-9D48-A669-E21E3D7F27EC
Gotham Gazette,Property,"Gotham 202
(9/28/2015)","Batman #4
""The Case of the Joker's Crime Circus""",Winter 1941,N,Bill Finger,writer,Contributor Recognition,,Deceased Contributor Recognition Agreement is with heir.,,63B62D7E-0CCE-A943-879D-26992B929270
,Property,,,,,Bob Kane,"pencils, cover pencils",Services Agreement,,Deceased,,7277F99F-7B3B-BE41-89CD-D0C751A1B69A
,Property,,,,,Jerry Robinson,"inks, cover inks",Settlement,,Deceased,,8B123BC6-D592-454D-B8D2-5E67607AC7B9
Gotham Girls,Property,,"Gotham Girls 
Online Animated Series",Mar-02,,Warner Bros. Animation,,,,,,15B4AFE9-70F4-3041-ACB5-821B9E7D7F17
,Property,,"First comic appearance:
Gotham Girls #1",Oct-02,Y,Paul D. Storrie,writer,WFH,,,,CBF25362-7E81-FE43-86FD-24284DB4BB44
,Property,,,,,Jennifer Graves,pencils,WFH,,,,E397DA8E-8D19-3047-9068-2AD6A58044A4
,Property,,,,,Jason Bone,inks,WFH,,,,9EAEF60C-AF8D-2741-A71E-D55515B00557
,Property,,,,,Shane Glines,cover,WFH,,,,181C0101-A9A5-444B-9E84-74F13C1D1D4F
,Property,,,,,Patricia Mulvihill,color,Exclusive,,,,305AB688-2F3B-AC41-AF12-235C0327F2BF
Gotham Goliaths (Football Team),Character,,Batman and the Outsiders #21,May-85,N,Mike W. Barr,writer,Writer,,,,F57E047A-8DB7-7340-9DFC-1BE1155F3BFF
,Character,,,,,Jerome Moore,"pencils, inks",None,,,,75DBF6F6-1EA7-2343-A2FE-47BB972FE8F4
,Character,,,,,Al Vey,inks,None,,Deceased,,B567B9BD-269C-7345-A74A-F6E35DD82CFD
"Gotham Harbor
(Miller Harbor)",Location,,"as unnamed harbor:
Batman #20
""The Lawmen of the Sea""",Dec-43,N,Bill Finger,writer,Creator Recognition,,Deceased Creator Recognition Agreement is with heir.,,136C48FF-ED89-734C-B09A-8E7901D5ED41
,Location,,,,,Jack Burnley,pencils,None,,Deceased,,5BFD6183-8DF2-BA48-B8EC-1909F8C46DA6
,Location,,,,,Ray Burnley,inks,None,,Deceased,,1A72AB8A-4FB4-A244-80ED-BF82325E95B1
,Location,,,,,Dick Sprang,cover,None,,Deceased,Dick Sprang’s beneficiary is Yavapai Symphony Association. We’ve been paying Yavapai Symphony Association since 2000 for Dick Sprang’s royalties,C97F1546-F0AA-B142-8792-A79B8DDB4540
,Location,Gotham 319,"as Miller Harbor:
Gotham City Secret Files #1
(No Man's Land Map)",Apr-00,N,Eliot R. Brown,artist,WFH,,"Although Brown designed the map, the place names were provided to him by the editorial staff of the time. Brown's account is online at http://www.eliotrbrown.com/wp/gotham-city-map.html/",,64E63937-86AA-054E-B5DD-55E0AFDD24FE
Gotham High School,Location,"Gotham 202
(9/28/2015)","Star-Spangled Comics #80
""The Boy Disc Jockey""",May-48,N,Jim Mooney,"pencils, cover",None,,Deceased,,6E74F19F-791F-F144-A000-C8835F2858EC
,Location,,,,,John Giunta,inks,None,,,,A0FDF1CE-F970-AB4C-BEF9-E65899DBA9D0
Gotham Inquisitor,Property,Batwoman 101,Gotham After Midnight #1,Jul-08,N,Steve Niles,writer,WFH,,,,75B0282F-5CAD-1741-A5A6-E373291CA71F
,Property,,,,,Kelley Jones,"pencils, inks, cover",WFH,,,,6DE96677-A0CE-CE44-BEA6-D16DE0DCC644
,Property,,,,,Michelle Madsen,color,N/A,,,,34393DCB-5BA1-8B4C-BFB6-7CD28FBB36EC
Gotham Natural History Museum,Location,Gotham 404,"Batman #44
""Born For Adventure!""",Dec-47,N,Bill Finger,writer,Contributor Recognition,,Deceased Contributor Recognition Agreement is with heir.,,EF14DF38-E672-7846-A891-D6C3D4AF1C66
,Location,,,,,"James ""Jim"" Mooney","pencils, inks, cover pencils",None,,Deceased,,BAB33505-3FAE-2143-83FC-689F7C822D98
,Location,,,,,Charles Paris,cover inks,None,,Deceased,,769401CE-D10F-D646-BEC2-E32F0ED168F5
Gotham Public Library,Location,Gotham 307,"Detective Comics #359
""The Million Dollar Debut of Batgirl""",Jan-67,N,Gardner F. Fox,writer,Creator Recognition,,Deceased Creator recognition agreement with is with heirs.,,5B6C996D-AD17-A24E-A8BC-8E14530DC5C9
,Location,,,,,Carmine Infantino,"pencils, cover pencils",Settlement,,Deceased,,13ADA91F-E722-8847-81D1-EB4BEDF1C251
,Location,,,,,Sidney Greene,inks,None,,Deceased,,119CE2C7-C3D7-E248-826E-9845CF6B1F5A
,Location,,,,,Murphy Anderson,cover inks,None,,Deceased,,18FAE796-08C8-C94B-8575-BBA034D3B4AC
Gotham University,Location,Gotham 315,"Batman #15
""The Two Futures""",Feb-43,N,Bill Finger,writer,Contributor Recognition,,Deceased Contributor Recognition Agreement is with heir.,,4D495F2E-6F1E-9248-BF32-C5747EE54863
,Location,,,,,Jack Burnley,"pencils, inks, cover",None,,Deceased,,780A56E5-0A50-4E45-B785-6D6ADC780E50
,Location,,,,,Ray Burnley,inks,None,,Deceased,,0385DFC3-F7E7-4C49-8016-521A41EB9098
"Grace Choi
(Shay Li Wylde)",Character,Black Lightning 103,Outsiders #1,Aug-03,Y,Judd Winick,writer,Exclusive,2013,,,F8580C02-F4C4-E24A-92BF-16FD5D984744
,Character,,,,,Tom Raney,"pencils, cover pencils",WFH,2013,,,20844F4C-3D6B-6D47-93FB-29BF3F0A9384
,Character,,,,,Scott Hanna,"inks, cover inks",WFH,,,,ADBBB1DA-0637-E741-B408-04FDB338F61F
,Character,,,,,Gina Going,color,N/A,,,,95E9BADD-C381-814D-AC77-1818473F3627
"Granite Lady
(Sheila Sorrell)",Character,"Powerless
(Global Guardians)","Quality Comics:
Police Comics #51
""The Granite Lady""",Feb-46,N,Jack Cole,"writer, pencils, inks, cover",Creator Recognition,,"See also Quality Comics Purchase Agreement.
Deceased Creator Recognition Agreement is with heir.",,15F4F4E7-DFCA-3D40-A4A8-3F3E0A24A887
Granny Goodness,Character,,Mister Miracle #2,Apr-71,Y,Jack Kirby,"writer, pencils, cover pencils",Fourth World Agreement,1982,Deceased,,30C98AF1-5D96-F947-B0F0-03599D5CA201
,Character,,,,,Vince Colletta,"inks, cover inks",None,,Deceased,,19CD77F9-9704-D14C-8C04-45FAF5828B77
"Gravedigger
(Tyson Sykes)",Character,Black Lightning 312,Checkmate #25,Jun-08,N,Greg Rucka,writer,WFH,,,,7CD4C119-84E6-F242-952A-E27AD4A6B8C2
,Character,,,,,Eric Trautmann,writer,WFH,,,,05FD89B5-5D98-1C4C-9140-D829894B626D
,Character,,,,,Joe Bennett,pencils,WFH,,,,6072B34F-70AA-8746-A466-0A884BEE1128
,Character,,,,,Jack Jadson,inks,WFH,,,,B48BDE22-98F5-4E46-9D2D-C7C0A2C32231
"Green Arrow
(Oliver Queen)",Character,"Arrow 101
(10/10/2012)","More Fun Comics #73
""Case of the Namesake Murders""",Nov-41,N,Mort Weisinger,writer,N/A,,"Weisinger was an employee of DC at this time.
Deceased",,AB67A6A0-BC9E-9442-8C51-E4871FACF7FA
,Character,,,,,George Papp,"pencils, inks",None,,Deceased,,2D981886-0482-2540-8298-E1A94A3E1093
,Character,,,,,Howard Sherman,cover,None,,,,20FAEEFD-3402-5843-83AA-BE2A7B023763
"Green Arrow
(Connor Hawke)",Character,"Legends 106
(2/25/2016)",Green Arrow #0,Oct-94,Y,Kelley Puckett,writer,WFH,,,,EEFED4CB-0DA0-7F42-AAFB-8A2C2590098F
,Character,,,,,Jim Aparo,pencils,WFH,,,,7C3E27BF-B7BA-BA44-A4AC-34D03BEAC1CF
,Character,,,,,Gerry Fernandez,inks,WFH,,,,2D738668-122D-F443-A484-22EFE2325511
,Character,,,,,Rick Burchett,cover,WFH,,,,1ABD77DF-5B32-AA4C-969A-5366F1089CD0
,Character,,,,,Lee Loughridge,color,N/A,,,,E8B10195-DD4A-EC42-842D-7BE3B1BE6E1F
"Green Lantern
(Alan Scott; Sentinel)",Character,,"as Green Lantern:
All-American Comics #16
""The Origin of Green Lantern""",Jul-40,Y,Bill Finger,writer,Writer; Contributor Recognition,2015,Deceased Contributor Recognition Agreement is with heir.,,5BB744DF-BD78-8F45-B14B-FED1088587E1
,Character,,,,,Martin Nodell,"pencils, inks",Settlement,2001,Deceased,,CBEA4BCD-C1DA-C142-B706-C01BCCEE798D
,Character,,,,,Sheldon Moldoff,cover,None,,Deceased,,C7F7C333-8315-CF4B-9442-970E5FD627BF
,Character,Stargirl 101,"as Sentinel:
Showcase '95 #1
""Ghosts""",Jan-95,Y,R.A. Jones,writer,WFH,,,,65D7CDD4-B604-DF48-9951-220AB9582ED2
,Character,,,,,Eugene Gonzales,pencils,WFH,,,,DFAFC81D-ADC4-FB4C-B104-0D189DC08FC2
,Character,,,,,Wade von Grawbadger,inks,WFH,,,,759B5127-532E-3F44-8FF5-9FFBFCBE1FC0
,Character,,,,,Tom Grummett,cover pencils,WFH,,,,D987D6BE-2283-644C-8977-60DF31AFBFDA
,Character,,,,,Doug Hazlewood,cover inks,WFH,,,,8E3AD31C-7B73-E540-826E-8E09EE3631B6
,Character,,,,,Lee Loughridge,color,N/A,,,,99CE5B89-2FA2-CA4C-9417-BDECFF7C6008
"Green Lantern
(Hal Jordan)",Character,"Green Lantern
(2011)","Showcase #22
""SOS Green Lantern""",Sep-59,Y,John Broome,writer,None,,Deceased,,4B25BF71-D07D-7844-B556-4AB29F0E9D03
,Character,,,,,Gil Kane,pencils; cover,None,,Deceased,,56569D5A-D29D-BD4F-928D-CF376743D9CA
,Character,,,,,Murphy Anderson,inks,None,,Deceased,,15A1C289-B32B-B448-A8A1-A0360EE20ACE
"Green Lantern
(Guy Gardner)",Character,,Green Lantern #59,Mar-68,Y,John Broome,writer,None,,Deceased,,1E0DBF67-76B1-6E41-9609-58F17A3222FA
,Character,,,,,Gil Kane,"pencils, cover pencils",None,,Deceased,,05CB4D81-860E-3245-AED7-780E98966D3C
,Character,,,,,Sid Greene,inks,None,,Deceased,,3C4C0177-683D-0745-830E-0095CFED1744
,Character,,,,,Murphy Anderson,cover inks,None,,Deceased,,58621456-BD23-E347-9478-551354F56864
"Green Lantern
(John Stewart)",Character,,"Green Lantern #87
""Beware My Power""",Dec-71,Y,Denny O'Neil,writer,Creator Recognition,,,,8959FC3C-B060-A945-AB8D-41A4A57A8483
,Character,,,,,Neal Adams,pencils; cover,Creator Recognition,,,,77E188DF-F058-1040-89BA-1A8AA7E045E1
,Character,,,,,Dick Giordano,inks,N/A,,"Giordano was an employee of DC at this time.
Deceased",,554C4E6F-912D-C14C-8859-9F776F56AFB2
"Green Lantern
(Kyle Rayner)",Character,,Green Lantern #48,Jan-94,N,Ron Marz,writer,WFH,,,,F5AECA49-B484-BA47-8776-4D433FF4BF0F
,Character,,,,,Bill Willingham,pencils,WFH,,,,EA94B680-CC74-F74B-A087-0CDE4830007A
,Character,,,,,Romeo Tanghal,"inks, cover inks",WFH,,,,4EE02A2F-61D5-3D44-9D6C-F222F858C977
,Character,,,,,Robert Campanella,inks,WFH,,,,11CB2185-EEBB-0A4A-BE76-0F2F5E978677
,Character,,,,,Darryl Banks,cover pencils,WFH,,,,65548A18-22C9-EF4B-AED3-45ABE35FC079
,Character,,,,,Anthony Tollin,color,N/A,,,,503BA3EC-6717-554B-8CC4-B8AD72F1313D
"Green Lantern
(Simon Baz)",Character,,The New 52: FCBD Special Edition,Jun-12,N,Geoff Johns,writer,WFH,,,,50E85E1F-40D5-E541-9DC3-B0BB90BE1BAF
,Character,,,,,Kenneth Rocafort,"pencils, inks",WFH,,,,1650D5F6-B8F8-794C-8B4D-62D35A0F1ABD
,Character,,,,,Gene Ha,"pencils, inks",WFH,,,,D280FE06-EFDC-4C42-A2AA-855179146EA6
,Character,,,,,Jim Lee,"pencils, cover pencils",Firewall Agreement,,,,C74D72EB-287E-AE4C-AE15-E1C4BF282C01
,Character,,,,,Ivan Reis,pencils,WFH,,,,491AE1A5-1B3B-1C4B-A13D-C90611CC31A4
,Character,,,,,Scott Williams,"inks, cover inks",WFH,,,,4551EAA5-6820-7D47-906A-5C5BA95A9271
,Character,,,,,Kevin Senft,digital inks,WFH,,,,B81300D9-E7B1-AC4D-BE89-7D3D52EC594F
,Character,,,,,Joe Prado,finishes over layouts,WFH,,,,A7890C42-DAEF-EE4B-80B7-7B39498CDBD7
,Character,,,,,Rod Reis,color,N/A,,,,534EB9EC-7CEF-2248-BE51-6BFFF2484C40
,Character,,,,,Art Lyon,color,N/A,,,,0399B5D4-F811-A74B-B87D-5EC56E4AB484
,Character,,,,,Alex Sinclair,color,N/A,,,,FDFAA763-9B4E-9F43-BADE-2709AAA515B0
"Green Lantern
(Jessica Cruz)",Character,Lego Aquaman,Green Lantern #20,Jul-13,N,Geoff Johns,writer,Exclusive; WFH,,,,E1654B37-83F8-E84B-8E09-D4366E37165F
,Character,,,,,Doug Mahnke,"pencils, inks, cover",WFH,,,,1B48FB57-1A8E-6949-A56F-832DD56D8535
,Character,,,,,Ethan Van Sciver,"pencils, inks",Exclusive; WFH,,,,520F4C52-A8B7-FF43-AEF9-41DEEF09ABE3
,Character,,,,,Patrick Gleason,pencils,WFH,,,,18DB3B68-1367-6C4E-9181-C43456F53DA2
,Character,,,,,Cully Hamner,pencils,WFH,,,,537041EC-D3F8-374D-8E3F-1484A6FC0E89
,Character,,,,,Aaron Kuder,pencils,WFH,,,,B5905007-5D39-F14F-A9AD-7190901C3CBB
,Character,,,,,Jerry Ordway,pencils,WFH,,,,B55B557B-C20A-5D45-A76A-989FFD7C641D
,Character,,,,,Ivan Reis,pencils,Exclusive; WFH,,,,625E93D3-CCFE-B846-A1C1-B07124B0897C
,Character,,,,,Christian Alamy,inks,WFH,,,,8024B4FC-D053-6648-9203-0F3D76B3AF8E
,Character,,,,,Keith Champagne,inks,WFH,,,,98A3656B-CB1F-C047-9230-F338E538B8C1
,Character,,,,,Marc Deering,inks,WFH,,,,4853F731-78DC-BF4F-80EC-45BB818D45B4
,Character,,,,,Mark Irwin,inks,WFH,,,,29FC4ECB-E71E-F54C-8A63-B7AF578ADC5C
,Character,,,,,Wade Von Grawbadger,inks,WFH,,,,171066DD-24FB-CE40-8FA4-20DF84023E24
,Character,,,,,Tom Nguyen,inks,WFH,,,,A3459EB5-2F9C-454A-9678-7DF3412439A5
,Character,,,,,Oclair Albert,inks,WFH,,,,C65EE302-66F6-F547-8A64-B4487FB412F1
,Character,,,,,Joe Prado,inks,WFH,,,,D891DEC6-0237-D243-AF3F-F35D1D27D787
,Character,,,,,Alex Sinclair,color,Exclusive,,,,C598EFA3-2B9C-EB49-A945-7308ED189753
,Character,,,,,Tony Avina,color,N/A,,,,8756AA5B-3745-404D-B97B-21BB261BCE9D
Gregory Wolfe,Character,Flash 402,Flash: Iron Heights,2001,N,Geoff Johns,writer,Prestige Writer,2010,,,4B466447-B0DF-7E47-92E0-27AA1AD36575
,Character,,,,,Ethan Van Sciver,"pencils, cover pencils",Prestige Artist,2010,,,C388C822-A3EC-E640-B28C-CA12C5840525
,Character,,,,,Prentis Rollins,"inks, cover inks",Prestige Artist,,,,8C711FF4-CACA-604F-B2D2-F52BDE50CF87
,Character,,,,,Chris Chuckry,color,Color Artist,,,,5633E163-BD1B-934A-A7AC-754B118D420B
Grid ,Character,,Justice League vol 2 #23,Oct-13,N,Geoff Johns,writer,WFH,,,,FE482162-D2E1-2E4C-847E-304F14DEDF5A
,Character,,,,,Ethan Van Sciver,pencils,WFH,,,,6929E409-8CF8-7449-9FEE-626C5E8D3D79
"Gridlock
(Abner Girdler)",Character,Flash 501,Impulse #7,Oct-95,Y,Geoff Johns,writer,Prestige Writer,2010,,,4FAAAB89-6C3A-474C-89CA-68C0EF0DD877
,Character,,,,,Ethan Van Sciver,"pencils, cover pencils",Prestige Artist,2010,,,D3743539-13CA-984C-B776-2BFD308EA24D
,Character,,,,,Prentis Rollins,"inks, cover inks",Prestige Artist,,,,AB6A5119-0FC9-ED41-A022-49E3E116FAB2
,Character,,,,,Chris Chuckry,color,Color Artist,,,,F069329A-D92F-2A49-BC5F-123D8CE63E6C
,Character,,,,,Wayne Faucher,cover inks,WFH,,,,7F5E99C4-5EEE-9444-9078-51A4AFDF376D
,Character,,,,,Tom McCraw,color,Exclusive,,,,E0E8B51F-7010-5D45-A640-0CA766D9DDE6
"The Griffin
(Griffin Grey)",Character,"Flash 219
(4/26/2016)",Flash: The Fastest Man Alive #1,Aug-06,N,Danny Bilson,writer,WFH,,,,CA602EBD-2E1B-C841-B514-82ED1D097AB4
,Character,,,,,Paul DeMeo,writer,WFH,,,,DBBF4D1D-79E3-4D46-AA14-919A3683705D
,Character,,,,,Ken Lashley,"pencils, cover pencils",WFH,,,,8ECA4EE8-75FD-8743-A22B-BBDAB4B2FD66
,Character,,,,,Marlo Alquiza,inks,WFH,,,,E51A3C0D-998C-7C4D-9A01-2F6EE6136075
,Character,,,,,Jay Leisten,inks,WFH,,,,D23D9B2E-74B0-944B-9B78-00F71005E863
,Character,,,,,Norm Rapmund,inks,WFH,,,,F5CAD860-8DD2-CA4E-8FB5-5A66C5AE1DF3
,Character,,,,,Greg Parkin,cover inks,None,,,,248D8CE8-541D-6344-ADC7-ABEE405542EB
,Character,,,,,Andy Kubert,cover pencils (variant),WFH,,,,6A6FEC0E-B7BD-A04B-8456-581A90950F20
,Character,,,,,Joe Kubert,cover inks (variant),WFH,,Deceased,,8D7A8AF8-B539-604B-9D2E-354B145500B4
,Character,,,,,Carrie Strachan,color,N/A,,,,38C68564-CD98-D845-8E8A-DA2F62FA8834
"Grifter
(Cole Cash)",Character,"Point Blank
Sleeper",WildC.A.T.S.: Covert Action Teams #1,Aug-92,Y,Jim Lee,"writer, pencils, cover pencils",WildStorm Employment Agreement,,See also: WildStorm Asset Purchase Agreement,"See memos/emails in eDocs.  DC Legal and WB IP group opined that there’s a risk that Disney might claim that Grifter is covered by a Disney lien on the Gen13 property.  In 2013, DC and WBTV were prepared to proceed with exercising television rights.",112E0664-7111-1547-B1B6-05605D116BE2
,Character,,,,,Brandon Choi,writer,WildStorm WFH Acknowledgement,,,,91281C5E-BDAC-0148-9B68-E1E3C5B99A63
,Character,,,,,Scott Williams,"inks, cover inks",WildStorm WFH Acknowledgement,,,,1E15F4A5-DE8C-D14C-A63C-EA4BAC923E57
,Character,,,,,Joe Rosas,color,N/A,,,,EEFC3354-3B07-6242-B0DD-D3033519E579
"Guardian
(James Harper; Newsboy Legion)",Character,,"Star-Spangled Comics #7
""The Story of the Newsboy Legion""",Apr-42,N,Jack Kirby,"writer, pencils, cover pencils",None,,Deceased,,C48811BA-727C-7348-8C14-CBF59505AFE3
,Character,,,,,Joe Simon,"writer, inks, cover inks",None,,Deceased,,4587029E-622D-314E-AF87-44F9FFF73ACE
"Guardian
(James Harper's Clone; Project Cadmus)",Character,"Supergirl 116
(3/14/2016)","Superman's Pal, Jimmy Olsen #135",Jan-71,N,Jack Kirby,"writer, pencils",None,,Deceased,,88F4CF15-61D0-E14A-89C3-731686508DD4
,Character,,,,,Vince Colletta,inks,None,,,,CE4215B7-4C3B-E148-8A38-645E98BAF760
,Character,,,,,Neal Adams,cover,Creator Recognition,,,,C9512AE2-69B5-5B4D-9C4D-1886A1D74C4B
The Guardians of the Universe,Character,"Green Lantern
(2011)","Green Lantern #1
""The Planet of Doomed Men""",Jul-60,N,John Broome,writer,None,,Deceased,,D3E4517A-DBCB-0D46-9261-F06F674DF8C4
,Character,,,,,Gil Kane,pencils; cover pencils,None,,Deceased,,42B5D24E-EB52-4242-BF59-6C6156A407DE
,Character,,,,,Murphy Anderson,inks,None,,Deceased,,8C593226-FB11-F54E-AC55-AA1BE0747EB9
,Character,,,,,Joe Giella,cover inks,None,,,,C113E205-58E9-7B44-957B-98094BBD3C53
Gunner MacKay,Character,The Losers (DC),"All-American Men of War #67
""Cover Man""",Mar-59,Character on cover could be either Gunner or Sarge Clay,Robert Kanigher,writer,N/A,,"Kanigher was an employee of DC Comics from 2/3/47 - 5/31/82.
Deceased",,4FBC0456-5279-9643-9669-CD99D5B1EDAB
,Character,,,,,Ross Andru,pencils,None,,Deceased,,87C4B63E-DD61-3340-939D-D18C8A217DBA
,Character,,,,,Mike Esposito,inks,None,,Deceased,,51B53F39-483E-8A4A-BE79-09183B2AA7E7
,Character,,,,,"Jerry Grandenetti
(Charles J. Grandenetti)",cover,None,,Deceased,,EC36D35A-A38B-924C-9AEE-3B21AB769D44
"Gypsy
(Cindy Reynolds)",Character,,Justice League of America Annual #2,Oct-84,Y,Gerry Conway,writer,WFH,2013,,,19F90397-0E53-7546-9A42-CDBD0F700EC9
,Character,,,,,Chuck Patton,"pencils, cover pencils",WFH,2013,,,BB3DADDE-D4A4-4648-A2F5-1185746BA5AA
,Character,,,,,Dave Hunt,inks,WFH,,,,71909EFD-8B85-5B48-9EFF-5DB482436F07
,Character,,,,,Dick Giordano,cover inks,None,,"Giordano may have been an employee of DC at this time.
Deceased",,FEDF019E-0058-384F-9F73-1EF0C34D7859
,Character,,,,,Carl Gafford,color,N/A,,,,906B7EFE-9E55-FF44-9872-1D100BD5B7C2
"Gypsy
(Cynnthia Mordeth)",Character,Flash 310,Justice League of America's Vibe #1,Apr-13,N,Geoff Johns,writer,Exclusive; WFH,,,,3AFBC8F3-BD84-664D-A9E1-101A91A49E19
,Character,,,,,Andrew Kreisberg,writer,WFH,,,,387E3294-5C5D-0448-A27C-84D0A248C651
,Character,,,,,Pete Woods,pencils,WFH,,,,E62594E9-B68C-5243-BE05-8BFC8CF1E7AD
,Character,,,,,Sean Parsons,inks,WFH,,,,E6E64D77-75FE-9545-93AF-37904009C117
,Character,,,,,David Finch,cover,Exclusive; WFH,,,,D7925A23-5D63-A647-8EBD-9A55BC7E59D9
,Character,,,,,Brad Anderson,color,N/A,,,,67FE6730-05F0-C64B-9C81-8D7AD6C27186
Hackett,Character,Arrow 711,Green Arrow: Year One #1,Sep-07,N,Andy Diggle,writer,WFH,2012,,,1E5F2246-4EEC-9047-9D88-EFCE8BDD348D
,Character,,,,,Mark Simpson (Jock),"pencils, inks, cover",WFH,2012,,,B7D16067-4625-A546-8D60-338316F5620A
,Character,,,,,David Baron,color,Exclusive,,,,19CE5214-B901-294C-A978-B4B854AFAC6B
Hall of Justice,Location,,"Super Friends Animated Series
""The Power Pirate""",Sep-73,,"Fred Freiberger, Willie Gilbert, Bernie Kahn, Dick Robbins, Ken Rotcop, Henry Sharp, Arthur Weiss, Marshall Williams",writers,,,See Hanna-Barbera agreements (11/29/73; 11/16/76; 3/27/78; 1/19/82; 10/10/84; 2/27/85; 5/22/90; 7/1/92) and Settlement (8/11/86),,DDBA637B-81FD-6C4D-9C42-377F439CCD14
"Halo
(Gabrielle Doe)
*This applies to Gabrielle Doe only. 
See also: Violet Harper",Character,Young Justice,"The Brave and the Bold #200
""Batman and the Outsiders""",Jul-83,N,Mike Barr,writer,WFH; Writer,2006,,,5641D174-EBBD-E549-8D9D-A20956B8BBCC
,Character,,,,,Jim Aparo,"pencils, inks, cover",Artist,1983,Deceased,,EECE5B6A-4037-8849-99CD-31B905565FF2
,Character,,,,,Adrienne Roy,color,Exclusive,,Deceased,,86A7D561-3210-0543-949A-1601B0546FD1
"Hannibal Bates
(Everyman; Dark Arrow)",Character,,"as Hannibal Bates:
52 #21",Nov-06,Y,Geoff Johns,plot,WFH; Exclusive; Continuity,2015,,,8982E486-12C7-6A47-A82C-918A083CE3E3
,Character,,,,,Grant Morrison,plot,WFH; Continuity,,Character Equity agreement sent; not returned,,2E9DF238-9704-5542-B811-838A03897D9F
,Character,,,,,Greg Rucka,plot,WFH; Continuity,2015,,,0F718EE4-D7B6-534B-B358-F373EE44676B
,Character,,,,,Mark Waid,writer,WFH; Continuity,2015,,,06F38D41-13B9-CD44-A010-394ADD30AF2D
,Character,,,,,Joe Bennett,pencils,WFH,2015,,,44BFFDFA-8B08-F146-AEA5-50F821A6981C
,Character,,,,,Jack Jadson,inks,WFH,,,,547633F4-F34B-6E42-963E-7D2C39C39DEE
,Character,,,,,J.G. Jones,cover,WFH,,,,5CC11CC3-3358-A24B-80E1-A005C3A069F8
,Character,,,,,David Baron,color,Exclusive,,,,D17DF63A-A3BB-7B44-AC3F-908CF777A0CD
,Character,Arrow 608,"as Dark Arrow:
Green Arrow & Black Canary #27",Feb-10,Y,Andrew Kreisberg,writer,WFH,,,,EAD53B19-64AA-3E45-827A-C2951BF6F476
,Character,,,,,Mike Norton,pencils,WFH,,,,7EEDAB82-768A-2A4D-A8D9-A48398ECA80A
,Character,,,,,Bill Sienkiewicz,inks,WFH,,,,6008E657-6B25-B745-86CB-BB22532E6288
,Character,,,,,Jose Ladronn,cover,WFH,,,,B2CB20BB-C171-4540-AB0B-54C65AB74EB2
,Character,,,,,David Baron,color,Exclusive,,,,F6189D50-3388-0848-9CB3-4CDE7E841A70
"Hans Hendrickson
(Weapons Master)",Character,,"in Quality Comics:
Military Comics #2
""The Coward Dies Twice""",Sep-41,N,Will Eisner,writer,Independent Contractor,,See Quality Comics purchase agreements dated 7/26/56 & 8/1/67.,,A15ED0B4-CCE7-8146-AE86-B4056758D1B2
,Character,,,,,Charles Cuidera,"pencils, inks, cover",None,,,,C904EB90-7F77-1048-B813-41D84D39198F
,Character,,,,,Bill Smith,cover,None,,,,8C56020C-004A-E04D-9696-0CE8F29AB5F4
,Character,,"in DC Comics:
Blackhawk #108",Jan-57,N,Dick Dillin,"pencils, cover pencils",None,,Deceased,,0F4D7476-721F-8441-8F11-40388F185A2F
,Character,,,,,Charles Cuidera,"inks, cover inks",None,,,,C45695AD-9FBA-154E-8D78-31D83B2EEB34
Hardhat,Character,"Arrow 414
(2/17/2016)",Green Lantern #176,May-84,N,Len Wein,writer,WFH,2005,Deceased,,8F15D559-785F-5345-B150-D4A3FBF570B2
,Character,,,,,Dave Gibbons,"pencils, cover",WFH,,,,40A42C72-32CA-A145-8348-38E42E582425
,Character,,,,,Dick Giordano,inks,WFH,,"Giordano was an employee of DC at this time.
Deceased",,9896CE95-D354-A547-86AA-CF476A5D3E3E
,Character,,,,,Anthony Tollin,color,Exclusive,,,,3650805B-7CF0-ED46-AE4A-8872753C1FEF
"Harbinger
(Lyla Michaels)",Character,Flash 308,"New Teen Titans #21
""Beware the Wrath of… Brother Blood""",Jul-82,N,Marv Wolfman,writer,Exclusive,2004,,,042F2BDB-CAE0-9649-A337-0DFDA929038C
,Character,,,,,George Perez,"pencils, cover",Exclusive,2004,,,48F6A9B1-A58C-824E-8AE2-64D272C80032
,Character,,,,,Romeo Tanghal,inks,Exclusive,,,,22DF863E-C7EE-D548-B169-435C312996FC
,Character,,,,,Adrienne Roy,color,Exclusive,,Deceased,,C313E911-38F9-184F-BE0A-D4BDA01E7AAC
"Harley Quinn
(Dr. Harleen Quinzel)",Character,Gotham Girls,"Batman: The Animated Series
""Joker's Favor""",Sep-92,,Paul Dini,"writer, creator",,1996,Character equity agreement for everything except media rights,,812B22B0-3A76-BC44-AA8B-38482C66C95C
,Character,,,,,Bruce Timm,creator,,2015,Character equity agreement for everything except media rights,,441FC94F-935F-2644-9A5F-1CC5AD38BE4D
,Character,,"First Comic Appearance:
The Batman Adventures #12",Sep-93,Y,Kelley Puckett,writer,WFH,,,,E56D52C0-B7B3-D44E-85F6-916E3BAB55F2
,Character,,,,,Michael Parobeck,"pencils, cover pencils",WFH; Continuity,,,,EE93C52A-E147-5440-BC6D-D7F57C57FCD7
,Character,,,,,Rick Burchett,"inks, cover inks",Continuity,,,,2C40FA00-D451-9F49-A3D4-DA09A2F72AE2
,Character,,,,,Rick Taylor,color,N/A,,,,BA408E77-9EB0-7F4B-9ADF-24324F6E67E2
Harvey Bullock,Character,,"Detective Comics #441
""Judgment Day""",Jun-74,N,Archie Goodwin,writer,None,,Deceased,,8B04E33A-06BC-3C42-A329-95C0CE563295
,Character,,,,,Howard Chaykin,"pencils, inks",None,,,,4C005B63-302E-BD46-B592-EB0967034214
,Character,,,,,Jim Aparo,cover,None,,Deceased,,B551A899-D1A0-4943-90B5-1829FE4C7B1A
"The Hat
(Rampotatek)",Character,Supergirl 413,Action Comics #775,Mar-01,N,Joe Kelly,writer,Continuity Writer,,,,255B4A1B-94B5-F44A-ADED-476BC4A42093
,Character,,,,,Doug Mahnke,pencils,Continuity Artist; WFH,,,,36519DF5-5E74-D643-A2E6-D4791B650F5D
,Character,,,,,Lee Bermejo,pencils,None,,,,7D48AAAB-0319-534D-A8FE-8FBD40DF5BB7
,Character,,,,,Tom Nguyen,inks,WFH,,,,5A96E682-7696-9F4B-A11B-3681D6684B25
,Character,,,,,Dexter Vines,inks,WFH,,,,025F2D12-5C89-4949-AFB3-F4CB834FA7F6
,Character,,,,,Jim Royal,inks,None,,,,7B504059-B3D4-2045-BFBA-5201F6B2BADD
,Character,,,,,Jose Marzan,inks,WFH,,,,C1F346D9-5DFE-CE4F-A09C-68A624BD1605
,Character,,,,,Wade von Grawbadger,inks,WFH,,,,D9BDE040-E9A3-A444-9E13-6D9D11F88209
,Character,,,,,Wayne Faucher,inks,WFH,,,,9235798B-1E13-F64E-A780-70F5B1F39B26
,Character,,,,,Tim Bradstreet,cover,WFH,,,,EAC76843-DA20-144B-B30F-C5DF27677B70
,Character,,,,,Rob Schwager,color,N/A,,,,89740AB2-18FA-0E40-B0D0-53E5C966ACDE
"Hawk
(Henry ""Hank"" Hall; Monarch)",Character,Birds of Prey,Showcase #75,Jun-68,Y,Steve Skeates,writer,None,,"According to the GCD, Giordano and Infantino were both involved with the creation of Hawk & Dove. Infantino claimed to have come up with the original idea. Giordano claimed that Ditko wrote the rough plot and Skeates worked from that. Skeates claimed that Infantino came up with the title, but the rest of the creation was ""by committee.""
Giordano and Infantino were both employees of DC at this time and are both Deceased ",,F0060F9F-3EE5-874A-8B08-68F58E0693F0
,Character,,,,,Steve Ditko,"plot, pencils, inks, cover",Creator Recognition,2017,,,E0E14205-59DC-E947-B1E2-A57A36A69B6F
,Character,,,,,Dick Giordano,editor,N/A,,,,A8E80FBA-602A-B34C-9492-FA3AAE0F48D5
,Character,,,,,Carmine Infantino,editor,Settlement,,,,4CEA9C4B-F626-7748-BAA6-CF97B4F81758
"Hawk
(Sasha Martens)",Character,Birds of Prey,Genesis #2,Oct-97,N,John Byrne,writer,WFH,,,,FB1A3E63-FB5C-0C4F-8704-7E15CEBE0680
,Character,,,,,Ron Wagner,pencils,WFH,,,,D0F045C5-CD35-8147-BFD1-EDC8E31C2A74
,Character,,,,,Joe Rubinstein,inks,WFH,,,,F599DFA1-AED7-1E47-9393-C56224D1359E
,Character,,,,,Alan Davis,cover pencils,WFH,,,,E0AC2ED3-C41A-B94C-A56E-2DA7FB1279E5
,Character,,,,,Mark Farmer,cover inks,WFH,,,,C80CD00D-AD9F-0A4B-B4BE-522CB5AF816C
,Character,,,,,Patricia Mulvihill,color,Exclusive,,,,AC0F440E-B5D6-0540-8887-150F092698D6
"Hawk
(Holly Granger)",Character,Birds of Prey,Teen Titans #22,May-05,N,Geoff Johns,writer,Exclusive; WFH,,,,889521A9-98E7-6146-BBCA-D389D0EAFC61
,Character,,,,,Mike McKone,"pencils, cover pencils",WFH,,,,AB2D2D38-FE69-D549-9E23-CCB1DAECE690
,Character,,,,,Marlo Alquiza,"inks, cover inks",WFH,,,,353542E9-F1FC-BB4D-B18A-AD2FCE5DC679
,Character,,,,,Jeromy Cox,color,N/A,,,,A84FAAF1-CF29-334A-B735-205A7B5A434E
"Hawkgirl
(Sheira Sanders; Chay-Ara)",Character,,"Flash Comics #1
""The Origin of Hawkman""",Jan-40,Y,Gardner F. Fox,writer,Creator Recognition,2009,Deceased Creator recognition agreement with is with heirs.,,C02EE7CA-0531-014D-98B9-CF0B74044F31
,Character,,,,,Dennis Neville,"pencils, inks",None,,,,CB5B02BD-E9F4-C84A-A57C-DF9A701A5E3E
,Character,,,,,Sheldon Moldoff,cover,Artist,,Deceased,,B78E1E7E-DB50-5D45-9B57-A450067B7956
"Hawkgirl
(Kendra Saunders)",Character,"Flash 205
(11/3/2015)","JSA Secret Files & Origins  #1
""Gathering Storms""",Aug-99,Y,James Robinson,writer,WFH,,,,AFE6D35F-C451-6A46-9E22-1E315BE2FA94
,Character,,,,,David S. Goyer,writer,WFH,,,,5AA899B9-F507-6B44-AFC7-D2AD4039D7FD
,Character,,,,,Scott Benefiel,pencils,WFH,,,,225959D7-B4B3-3C48-9C41-F0FB96E840AD
,Character,,,,,Mark Propst,inks,WFH,,,,B802A79E-775A-C34F-AC87-CA72ACEC0066
,Character,,,,,Steve Sadowski,cover pencils,WFH,,,,F9D04B11-9FE1-CB4A-897F-1921511CAA48
,Character,,,,,"Michael Bair
(Michael Hernandez)",cover inks,WFH,,,,9A5111E7-FC1A-DA46-A9F9-67D808E47590
,Character,,,,,John Kalisz,color,N/A,,,,306CFF21-FE68-4145-B697-005DC38FC05F
"Hawkman
(Carter Hall / Khufu)",Character,"Flash 208
(12/1/2015)","Flash Comics #1
""The Origin of Hawkman""",Jan-40,Y,Gardner F. Fox,writer,Creator Recognition,2009,Deceased Creator recognition agreement with is with heirs.  Cleared for cameo single use in DC Superhero Girls,,AD7ADE62-2B55-AA48-B3F0-C3AFAFAEEBBF
,Character,,,,,Dennis Neville,"pencils, inks",None,,,,C0399BC5-0DA4-8047-A3A7-EE06DD7C35E6
,Character,,,,,Sheldon Moldoff,cover,Artist,,Deceased,,F128365E-5822-124C-BC9A-DF9C4BA66A51
"Hawkman
(Katar Hol)",Character,,The Brave and the Bold #34,Feb-61,Y,Gardner F. Fox,writer,Creator Recognition,,Deceased Creator recognition agreement with is with heirs.,,17C208D2-CBB2-E843-A64B-55C03760164D
,Character,,,,,Joe Kubert,"pencils, inks, cover",None,,Deceased,,D878A2CC-31F3-694D-B6AC-D01ED55CD823
"Hawkman
(Fel Andar)",Character,,"Pre-Hawkworld:
The Shadow War of Hawkman #1",May-85,Y,Anthony Isabella,writer,None,2016,,,841D8448-F232-4D42-851D-9D8E0AB4E054
,Character,,,,,Richard Howell,"pencils, cover pencils",None,2016,,,7288A1C5-9C9E-764F-8D24-CD6A9EBDA784
,Character,,,,,Alfredo Alcala,inks,None,,Deceased,,B775B7DC-2490-BA4A-BF29-391C295C60CE
,Character,,,,,Dick Giordano,cover inks,N/A,,"Giordano was an employee of DC at this time.
Deceased",,BB462D7B-7AC4-2E4E-8AC1-6881BFD26EC3
,Character,,,,,Michele Wolfman,color,N/A,,,,1FDB0C51-4F16-C24E-8005-B9FA1DE40113
,Character,,"Post-Hawkworld:
Hawkworld #22",Apr-92,Y,John Ostrander,writer,WFH,,,,33EEC61D-1A64-CB4A-9C33-460327E7531A
,Character,,,,,Graham Nolan,"pencils, cover",WFH,,,,64A10493-F759-134F-90AE-73F48F767E1F
,Character,,,,,Richard Bryant,inks,WFH,,,,336016BE-77AC-0E4D-A093-2419CEBAD443
,Character,,,,,Sam Parsons,color,N/A,,,,BCDA743E-95F8-9C42-9CEB-05B5C320613E
"Hawkman
(Charley Parker / Golden Eagle)",Character,,"as Charley Parker:
Justice League of America #116
""The Kid Who Won Hawkman's Wings""",Mar-75,N,Cary Bates,writer,None,,,,A43B7061-5B94-0D45-B930-7B44C0FADD0E
,Character,,,,,Richard Dillin,pencils,None,,Deceased,,64A72168-3784-B84F-B6D6-66CB168BF6F3
,Character,,,,,Dick Giordano,inks,N/A,,"Giordano was an employee of DC at this time.
Deceased",,8A77E3E0-A65E-374B-908F-AC0E533D9BE4
,Character,,,,,Nicholas Peter Cardy,cover,None,,Deceased,,A2F14FD7-E653-C94A-A0EC-74D8FA56A791
,Character,,"as Hawkman:
Hawkman #43",Oct-05,Y,Justin Gray,writer,WFH,,,,3619BC50-5D39-9949-95DF-B728DDCC860F
,Character,,,,,Jimmy Palmiotti,writer,WFH,,,,6559FBB3-3C4E-8D42-A9E8-B872E8DB1488
,Character,,,,,"Benedito Jose Nascimento
(Joe Bennett)",pencils,WFH,,,,A2166ECB-7712-1B44-9237-80CDC9121839
,Character,,,,,Ruy Jose,inks,WFH,,,,66D789D3-A1CC-B347-8987-2833475BF731
,Character,,,,,Dale Eaglesham,cover pencils,WFH,,,,30A6F277-3A04-DC4D-8061-298125E554D0
,Character,,,,,Wade Von Grawbadger,cover inks,WFH,,,,375CFE28-CD5E-6B46-8EA7-CD3DC808155E
,Character,,,,,Sno-Cone Studios,color,N/A,,,,365D3F87-75F0-0649-8D4B-FC0CEF6F7F5A
 Hawkman Cruiser,Other,Black Adam,The Brave and the Bold #34,Mar-61,N,Gardner F. Fox,writer,Creator Recognition,,"Creator recognition agreement with is with heirs. (DCBL 11899) (Hawkman is on the Exhibit List and Agreement covers ""all other related elements"")","Information here is for the first appearance of Hawkman's Thanagarian ship (Thanagarian Star Cruiser) in the comics, which our understanding, is the idea behind the version being used in the movie but that the team created the film version so that it doesn’t look very similar to anything from the comics.",880083C9-9FDD-954A-8152-8A682EEAB1C5
,Other,,,,,Joe Kubert,"pencils, inks, cover",None,,Deceased,,B801B196-5973-EC40-93FD-72C44C508347
 Hawkman Mansion/JSA headquarters in St. Roch,Location,Black Adam,Hawkman vol 4 #1,May-02,N,Geoff Johns,writer,WFH,,,"It is our understanding that the version in the movie is based on the Hawkman Mansion/Museum from the comics. According to information online, the name of the museum is Stonechat Museum. The first appearance information listed is for the Stonechat Museum. St. Roch as a location also has the same first appearance issue.",741E1B9D-0117-C44D-848F-5714FF556943
,Location,,,,,James Robinson,writer,WFH,,,,3E74991D-6ADE-5741-8F53-1B24429EF63B
,Location,,,,,"Ralph ""Rags"" Morales",pencils,WFH,,,,8934F803-BCFD-9042-B07E-B1B503A44F6D
,Location,,,,,"Michael Bair
(Michael Hernandez)",inks,WFH,,,,2544992F-54E3-C04F-A5F1-AFC3DD45C76D
,Location,,,,,Andrew C. Robinson,cover,WFH,,,,E8CBEB8D-5E70-A447-864C-97E190C2E31E
"Hawkwoman
(Shayera Hol)",Character,,The Brave and the Bold #34,Feb-61,Y,Gardner F. Fox,writer,Creator Recognition,,Deceased Creator recognition agreement with is with heirs.,,DDAF45C1-5810-6144-AF8D-A008EA64B380
,Character,,,,,Joe Kubert,"pencils, inks, cover",None,,Deceased,,96C4D9F3-E914-BD48-B220-BCD83BC18EEF
"Hawkwoman
(Shayera Thal)",Character,,Hawkworld #1,1989,N,Timothy Truman,"writer, pencils, cover",Prestige,,,,EBDD58CC-9965-FF42-BC51-5B22E6A818F6
,Character,,,,,"Enrique Alcatena
(Quique Alcatena)",inks,Prestige,,,,761148D7-0A3A-7343-8A6C-BCC4E0E82A11
,Character,,,,,Sam Parsons,color,N/A,,,,2E235970-F2BD-5E49-BB97-05063F52CC50
"Hawkwoman
(Shayera Ma; Sharon Parker Hall)",Character,,Hawkworld #22,Apr-92,Y,John Ostrander,writer,WFH,,,,BC3E74E7-1BB2-DE45-A4E1-58834F8E32B3
,Character,,,,,Graham Nolan,"pencils, cover",WFH,,,,076D5405-660B-3545-ABD1-C92DDBDEB6B4
,Character,,,,,Rick J. Bryant,inks,WFH,,,,DB2B51C5-995E-D640-AE37-E884EF23558F
,Character,,,,,Sam Parsons,color,N/A,,,,2202B19F-25FD-FF4B-8C80-D0510F4D5A8D
"Hazard
(Becky Sharpe)",Character,Flash 403,Infinity Inc. #34,Jan-87,N,Roy Thomas,co-writer,Writer,,,,CE828AF0-A419-F54D-8E84-17B0EA2DB65C
,Character,,,,,"Dannette ""Dann"" Thomas",co-writer,None,,"We believe that Roy Thomas entered into a separate agreement with Dann Thomas for writing services, but we do not have a copy of it.",,722E46AD-C517-D742-943A-C09D0782380A
,Character,,,,,Todd McFarlane,"pencils, cover pencils",WFH,,,,F10EAD45-8749-934D-BEF4-87C58CA07177
,Character,,,,,Tony DeZuniga,"inks, cover inks",WFH,,,,8B95D823-12F6-8C4B-92EE-6EA576BE4242
,Character,,,,,Liz Berube,color,N/A,,,,42CF3E58-6DC6-DE44-B169-C68818FC65CD
"Headhunter
(Batman villain)",Character,Gotham 407,Batman #487,Dec-92,Y,Doug Moench,writer,Continuity; WFH,,,,1D241480-7800-EB42-A86A-409E2B87D52C
,Character,,,,,Jim Aparo,"pencils, inks, cover inks",Exclusive,,Deceased,,9D372EF9-A89C-934D-AE9B-94480324510C
,Character,,,,,Ed Hannigan,cover pencils,WFH,,,,00C0B737-97CE-7149-99B5-E26FD902451A
,Character,,,,,Adrienne Roy,color,Exclusive,,Deceased,,DD457F9B-03CA-644F-B552-2A2487F18B96
"Headhunter
(Hawkman villain)",Character,,Hawkman #19,Nov-03,N,Geoff Johns,writer,Exclusive; WFH,,,,6F4E9AA1-8673-C745-89C4-1D68F6242CF7
,Character,,,,,Scot Eaton,pencils,WFH,,,,C86244F0-88AC-954C-B048-1EE7F775E774
,Character,,,,,Ray Kryssing,inks,WFH,,,,5930F663-5B2F-7345-8548-D8D568F00336
,Character,,,,,John Watson,cover,WFH,,,,F00D9F8E-ACAC-4A4F-9758-5FDCE325DC62
,Character,,,,,John Kalisz,color,N/A,,,,A3D864AA-14D0-3A46-A75E-4A140135CCC9
,Character,,,,,Heroic Age,color,N/A,,,,4BB9393E-642B-0149-9868-803816694C19
"Heat Wave
(Mick Rory)",Character,"Flash 104
(10/28/2014)","Flash #140
""The Heat is On for Captain Cold""",Nov-63,Y,John Broome,writer,None,,Deceased,,0DE04825-F58A-204D-9004-12C46006FA49
,Character,,,,,Carmine Infantino,"pencils, cover pencils",Settlement,,Deceased,,FF07060F-3457-3C41-8022-B0F4DD374247
,Character,,,,,Joe Giella,inks,None,,,,94BC94B2-D590-C046-BE0E-32EEF7EE0E5A
,Character,,,,,Murphy Anderson,cover inks,None,,Deceased,,0A99FD80-6500-C043-87EA-18A7327F5E04
Hecate,Character,,Wonder Woman Annual vol 4 #1,Aug-15,N,Meredith Finch,writer,WFH,,,,25170E66-2A80-974E-9B16-C2AF1D2F0919
,Character,,,,,David Finch,pencils,WFH,,,,01437ACB-A49C-C44E-B29A-B1F367668379
,Character,,,,,Jonathan Glapion,inks,WFH,,,,7036767B-03CA-674F-B913-591E33813C72
,Character,,,,,Johnny Desjardins,inks,WFH,,,,571A17CB-E983-2D47-8D2D-FF9CD7ADC784
Heckler,Character,,The Heckler #1,Sep-92,Y,Keith Giffen,"writer, pencils",Property Agreement,,,DC owns media rights,A5EF8354-7B37-D34C-82E2-A5F7A9209E23
,Character,,,,,Mary Bierbaum,writer,Property Agreement,,,,3B8B35AB-5EBE-314B-97F2-0E94A4390BAB
,Character,,,,,Tom Bierbaum,writer,Property Agreement,,,,86ED4A54-4E95-6047-A686-25A143CAF89F
,Character,,,,,Malcolm Jones III,inks,WFH,,,,7DAC2D57-2969-3342-B05C-68C419354E54
Hector Hammond,Character,"Green Lantern
(2011)",Green Lantern #5,Mar-61,N,John Broome,writer,None,,Deceased,,00D74865-59B6-B44A-A51F-F4F129EFBBB1
,Character,,,,,Gil Kane,"pencils, cover pencils",None,,Deceased,,17A35898-0890-0C4E-998A-AA234BB5F563
,Character,,,,,Joe Giella,"inks, cover inks",None,,,,E9DA0C26-158C-EB4B-A3DE-2F39A56FCC75
Hellene,Character,"Wonder Woman
(2017)",Wonder Woman #14,Mar-88,N,George Perez,"plot, pencils, cover",Continuity,,,,EEA83127-D192-0B45-B0CD-43AEB62CA84A
,Character,,,,,Len Wein,script,WFH,,Deceased,,F9C047B4-AF14-1C43-853B-61A8511E1B3B
,Character,,,,,Bruce Patterson,inks,WFH,,,,46EBD984-25BD-7E42-899B-E786B342ADED
,Character,,,,,Carl Gafford,color,N/A,,,,EE6E2750-ACD0-9A49-9642-88EC8351DBC2
Henry Allen,Character,"Justice League
(2017)","The Flash #126
""Snare of the Headline Huntress""",Feb-62,N,John Broome,writer,None,,Deceased,,D2847262-0308-7149-BB9E-5ED7608097B6
,Character,,,,,Carmine Infantino,"pencils, cover pencils",Settlement,,Deceased,,B6AEF1A5-D4F4-3F4D-B923-CB935072620B
,Character,,,,,Joe Giella,inks,None,,,,57DA42D1-A264-214A-9715-6A027AB0B014
,Character,,,,,Murphy Anderson,cover inks,None,,Deceased,,E6BCADD8-CAE1-6F42-AA94-66784B3AA6C4
Hermes,Character,"Wonder Woman
(2017)","Golden Age:
Wonder Woman #1
""The Origin of Wonder Woman""",Summer 1942,N,William Moulton Marston,writer,Marston agreements (7/31/41; 1/15/46; 7/25/51),,Deceased Final agreement is with Estate.,,51EC65BC-2D78-A74E-AB24-DD1D6816BF22
,Character,,,,,Harry G. Peter,"pencils, inks, cover",Artist,,Deceased,,0717D27E-5A0B-DF4A-91BE-1DED56EE124F
,Character,,"New 52:
Wonder Woman #1",Nov-11,N,Brian Azzarello,writer,WFH,,,,44F5138B-25DB-634C-8599-B6D1FBB348B0
,Character,,,,,Cliff Wu Chiang,"pencils, inks, cover",WFH,,,,AE4B3702-9B3E-1348-A251-A7975F6CDFBC
,Character,,,,,Matthew Wilson,color,N/A,,,,BA6A8C4F-D229-E540-9C00-9C2DE611BA01
"Highfather
(Izaya the Inheritor)",Character,,New Gods #1,Mar-71,N,Jack Kirby,"writer, pencils, cover pencils",Fourth World Agreement,1982,Deceased,,7C3DAD19-959D-2542-ACBD-2D964ED41F74
,Character,,,,,Vince Colletta,inks,None,,Deceased,,95111694-0534-FC47-B18E-14A58550D6CB
,Character,,,,,Frank Giacoia,cover inks,None,,Deceased,,A5859829-9EF4-6640-B8C1-67A3F8F26C81
The Highwaymen,Property,,The Highwaymen #1,Aug-07,Y,Marc Bernardin,writer,WFH,2009,,,27BCE639-1158-D04E-9FDC-0EB41B8341B6
,Property,,,,,Adam Freeman,writer,WFH,2007,,,82C70AB2-C046-1B42-BF8B-325887D7D6AD
,Property,,,,,Lee Garbett,"pencils, inks",WFH,2007,,,45BDF9C9-5457-8446-A041-C7557E230634
,Property,,,,,"Brian Stelfreeze
(Jefferson Mitchell)",cover,WFH,,,,7C11CDA4-99AE-CF45-93C2-DA46CA41BBEE
,Property,,,,,Jonny Rench,color,N/A,,,,20977C3E-FBEC-C342-9202-398383A238AC
Hippolyta,Character,,"All-Star Comics #8
""Introducing Wonder Woman""",Dec-41,N,William Moulton Marston,writer,Marston agreements (7/31/41; 1/15/46; 7/25/51),,Deceased Final agreement is with Estate.,,78CD9342-BEA3-8140-91E8-95B3299F1C3F
,Character,,,,,Harry G. Peter,"pencils, inks",Artist,,Deceased,,42339249-F1B0-F64C-BCEC-02A901B9021A
,Character,,,,,Everett E. Hibbard,cover,None,,Deceased,,E2B6E2C8-0313-5B45-AF7A-560C78308F0C
"H.I.V.E.
(Hierarchy of International Vengeance and Eliminations)",Property,,New Teen Titans #2,Dec-80,N,Marv Wolfman,writer,Exclusive,1983,,,81B29CF8-DFBA-E040-8974-06072328F690
,Property,,,,,George Perez,"pencils, cover",None,1983,,,57F490F3-F310-AF42-AA8D-74C796A0FBA1
,Property,,,,,Romeo Tanghal,inks,Exclusive,,,,C61B5E22-A2E3-E645-985C-E33285BA6FC0
,Property,,,,,Adrienne Roy,color,N/A,,,,1635C04D-DB0E-0D40-8102-DD12F55E4366
Hogan's Alley,Location,Arrow 619,Nightwing #4,Jan-97,N,Chuck Dixon,writer,Continuity,,,,141449F2-3ED4-3B47-8091-380392B00444
,Location,,,,,Scott McDaniel,"pencils, cover pencils",WFH,,,,400D3238-E70D-2045-AD7A-628B9E2AA3A7
,Location,,,,,Karl Story,"inks, color inks",Continuity; WFH,,,,F5E6E0C0-5F42-BD4C-90F4-FEED84632059
,Location,,,,,Roberta Tewes,color,N/A,,,,B0EC1EBA-00F1-5A48-B55A-4FB058E24F87
Holden Crosse,Character,,Challengers of the Unknown #1,Aug-04,N,Howard Chaykin,"writer, pencils, inks, cover",WFH,,,,B9AE6BEE-2487-6E48-8418-3A3709049CC1
,Character,,,,,Rian Hughes,art direction,WFH,,,,3C6FB809-F71B-D24A-84A2-6712658B18ED
,Character,,,,,Michelle Madsen,color,N/A,,,,D1A76320-1CBA-6144-89A0-236BB2D341CA
Homo Magi,Property,"Arrow 418
(4/6/2016)",Secret Origins #27,Jun-88,N,Erich Weiss,plot,None,,,,0CD183BD-C482-8B4E-A591-707BA53B6A6A
,Property,,,,,Roy Thomas,plot,Continuity,,,,8CF59246-31A0-2648-AA02-77B06E2007BC
,Property,,,,,Robert Loren Fleming,script,WFH,,,,B5CF0CD1-1158-7644-9191-6D7D1011186C
,Property,,,,,Tom Artis,"pencils, cover pencils",WFH,,,,5BB8C8C2-4CE7-E140-9AC2-9E7889AB6A97
,Property,,,,,Grant Miehm,pencils,WFH,,,,F6BF046D-98E7-C54C-9D90-6F20F98339DD
,Property,,,,,P. Craig Russell,inks,WFH,,,,E882DF89-73ED-A745-B0CF-DF9581B8ABFC
,Property,,,,,Fred Fredericks,inks,WFH,,,,41B97589-CA59-C645-A353-1D73DC8D20B2
,Property,,,,,Doug Hazlewood,cover inks,WFH,,,,B781B5B1-07FC-A74F-AE13-89A7E47B1D83
,Property,,,,,Gene D'Angelo,color,N/A,,,,2ED6E616-BF01-FD40-A1E8-9B881B6C55CD
Hooty the Owl,Character,Stargirl 103,"All-American Comics #25
""Dr. Mid-Nite, How He Began""",Apr-41,N,Charles Reizenstein,writer,None,,,,8D858972-5D7E-D840-930A-AC02B4787479
,Character,,,,,Stanley Josephs Aschmeier,"pencils, inks",Artist,,Deceased,,DB1D02DD-05FF-3E48-9230-1982DE1C73FB
,Character,,,,,Howard Purcell,cover,Artist,,Deceased,,0B396086-D64B-B647-BB8E-5C0E8D398F91
"Hope Springs, West Virginia
(Desolation, West Virginia)",Location,,"as Desolation:
Green Lantern #77",Jun-70,N,Denny O'Neil,writer,Creator Recognition Agreement,,,,0BED2318-7819-D14D-86E3-2EB662C693EE
,Location,,,,,Neal Adams,"pencils, cover pencils & inks",Creator Recognition Agreement,,,,2D6CEE6D-1C46-E649-BBAE-29D10F177419
,Location,,,,,Frank Giacoia,inks,None,,Deceased,,BD24FCEA-AEDD-BD4B-9E8D-8AA73B41D55E
,Location,Arrow 701,"as Hope Springs:
Green Lantern #1",Jun-90,N,Gerard Jones,writer,Continuity Writer; WFH,,DC no longer has an active relationship with Jones due to criminal conviction.,,CD16A086-E221-124A-94F1-434FF4446158
,Location,,,,,Pat Broderick,"pencils, cover pencils",WFH,,,,B18C90ED-1D18-864C-B408-A95252F57FC8
,Location,,,,,Bruce Patterson,inks,WFH,,,,F66E84C6-9433-0241-A20B-D02062D36BF3
,Location,,,,,Mark Nelson,cover inks,WFH,,,,0EDD3A77-3B4A-D544-B98F-BFB37F17EF48
,Location,,,,,Anthony Tollin,color,N/A,,,,6694AC8C-D37A-DA45-8D8A-79E8E5B56F04
The Hotness,Character,Flash 416,Forever Evil: A.R.G.U.S. #2,Jan-14,N,Sterling Gates,writer,WFH,2017,,,C710A8C6-6B7E-264E-8E49-BD96C75A5B79
,Character,,,,,Neil Edwards,pencils,WFH,,Character equity agreement sent; not yet signed,,E2DACCA8-BB99-6944-AC97-0DAEB934E15E
,Character,,,,,Jason Paz,inks,WFH,,,,E45CF457-3FF6-4448-8B94-0FFCEE29D78A
,Character,,,,,Jay Leisten,inks,WFH,,,,023DF04B-EAC5-B249-AA0D-5F81EC827D9B
,Character,,,,,Doug Mahnke,cover,WFH,,,,CC737CAB-DD51-E844-806C-4AEB079C4E5C
,Character,,,,,Nathan Eyring,color,N/A,,,,BA3DE2BB-BB02-4B40-90F2-49D5EB3CB280
"The Hounds
(Pit Bull; Blackwolf; Electron)",Property,"Point Blank
Sleeper",Sleeper: Season 2 #1,Aug-04,N,Ed Brubaker,writer,WFH,,,,B2B8C267-FCDE-3940-A952-571B970801F1
,Property,,,,,Sean Phillips,"pencils, inks, cover",WFH,,,,FD9D83B4-00AB-2B41-BA65-61BBF8314E29
,Property,,,,,Alex Sinclair,color,N/A,,,,D1562C93-F0F0-FF45-B7C2-846C15BE863A
,Property,,,,,Carrie Strachan,color,N/A,,,,9A0D4349-7685-9446-AFA7-A2057FF6DBE3
"Hourman
(Rex Tyler)",Character,Legends 201,"Adventure Comics #48
""Presenting Tick-Tock Tyler, the Hour-Man""",Mar-40,Y,Kenneth W. Fitch,writer,Creator Recognition,2013,Deceased Creator Recognition Agreement is with heirs.,,A51ABEA7-DBC3-AE44-BCB2-C1B4E1332F60
,Character,,,,,Bernard Baily,"pencils, inks, cover",None,,Deceased Creator Recognition Agreement with heirs was never signed.,,90504592-F4FB-BF42-A5B7-25562889AD86
"Hourman
(Rick Tyler)",Character,,"Infinity, Inc. #20",Nov-85,N,Roy Thomas,co-writer,Writer,1985,,,B439AEC7-1F02-534F-8E93-7E76FD49B482
,Character,,,,,"Dannette ""Dann"" Thomas",co-writer,None,,"We believe that Roy Thomas entered into a separate agreement with Dann Thomas for writing services, but we do not have a copy of it.",,293F46A2-C9B4-6F40-A968-DB89DB8710EA
,Character,,,,,Todd McFarlane,pencils,Artist,1985,,,3DAE100C-A320-E14A-ACF7-D05AE6D28D28
,Character,,,,,Steve Montano,inks,None,,,,911D9DAD-ED8E-EB4D-87B6-2DF8227C8DD4
,Character,,,,,"Michael Bair
(Michael Hernandez)",cover,None,,,,9A5948F9-2525-1B44-9CA6-6CB3C9F47D3D
,Character,,,,,Adrienne Roy,color,N/A,,Deceased,,3B1E4BB1-BE08-F24D-9647-DFC6A6E70756
,Character,,,,,Anthony Tollin,color,Exclusive,,,,9390501E-52C6-B34C-8044-C57FC51D2B35
"Hourman
(Matthew Tyler)",Character,,JLA #12,Nov-97,N,Grant Morrison,writer,Continuity,,,,0320EC23-6009-BD41-869C-7B8E01CE5D18
,Character,,,,,Howard Porter,"pencils, cover pencils",Continuity,,,,E7195004-746F-A843-9033-76EB3954B02B
,Character,,,,,John Dell III,"inks, cover inks",Continuity,,,,7E6CF681-9175-3142-98DE-4EAAFB77CB31
,Character,,,,,Pat Garrahy,color,N/A,,,,6CFE0786-D4C5-C846-AE44-31C0C0A43536
House of El,Property,"Man of Steel
(2013)",The Krypton Chronicles #1,Sep-81,N,E. Nelson Bridwell,writer,N/A,,"Bridwell was an employee of DC at this time.
Deceased",,EA81EA35-B7CF-0444-A882-B27DA5F812EC
,Property,,,,,Curt Swan,pencils,Exclusive,,Deceased,,A41BA5C2-3D6F-F845-A51F-3E184A6871BD
,Property,,,,,Frank Chiaramonte,inks,Exclusive,,Deceased,,8D145C0C-0C35-A443-B325-F9B53FEF0AF0
,Property,,,,,"Richard Buckler, Sr.",cover pencils,Exclusive,,,,3F6D17DE-8F27-9E40-80D1-1F79D14D19CD
,Property,,,,,Dick Giordano,cover inks,Exclusive,,"Giordano was an employee of DC at this time.
Deceased",,B5D8E056-D17F-524F-98F4-9DC96DBC7AD0
,Property,,,,,Carl Gafford,color,N/A,,,,2D8E9B58-ED2E-0045-B048-91C2200D0A95
"House of Mystery
(Golden Age)",Property,,House of Mystery #1,Dec-51,Y,Curt Swan,pencils,None,,Deceased,,32740653-FACD-794C-8CD4-DA13E1AAA840
,Property,,,,,Ray Burnley,inks,None,,Deceased,,EF0AB674-48BE-A647-8E76-38AEBDD5F4F2
,Property,,,,,Bob Brown,"pencils, inks",None,,Deceased,,AA6A82DE-D637-2F46-8E7D-7BA5466FF56C
,Property,,,,,Bernard Krigstein,pencils,None,,Deceased,,0DFED75A-D29C-7347-A9AB-5419FCACA2FE
,Property,,,,,Henry Boltinoff,"writer, pencils, inks",None,,Deceased,,3C7CFA98-3FEB-F649-95D8-ABB59C034E6A
,Property,,,,,John Prentice,pencils,None,,Deceased,,D2C28C54-67EC-8841-8AC9-3D74DEC5027F
,Property,,,,,Morris Waldinger,"pencils, inks",None,,,,54A94627-6CB8-404C-933A-B4D1A147554A
,Property,,,,,"James Winslow ""Win"" Mortimer",cover pencils,None,,Deceased,,95EA58CF-ED02-224B-B37E-D4DEECCF0A5E
,Property,,,,,Charles Paris,cover inks,None,,Deceased,,0055C584-5130-9C49-A507-6FB7BC7266AF
"House of Mystery
(Modern Age)",Property,,House of Mystery #1,Jul-08,Y,Matthew Sturges,writer,WFH,,,,360B5388-D3C8-054D-8E49-F5E72653C481
,Property,,,,,Bill Willingham,writer,WFH,,,,C52E52A4-C63F-804A-AD20-58FF95C1E7C2
,Property,,,,,"Luca Rossi
(Luke Rossi)","pencils, inks",WFH,,,,C8A2FF8B-2F1D-D449-B741-FE5BEB6661B4
,Property,,,,,Ross Campbell,"pencils, inks",WFH,,,,72A86312-C2A8-8441-8DE5-446BC99A51CA
,Property,,,,,Sam Weber,cover,WFH,,,,AE0CA25D-F096-E049-A14F-F598B315EFAD
,Property,,,,,Berni Wrightson,cover (variant),WFH,,Deceased,,504839EB-36F1-3A47-A57E-977CF7777DA5
,Property,,,,,Lee Loughridge,color,N/A,,,,66FDAA0E-579F-5F4F-B4F6-DFADF60095AB
"House of Mystery
(The House)",Location,,"House of Mystery #175
""Welcome to the House of Mystery""",Jul-68,N,Joe Orlando,"writer, pencils, inks, editor",None,,Deceased,,5834FCC5-E85B-0241-9E36-9A1F291910D1
,Location,,,,,Bob Haney,writer,Contributor Recognition,,Deceased Contributor Recognition agreement is with heir.,,23B11707-7615-3841-8CCC-AE1E6726A1BB
,Location,,,,,Jack Sparling,"pencils, inks",None,,Deceased,,72D0C335-AF97-C340-B41B-BCE717AE87FD
,Location,,,,,Neal Adams,cover,Creator Recognition,,,,C2C86658-B4DD-8E4A-87A2-C0E7A441F896
House of Themyscira,Location,,Wonder Woman: The Hiketeia,2002,N,Greg Rucka,writer,Graphic Novel Writer,,,,914CA55D-010D-7443-AB6B-E92FC8A5BCC9
,Location,,,,,Jeffrey G. Jones,"pencils, cover",Graphic Novel Artist,,,,2CFC2541-36C4-264B-BFB9-8580FF8C165B
,Location,,,,,Wade Von Grawbadger,inks,Graphic Novel Artist,,,,A28A9FC2-E2C8-A247-A5F1-97DE35808313
,Location,,,,,David Stewart,color,N/A,,,,3782A7BB-E57F-6748-B4A1-F1171667B69E
Horst Eismann,Character,Doom Patrol 117,Doom Patrol #27 ,Nov-89,N,Grant Morrison,writer,"WFH, Equity",2017,,,564B6CA6-2C87-E34B-9488-816F66B23213
,Character,,,,,Richard Case,pencils,WFH,,,,229DCDDB-490C-C84C-AEC2-ADEE1FDE3D54
,Character,,,,,John Nyberg,inks,WFH,,,,0BA01BB8-AA4F-3B46-A162-979188511CB1
Howard Jordan,Character,"Green Lantern
(2011)","Green Lantern #53
""Two Green Lanterns in the Family""",Jun-67,N,John Broome,writer,None,,Deceased,,38A7FC01-DF72-2B43-A1D6-35C786A62F75
,Character,,,,,Carmine Infantino,"pencils, cover pencils",Settlement,,Deceased,,8022F533-4EBE-524B-A54D-457F2A41E9E0
,Character,,,,,Sid Greene,inks,None,,Deceased,,C322A038-C4D6-4C4D-8170-89F033D991D8
,Character,,,,,Murphy Anderson,cover inks,None,,Deceased,,015EFD25-ADA0-954F-B88C-ED0F659532C2
H'ronmeer,Character,Supergirl 204,Martian Manhunter #1,May-88,N,John Marc DeMatteis,writer,WFH,,,,421E9C94-6E12-A742-A595-BE589AFF4C53
,Character,,,,,Mark Badger,"pencils, inks, cover, color",WFH,,,,D408A4D0-DB93-4B43-AD1C-79ADCDF9395F
Hub City,Location,,"in Charlton Comics:
Blue Beetle #1
""Who Is The Question?""",Jun-67,Y,Steve Ditko,"pencils, cover pencils",Creator Recognition,2017,See Charlton Comics Purchase Agreement,,D1031C20-5786-D542-9071-048F5A6F9A04
Hugo Lark,Character,"Point Blank
Sleeper",Sleeper #2,Apr-03,N,Ed Brubaker,writer,WFH,,,,FAB3EAA0-D968-9443-A055-7F5997DA0710
,Character,,,,,Sean Phillips,"pencils, inks, cover",WFH,,,,10174148-9090-3D49-A327-3A23CDFB2748
,Character,,,,,Tony Avina,color,N/A,,,,3B80EA41-14F6-EC44-BBE0-F84BACD801C4
,Character,,,,,Randy Mayor,color,N/A,,,,9FDF0C01-41ED-1C43-BD41-7430613AB9A8
"Human Target
(Christopher Chance)",Character,Arrow 505,"Action Comics #419
""The Assassin-Express Contract""",Dec-72,N,Len Wein,writer,None,2005,"Character equity agreement references a prior agreement for this work that has not been located. We believe that, consistent with business practices at the time, it was set forth on the back of the check paid to Len Wein.
Deceased",,91C7F137-BC6A-C848-92C7-F51ECA16FA48
,Character,,,,,Carmine Infantino,"pencils, inks",Settlement,,Deceased,,3EFAF376-78A2-914B-A3F2-A2B6F3A953C1
,Character,,,,,Neal Adams,cover pencils,Creator Recognition,,,,EEB5C05B-5019-444F-9442-C35E4A350535
,Character,,,,,Murphy Anderson,cover inks,None,,Deceased,,32F03147-0FD1-5C4D-8465-F2623B5753B0
Hunk Norvock,Character,Flash 401,"All-Flash #12
""Tumble Inn to Trouble""",Fall 1943,N,Gardner F. Fox,writer,Creator Recognition,,Deceased Creator recognition agreement with heirs.,,55C74E27-9910-8C4D-A21F-AB93C2EC1CCE
,Character,,,,,Everett E. Hibbard,"artist, cover",None,,Deceased,,633E383B-3205-C644-B6AA-AB7D8B0DBB84
"Huntress
(Helena Wayne)
Earth-2 Huntress only. For the Earth-1 Huntress, see Batgirl/Helena Bertinelli.",Character,,"DC Super-Stars #17
""From Each Ending… a Beginning""",Dec-77,Y,Paul Levitz,writer,Exclusive,1979,,,1164F514-4273-4B46-BD2D-5ED8BAB68A7A
,Character,,,,,Joe Staton,"pencils, cover pencils",Exclusive,1979,,,11EC6ABA-D689-2D4C-BD3B-83F7B816CD75
,Character,,,,,Bob Layton,"inks, cover inks",Exclusive,1979,,,7FF34F80-4516-8A41-A828-E18E6EDBA48D
,Character,,,,,Anthony Tollin,color,N/A,,,,685B9FE8-017A-A34F-A17B-BE49532DBA77
"Hush
Doctor (Dr.) Thomas Elliot (Tommy Elliot)",Character,Batwoman 117,Batman #609,Jan-03,N,Jeph Loeb,writer,"Creative Contributor, Equity",2003,,,8D8BFD07-C8B6-BF4C-8536-FA6D99D64D16
,Character,,,,,Jim Lee,pencils,Firewall,2003,,,0146BBB1-B99D-D843-B74E-3A160BF16265
,Character,,,,,Scott Williams,inks,WFH,,,,7FA255E5-788D-4D4B-9B66-A4A927887AE6
"Hydra
(Mythical Serpent)",Character,Plastic Man,"Superman #28
""Stand-In for Hercules""",May-44,N,"Jerome ""Jerry"" Siegel",writer,Continuity; Settlement,,Deceased Settlement is with heirs.,,F5D635A1-B856-744E-8D3A-7C2EB21C5310
,Character,,,,,Ian Yarbrough,pencils,None,,,,3EDEAC06-B693-A442-83EF-3F7B52681469
,Character,,,,,George Roussos,inks,None,,Deceased,,E0BEF830-C6BD-F648-9FC2-EFECD9BC6D05
,Character,,,,,Wayne Boring,cover pencils,None,,Deceased,,D8E5CE15-C984-C348-B320-EEAECF23DDF4
,Character,,,,,Stan Kaye,cover inks,None,,Deceased,,81B2B29D-FBBA-6C4F-B8DA-ED58838DE0AE
Hydra,Character,Plastic Man,Power Girl #2,Jul-88,N,Paul Kupperberg,writer,WFH,,,,7E0DF498-11F4-2A46-882B-F25A8299C1BF
,Character,,,,,Rick Hoberg,pencils,WFH,,,,21DCAEDE-A949-5B41-B56D-66387E1F290F
,Character,,,,,Arne Starr,inks,WFH,,,,1930F8C1-2B5D-2D4C-A107-91F63CD6F7B7
,Character,,,,,Kerry Gammill,cover pencils,WFH,,,,CFD7B3E7-2AE4-DF42-B90C-EA1CF766220F
,Character,,,,,Dick Giordano,cover inks,WFH,,Deceased,,94BAA1C8-62DC-EF4A-B69E-D89E4A4349D5
,Character,,,,,Julianna Ferriter,color,N/A,,,,B1BA148D-EE14-5843-ADB8-761C79D3C49A
"Hyena
(Summer Day)",Character,,Firestorm #4,Jun-68,N,Gerry Conway,writer,Writer,Y,,,4FFD334F-A715-CA4D-AFE7-6451E503A4E9
,Character,,,,,Al Milgrom,pencils,Equity,Y,,,53A5750E-08BF-6D41-8933-59D89883E82E
"Ibac
(Stanley ""Stinky"" Printwhistle)",Character,Plastic Man,"in Fawcett Comics:
Captain Marvel Adventures #8
""The Curse of Ibac""",Mar-42,N,"Charles Clarence ""C.C."" Beck",cover pencils,None,,See also: Fawcett Purchase Agreements,,578966D2-86BE-354A-AF6C-603E56143766
,Character,,,,,Pete Costanza,cover inks,None,,,,5D2EFDB7-70AD-5B45-A466-2F0D1E9275A4
,Character,,"in DC Comics:
Shazam #4",Jul-73,N,Dennis J. O'Neil,writer,Creator Recognition,,,,C7126631-BA98-F74C-9B29-244613E73C92
,Character,,,,,"Charles Clarence ""C.C."" Beck","pencils, inks, cover",None,,Deceased,,42059DF5-C3BF-3945-9908-61EF7BEC5A48
"Ice
(Tora Olafsdotter, Icemaiden II)",Character,,Justice League International #12* ,Apr-88,N,Keith Giffen,writer,WFH,,,*Character is on the equity list with conflicting first appearance information (Super Friends #25 October 1979) with equity to Nelson Bridwell (employee of DC from 1/13/1964-1/23/1987) and Ramona Fradon (Creator Recognition Agreement DCBL 225190),CF2FB5AE-3BDD-AF4F-A46F-4B8C8B0C97D0
,Character,,,,,J.M. DeMatteis,writer,WFH,,,,A7EEE911-051E-BA4E-B267-110F5007D73D
,Character,,,,,Kevin Maguire,"pencils,",WFH,,,,DEE8A5B4-7345-0A45-BC7C-8B97ACC09596
,Character,,,,,Al Gordon,inks,WFH,,,,691F000F-B4A0-FD41-A4FC-A100698203ED
Iceberg Lounge,Location,Gotham 401,Detective Comics #683,Mar-95,N,Chuck Dixon,writer,Continuity,,,,75DE8458-D3D4-D44C-9338-8E01F7493168
,Location,,,,,Graham Nolan,"pencils, cover pencils",Continuity; WFH,,,,A36EC624-0AC1-BC47-9AEC-86D9E28B7AE5
,Location,,,,,Scott Hanna,"inks, cover inks",WFH,,,,19F89275-66BA-904C-A635-6B2DADF068F6
,Location,,,,,Adrienne Roy,color,Exclusive,,Deceased,,30AB5978-2F79-7040-BE0B-B1AD3DD4BB94
"Ice Cream Soldier
(Phillip Mason)",Character,,"Our Army At War #85
""Ice Cream Soldier""",Aug-59,Y,Robert Kanigher,writer,N/A,,"Kanigher was an employee of DC from 2/3/47 - 5/31/82.
Deceased",,EBFBF11C-DA1B-2746-A53B-06FC528F7451
,Character,,,,,Joe Kubert,"pencils, inks",None,,Deceased,,CEE1559E-2F34-F041-B820-708A57473B62
,Character,,,,,"Jerry Grandenetti
(Charles J. Grandenetti)",cover,None,,Deceased,,CC820011-787C-9A48-BF00-D2CED9E94E31
"Icicle
(Dr. Joar Mahkent)",Character,Flash 506,"All-American Comics #90
""The Icicle!""",Oct-47,Y,Robert Kanigher,writer,N/A,,"Kanigher was an employee of DC from 2/3/47 through 5/31/82.
Deceased",,7E4A0CD1-01D7-D94E-ACF6-1BAF11874038
,Character,,,,,Irwin Hasen,"pencils, cover",None,,,,8B9CA6F8-EB05-8A45-8A08-884642311CCC
,Character,,,,,John Belfi,inks,None,,,,B453E95C-3D4F-9A4E-B951-BC0754863E68
"Icicle, Jr.
(Cameron Mahkent; Ice)",Character,Flash 501,Infinity Inc. #34,Jan-87,N,Roy Thomas,co-writer,Writer,,,,5D43B0A9-6F71-3A4C-8C8F-0B8CE0A16298
,Character,,,,,"Dannette ""Dann"" Thomas",co-writer,None,,"We believe that Roy Thomas entered into a separate agreement with Dann Thomas for writing services, but we do not have a copy of it.",,16CC3724-2A93-1E44-A7DE-2A9AB5C853CE
,Character,,,,,Todd McFarlane,"pencils, cover pencils",WFH,,,,D6E076D5-D815-8A48-9CEA-F4EB9BF07AD5
,Character,,,,,Tony DeZuniga,"inks, cover inks",WFH,,,,E985ECEC-035F-9B48-9ACE-8F0C8BAE30E5
,Character,,,,,Liz Berube,color,N/A,,,,2A314D53-A51B-2844-8F1D-1CF5443B769F
Imperceptible Man,Character,,Detective Comics vol 2 #6 ,Apr-12,N,Tony S. Daniel,"writer, pencils",WFH,,,,A0C24F83-B832-1945-9113-3665D1CCEC44
,Character,,,,,Sandu Florea,inks,WFH,,,,2E4AE90D-BA94-7142-9B95-0CCDE543D7CB
Imps,Property,Supergirl 413,"Superman #30
""The Mysterious Mr. Mxyztplk!""",Sep-44,N,"Jerome ""Jerry"" Siegel",writer,Settlement,,Deceased Settlement is with heirs.,,31C56B32-8D30-264F-975B-787BF4DDE3FE
,Property,,,,,Joseph Shuster,pencils,Settlement,,Deceased,,2B667A06-E453-744F-9C15-909598C341AD
,Property,,,,,Ira Yarbrough,"pencils, inks",None,,,,AEFF3356-D84C-744E-B2CC-6D945C299405
,Property,,,,,Jack Burnley,cover,None,,,,B7B6237C-074D-7641-9DE8-CD1658BFD57C
Incubus,Character,"Suicide Squad
(2016)","in Charlton Comics (text only):
Captain Atom #87
""The Image's Idyll""",Aug-67,N,David Kaler,writer,None,,See Charlton Comics Purchase Agreement.,,730F9891-2F7B-A647-97AC-F195DBB87622
,Character,,,,,Jim Aparo,"pencils, inks",None,,,,386A5A28-EA8C-2448-A0A5-E040A991FD69
,Character,,,,,Steve Ditko,cover pencils,None,,,,E5B0E279-D1DD-0C47-94F8-669B8273F33B
,Character,,,,,Rocco Mastroserio,cover inks,None,,,,E08F134F-3FC5-5A48-9A26-9D45B2576FD5
,Character,,"in DC Comics (claiming to be Larry Eden):
Suicide Squad #14",Jun-88,N,John Ostrander,writer,WFH,,,,41843D7F-7DCF-3C42-9E59-97DFBB696FC5
,Character,,,,,Luke McDonnell,"pencils, inks",WFH,,,,74877CB6-F288-4D44-B7F3-E27F3572743D
,Character,,,,,Jerry Bingham,cover,WFH,,,,CEABBD90-5E88-8A4F-85BB-88432748A5B5
,Character,,,,,Carl Gafford,color,N/A,,,,52ABB134-2148-5046-A654-E2B78DB6AA40
,Character,,"as Incubus:
Secret Origins #28",Jul-88,N,Robert Greenberger,writer,WFH,,,,3FE5108C-C2C9-7A49-887D-DC4693240C0E
,Character,,,,,Rob Liefeld,pencils,WFH,,,,DEFBD2C1-B0B4-1E49-AD31-A53966524A3D
,Character,,,,,Bob Lewis,inks,WFH,,,,C3B1733C-FAA9-164E-95B1-2375B7290EB6
,Character,,,,,Keith Wilson,cover pencils,WFH,,,,F06006F7-DE00-3248-AAD4-3F869E67D950
,Character,,,,,William Messner-Loebs,cover inks,WFH,,,,A2BA64DF-ECBB-0A4D-9751-8FF28A2F8A32
,Character,,,,,Carl Gafford,color,N/A,,,,860C3770-4BB8-B744-96D6-A562179AE03A
"Indigo
(Brainiac-8)",Character,"Supergirl 115
(2/29/2016)",Titans/Young Justice: Graduation Day #1,Jul-03,N,Judd Winick,writer,WFH; Exclusive,2013,,,822E638E-BD51-C84C-983B-644F0DEACA5C
,Character,,,,,Alejandro Garza,"pencils, cover pencils",WFH,2013,,,2F0CE48C-03A0-9A43-80AD-EDF511D0A9DA
,Character,,,,,Trevor Scott,"inks, cover inks",WFH,,,,17D9EAE4-5929-9645-87DD-25BF7E701457
,Character,,,,,Jeremy Cox,color,N/A,,,,07B05D8C-F2A5-2647-98B1-8CA3A7D23676
Injustice Society,Property,Stargirl 101,"All-Star Comics #37
""The Injustice Society of the World!""
(This story is told in 7 chapters, all written by Kanigher and drawn by different artists.)",Nov-47,Y,Robert Kanigher,writer,N/A,,"Kanigher was an employee of DC from 2/3/1947-5/31/1982/
Deceased",,63C240B1-080C-8A45-9E3E-815888F8D4A8
,Property,,,,,Irwin Hasen,"pencils, inks, cover (Introduction, Ch. 3, Conclusion)",None,,Deceased,,4A94EF01-0975-064C-A671-DEACA6C32479
,Property,,,,,Joe Kubert,"pencils, inks (Ch. 1)",None,,Deceased,,FBA533A5-7881-C345-A89A-671D4CEE6846
,Property,,,,,Carmine Infantino,pencils (Ch. 2),Settlement,,Deceased,,31C53242-23BC-3D4B-8BB1-285E74842826
,Property,,,,,Alex Toth,"pencils, inks (Ch. 4, Ch. 5)",None,,Deceased,,FE8201FE-A005-C749-83E0-23933E1D4F7A
,Property,,,,,John Belfi,"inks (Introduction, Ch. 2, Conclusion)",None,,Deceased,,34403BE1-B53B-C646-BDAD-812183F7119D
"Invisible Kid
(Lyle Norg)",Character,,"Action Comics #267
""The Three Super-Heroes""",Aug-60,N,"Jerome ""Jerry"" Siegel",writer,Settlement,,Deceased Settlement is with heirs.,,B2D2DE97-A031-9547-8A0E-F05F61D5326E
,Character,,,,,"James ""Jim"" Mooney","pencils, inks",None,,Deceased,,0BFDCD41-67D0-E34F-837C-D098D35AD2F4
,Character,,,,,Curt Swan,cover pencils,None,,Deceased,,FCB75CB6-3004-5545-90FB-777FD5A43D28
,Character,,,,,Stan Kaye,cover inks,None,,Deceased,,144FA99B-92D2-794A-A94C-AB40EA2C5E98
"Invisible Kid
(Jacques Foccart)",Character,,Legion of Super-Heroes Annual #1,Aug-82,N,Paul Levitz,writer,None,1985,,,59711D13-EAC6-4F42-BD72-E4869933C549
,Character,,,,,Keith Giffen,"pencils, cover pencils",Exclusive,,,,86D8B3BF-5867-6448-A5AC-EBF36D544D30
,Character,,,,,Bruce Patterson,inks,Exclusive,,,,8525A572-15B5-B249-A1B6-B77AFC9C26AD
,Character,,,,,Dick Giordano,cover inks,Exclusive,,"Giordano may have been an employee of DC at this time.
Deceased",,020FF213-15BD-2448-A703-E93C0ACD12FF
,Character,,,,,Carl Gafford,color,N/A,,,,D73EE763-C5D8-DD42-BE11-CA49C9CF72BC
The Invisibles,Property,,The Invisibles #1,Sep-94,,Grant Morrison,writer,Services Agreement,,,DC does not own any media rights in the property as they were all reserved to Grant Morrison (and may or may not be with Netflix currently),ECF8918A-48A8-4149-8696-AC7F225EB9EB
,Property,,,,,Steve Yeowell,"pencils, inks",None,,,,D1391909-F4B4-FD43-A32E-A238319607AC
The Invunche,Character,Dark Universe,Saga of the Swamp Thing #37,Jun-85,N,Alan Moore,writer,None,2016,,,2982295B-519E-2A49-9B96-8D3FDC3098CB
,Character,,,,,Rick Veitch,pencils,None,,,,8592A788-6A59-9441-8FD3-3302EACE8FA0
,Character,,,,,John Totleben,"inks, cover inks",None,,Character equity agreement sent. (6/9/16),,E9558F83-AA17-F942-85FB-0FE6BF017C3B
,Character,,,,,Steven Bissette,cover pencils,None,,Character equity agreement sent. (6/9/16),,D8E22108-9F1D-8C48-AFA5-25D48F46C917
,Character,,,,,Tatjana Wood,color,N/A,,,,3911D071-F650-4B4E-9693-D88CFFCEA16F
Io,Character,"Wonder Woman
(2017)",Wonder Woman #196,Nov-03,N,Greg Rucka,writer,WFH; Exclusive,2014,,,DADBB32E-C6C1-B641-8E42-1DC806C5EC99
,Character,,,,,Drew Edward Johnson,pencils,WFH,2014,,,7440D500-F9FC-1F4C-96BE-9543896F6302
,Character,,,,,Ray Snyder,inks,WFH,,,,29778CC2-1C05-A541-8D51-83BC5B2FE535
,Character,,,,,Adam Hughes,cover,WFH,,,,054EC604-5CDB-3C4A-B138-351D2D533789
,Character,,,,,Patricia Mulvihill,color,Exclusive,,,,020027AE-903D-2C45-9D05-ADB7C84022F7
Iphthime,Character,"Wonder Woman
(2017)",Wonder Woman #27,Feb-89,N,George Perez,"writer, cover",WFH; Continuity,,,,93AE023E-3058-CC4A-9C38-B02586A119E6
,Character,,,,,Chris Marrinan,pencils,WFH; Continuity,,,,0C365CEA-BCDA-F447-9FC5-81E70E572477
,Character,,,,,Will Blyberg,inks,WFH,,,,B2FB5EB3-8694-AA4D-B5BE-A74A5B38BBEA
,Character,,,,,Carl Gafford,color,N/A,,,,3F6342F0-A27F-AA46-8C14-6AAFC5C2038E
"Iris West 
(Iris West Allen)",Character,,"Showcase #4
""Mystery of the Human Thunderbolt""",Sep-56,N,Robert Kanigher,writer,N/A,,"Kanigher was an employee of DC from 2/3/47 - 5/31/82.
Deceased",,ED1EF325-6C8F-4F4D-BAB1-D74A1FCD08D6
,Character,,,,,Carmine Infantino,"pencils, cover pencils",Settlement,,Deceased,,EA459985-4A57-974D-B7D2-6CC1FDF31C09
,Character,,,,,Joe Kubert,"inks, cover inks",None,,Deceased,,C8849F41-093C-4C40-AA7D-BE762D2D8BCE
"The Irishman
(Costello)",Character,,Blackhawks #1,Nov-11,Y,Mike Costa,writer,WFH,,,,5C5A891E-3D8C-3C4C-B370-6431456F5827
,Character,,,,,Graham Nolan,pencils,WFH,,,,B6D2E100-CE68-544A-B3E9-4FEFD1306646
,Character,,,,,Ken Lashley,"pencils, inks, cover",WFH,,,,F0DDEB3D-072D-9A4A-B655-B02037D7FE41
,Character,,,,,Guy Major,color,Exclusive,,,,808CC385-2EFD-A148-B1A4-25CFA8AC0C05
Iron,Character,,Showcase #37,Mar-62,Y,Robert Kanigher,writer,N/A,,"Kanigher was an employee of DC from 2/3/47 through 5/31/82.
Deceased",,0D52BE4A-0B5D-8D45-9E2A-F7A540F8EE68
,Property,,,,,Ross Andru,"pencils, cover pencils",None,,Deceased,,7A58FDDF-F737-0746-ABCC-E05F2DAF1819
,Property,,,,,Mike Esposito,"inks, cover inks",None,,Deceased,,DD029595-640F-3944-BBB7-C9F9E42C7A79
Iron Heights,Location,"Justice League
(2017)",Flash: Iron Heights,2001,N,Geoff Johns,writer,Prestige Writer,2010,,,114EAF5B-27C3-E847-A175-A6425D6FCD27
,Location,,,,,Ethan Van Sciver,"pencils, cover pencils",Prestige Artist,2010,,,13ED32C3-7F89-E843-A4EF-A7DF515BA33A
,Location,,,,,Prentis Rollins,"inks, cover inks",Prestige Artist,,,,E71482DA-44C7-9740-8859-0748FEB85DC8
,Location,,,,,Chris Chuckry,color,Color Artist,,,,6975AEA0-431F-514B-A98A-E173BCE1578D
Intergang,Property,,"Superman's Pal, Jimmy Olsen #133",Oct-70,N,Jack Kirby,"writer, pencils, cover pencils",None,,Deceased,Intergang arguably created by Kirby as part of Fourth World even though first appearance in Superman’s Pal Jimmy Olsen ,42F23183-F1FA-494A-AFFF-F539015D3A81
,Property,,,,,Vince Colletta,"writer, inks, cover inks",None,,,,BB1BBA00-9792-3449-AC89-FCEA9E8F5292
"Isis
(Andrea Thomas)",Character,,"The Secrets of Isis 
(The Shazam/Isis Hour)
""The Lights of Mystery Mountain""",Sep-75,,Filmation Associates,,,,This character is owned by Filmation Associates. All subsequent comic appearances are (c) Filmation.,,B8201320-21B0-C54A-997F-7E65C081291C
,Character,,"First DC appearance:
Shazam! #25",Oct-76,Y,Denny O'Neil,writer,Creator Recognition,,,,A20F873F-16E7-2F4C-AA1F-EFA963A3539D
,Character,,,,,Dick Giordano,"pencils, inks",None,,"Giordano may have been an employee of DC at this time.
Deceased",,864A0398-490D-E344-AB14-5C078589FB7A
,Character,,,,,Kurt Schaffenberger,cover,None,,"Schaffenberger may have been an employee of DC at this time.
Deceased",,625DAD61-A6B5-1C4E-805E-20542B2006D0
"Isis
(Adrianna Tomaz)",Character,,52 #3,Jul-06,N,Geoff Johns,writer,Exclusive; Continuity; WFH,,,,BA63CAC7-822E-A94B-8983-0054A4C0C6BE
,Character,,,,,Grant Morrison,writer,WFH; Continuity,,,,4AF2EF56-15DA-7C4F-9015-FF5F248F0BB6
,Character,,,,,Greg Rucka,writer,WFH; Continuity,,,,D17C9064-0F37-F94A-93B4-60728BC4BF45
,Character,,,,,Mark Waid,writer,WFH; Continuity,,,,CFBD760D-7C2E-AA4A-8D3A-BD72A8EFE5B2
,Character,,,,,Keith Giffen,pencils,Continuity,,,,404E46E2-5611-054E-8164-C5DF179F6E15
,Character,,,,,Joe Bennett,pencils,WFH,,,,D03D62F6-44C8-444D-8A05-8A49BDCDB1CC
,Character,,,,,Ruy Jose,inks,WFH,,,,41D3E70E-90D7-AA47-B935-6904C31A6F21
,Character,,,,,J. G. Jones,cover,WFH,,,,848067A3-014F-8F4F-ABB4-D78D18FB7163
,Character,,,,,Alex Sinclair,color,Exclusive,,,,E63D954C-EDB7-6349-B845-0C54DEDC477C
"Ivan Illyich Gort 
(Stanoivolk; Steel Wolf)",Character,Aquaman (2018),Firestorm #67,Jan-88,N,John Ostrander,writer,WFH,,,,2A056987-D8CD-4242-AC8C-B704A7D64F4C
,Character,,,,,"Joe Brozowski
(J.J. Birch)",pencils,WFH,,,,F955331F-B426-6E4B-BD61-3ECB6DCE0793
,Character,,,,,Sam de la Rosa,inks,WFH,,,,05F6244E-A5A5-954D-91DD-94D4DA605CF1
,Character,,,,,Mark Bright,cover pencils,WFH,,,,3700B933-FBCB-D14D-8DC8-0C51E7A39AA9
,Character,,,,,Dick Giordano,cover inks,WFH,,"Giordano may have been an employee of DC at this time.
Deceased",,C6832265-DA3C-9B41-8A8D-9EA0CE1BE244
,Character,,,,,Nansi Hoolahan,color,N/A,,,,8A521BEA-4D5D-4340-9578-31FB59A11040
Ivo Laboratories,Location,Flash 509,Brave & the Bold #30,Jun-60,Y,Gardner F. Fox,writer,Creator Recognition,2009,Deceased Creator recognition agreement is with heirs.,,6CCB6672-395E-A749-AF06-6C3F84B84926
,Character,,,,,Mike Sekowsky,"pencils, cover pencils",None,,Deceased,,E398EA96-B4DE-CC48-B84F-C4E8125D43CF
,Character,,,,,Bernard Sachs,inks,None,,Deceased,,C9BD976C-2DCD-164C-8CC8-95446A18D2AE
,Character,,,,,Murphy Anderson,cover inks,None,,Deceased,,21701746-D41E-6D4F-BA2B-DAFBCA6A77A5
Jack Gold,Character,Night Force,"New Teen Titans #21
""Night Force""",Jul-82,N,Marv Wolfman,writer,Writer,,,,D10BCD42-9C86-4445-A074-F3BE6D55B112
,Character,,,,,Eugene Colan,"pencils, cover pencils",Exclusive,,Deceased,,5D2AAA6C-A6CF-0A4A-92F0-46A9BE9A5BCB
,Character,,,,,Robert R. Smith,"inks, cover inks",None,,,,01E3C9A3-F4BB-DE4A-9101-A1C0A5C5991B
,Character,,,,,Michele Wolfman,color,N/A,,,,6F253F2D-1663-C441-A043-F3CBCA59F759
Jack Hawksmoor,Character,,Stormwatch #37,Jul-96,Y,Warren Ellis,writer,None,,,,BB4D79A0-DC06-6A48-92BB-28422C510BE2
,Character,,,,,Tom Raney,"pencils, cover pencils",None,,,,7776755F-1CF1-AB45-8850-F26944A5A133
,Character,,,,,Randy Elliott,"inks, cover inks",None,,,,D74A51E5-1FBA-B94C-9DB0-5C0E293995C8
,Character,,,,,Gina Going-Raney,color,N/A,,,,0BA9F543-2A24-434E-8777-D77582D1FFE5
"Jack O'Lantern
(Daniel Cormac)",Character,"Powerless
(Global Guardians)",Super Friends #8,Nov-77,N,E. Nelson Bridwell,writer,N/A,,"Bridwell was an employee of DC at this time.
Deceased",,4AA97FAE-87A2-174A-9475-F1922934AF5E
,Character,,,,,Ramona Fradon,"pencils, cover pencils",Exclusive; Creator Recognition,2016,,,131F12D1-D9C2-1142-A3E8-0D0882CE3CA8
,Character,,,,,Robert R. Smith,"inks, cover inks",None,,,,5F1E7B91-F75E-FD47-964C-F8F232526264
,Character,,,,,Liz Berube,color,N/A,,,,F96005B8-3EFC-934E-A642-CB2A795ADC00
"Jack O'Lantern
(Marvin Noronsa)",Character,,Justice League Europe Annual #1,Nov-90,Y,Keith Giffen,plot,WFH,,,,A4E75A70-2B3A-A341-85F2-6654F472F8DD
,Character,,,,,John Mark DeMatteis,script,WFH,,,,88E9B754-4295-DF4C-8468-AFCAE0D5F70B
,Character,,,,,Linda Medley,"pencils, cover pencils",WFH,,,,9E4180F4-5095-674E-801F-F80F15BDC7BE
,Character,,,,,"Jose Marzan, Jr.","inks, cover inks",WFH,,,,8D0F2C91-4025-F54A-A67D-4FE6C93F8961
,Character,,,,,Gene D'Angelo,color,Exclusive,,,,15066080-E182-AD4A-913F-90EC8F52CB21
"Jack O'Lantern
(Liam McHugh)",Character,,"Justice League International Quarterly #14
""Flight""",Mar-94,N,Steven Seagle,writer,WFH,,,,E6B4FE91-28DA-0A46-BAA2-7922548F9808
,Character,,,,,Frank Squillace,pencils,WFH,,,,5B79EA05-605E-F84F-BCBA-D2B2E6AB1FD4
,Character,,,,,"Jamal Tate
(Bam)",inks,WFH,,,,558EE56B-15AD-1A49-8646-BE51336DCBB1
,Character,,,,,Mike Mignola,cover,WFH,,,,FB2DBD21-059D-6146-9B60-B0C5CD36C720
,Character,,,,,Matt Webb,color,N/A,,,,8C2EB8A6-BE66-E24A-A024-717B48B4E915
"Jackal
(William ""Bill"" Walsh; Ravager)",Character,,Tales of the Teen Titans #44,Jul-84,N,Marv Wolfman,writer,Co-writer/Co-editor; Exclusive,,,,5E5C0C4A-FB2C-0D4B-A9C6-4E67334E10CE
,Character,,,,,George Perez,"pencils, cover",Co-writer/Artist/Co-editor,,,,8449725C-DB04-6A48-A19E-9416DEFDCC92
,Character,,,,,Mike DeCarlo,inks,Exclusive,,,,EB3BD6D1-59D2-704F-A086-7BA33FEF7E9A
,Character,,,,,Dick Giordano,inks,N/A,,"Giordano was an employee of DC at this time.
Deceased",,3DACEFC3-82D8-E74D-BDAF-753EFAB76B6A
,Character,,,,,Adrienne Roy,color,Exclusive,,Deceased,,1690C423-8ABC-5E49-8C4A-45126858677B
The Jackals,Property,,Batwing #10,Aug-12,Y,Judd Winick,writer,WFH,,,,88EA3578-5482-E54C-AA56-00EF10F007D4
,Property,,,,,Marcus To,"pencils, cover",WFH,,,,A4707C48-FDFA-D341-9EE7-3A994E8C3825
,Property,,,,,Ryan Winn,inks,WFH,,,,B09DB9D0-DFE0-E74E-9152-C3910FFF259B
,Property,,,,,Brian Reber,color,N/A,,,,9A8E0883-E6A2-8C43-AAE1-C1D83020129F
"Jackhammer
(Hammersmith)",Character,"Arrow 414
(2/17/2016)",Green Lantern #176,May-84,N,Len Wein,writer,WFH,2005,Deceased,,BDA78A94-738A-214C-B4DA-9ADA92306B19
,Character,,,,,Dave Gibbons,"pencils, cover",WFH,,,,8E152F3B-D6F8-9349-A39D-06B6EDD17B27
,Character,,,,,Dick Giordano,inks,WFH,,"Giordano was an employee of DC at this time.
Deceased",,3007CA63-0B8F-2E4E-93CF-6C737A607AD9
,Character,,,,,Anthony Tollin,color,Exclusive,,,,74627C5A-8AAF-4D48-8950-B9E87F05279D
Jackie Johnson,Character,,"Our Army At War #113
""Eyes of a Blind Gunner""",Dec-61,Y,Robert Kanigher,writer,N/A,,"Kanigher was an employee of DC from 2/3/47 - 5/31/82.
Deceased",,8F1982A2-710C-D642-8C44-8E17173A3716
,Character,,,,,Joe Kubert,"pencils, inks, cover",None,,Deceased,,914F5350-D185-064C-A59A-EFBFD5F47DEB
"Jacob ""Jake"" Kane",Character,Batwoman 101,"Detective Comics #854
""Agitato""",Aug-09,N,Greg Rucka,writer,WFH,,,,D17B3973-84E1-B94A-8F41-776020836261
,Character,,,,,James H. Williams III,"pencils, inks, cover",WFH,,,,A800F110-5C18-2A45-84CE-5C9BC7A41FD4
,Character,,,,,Dave Stewart,color,N/A,,,,63D809E8-058A-7741-8E19-8EC1642AC22A
"Jakeem Thunder
(J.J. Thunder; Jakeem Johnny Williams)",Character,,"Cameo (Unamed):
Flash vol. 2 #134",Feb-98,,Grant Morrison,writer,Exclusive,,,,DD9D681F-FF9E-C440-AE63-924B5E9EB49F
,Character,,,,,Mark Millar,writer,None,,,,C3AC1652-6C69-B74D-84EB-01F679B44AE0
,Character,,,,,Paul Ryan,pencils,None,,,,C5BBD68F-29F6-F64D-A16D-06432879BFD7
,Character,,,,,John Nyberg,inks,None,,,,A3ABAE97-DF8B-6741-813E-E24B4A90BB87
,Character,,"First Named Apearance:
JLA #26",Feb-99,,Grant Morrison,writer,Exclusive,,,,94082F9B-B8AC-4E41-AFAF-D6FFF8813E8F
,Character,,,,,Mark Pajarillo,pencils,WFH,,,,A45E7C67-6728-1145-9CA4-FCD32E4C7826
,Character,,,,,Walden Wong ,inks,WFH,,,,4BBE258A-6F0B-2D4F-A55C-0E639FD7EE58
James Carver,Character,"Point Blank
Sleeper",Sleeper #1,Mar-03,N,Ed Brubaker,writer,WFH,,,,613D044A-5CC2-6441-A358-E53BE880D5B1
,Character,,,,,Sean Phillips,"pencils, inks, cover",WFH,,,,A92C2DA0-A042-B744-8248-19EDFC0E62B7
,Character,,,,,Tony Avina,color,N/A,,,,07E10999-2C2B-D94E-B1B7-2BABDB3F5A54
,Character,,,,,Randy Mayor,color,N/A,,,,1416A716-8A10-2340-BC67-EC5D179E9BFE
James Forrest,Character,"Flash
(2018)",Flash: Rebirth #2,Jun-09,,Geoff Johns,writer,Exclusive; WFH,,,,208CF9D1-4FD1-124F-8DB4-5332856FED2F
,Character,,,,,Ethan Van Sciver,"pencils, inks, cover",WFH,,,,C04C7AFA-7CCF-4A46-8C3E-2E60A590921E
,Character,,,,,Alex Sinclair,color,Exclusive,,,,09E51D79-9806-E540-9DA9-DC455746A8EF
Janus Cosmetics,Character,,Batman #386,Aug-85,Y,Doug Moench,writer,WFH,,,,A83A8373-2257-294A-BCB9-E4AFA27E3DAE
,Character,,,,,Tom Mandrake,"pencils, inks, cover",WFH,,,,6FFDFCBC-C18B-EC4F-A88D-CDFABCE37E0C
,Character,,,,,Adrienne Roy,color,Exclusive,,Deceased,,0A3EE780-9F5B-9942-8DA2-97FE957A8395
Jamie Harper,Character,Gotham 403,Detective Comics #817,May-06,N,James Robinson,writer,WFH,,,,9ED602C2-0FE5-484F-9904-4EBA4C63DFAF
,Character,,,,,Leonard Kirk,pencils,WFH,,,,802D6731-8A27-AD46-B9A2-4BF1A7A54E82
,Character,,,,,Andy Clarke,inks,WFH,,,,6298E722-94C5-E942-8B49-C2ED640B9C19
,Character,,,,,Simone Bianchi,cover,WFH,,,,20BE7770-80E2-4749-BE69-422811715FBC
,Character,,,,,John Kalisz,color,N/A,,,,0994EB34-385C-8C43-985F-D696BC2C21D3
Jarrett Parker,Character,Arrow 704,Flash #10,Mar-88,N,Mike Baron,writer,WFH,,,,E4DA8896-656D-5D44-91F5-8312C82879A0
,Character,,,,,Mike Collins,pencils,WFH,,,,2FF9FAA3-2C38-3C41-B7DB-DD24AD362287
,Character,,,,,Larry Mahlstedt,inks,WFH,,,,BAFEBE70-5222-B349-BB1B-0F03097FBC13
,Character,,,,,Steve Lightle,cover,WFH,,,,25225D45-049E-1D4D-AD02-9A3BCFB8AEC2
,Character,,,,,Michele Wolfman,color,Exclusive,,,,C8C49847-53F9-E246-992A-FB20D49302FF
"Jason Woodrue
(Floronic Man / The Seeder)",Character,Dark Universe,"as Jason Woodrue:
Atom #1",Jun-62,Y,Gardner F. Fox,writer,Creator Recognition,,Deceased Creator recognition agreement with is with heirs.,,59627C42-87A2-BA4A-BC2A-81623E72C947
,Character,,,,,Gil Kane,"pencils, cover pencils",None,,Deceased,,D23602E4-D819-AD47-A7CC-09863A45C4B5
,Character,,,,,Murphy Anderson,"inks, cover inks",None,,Deceased,,E43D1555-D82D-B545-A4DE-B9F50F7FC39F
,Character,,"as Floronic Man:
The Flash #245
""Perilous Plan of the Plant-Master""",Nov-76,N,Dennis O'Neil,writer,Creator Recognition,,,,659ADDDC-15BA-F348-8CAC-1C9A19F39139
,Character,,,,,Richard Dillin,pencils,None,,Deceased,,12FD4590-7FEF-FE40-9DD4-CEBC80B9E4E8
,Character,,,,,Terry Austin,inks,None,,,,75D605C7-472F-E74E-A1AD-A6A8BE1A458D
,Character,,,,,Ernie Chan,cover,None,,Deceased,,77F61805-B0BB-F944-BA54-FD116D2900AF
,Character,,"as The Seeder:
Swamp Thing #21",Aug-13,N,Charles Soule,writer,WFH,,,,CFB12423-59CD-F542-827C-B6C718F77089
,Character,,,,,Jesus Saiz,"pencils, inks",WFH,,,,1D02DEEA-4F3A-2246-B07D-596B31D941D5
,Character,,,,,Mark Simpson,cover,WFH,,,,2AF0E2DF-1F8B-5444-83DF-F04548CBE7A3
,Character,,,,,Matthew Wilson,color,N/A,,,,5FD1B05B-6AFA-DB4D-856B-67C7EE709A65
Javelin,Character,Arrow 705,"Green Lantern #173
""Old Friends, New Foes""",Feb-84,Y,Len Wein,writer,WFH,2005,Deceased,,FBB16264-6D65-A047-8F30-61463B237F00
,Character,,,,,Dave Gibbons,"pencils, inks, cover art",WFH,,,,D1607E3D-153B-D84D-BE54-ADC1C3301D17
,Character,,,,,Anthony Tollin,color,Exclusive,,,,B402BBFC-002E-284D-A4C1-F60DA3F13DC1
"Jax
(Jefferson Jackson)",Character,"Flash 204
(10/27/2015)",Fury of Firestorm #1,Jun-82,Y,Gerry Conway,writer,Exclusive,1979,,,0A2DDE52-64A9-1849-93F7-070AB1CF696A
,Character,,,,,Pat Broderick,"pencils, cover pencils",Exclusive,,Character equity agreement sent. (6/9/16),,89A8C39E-56C1-7A4F-861E-76077A5DD99C
,Character,,,,,"Rodolfo ""Rodin"" Rodriguez",inks,None,,,,6D5A1EE1-A784-9D48-A155-D0F655183F4E
,Character,,,,,Dick Giordano,cover inks,N/A,,"Giordano may have been an employee of DC at this time.
Deceased",,3F4914BB-3C9D-414A-A704-23AE41355AFE
,Character,,,,,Gene D'Angelo,color,N/A,,,,5E56AEBA-E020-A646-A3AB-1E40DDD0C17B
Jax-Ur,Character,Man of Steel,"Adventure Comics #289
""Clark Kent's Super-Father!""",Oct-61,N,Robert Bernstein,writer,None,,Deceased,,D74076BA-EA4C-C94A-A3C5-6FD3A5FE5068
,Character,,,,,George Papp,"pencils, inks",None,,Deceased,,3D2EA621-94EA-2B41-ACFD-68BE12DB9E9B
,Character,,,,,Curt Swan,cover pencils,None,,Deceased,,C4928B3C-AE80-9747-A8A4-DA2D71E9840E
,Character,,,,,Stan Kaye,cover inks,None,,Deceased,,BC114546-50B5-6348-8E41-93F344C9D5B4
Jed Walker,Character,,"Sandman #1
(First Appearance)",Winter 1974,N,Joe Simon,writer,None,,Deceased,"Approved for use in episodes of the Sandman series on Netflix only.  Jay Kogan notes we sought a creator recognition agreement from Joe Simon, but his heirs have been non-responsive, and an expanded creator recognition agreement from Jack Kirby’s counsel but no movement on that request.",5C48FF19-F47D-5A41-A875-2EF906F925F0
,Character,,,,,Jack Kirby,"pencils, cover pencils",None,,Deceased,,14EA00C7-4900-8147-9D06-D8294802AEAB
,Character,,,,,Mike Royer,"inks, cover inks",None,,Deceased,,A49A956E-DA71-D749-8691-E83E83B3C459
,Character,,"The Sandman vol 2 #11
(First Appearance in Gaiman Series)",Dec-89,N,Neil Gaiman,writer,WFH,,,,CD71E2B5-ED5B-6A4E-878E-8859C81906EC
,Character,,,,,Mike Dringenberg,pencils ,WFH,,,,C439FC5B-3395-1743-AC6A-B413FB5C3356
,Character,,,,,Malcolm Jones III,inks ,N/A,,,,3AA29518-03D8-A64F-8FB5-3D5702759277
Jeffers Nilsun,Character,"Point Blank
Sleeper",Sleeper #6,Aug-03,N,Ed Brubaker,writer,WFH,,,,D718E1D1-F0C2-9542-A1B4-64741AD39EB2
,Character,,,,,Sean Phillips,"pencils, inks, cover",WFH,,,,D3797232-50E3-1C45-B0A7-010B5B0F853C
,Character,,,,,Tony Avina,color,N/A,,,,8241D192-2C01-1049-B09A-AABB16C588A4
"Jemm, Son of Saturn",Character,"Supergirl 107
(12/7/2015)","Jemm, Son of Saturn #1",Sep-84,Y,Greg Potter,writer,WFH; Writer,1983,,,D8911521-40F4-0D43-A821-E32B03544D69
,Character,,,,,"Eugene ""Gene"" Colan","pencils, cover pencils",WFH,,,,73E32DFB-D30A-2B45-B669-8998EF8E2C15
,Character,,,,,Klaus Janson,"inks, cover inks",WFH,,,,C3B5206D-20A0-A041-9553-3C049628654C
,Character,,,,,Thomas Ziuko,color,N/A,,,,5E2F0FF7-4229-464D-B0A2-3085CF8A0D61
Jenet Klyburn,Character,"Batman v Superman
(2016)",Superman #304,Oct-76,N,Gerry Conway,writer,None,,,,2B6B161E-9164-414E-B303-8A54B8C34D3C
,Character,,,,,Curt Swan,pencils,None,,,,1CC4FFF0-935F-1C49-9687-592C5DE85BCC
,Character,,,,,Robert Oksner,"inks, cover",None,,,,F1032B58-1B10-1045-A94C-CC69B93567AC
Jennifer Kling,Character,,Superman #420 ,Jun-86,N,Elliot S. Maggin,writer,None,,"vouchers around the same time period located for Maggin, including some for Superman with no listed issue # (but none that specifically list #420)",,ED80FA88-8AB4-1948-810E-0178A8A36F07
,Character,,,,,Curt Swan,pencils,Exclusive,,,,5293BB5F-7F1D-AE48-B934-3DF1C1690B88
,Character,,,,,Dave Hunt,inks,Exclusive,,,,25E4B22E-8296-9241-A338-AA491BA7F77C
"Jenny Sparks
(The Spirit of the 20th Century)",Character,,Stormwatch #37,Jul-96,Y,Warren Ellis,writer,None,,,,A99645E7-28C0-0A40-BDE0-78DF7EA4CD02
,Character,,,,,Tom Raney,"pencils, cover pencils",None,,,,52DF8CCB-246C-6249-8A38-4366F265177C
,Character,,,,,Randy Elliott,"inks, cover inks",None,,,,795B7DB7-6722-D24E-9B13-433D315B5E62
,Character,,,,,Gina Going-Raney,color,N/A,,,,654A69D6-075B-0E4C-9BD3-08D599900B38
"Jericho
(Joseph Wilson)",Character,,Tales of the Teen Titans #42,May-84,N,Marv Wolfman,writer,Employment,1983,,,E8EEA720-0542-2F4A-AB29-D88AF2F50543
,Character,,,,,George Perez,"writer, pencils, cover",Employment,1983,,,08C91C73-C616-E54D-9F32-DC793D35D97C
,Character,,,,,Dick Giordano,inks,WFH,,"Giordano may have been an employee of DC at this time.
Deceased",,BC5D35A5-7396-544B-A7A1-D8584F7A34B5
,Character,,,,,Adrienne Roy,color,Exclusive,,Deceased,,E0B62E22-17AA-9140-AA7B-ACD7C34F0853
"Jess Bright
(Jeff Bright; Koshchei the Deathless)",Character,"Suicide Squad
(2016)","as Jess Bright:
The Brave and the Bold #25",Aug-59,N,Robert Kanigher,writer,N/A,,"Kanigher was an employee of DC from 2/3/47 - 5/31/82.
Deceased",,C2235D1A-4543-2449-9ED8-53BCF22A1756
,Character,,,,,Ross Andru,"pencils, cover pencils",None,,Deceased,,872D40F4-845B-7A4F-B112-156D9EE48B90
,Character,,,,,Mike Esposito,"inks, cover inks",None,,Deceased,,B94BADBB-4774-F149-8387-7250B419A3F4
,Character,,"as Koshchei the Deathless:
Suicide Squad #50",Feb-91,N,John Ostrander,writer,WFH,,Yale was Ostrander's wife & co-writer. We credit her for writing but all payment went to John. She is deceased & John is the executor of her estate.,,A5952782-B1FC-734E-A21D-FC2CDD023F5B
,Character,,,,,Kim Yale,writer,None,,,,D4C67F4D-D0D0-8B48-A888-07D7ECA929E8
,Character,,,,,Luke McDonnell,pencils,WFH,,,,E0B20693-7FC7-474B-9039-7D8037277867
,Character,,,,,Geof Isherwood,"pencils, inks, cover pencils",WFH,,,,58E7EBEC-2624-EF4F-AC1B-F948C4F5A178
,Character,,,,,Grant Miehm,pencils,WFH,,,,E3116D26-A8C4-5F40-BA8D-1EC60AB80F7D
,Character,,,,,Karl Kesel,"inks, cover inks",WFH,,,,4246C73D-CE4C-9248-B8E1-65F1DF2731D1
,Character,,,,,Tom McCraw,color,N/A,,,,9DAF771B-0688-9A47-BCFB-600D9AE2D913
"Jesse Quick
(Jesse Chambers; Liberty Belle)
(See also: Elizabeth ""Libby"" Lawrence Chambers)",Character,"Flash 206
(11/10/2015)",Justice Society of America #1,Aug-92,N,Len Strazewski,writer,WFH,,,,6E0F3655-9814-8049-AA4E-9F904A4A698F
,Character,,,,,Mike Parobeck,"pencils, cover pencils",WFH,,,,9BCB5550-1E89-7E4C-BF43-3EF0ABE70F55
,Character,,,,,Mike Machlan,"inks, cover inks",WFH,,,,FB76FFF3-FF08-834D-95BD-037598F8FE30
,Character,,,,,Glenn Whitmore,color,N/A,,,,DD7B8178-4F01-6842-98B2-8E67D6872A75
Jessica Jordan,Character,"Green Lantern
(2011)",Green Lantern #48,Jan-94,N,Ron Marz,writer,WFH,,,,C1C5B88B-E36B-4D40-8104-CF0EE46B406D
,Character,,,,,Bill Willingham,pencils,WFH,,,,6525A970-17CD-2946-9CA4-754031F89123
,Character,,,,,Romeo Tanghal,"inks, cover inks",WFH,,,,DEEC1116-7129-814B-AEB3-84500DF3ECB3
,Character,,,,,Robert Campanella,inks,WFH,,,,273C1C86-7328-2E49-A14D-E8D6D1AECD41
,Character,,,,,Darryl Banks,cover pencils,WFH,,,,4543CBD2-333B-7C44-8C47-8AC4D79293E2
,Character,,,,,Anthony Tollin,color,N/A,,,,BD8F8662-B696-2447-B457-BB3E727ACE7E
"Jet
(Celia Windward)",Character,"Powerless
(Global Guardians)",Millennium #2,Jan-88,N,Steve Englehart,writer,WFH; Writer,,,,76F3E59B-DAE2-3341-9313-50AFC1484053
,Character,,,,,Joe Staton,"pencils, cover pencils",WFH; Artist,,,,8ACD64C2-CFFB-5E40-B6EA-9BFD183F23E9
,Character,,,,,Ian Gibson,inks,WFH; Artist,,,,AA0E2AA8-E79C-5647-A236-F3D5A70EAE5F
,Character,,,,,Bruce Patterson,cover inks,WFH,,,,767785C4-0FE4-434A-AD6A-BB5FCD1DF8BA
,Character,,,,,Carl Gafford,color,N/A,,,,45F74C79-8F19-F04C-B5AD-7909BE4C05B3
"Jewelee
(Pre-Crisis)",Character,,"in Charlton Comics:
Captain Atom #85",Mar-67,Y,Steve Ditko,"plot, pencils, inks, cover",Creator Recognition,2017,See Charlton Comics Purchase Agreement.,,0994A184-5A3C-9E4C-BC52-5D3DADC316F8
,Character,,,,,David Kaler,writer,None,,,,A379943B-D9AF-2D45-BF59-26BAACE618AD
,Character,,,,,Rocco Mastroserio,"inks, cover inks",None,,,,4AA94DE7-7B7B-7D40-A6AF-B702EBEF48C0
,Character,,"in DC Comics:
Crisis on Infinite Earths #9",Dec-85,Y,Marv Wolfman,writer,Writer-Editor,,,,62D4E446-DD65-BC46-83E2-E8A8E8E659A9
,Character,,,,,George Perez,"pencils, cover",Exclusive,,,,11E02C98-08B4-4641-B1D8-ABD932BC992D
,Character,,,,,Jerry Ordway,inks,None,,,,AE998EB7-F4CD-9C45-976E-829A69295253
,Character,,,,,Anthony Tollin,color,Exclusive,,,,742A7D35-4F7C-494B-B0CD-5311D8D1614B
"Jewelee
(Post Crisis)",Character,,"Secret Origins #28
""A Princess Story""",Jul-88,N,Robert Greenberger,writer,WFH,,,,E1831A17-BE52-C84E-8DEE-6EBEC6FCBD91
,Character,,,,,Rob Liefeld,pencils,WFH,,,,D8A18F6F-84DB-CC4F-B9D1-DA395E80098D
,Character,,,,,Bob Lewis,inks,WFH,,,,8F1424F1-0289-1246-B5CB-8FC7349EDB10
,Character,,,,,Keith Wilson,cover pencils,WFH,,,,0B929192-8E78-664D-BCD1-10221CFBDC07
,Character,,,,,William Messner-Loebs,cover inks,WFH,,,,40BC4F74-4F52-C04D-B829-2F83D35990DB
,Character,,,,,Carl Gafford,color,N/A,,,,48B9DABE-A00A-BB45-B765-ACC79A77A1FF
Ji Daggle,Character,,Legion of Super-Heroes #8,Jun-90,N,Tom Bierbaum,writer,WFH,,,,4D8CEA03-5CEA-7246-960A-BFAA0650922D
,Character,,,,,Mary Bierbaum,writer,WFH,,,,D7026B6F-DED1-244F-86F6-8B4E0C088F1A
,Character,,,,,Keith Giffen,"writer, pencils, cover pencils",WFH,,,,C04C04E9-4A57-9248-BA1F-BECC421A25F0
,Character,,,,,Chris Sprouse,pencils,WFH,,,,4EBFA072-B1E4-C94F-91DA-A24F0F716250
,Character,,,,,Al Gordon,"writer, inks, cover inks",WFH,,,,34C63B71-DE54-6D43-907C-A3018282DA4D
,Character,,,,,Tom McCraw,color,N/A,,,,FA59DD41-1C0C-9240-B930-4C643C96B762
Jim Jordan,Character,"Green Lantern
(2011)","Green Lantern #9
""Green Lantern's Brother Act""",Nov-61,N,John Broome,writer,None,,Deceased,,57C9E129-9285-4642-A060-25B8B71E77BF
,Character,,,,,Gil Kane,"pencils, cover pencils",None,,Deceased,,9F71176F-98B0-474F-9C6F-B39D63186E18
,Character,,,,,Joe Giella,inks,None,,,,25B220D2-06BA-284D-B729-696D827C7548
,Character,,,,,Murphy Anderson,cover inks,None,,Deceased,,46AA43B2-9F4B-6840-A277-3D6BA5C1883A
"Jimmy Olsen
(Golden Age; Earth-Two)",Character,Lego Aquaman,"as unnamed office boy:
Action Comics #6
""Superman's Phony Manager""",Nov-38,N,"Jerome ""Jerry"" Siegel",writer,Settlement,,Deceased Settlement is with heirs.,,81A056AC-A150-F241-96A5-9D645C51A656
,Character,,,,,Joe Shuster,"pencils, inks",Settlement,,Deceased,,B336661A-A7C8-8D42-8DB3-B597D92BDF90
,Character,,,,,Leo O'Mealia,cover,None,,,,93A497EF-DF06-814A-8679-F962269A0247
,Character,,"as Jimmy Olsen:
Adventures of Superman Radio Show
""Donelli's Protection Racket""",Apr-40,,"B.P. Freeman
Jack Johnstone",writers,,,,,EE1B6F4C-62D0-AD44-992D-F112BBB8B92A
,Character,,"as Jimmy Olsen in DC Comics:
Superman #13
""The Archer""",Nov-41,N,"Jerome ""Jerry"" Siegel",writer,Settlement,,Deceased Settlement is with heirs.,,E3D0CF65-222D-6F4D-9886-37CF0348CFE3
,Character,,,,,Joe Shuster,"pencils, inks",Settlement,,Deceased,,B32FB119-E02A-4448-9897-B9270DFFC595
,Character,,,,,Leo Nowak,"pencils, inks",None,,"According to the GCD, Nowak was a ghost-artist for Joe Shuster on this story.",,088893B0-7DAA-624F-B8C0-C53F49C609D2
,Character,,,,,Fred Ray,cover,None,,,,61BF5378-BB35-B446-9C73-3BFE16A82940
"Jimmy Olsen
(Silver Age; Earth-One)",Character,Lego Aquaman,"Superman #86
""Jimmy Olsen… Editor!""",Jan-54,N,Bill Woolfolk,writer,None,,,,FCEEE67C-EC38-724B-9C8B-04FE777E0954
,Character,,,,,Wayne Boring,"pencils, cover pencils",None,,,,8D0BE6C0-79CC-FE48-81D6-83B18068D62C
,Character,,,,,Stan Kaye,"inks, cover inks",None,,,,CF868BC0-A0D3-3D4F-B97F-59EE6DD610F3
"Jimmy Olsen
(Post-Crisis)",Character,Lego Aquaman,Man of Steel #2,Oct-86,N,John Byrne,"writer, pencils, cover",WFH,,,,4BEEAAEC-7189-3A4B-894E-6DDC23A689F0
,Character,,,,,Dick Giordano,inks,N/A,,"Giordano was an employee of DC at this time.
Deceased",,2C2EA261-688D-D246-ADA9-DE9EF5052C9E
,Character,,,,,Tom Ziuko,color,N/A,,,,29BFD982-46D3-924F-A60D-B4CA0959C561
"Jimmy Olsen
(New 52)",Character,Lego Aquaman,Action Comics #1,Nov-11,N,Grant Morrison,writer,WFH,,,,301E85A8-AD20-054B-91FA-F7A2E086AB6E
,Character,,,,,"Ralph ""Rags"" Morales","pencils, cover",WFH,,WFH Agreement was numbered incorrectly since it was signed prior to the decision to restart the numbering sequence. Action Comics #905 corresponds to Action Comics #1,,FADA0773-C609-B345-81C7-5AB5AA4C2294
,Character,,,,,Rick Bryant,inks,WFH,,,,779EDE3E-F0F6-E64A-BE2E-8524DBFD170F
,Character,,,,,Brad Anderson,color,N/A,,,,A260AD40-0BF0-604F-B04B-ADE5516E7BC6
Jinx,Character,,Tales of the Teen Titans #56,Aug-85,N,Marv Wolfman,writer,Employment,,,,6A620BB4-52E1-6E4D-92D7-EB6E7E978502
,Character,,,,,"Francis ""Chuck"" Patton","pencils, cover pencils",Exclusive; WFH,,,,2010EE7F-52BA-1A41-82A2-781A161CEBE3
,Character,,,,,Mike DeCarlo,"inks, cover inks",Exclusive; WFH,,,,30848C59-07DD-A040-B567-586F99D48CBA
,Character,,,,,Adrienne Roy,color,Exclusive,,Deceased,,73BBFBBB-2BA1-6247-8C87-915F869CF032
Jitters Coffee,Location,"Flash
(2018)",Flash #1,Jun-10,,Geoff Johns,writer,Exclusive; WFH,,,,B3C5F4A6-1B77-CF46-9FD9-F0C0EB8B0AC5
,Location,,,,,Francis J. Manapul,"pencils, inks, cover",WFH,,,,583B6B06-266C-B048-A4E7-6F4DC3456471
,Location,,,,,Brian Buccellato,color,N/A,,,,524E0316-7CAA-9443-9715-3AA5524DF553
Joan Lincoln,Character,Black Lightning 102,"Batman & The Outsiders #21
""Jaws, 4 -- Gotham, 0!""",May-85,N,Mike W. Barr,writer,Writer Agreement,,,,79D07F0D-A9DA-EE4C-A9EA-36B3F55A61EE
,Character,,,,,Trevor Von Eeden,"pencils, inks",None,,,,CDCC48F5-6E1F-A94A-8BE5-A7FC22A969B6
,Character,,,,,Jim Aparo,cover,Artist Agreement,,,,F82BC42D-2905-8748-B57B-9718DE33C780
Joan Williams,Character,Flash 602,"Flash Comics #1
""Origin of the Flash""",Jan-40,Y,Gardner F. Fox,writer,Creator Recognition,2009,Deceased Creator recognition agreement with is with heirs.,,BFF12DF3-919D-0D45-BD5E-B65CE83F8A8B
,Character,,,,,Harry Lampert,"pencils, inks",None,,,,30EFA3F9-EB21-E145-A116-B527479C8C93
Joe Chill,Character,Lego Batman,"Detective Comics #33
""The Batman Wars Against the Dirigible of Doom""",Nov-39,N,Gardner F. Fox,writer,Creator Recognition,,Deceased Creator recognition agreement with is with heirs.,,DB72204B-490E-4748-B7B5-A5BBDAB63833
,Character,,,,,Bob Kane,"pencils, inks, cover",Services Agreements,,Deceased,,B21C78F4-7B3E-904D-9B20-13815A514C41
John Constantine,Character,Dark Universe,Saga of the Swamp Thing #37,Jun-85,N,Alan Moore,writer,None,"1987
1988",All character equity payments to Moore for the Constantine feature film split between the other creators per his 11/14/2003 letter,,994BB37E-94D7-A145-B3F5-FCE662C3569F
,Character,,,,,Rick Veitch,pencils,None,Y,,,A48A3228-1A20-4041-82BB-64016CA56D4F
,Character,,,,,John Totleben,"inks, cover inks",None,1987,,,6F406C6A-BA2A-1540-8E38-BAE71C578B3E
,Character,,,,,Stephen Bissette,cover pencils,None,1987,,,02B52AC7-2D83-CF45-9B13-6473F94E7F83
,Character,,,,,Tatjana Wood,color,N/A,,,,62FFFC88-EC7F-0142-8504-35E7A99730F2
John Economos,Character,Suicide Squad 2,Suicide Squad #1,May-87,N,John Ostrander,writer,WFH,,,,FADCE928-AD83-5542-924F-E19BFDEA08CB
,Character,,,,,Luke McDonnell,pencils,WFH,,,,D150289F-8A28-1042-8B02-13C4DFBE2F9E
,Character,,,,,Karl Kesel,inks,WFH,,,,5D9A9B3F-3E0F-B84D-ADAB-6037AE61D447
,Character,,,,,Howard Chaykin,cover,WFH,,,,8805A120-DD44-4040-93A6-610DEB7C1B3D
,Character,,,,,Carl Gafford,color,N/A,,,,B979DDA5-1862-034E-9ACD-62C666771346
John Lynch,Character,"Point Blank
Sleeper",WildC.A.T.S.: Covert Action Teams #1,Aug-92,N,Jim Lee,"writer, pencils, cover pencils",WildStorm Employment Agreement,,See also: WildStorm Asset Purchase Agreement,,7FAAEE5C-2AB8-3243-B579-B69144A0E37B
,Character,,,,,Brandon Choi,writer,WildStorm WFH Acknowledgement,,,,1C831B47-7DC8-CC44-9108-3C84F6770923
,Character,,,,,Scott Williams,"inks, cover inks",WildStorm WFH Acknowledgement,,,,D7D35936-AB71-F04D-9B2C-2EB384F647CD
,Character,,,,,Joe Rosas,color,N/A,,,,DB37BD1A-C8FC-764A-AF3C-F63D30211C15
"Johnny Cloud, Navajo Ace",Character,The Losers (DC),"All-American Men of War #82
""The Flying Chief""",Nov-60,Y,Robert Kanigher,writer,N/A,,"Kanigher was an employee of DC Comics from 2/3/47 - 5/31/82.
Deceased",,56EC6F1F-802A-5345-AAF2-42C10F8B89E5
,Character,,,,,"Irving ""Irv"" Novick","pencils, inks, cover",None,,Deceased,,2D7906C5-D821-DE48-8213-915BFD362CF7
Johnny DC,Character,,House Ads,1962,N,Unknown - possibly Mike Sekowsky,artist,None,,Deceased,,F78D4EAF-41A9-DF4A-9EC9-04D87506D236
Johnny Quick,Character,,"Justice League of America vol 1 #29
Crisis on Earth Three",Aug-64,N,Gardner Fox,writer,Equity,Y,,,6CEC5688-1F21-804D-868D-EE4F73624835
,Character,,,,,Mike Sekowsky,pencils,None,,,,811320EE-E65F-794F-A399-B4E1D246B45A
,Character,,,,,Bernard Sachs,inks,None,,,,478CA59E-8026-6B45-9A16-700023DAA1A7
,Character,,"Justice League vol 2 #23
(Earth 3)",Oct-13,Y,Geoff Johns,writer,WFH,,,,A094F4EF-1268-1545-8500-84AB7CA7230F
,Character,,,,,Ivan Reis,"pencils, inks",WFH,,,,81B310F3-A61A-9941-A6D2-FB5E6284A6A9
Johnny Sabatino,Character,,Detective Comics #843,Aug-64,N,Paul Dini,writer,WFH,,,,6F9742FF-FBE5-2F4F-B09D-53C0C0CE2C1F
,Character,,,,,Dustin Nguyen,pencils,WFH,,,,80FA2999-22DF-DF41-94AA-C5EE392BE522
,Character,,,,,Derek Fridolfs,inks,WFH,,,,EB681DFE-50B6-954C-8741-37018094B7F5
Johnny Thunder,Character,"Stargirl 102
(dialogue only)","Flash Comics #1
""The Kidnapping of Johnny Thunder""",Jan-40,N,John B. Wentworth,writer,Writer-Artist,,"Agreement is undated and untitled
Deceased",Cleared by Wayne Smith on 11/4/20 for character in Stargirl Season 2,5CD31300-30C9-E74E-A6FA-6CC23DA229CE
,Character,,,,,Stan Aschmeier,"pencils, inks",None,,Deceased,,33773B86-5EED-364F-A406-C5E0E7F12A53
,Character,,,,,Sheldon Moldoff,cover,Writer-Artist,,"Agreement is undated and untitled
Deceased",,33733EC7-40A5-104A-BAD2-86DD23BB9486
Jonni DC the Continuity Cop,Character,,Ambush Bug #2,Jul-85,N,Keith Giffen,"plot, pencils, cover pencils",,,,,35FE0490-FA36-4541-BF92-42F12E55DD77
,Character,,,,,Robert Fleming,script,None,,,,EC0AE0FF-0C8F-F44B-93A0-7396996E5A3F
,Character,,,,,Bob Oksner,"inks, cover inks",None,,Deceased,,7473B18F-01BE-A84D-B9FF-C6D1330E9B2F
,Character,,,,,Anthony Tollin,color,Exclusive,,,,2B3932DB-A434-4C44-AA57-A3CD9D270561
"The Joker
(Red Hood)",Character,,"as The Joker:
Batman #1
""The Joker""",Spring 1940,N,Bill Finger,writer,Contributor Recognition,,Deceased Contributor Recognition Agreement is with heir.,,EEE9F3AD-6539-3848-A03C-4653DA084E48
,Character,,,,,Bob Kane,"pencils, inks, cover",Services Agreements,,Deceased,,9B829AF2-E895-0B4C-B034-D5B424B65723
,Character,,,,,Jerry Robinson,inks,Settlement,,Deceased,,C586C18C-F263-F34B-9D62-9852454DD7D8
,Character,,"as Red Hood:
Detective Comics #168
""The Man Behind the Red Hood""",Feb-51,Y,Bill Finger,writer,Contributor Recognition,,Deceased Contributor Recognition Agreement is with heir.,,A48D926B-A993-9247-8912-F7A45EA58973
,Character,,,,,Lew Sayre Schwartz,"pencils, cover pencils",None,,"Deceased
Schwartz's 2010 equity agreement for Deadshot acknowledges that all his services on Batman were WFH, regardless of whether he was employed by DC or Bob Kane.",,14A47770-2EEE-AC41-91CD-78A04015C1FA
,Character,,,,,George Roussos,inks,None,,Deceased,,AA3F238B-62D9-6E49-BD2B-660F8631096D
,Character,,,,,Charles Paris,cover inks,None,,Deceased,,3AFAC3FF-2DBB-834C-93C4-E27DA4663EAA
Joker Venom,Property,Powerless 102,"Batman #1
""The Joker""",Spring 1940,N,Bill Finger,writer,Contributor Recognition,,Deceased Contributor Recognition Agreement is with heir.,,56119501-DA1E-484E-8024-ABBCCE4C9287
,Character,,,,,Bob Kane,"pencils, inks, cover",Services Agreements,,Deceased,,B2239E27-A409-8541-B70A-D617201A78E8
,Character,,,,,Jerry Robinson,inks,Settlement,,Deceased,,3B74E66C-3D57-9F4E-9432-953ED8D2CE81
Jonah Hex,Character,Jonah Hex (2010),"All-Star Western #10
""Welcome to Paradise""",Feb-72,Y,John Albano,writer,WFH Acknowledgement (1978),1978,Deceased,,85DAF940-8A07-0846-BEAC-337B06CEBFA3
,Character,,,,,Tony DeZuñiga,"pencils, inks, cover",None,,Deceased,,260C1F09-07D0-314D-9C06-E2C52DB8A8CC
"Jonathan Kent
(Pa Kent)",Character,,Superman #1,Jun-39,N,"Jerome ""Jerry"" Siegel",writer,Settlement,,Deceased Settlement is with heirs.,,B85C7E82-93FC-DF43-81BA-F36B2A66C01A
,Character,,,,,Joe Shuster,"pencils, inks",Settlement,,Deceased,,B567FDDB-81FE-AF49-97EC-1D8837728FCF
Jongleur,Character,Gotham 420,Villains United #4,Oct-05,N,"Tamra L. James
(Gail Simone)",writer,WFH,,,,2291FD87-3722-6F43-AF08-E0E6561AB0AC
,Character,,,,,Dale Eaglesham,pencils,WFH,,,,FA107947-203B-0D4B-9FFB-2C502D4A9412
,Character,,,,,Wade Von Grawbadger,inks,WFH,,,,F73FEDCC-88C6-1741-9D04-10F38C73D2BE
,Character,,,,,J.G. Jones,cover,WFH,,,,BA1341D2-7D4E-5E4D-9C91-E40A914A2A94
,Character,,,,,Sno-Cone,color,N/A,,,,87E67C64-C477-CA4A-8C6A-418E46E7B47E
Jonny Frost,Character,"Suicide Squad
(2016)",Joker HC,2008,N,Brian Azzarello,writer,Graphic Novel,2017,,,C2060187-0FBB-984E-B257-6C9E8C143BB9
,Character,,,,,Lee Bermejo,"pencils, inks, cover",Graphic Novel,2017,,,37317167-61C0-9540-A905-9010FFCA0110
,Character,,,,,Patricia Mulvihill,color,Exclusive,,,,CFF677D1-4876-CF48-80BE-1F892D6ACDA4
Jor-El,Character,,"More Fun Comics #101
""The Origin of Superboy""",Jan-45,N,"Jerome ""Jerry"" Siegel",writer,Settlement,,Deceased Settlement is with heirs.,,B89E212F-A254-0B42-BB94-85CBE8A8340A
,Character,,,,,Joe Shuster,"pencils, inks",Settlement,,Deceased,,DE758893-CEEB-F246-B686-8FA1DE5E3D39
,Character,,,,,Maurice Del Bourgo,cover,None,,,,0C172C83-E163-064E-9179-EB842A1C5527
Joseph Carver,Character,Flash 610,The Flash vol 5 #1,Sep-16,N,Joshua Williamson,writer,WFH,,,,BE06365D-9EEC-B941-BBAD-0CBEA82D34C7
,Character,,,,,Carmine Di Giandomenico,"pencils, inks",WFH,,,,8BB4F3EF-10B3-3D41-BBAE-7452BE7674D2
Joseph Kline,Character,Flash 319,"Flash TV Show (1990):
""Pilot""",Sep-90,,Danny Bilson & Paul DeMeo,writers,,,,,9C1054B2-C932-7E43-B1EC-F96808CC8DC1
,Character,,"in DC Comics:
The Flash: The Fastest Man Alive #4",Nov-06,N,Danny Bilson,writer,WFH,,,,595E0EA3-1605-164D-B41C-301C20868F4A
,Character,,,,,Paul DeMeo,writer,WFH,,,,2F567335-EF9D-5646-A7A4-E89B8A9CF45C
,Character,,,,,Ken Lashley,"pencils, cover pencils",Exclusive; WFH,,,,BADB1B5C-EA3C-FE4B-8281-F1C4F4645351
,Character,,,,,Sal Velluto,pencils,WFH,,,,A559CCCB-9CB3-4D48-BF58-A47DC2A031CA
,Character,,,,,Art Thibert,"inks, cover inks",Exclusive; WFH,,,,286B49E6-EDE3-CF4A-B8F2-2FEA38AFA526
,Character,,,,,Jay Leisten,inks,WFH,,,,1EE6B3A3-2CA1-F046-8623-7E675D58AF7B
,Character,,,,,Walden Wong,inks,WFH,,,,00B0FC5E-9D0C-A144-AF64-38356016B4C1
,Character,,,,,Richard Horie,color,Exclusive,,,,5BD31362-D174-7B4F-8688-4E5FD80C0412
,Character,,,,,Tanya Horie,color,Exclusive,,,,6BD93535-B383-7A4A-9884-622B4E1C66ED
"Joseph ""Joey"" Toledo",Character,Black Lightning 101,Black Lightning #1,Apr-77,Y,Anthony Isabella,writer,Exclusive; Creator Recognition,2016,,,A948CBF6-2806-AB40-BFF6-E76E277105A7
,Character,,,,,Trevor Von Eeden,pencils,None,2016,,,50661F52-FBB9-8447-BCE6-30DE35D2198A
,Character,,,,,Frank Springer,"inks, cover inks",None,,,,02B634C7-EA6A-1E4B-AA46-9BCF32070178
,Character,,,,,Rich Buckler,cover pencils,None,,,,DD938EE3-9495-3F44-9F5C-39E46D73B8E1
,Character,,,,,Liz Berube,color,N/A,,,,09980B54-CACB-3848-96F3-7E5CF678676C
"Josephine MacDonald
(Josie Mac)",Character,"Gotham 204
(10/12/2015)","Detective Comics #763
""Lost Voices Part One""",Dec-01,N,Judd Winick,writer,Joint Creator/All Rights; Writer,2001,,,7DC1021B-267B-6A43-A762-9287B3FCEEA2
,Character,,,,,Cliff Chiang,"pencils, inks",Joint Creator/All Rights; Artist,2001,,,E1E6E049-4F4B-EC49-9E14-A290EB520C70
,Character,,,,,Tim Sale,cover,WFH,,,,76B939EA-49EF-A641-A67F-952BF92AF763
,Character,,,,,Lee Loughridge,color,N/A,,,,25B19EF1-82EA-FC4C-96DE-55A4117B8640
Joshua March,Character,"Point Blank
Sleeper",Sleeper #4,Jun-03,N,Ed Brubaker,writer,WFH,,,,93001352-2474-E94D-AEAC-3EAB3A329DD5
,Character,,,,,Sean Phillips,"pencils, inks, cover",WFH,,,,31C27FC7-DE0D-E249-B35C-BE87F7B0DCCA
,Character,,,,,Tony Avina,color,N/A,,,,E3DD70DD-CF63-FC43-AF11-0CE71FDF6716
"Juan Montez
(Mauler Montez; Kid Montez)",Character,Stargirl 104,Infinity Inc. #30,Sep-86,N,Roy Thomas,co-writer,Writer,,,,B70731B6-6860-1D4F-A3EF-392F3283117A
,Character,,,,,"Dannette ""Dann"" Thomas",co-writer,None,,"We believe that Roy Thomas entered into a separate agreement with Dann Thomas for writing services, but we do not have a copy of it.",,35E3A21D-F68B-C642-AED7-E7DE936C278B
,Character,,,,,Todd McFarlane,"pencils, cover pencils",WFH,,,,6A354E6F-DF9B-C542-9048-27C9AF1205E0
,Character,,,,,Tony DeZuniga,"inks, cover inks",WFH,,,,4843C74F-BA5F-484D-879C-73F2C05E3F08
,Character,,,,,Carl Gafford,color,N/A,,,,3A9FFD56-8550-9B42-A87B-AC3781CA8C90
"The Judge
(Batman villain)",Character,,"Detective Comics #441
""Judgment Day""",Jun-74,N,Archie Goodwin,writer,None,,Deceased,,C2B11A9F-E7CA-3B4A-80B8-6BFDF037683F
,Character,,,,,Howard Chaykin,"pencils, inks",None,,,,3D26E700-C440-5D47-940F-0F9781A26FFE
,Character,,,,,Jim Aparo,cover,None,,Deceased,,99380590-5712-0A43-9DAF-A5EF2DCB1B06
"Judge
(Team Titans villain)",Character,,Team Titans #4,Dec-92,Y,Marv Wolfman,writer,Writer,,,,00A51FC0-D1EB-1B44-BE81-0CAD02A3E296
,Character,,,,,Vince Russell,pencils,WFH,,,,E6528D1D-4D1B-BB4F-A049-B39133C1D8C4
,Character,,,,,Will Blyberg,inks,None,,,,B351AC45-9DBA-5542-9749-2666F4E8766E
,Character,,,,,Phil Jimenez,cover,WFH,,,,7449B4BB-A239-6849-BAF1-56C621E5760D
,Character,,,,,Adrienne Roy,color,Exclusive,,Deceased,,BF5BAC3A-E136-9749-AE07-328C1FA30996
"Judomaster
(Hadley ""Rip"" Jagger)",Character,,"in Charlton Comics:
Special War Series #4
""Introducing Rip Jagger… Judomaster""",Nov-65,Y,Joe Gill,writer,None,,"See Charlton Comics Purchase Agreement dated 4/22/1983.
According to the Grand Comics Database, McLaughlin claims to have written all the Judomaster stories, although Joe Gill was credited to satisfy an arrangement between Gill and John Santangelo.",,716792F3-402E-584D-A1C2-233EF3F04254
,Character,,,,,Frank McLaughlin,"writer, pencils, inks, cover",None,,,,FAD1F869-A028-B74C-86B3-4C890DB80607
,Character,,"in DC Comics:
History of the DC Universe #1",1986,N,Marv Wolfman,writer,None,,,,99C148DE-C50D-4845-A2ED-8FDD93BA5A7F
,Character,,,,,George Perez,"pencils, cover pencils",Exclusive,,,,8B70A853-A1A0-8C4F-8ADC-D9B1768B8D01
,Character,,,,,Karl Kesel,"inks, cover inks",WFH,,,,93446185-E938-1D48-BA33-FF8F0F9A8A18
,Character,,,,,Thomas Ziuko,color,N/A,,,,48C0F831-F425-4A4E-BCD2-FE4382CB6E00
Judomaster II,Character,,"Justice League Quarterly #14
""Havoc Unleashed""",Spring 1994,N,Paul Kupperberg,writer,WFH,,,,C399604A-D9B7-C248-807B-B64A0CA162D3
,Character,,,,,Michael Collins,pencils,WFH,,,,60E7D09D-2F60-BD46-9771-428D7DA29D06
,Character,,,,,Eduardo Barreto,inks,WFH,,,,8BA9230B-0C2B-E24F-BA5F-BD5259330731
,Character,,,,,Mike Mignola,cover,WFH,,,,92CF0748-94F9-A641-A035-091DE75D7380
,Character,,,,,Gene D'Angelo,color,Exclusive,,,,7124FDB6-9FFB-BD42-BF31-AF197B93D3B6
"Judomaster
(Sonia Sato)",Character,Birds of Prey,"Birds of Prey #100
""Blood & Circuits Part One: A Chance to Do Good""",Jan-07,Y,"Tamra L. James
(Gail Simone)",writer,WFH; Exclusive,,,,91D462CB-C0F4-B14D-ACDB-A79625013E13
,Character,,,,,Nicola Scott,pencils,WFH,,,,74588321-4824-3B4D-AD94-7001E0AF45C4
,Character,,,,,Doug Hazlewood,inks,WFH,,,,4191BCEC-F594-8148-A9EA-27A77BBB645F
,Character,,,,,Jerry Ordway,cover,WFH,,,,63063F2C-1DF6-9F44-B1AF-CDFB31CEA710
,Character,,,,,Hi-Fi Design,color,N/A,,,,6322AEED-938C-9B49-A507-3E94F27FF459
Julia Pennyworth,Character,,Detective Comics vol 1 #501 ,Apr-81,N,Gerry Conway,writer,Exclusive,,,,F6656033-A057-3844-8AF4-E840D5B623F3
,Character,,,,,Don Newton,pencils,Freelancer,,,,CE5F0C0A-4DCF-364A-BF9F-503330765870
,Character,,,,,Dan Adkins,inks,None,,,,ECAFE8B5-6D53-1047-A751-2F88EA2F60BE
Julio Mendez,Character,Flash 301,"Flash TV Show (1990):
""Pilot""",Sep-90,,Danny Bilson & Paul DeMeo,writers,,,,,F5DA4D67-6EB6-9849-BE65-358C1A05AF75
,Character,,"Only Comic Appearance:
The Flash TV Special #1
""Meet Kid Flash""",1991,N,Mark Waid,writer,WFH,,,,D6353576-552A-8949-ABBC-502A84B5B0BB
,Character,,,,,David Williams,pencils,WFH,,,,13C80503-F755-8F4A-9894-7956610F93A8
,Character,,,,,Darick Robertson,pencils,WFH,,,,C36A3807-769C-DB4A-A688-FE2C45F930FF
,Character,,,,,Gary Martin,inks,WFH,,,,E72ED1D9-A5CF-FE4A-BEB9-4F3CA1840587
,Character,,,,,Glenn Whitmore,color,N/A,,,,9B2E2221-18C2-8943-BDFE-FEF494A2FA8F
June Robbins,Character,,Showcase #7,Mar-57,Y,Dave Wood,writer,None,,Deceased,,FFAF00E6-B24F-384E-9D11-664F4995AAC6
,Character,,,,,Jack Kirby,"pencils, cover",None,,Deceased,,6F4C0ACA-91F9-F749-8687-7BD9F57AB7DE
,Character,,,,,Rosalind Kirby,inks,None,,Deceased,,B67A3162-89A2-C042-B9D1-A19AA382F35A
Juris,Character,,Tales of the New Teen Titans #2,Jul-82,N,Marv Wolfman,writer,Exclusive,,,,FA43BAFF-72B1-8846-9BD0-2FBB96DDFB27
,Character,,,,,George Perez,"writer, pencils, cover",Exclusive,,,,50CCA2F3-9B81-0F45-8F81-FCAED7627556
,Character,,,,,Pablo Marcos,inks,None,,,,4EC2F13D-3049-E14F-A3D8-E3F2026BF8D5
,Character,,,,,Adrienne Roy,color,Exclusive,,Deceased,,6720CEC9-3111-B640-B3D0-3D92BB6195AF
Justice League Europe,Property,,"Justice League International #24
""Across A Crowded Room…""",Feb-89,N,Keith Giffen,writer,WFH,,,,6E500E81-F5CF-5A40-8065-7D3F1DFF8689
,Property,,,,,J.M. DeMatteis,writer,WFH,,,,834087D7-C965-B947-B170-5897F593F8B9
,Property,,,,,Kevin Maguire,"pencils, cover pencils",WFH,,,,88A18D0F-78BC-3E4A-8048-3CF87413CE65
,Property,,,,,Joe Rubinstein,"inks, cover inks",WFH,,,,52B9532B-3F72-DD4B-A1EC-91FECBDF19AE
,Property,,,,,Gene D'Angelo,color,N/A,,,,55AC3C5D-74EB-1B48-8AA8-BCB60E815995
"Justice League of America
(JLA)",Property,,Brave and the Bold #28,Feb-60,Y,Gardner F. Fox,writer,Creator Recognition,2009,Deceased Creator recognition agreement with is with heirs.,,755F8BC4-9645-044D-9836-EDFB28015466
,Property,,,,,Mike Sekowsky,"pencils, cover pencils",None,,,,FAE2BEED-B96A-E141-B31F-17A394762A26
,Property,,,,,Bernard Sachs,inks,None,,Deceased,,13FAAF68-36E1-EC40-870F-AAAB3BE8C3DD
,Property,,,,,Joe Giella,inks,None,,,,DDC69D30-4441-B147-B086-346E4705170E
,Property,,,,,Murphy Anderson,"inks, cover inks",None,,Deceased,,6C34D188-11CB-CD45-A316-98A128B08072
"Justice Society of America
(JSA)",Property,,All-Star Comics #3,Winter 1940,Y,Gardner F. Fox,writer,Creator Recognition,2009,Deceased Creator recognition agreement with heirs.,,A49235A3-527E-1F41-AF88-CE1A7CCDD5B1
,Property,,,,,Everett E. Hibbard,"artist, cover",None,,Deceased,,B07FB962-33FF-AB40-BEF1-CF6D28A1FC04
,Property,,,,,Sheldon Moldoff,artist,None,,Deceased,,74F3BE5A-E94E-0F42-9F3C-85FA73920FD1
,Property,,,,,Martin Nodell,artist,Settlement,,Deceased,,13919EE7-CF79-4949-99E1-ECECB1AE9A8D
,Property,,,,,Craig Flessel,artist,None,,Deceased,,321AB1BB-9A94-AD4F-83FC-2718F48BF413
,Property,,,,,Bernard Baily,artist,None,,Deceased,,114CAA0E-78F8-1143-B6C8-EB168773AEAA
"Justice Society of America Headquarters
(Golden Age; Civic City)",Location,,All-Star Comics #3,Dec-40,N,Gardner F. Fox,writer,Creator Recognition,,Deceased Creator recognition agreement with heirs.,,33BA5FE9-45E5-944B-BE32-FBC485C10754
,Location,,,,,Everett E. Hibbard,"artist, cover",None,,Deceased,,A06731B3-11A2-4C48-93D3-C773E9150C25
,Location,,,,,Sheldon Moldoff,artist,None,,Deceased,,24BCE0F5-7480-EA47-B9D3-7AFC7413798B
,Location,,,,,Martin Nodell,artist,Settlement,,Deceased,,C2A18511-3598-B24C-9832-811DC36B4589
,Location,,,,,Craig Flessel,artist,None,,Deceased,,9ADF8D66-1CBF-E746-8349-643318B06ABA
,Location,,,,,Bernard Baily,artist,None,,Deceased,,F29810C2-D45E-BE45-9A9A-BBE147B1660D
"Justice Society of America Headquarters
(1970s; Gotham)",Location,,All-Star Comics #58,Feb-76,N,Gerry Conway,writer,None,,,,35D3ACA1-8BBA-DA43-9F65-9BD05C70D4D0
,Location,,,,,Ric Estrada,pencils,None,,Deceased,,C09C75A9-FBB3-894D-AC8F-E203DBE41D98
,Location,,,,,Wally Wood,inks,None,,Deceased,,E276D31D-2219-2948-AFBD-8D0384A036FA
,Location,,,,,Mike Grell,cover,None,,,,E3E7C052-AC0B-6541-ABD3-73ACC2EBB605
"Justice Society of America Headquarters
(Wesley Dodds' Manor)",Location,,"as Wesley Dodds' Manor:
Adventure Comics #40",Jul-39,N,Gardner F. Fox,writer,Creator Recognition,,Deceased Creator recognition agreement with is with heirs.,,FAA72F64-DB96-E04F-AAE4-AB7E94D9C907
,Location,,,,,Bert Christman,"pencils, inks",None,,,,300CE363-7600-AC40-A3BA-D05034D3932E
,Location,,,,,Craig Flessel,cover,None,,,,2745EA02-47CC-994B-BBE1-EFFD935AE2DF
,Location,,"as JSA Headquarters:
JSA Secret Files and Origins #1
""Gathering Storms""",Aug-99,N,James Robinson,writer,WFH,,,,C16CF339-ED64-EC4F-B7DD-80979D715C2C
,Location,,,,,David S. Goyer,writer,WFH,,,,793F66E8-C317-7944-94EE-33B4C66EC285
,Location,,,,,Scott Benefiel,pencils,WFH,,,,7E47C547-8D44-FF48-8BFC-79C7EB7B0D6A
,Location,,,,,Mark Propst,inks,WFH,,,,C5D9AA4A-FD30-E648-899A-9FBBB1F3EB5B
,Location,,,,,Steve Sadowski,cover pencils,WFH,,,,C50E2A60-4965-B34D-ACF1-CC1D7FC1B5EF
,Location,,,,,"Michael Bair
(Michael Hernandez)",cover inks,WFH,,,,273F0113-0680-4542-9A21-35B256DE5610
,Location,,,,,John Kalisz,color,N/A,,,,2614ACC4-8DB4-B04C-AEC5-8B7F872900B5
"Justice Society of America Headquarters
(Battery Park)",Location,Legends 202,Justice Society of America #1,Feb-07,N,Geoff Johns,writer,WFH,,,,FCC38FA8-44BA-8B40-A670-69090B487B38
,Location,,,,,Dale Eaglesham,pencils,WFH,,,,C0A440A7-4030-EE48-984B-28168D193493
,Location,,,,,Art Thibert,inks,WFH,,,,8C669F36-6EBD-A14D-98CD-76A75E0B4054
,Location,,,,,Alex Ross,cover,WFH,,,,0C496C09-7B16-A447-9D9D-5AF7A96EC977
,Location,,,,,Jeromy Cox,color,N/A,,,,62CC5367-F7B6-4A4B-8B28-31CB2507C42E
Kahndaq,Location,Flash 417,JSA #44,Mar-03,N,David Goyer,writer,WFH,,,,94DF58ED-D019-A747-B2E3-112EBA720D86
,Location,,,,,Geoff Johns,writer,WFH,,,,C7D27D05-37EB-9C46-AB97-01E9A77B406B
,Location,,,,,Leonard Kirk,pencils,WFH,,,,C98F3F28-38FD-864D-A608-044373CC3D95
,Location,,,,,Keith Champagne,inks,WFH,,,,8CD92373-4195-1342-AABC-A1587148348D
,Location,,,,,"Ralph ""Rags"" Morales",cover,WFH,,,,E9670957-54BE-174B-887F-4C3871A04E6B
,Location,,,,,Heroic Age,color,N/A,,,,7FF516AE-EA5C-684D-80F1-61C666A03B7F
,Location,,,,,John Kalisz,color,N/A,,,,FDAB042F-B3F5-264C-B915-2C978A5F456B
Kalista,Character,Krypton,Green Lantern #141,Jun-81,Y,Marv Wolfman,writer,Exclusive,1982,,,0C1C683A-FE7E-C048-8919-A57FA3AA8DB7
,Character,,,,,Joe Staton,"pencils, inks",Exclusive,1982,,,6AB97EB2-0320-EA4C-87DA-4CD07FF93BB7
,Character,,,,,George Perez,cover,None,,,,78E26418-F196-2349-BA93-F8524E711F32
,Character,,,,,Carl Gafford,color,N/A,,,,1CF39145-8F6D-0947-AC9E-5B3DCA10BFD2
Kaleidoscope,Character,SS2,The New Adventures of Superboy #36,Dec-82,N,E. Nelson Bridwell,writer (plot),N/A,,Deceased May have been an employee of DC from 01/13/1964 to 01/23/1987.,,4324E5ED-ED9F-B048-B489-F010B1038E0A
,Character,,,,,Bob Rozakis ,writer (dialogue),Exclusive,,"Character created by Chris and Nancy Mae Lawton from Fall River Massachusetts, for which we have the signed entry forms",,AF0A6B47-AB62-854D-9F95-3D5C3DBFCA6F
,Character,,,,,Howard Bender,pencils,WFH,,,,C40E2CAB-8416-A040-94BD-A9D56CE68869
,Character,,,,,Joe Giella,inks,Exclusive,,,,50860ACC-DE26-A14A-910D-3A25B087600C
Kamandi,Character,,Kamandi: The Last Boy on Earth #1,Oct-72,Y,Jack Kirby,"creator, writer, pencils, cover pencils",1982 Agreement,,Deceased,,0A5A116E-7D3D-BC42-8B90-5F1FD771EBAE
,Character,,,,,Mike Royer,"inks, cover inks",None,,,,470A294C-1BAE-4045-8096-FF03A85ED29B
KAMO,Character,,Suicide Squad vol 4 #25,Jan-14,N,Matt Kindt,writer,WFH,,,,00958198-A774-0E4B-9889-F7AB6AB331D6
,Character,,,,,Patrick Zircher,"pencils, inks",WFH,,,,5CE4345D-8AB2-654B-87C1-C32607C4935A
Kandor,Location,"Supergirl 115
(2/29/2016)","Action Comics #242
""The Super-Duel in Space""",Jul-58,N,Otto Binder,writer,None ,,Deceased,,CAAB173A-7455-234B-BF59-8DF4518F759F
,Location,,,,,Al Plastino,"pencils, inks",None ,,Deceased,,086A9412-E1DB-1F4C-95F7-CDEA82835C5E
,Location,,,,,Curt Swan,cover pencils,None ,,Deceased,,20563C12-D7F0-844D-8DB7-5C4FB99526BD
,Location,,,,,Stan Kaye,cover inks,None ,,Deceased,,304EE396-A050-4048-A9B8-1BCFE88C259F
The Kane Family,Character,"Gotham 205
(10/19/2015)","Detective Comics #233
""The Batwoman""",Jul-56,N,Edmond Hamilton,writer,None,,Deceased,,E4BB8BD7-B340-8146-BFF4-A0E94B844BB5
,Character,,,,,Sheldon Moldoff,"pencils, cover",None,,"Deceased
Per the library and Wayne Smith (Corp. Legal), please check to see if Bob Kane should also be included in credits.",,A8DF3097-448D-064F-8B4F-CFBFC23F4B46
,Character,,,,,Stan Kaye,inks,None,,Deceased,,544A11D9-AA19-D74A-9090-5449810DC1DA
Kanjar Ro,Character,Krypton,Justice League of America #3,Feb-61,Y,Gardner F. Fox,writer,Creator Recognition,,Deceased Creator recognition agreement with heirs.,,A3F7433C-9EA8-9C41-8EEC-BBFA86454D19
,Character,,,,,Mike Sekowsky,"pencils, cover pencils",None,,Deceased,,A808E6C5-781C-D746-A8A6-A8BBF61F551B
,Character,,,,,Bernard Sachs,inks,None,,Deceased,,F04F4150-986E-F441-8849-710EFAB6B9FD
,Character,,,,,Murphy Anderson,cover inks,None,,Deceased,,725CD05D-29D8-DC41-ADCC-BEF9DBFE6A56
Karin Grace,Character,"Suicide Squad
(2016)",The Brave and the Bold #25,Aug-59,Y,Robert Kanigher,writer,N/A,,"Kanigher was an employee of DC from 2/3/47 - 5/31/82.
Deceased",,6C6709F9-34BB-2448-93C4-FACB94BDF24B
,Character,,,,,Ross Andru,"pencils, cover pencils",None,,Deceased,,00396F0B-25C6-144B-9E6D-CBFB060EA6D9
,Character,,,,,Mike Esposito,"inks, cover inks",None,,Deceased,,AAF7D9C9-8BE0-EF48-9C04-D844477F84E6
Karin Preus,Character,,Flash #10,Mar-88,N,Mike Baron,writer,WFH,,,,07FD3D29-1A8E-FE49-8553-9FFBECC3C749
,Character,,,,,Mike Collins,pencils,WFH,,,,46A6C7F4-4B77-DD44-A6E6-D480BE18DD37
,Character,,,,,Larry Mahlstedt,inks,WFH,,,,F7500FC3-5F4A-7447-8E4D-8D7DA9F07744
,Character,,,,,Steve Lightle,cover,WFH,,,,27FBD5CE-5BCB-A14E-85E6-4FADBD0FBFEC
,Character,,,,,Michele Wolfman,color,Exclusive,,,,9BBDF1B6-0215-B44B-8483-4BB6EBF023E1
"Karma
(Wayne Hawkins)
",Character,"Suicide Squad
(2019)",Doom Patrol #4,Jan-88,N,Paul Kupperberg,writer,WFH,,,,F04DD895-FA49-DA4A-B32F-F34069A0350E
,Character,,,,,Steve Lightle,pencils,WFH,,,,4490CE9D-8E72-0F4A-90F7-D064AAC59B9C
,Character,,,,,Gary Martin,inks,WFH,,,,188B5F87-22D4-6740-85F9-4EF0CD5D33F7
Karna,Location,Supergirl 209,Omega Men #14,May-84,N,Todd Klein,writer,WFH,,,,0A00B8D9-1C08-0D48-9983-88145751331C
,Location,,,,,Tod Smith,"pencils, cover pencils",WFH,,,,EDA2EB79-2AF0-9548-8D31-8CF90AA2C0CE
,Location,,,,,Ricardo Villagran,inks,WFH,,,,45612662-2F61-FC4A-A9AE-96F053104AF5
,Location,,,,,Mike DeCarlo,cover inks,WFH,,,,F978AC8E-5F0D-1D45-80D6-5B0412C519A7
,Location,,,,,Adrienne Roy,color,Exclusive,,Deceased,,0644D2E4-DDCE-EF49-8AF2-2CE27F0B1B5D
"Karshon
(The Shark)",Character,Necrus,"Green Lantern Vol 2 #24
""The Shark That Hunted Human Prey!""",Oct-63,N,John Broome,writer,None,,,,36502809-4BD3-E945-A0A5-E9733EAF84E6
,Character,,,,,Gil Kane,pencils,None,,,,6F3445AC-BA2E-8546-8046-C765970C7E7C
,Character,,,,,Joe Giella,inks,None,,,,1B04EA11-C3D0-BF4A-8B73-168B22AA4157
"Katana
(Tatsu Yamashiro)",Character,,"The Brave and the Bold #200
""Batman and the Outsiders""",Jul-83,N,Mike Barr,writer,WFH; Writer,2006,,,37A41F79-10C3-3C41-A48E-C3BFF5E556A2
,Character,,,,,Jim Aparo,"pencils, inks, cover",Artist,1983,Deceased,,A2926080-5EC6-DA4D-870E-1E33468A7DAB
,Character,,,,,Adrienne Roy,color,Exclusive,,Deceased,,ADD7046D-CEC8-3B49-82EA-7CF80B14C632
Kaznia / Kasnia,Location,Legends 110,"Superman Animated Series
""The Last Son of Krypton""",Sep-96,,"Alan Burnett
Paul Dini",writers,N/A,,,,8F3C7AF0-5EE0-F34C-8CB0-A32A8F1DDDC0
,Location,,"First Comic Appearance:
Superman Adventures #1",Nov-96,N,Paul Dini,writer,WFH,,,,83C94C7E-28F4-064D-938C-1CF47BB09F26
,Location,,,,,Rick Burchett,pencils,WFH,,,,8B32C900-CA6F-3047-A261-2396D8A3D5B6
,Location,,,,,Terry Austin,inks,None,,,,44ABF6C9-BA9F-8C45-BC6F-626FCB8260EE
,Location,,,,,Bruce Timm,cover,WFH,,,,F6C7F1AE-8D33-D24A-9657-846F84DDFA71
,Location,,,,,Marie Severin,color,N/A,,,,CA89DC08-CD5A-C54F-AA37-06005EC2D0DB
Kelex,Character,"Man of Steel
(2013)",Man of Steel #1,1986,N,John Byrne,"writer, pencils, cover",WFH; Writer/Artist,,Character equity agreement sent. (5/31/16),,8D1295BC-ED1B-4247-A0DF-E8FAF3511820
,Character,,,,,Dick Giordano,inks,N/A,,"Giordano was an employee of DC at this time.
Deceased",,ECD7981A-491E-F943-91CE-A4988B7D94FD
,Character,,,,,Thomas Ziuko,color,N/A,,,,84D81CE4-606E-284D-AE48-3B92D00C2959
Kelor,Character,"Man of Steel
(2013)",Man of Steel #1,1986,N,John Byrne,"writer, pencils, cover",WFH; Writer/Artist,,,,174A166D-76B2-4447-AB32-2A37278EDE5B
,Character,,,,,Dick Giordano,inks,N/A,,"Giordano was an employee of DC at this time.
Deceased",,5A255218-C0A7-E24B-AD70-52B9D433A95E
,Character,,,,,Thomas Ziuko,color,N/A,,,,CDFB7B83-4D28-DE4E-B9D8-8B380958E659
Kendra Harte,Character,,Challengers of the Unknown #1,Aug-04,N,Howard Chaykin,"writer, pencils, inks, cover",WFH,,,,AAEBA86E-7E08-3C49-9EE2-4B1AC2985E24
,Character,,,,,Rian Hughes,art direction,WFH,,,,50BDBBDB-26C3-E246-BDE1-DF0A4E655B25
,Character,,,,,Michelle Madsen,color,N/A,,,,96EDE586-F59C-BA43-91D9-5CB54C7EF6C6
Kenn Kawa,Character,,Challengers of the Unknown #1,Feb-97,Y,Steven Grant,co-writer,WFH,,,,62CFF7C0-F205-2145-9698-C1836E7401F0
,Character,,,,,Len Kaminski,co-writer,None,,WFH agreements for issues #2-3 have been located.,,8287FD41-871A-FA4B-BCCA-FCE066CBB5F4
,Character,,,,,John Paul Leon,"pencils, cover pencils",WFH,,,,889CB298-DB44-D147-BEEC-AB1D4444B3A7
,Character,,,,,Shawn C. Martinbrough,"inks, cover inks",WFH,,,,35C79F0E-FA2C-F04F-93E7-95DF4B996DB1
,Character,,,,,Matt Hollingsworth,color,Exclusive,,,,6C0DE000-9C1F-2644-8CC7-948EABAF9040
Kent Farm,Location,Flash 509,"More Fun Comics #101
""The Origin of Superboy""",Jan-45,N,"Jerome ""Jerry"" Siegel",writer,Settlement,,Deceased Settlement is with heirs.,,51834010-5A76-1F4F-A30A-6D1DA44CD642
,Location,,,,,Joe Shuster,"pencils, inks",Settlement,,Deceased,,A96EF95A-EFBB-774C-8C43-4D98363FBBC4
,Location,,,,,Maurice Del Bourgo,cover,None,,,,C6E9F584-E14F-0148-950B-1152BEC2E5BA
Keystone City,Location,"Flash 218
(4/19/2016)","Flash Comics #1
""Origin of the Flash""",Jan-40,Y,Gardner F. Fox,writer,Creator Recognition,,Deceased Creator recognition agreement with is with heirs.,,C12F2B77-B5BC-0143-8448-D69379A5607A
,Location,,,,,Harry Lampert,"pencils, inks",None,,,,CE0B9BB2-45E1-3F46-B4AB-FD9734C3556C
,Location,,,,,Sheldon Moldoff,cover,Artist,,Deceased,,2340CA50-1A87-1943-95B0-3C0644A77F5F
Keystone Saloon,Location,Flash 502,Flash #11,Sep-12,N,Francis Manapul,"writer, cover",WFH,,,,1CD2CDCC-178F-9D4D-9384-83047A650C14
,Location,,,,,Brian Buccellato,"writer, color",WFH,,,,F7C6E31D-79A2-0C4E-978B-87DDA9BAD46C
,Location,,,,,Marcus To,pencils,WFh,,,,3D6A1F45-2B6E-3C4A-B0C0-84D7AE118B66
,Location,,,,,Ray McCarthy,inks,WFH,,,,6DB12D4D-9CEB-B344-9A00-5E2D9659B7C6
,Location,,,,,Ian Herring,color,N/A,,,,9C20AB45-2E6A-5843-9132-8F43F5E83896
"KGBeast
(Anatoli Knyazev)",Character,"Batman v Superman
(2016)",Batman #417,Mar-88,N,Jim Starlin,writer,WFH,2013,,,57E2F519-6C15-E84B-A178-83CC0F87039D
,Character,,,,,Jim Aparo,pencils,WFH,,Deceased,,0C600827-9782-C149-98FA-358A04D732D7
,Character,,,,,Mike DeCarlo,inks,WFH,,,,989CCD88-DDFB-C142-97E5-30FE530C9B6A
,Character,,,,,Mike Zeck,cover,WFH,,,,0686868C-1C50-034F-B701-43BE45714604
,Character,,,,,Adrienne Roy,color,N/A,,Deceased,,330E6A6C-9E61-AE47-B321-843BAA1B8CD7
Khunds,Property,"Supergirl 116
(3/14/2016)",Adventure Comics #346,Jul-66,N,James Shooter,"writer, pencils",None,,,,12EFADA7-84AF-0F4D-8978-FF2102864B14
,Property,,,,,Sheldon Moldoff,inks,None,,Deceased,,B3F347CA-9154-E141-B613-1C03B6321004
,Property,,,,,Curt Swan,cover pencils,None,,Deceased,,B0E2EDC1-3F91-5D4E-B23F-10E23FB6C8BE
,Property,,,,,George Klein,cover inks,None,,Deceased,,1C3269B3-0B9C-5344-A5BD-F002CE6F07EF
K'hym J'onzz,Character,"Supergirl 111
(1/25/2016)",Martian Manhunter #2,Jun-88,N,John Marc DeMatteis,writer,WFH,,,,D06CF5B0-B78E-A949-BC41-BCF7B36D95D8
,Character,,,,,Mark Badger,"writer, pencils, inks, cover, color",WFH,,,,F0A182D8-9F1D-D747-BC57-92FC179C931C
"Kid Eternity
(Christopher ""Kit"" Freeman)",Character,,"in Quality Comics:
Hit Comics #25
""The Boy Who Died Too Soon""",Dec-42,Y,Otto Binder,writer,None,,See Quality Comics purchase agreement dated 7/26/56.,,D86534B7-1DD7-7F40-BEA6-5D53B017E5FF
,Character,,,,,Sheldon Molodff,"pencils, inks, cover",None,,,,754CB9D0-8EAF-F443-894C-78507EEF1D3F
,Character,,"in DC Comics:
Shazam #27",Jan-77,N,E. Nelson Bridwell,writer,N/A,,"Bridwell was an employee of DC at this time.
Deceased",,8142FFA8-43A4-7246-BAD1-5E8018EFBF44
,Character,,,,,Kurt Schaffenberger,"pencils, cover pencils",N/A,,"Schaffenberger was an employee of DC at this time.
Deceased",,14DCA280-368E-454B-8119-A5FF912BBA55
,Character,,,,,Vincent Colletta,inks,Artist,,Deceased,,20BB26BF-072D-3140-8319-11ECF8F906A3
,Character,,,,,Ernie Chan,cover inks,None,,Deceased,,0F4D9689-BDEB-6C48-8221-2EC64F784B48
Kilowog,Character,"Green Lantern
(2011)",Green Lantern Corps #201,Jun-86,Y,Steve Englehart,writer,Continuity,2006,,,4D35D686-E47F-994C-96FB-778707BDEC85
,Character,,,,,Joe Staton,"pencils, cover pencils",WFH,2006,,,0753BD11-C981-6C48-9B0C-6D697B99D689
,Character,,,,,Mark Farmer,inks,WFH,,,,654EF7F8-3B9D-0840-9A61-114290700B4F
,Character,,,,,Bruce Patterson,cover inks,WFH,,,,E5D0B151-670C-7F48-87BC-6AE9E395663B
,Character,,,,,Carl Gafford,color,N/A,,,,2AA5AC89-BFDD-9747-A426-8947EC6405E8
"Killer Croc
(Waylon Jones)",Character,"Suicide Squad
(2016)","in shadows:
Detective Comics #523
""Inferno""",Feb-83,N,Don Newton,creator,Exclusive,1993,"Newton is recognized as the co-creator (with Conway) of Killer Croc although he did not contribute to Detective Comics #523 or Batman #358. His first contribution appears in Batman #357.
Deceased",,71FE38A7-DE59-0740-88E0-5149090C52BC
,Character,,,,,Gerry Conway,writer,Exclusive,1993,,,0912A43C-58AF-BC42-827A-08213A3D9BA7
,Character,,,,,"Eugene ""Gene"" Colan",pencils,WFH,,Deceased,,42E0B208-39CB-8F43-A874-344F07EB6F7B
,Character,,,,,Tony DeZuniga,inks,WFH,,Deceased,,F4351031-5D72-8045-91E3-8B64BDA074CB
,Character,,,,,Ed Hannigan,cover pencils,WFH,,,,C5B663BE-A0B4-614B-AB3D-DC5108E483F5
,Character,,,,,Dick Giordano,cover inks,WFH,,Deceased,,FBB72FC2-2EE4-3140-AB23-9DFC6D38FE36
,Character,,,,,Adrienne Roy,color,Exclusive,,Deceased,,CC8D7499-F31C-E74E-8D5E-3050B04E56BC
,Character,,"in full:
Batman #358",Apr-83,N,Gerry Conway,writer,Exclusive,1993,,,A4EF759E-21F2-8343-972F-4F29FD966C5E
,Character,,,,,Curt Swan,pencils,WFH,,Deceased,,B7FE545B-5497-184B-94B5-A732B2042930
,Character,,,,,"Rodolfo ""Rodin"" Rodriguez",inks,WFH,,,,972352A2-EF91-F74F-9A7B-14E855DE0A27
,Character,,,,,Ed Hannigan,cover pencils,WFH,,,,193634AA-1AFF-6D48-AEF8-1E170187610C
,Character,,,,,Dick Giordano,cover inks,WFH,,Deceased,,00FB7EF6-C74B-9240-B732-321E92512D99
,Character,,,,,Adrienne Roy,color,Exclusive,,Deceased,,DAB74F03-574D-4848-B1AF-8FB760A2CFC4
"Killer Frost 
(Crystal Frost)",Character,,Firestorm #3,Jun-78,Y,Gerry Conway,Writer,Exclusive,1979,,,20951498-186A-1240-853C-D59F8F6166F0
,Character,,,,,Al Milgrom,"Pencils, Cover",None,1980,,,61608431-7684-9C4E-AC09-EB36F2E40079
,Character,,,,,Bob McLeod,Inks,None,,,,A200A725-3D39-6544-BD81-3F880E7B7238
,Character,,,,,Mario Sen,Color,N/A,,,,66E09CEE-D601-6242-8164-813B6E3FBB0B
"Killer Frost 
(Louise Lincoln)",Character,,Fury of Firestorm #21,Mar-84,Y,Gerry Conway,Writer,Writer/Editor; Exclusive,,,,98877D2D-2847-014D-B3A4-CC6FB43E96C6
,Character,,,,,Rafael Kayanan,"Pencils, Cover Pencils",WFH,,,,5A0DEBF1-40FF-3242-9AEC-6791D02F0848
,Character,,,,,"Rodolfo ""Rodin"" Rodriguez",Inks,Artist,,,,9D9257E8-27DF-FC4E-8329-16EBDFAD9E03
,Character,,,,,Carl Gafford,Color,N/A,,,,789FB2CA-F7FF-4945-8086-5D039F739EA8
,Character,,,,,Dick Giordano,Cover Inks,WFH,,"Giordano was an employee of DC at this time.
Deceased",,D49D303E-FF4E-8444-856B-EE25B5A9D82E
"Killer Frost
(Caitlin Snow)",Character,"Flash 101
(10/7/2014)",Fury of Firestorm: The Nuclear Men #19,Jun-13,Y,Dan Jurgens,"Writer, Pencils, Cover Pencils",WFH,,,,103FB503-9C6A-1F49-AB92-382E8CF63B4F
,Character,,,,,Ray McCarthy,"Inks, Cover Inks",WFH,,,,BCE6DFCB-9468-8741-86CA-DBFE21A9A91C
,Character,,,,,Karl Kesel,Inks,WFH,,,,818541D2-C09A-1D44-922F-132022406DC0
,Character,,,,,Brian Miller,Color,N/A,,,,2417D59D-7DAE-294B-B336-ED1C5E7F82B6
Killer Moth,Character,Lego Batman,"Batman #63
""The Origin of Killer Moth""",Feb-51,Y,Bill Finger,writer,Contributor Recognition,,Deceased Contributor Recognition Agreement is with heir.,,A0471B9C-C984-CE4B-9170-A833F3F572BA
,Character,,,,,Lew Sayre Schwartz,"pencils, cover pencils",None,,"Deceased
Schwartz's 2010 equity agreement for Deadshot acknowledges that all his services on Batman were WFH, regardless of whether he was employed by DC or Bob Kane.",,4A4647A2-E963-994D-9DE2-5E473C065B3A
,Character,,,,,Charles Paris,"inks, cover inks",None,,Deceased,,972879C7-A3A1-3F4F-916E-02E06C9DC0C5
King Kull,Character,Plastic Man,"in Fawcett Comics:
Captain Marvel Adventures #125
""The Return of the Ancient Villian""",Oct-51,N,Otto Binder,writer,None,,See also: Fawcett Purchase Agreements,,D9EBB0F2-7C0D-B749-B394-B3E4779D974A
,Character,,,,,"Charles Clarence ""C.C."" Beck","pencils, cover",None,,,,B00BFAE0-2885-2341-9F95-2396E074FC04
,Character,,,,,Pete Costanza,inks,None,,,,F29044F3-09B6-C349-A10A-12260580DCD4
,Character,,"in DC Comics:
Justice League of America #135",Oct-76,Y,E. Nelson Bridwell,plot,N/A,,"Bridwell was an employee of DC at this time.
Deceased",,98E99769-D40F-BF47-85B0-253E701F2921
,Character,,,,,Martin Pasko,script,Exclusive,,,,5F95CAE3-2D1E-6946-9DE8-C53B1AC5D4A0
,Character,,,,,Dick Dillin,pencils,None,,Deceased,,C69D3867-6013-D24B-B178-7F555C22549D
,Character,,,,,Frank McLaughlin,inks,None,,,,DDDBB260-8CD9-2E44-9F48-1BEE72497F91
,Character,,,,,Ernie Chan,cover,None,,Deceased,,D5B9E88D-8F9C-5E46-9DC9-EF317B6CFE00
King Savage,Character,"Suicide Squad
(2016)",Secret Six #1,Apr-68,Y,E. Nelson Bridwell,writer,N/A,,"Bridwell was an employee of DC at this time.
Deceased",,AE462AD6-F43E-A249-9217-F3075D75A3A6
,Character,,,,,Frank Springer,"pencils, inks, cover",None,,Deceased,,F25D6450-4990-CB4F-BCAB-7BE503EE8DA5
"King Shark
(Nanaue)",Character,,Superboy #0,Oct-94,N,Karl Kesel,"writer, cover inks","Continuity, WFH",2016,,,95C20CA2-3D1C-DE46-B09C-B6FA0673B75F
,Character,,,,,Tom Grummett,"pencils, cover pencils","Continuity, WFH",,,,D4CD16AE-DDC0-344D-B701-4233B79FE6E3
,Character,,,,,Doug Hazlewood,inks,Continuity,,,,46A4CE49-94E9-E448-A4AF-9544CC7FA116
,Character,,,,,Dennis Janke,inks,WFH,,,,35CF8DF1-A096-5A42-8C70-2469282F4CB2
,Character,,,,,Tom J. McCraw,color,N/A,,,,78B98EA9-B299-6246-9410-7CF022C8ACD8
"King Shark
(Shay Lamden)",Character,"Flash 204
(10/27/2015)","The Flash: Season Zero #11
(Digital First release)",May-15,N,Andrew Kreisberg,writer,WFH,,,,86635FC8-3B2E-CA42-9FB3-D9EF92489AF4
,Character,,,,,Lauren Certo,writer,WFH,,,,6C56DBAD-47F3-284B-A9D9-E81F77B33A3A
,Character,,,,,Kai Wu,writer,WFH,,,,FBF377F5-EE07-6649-B315-5802C8F6EFD4
,Character,,,,,Phillip Hestur,pencils,WFH,,,,7B05CC99-DCA2-FB46-81B2-62C19E4B4C6D
,Character,,,,,Eric Gapstur,inks,WFH,,,,E59DB665-84F6-9645-8635-57102B5C33AE
,Character,,,,,Kelsey Shannon,color,WFH,,,,A0E1F25C-5275-F447-83FE-B3FCE55D4605
Kingfish,Character,Necrus,Aquaman Vol 5 #54,Apr-99,N,Erik Larsen,writer,WFH,,,,C625E024-3BF0-904F-AF4E-E6ECC51ABC2D
,Character,,,,,Eric Battle,pencils,WFH,,,,41B785E6-C1AF-3D41-ABA2-44028AB5A27E
,Character,,,,,Norm Rapmund,inks,WFH,,,,C6F61660-7A58-3B4A-809F-3ADEC464610C
The Kitchen,Property,,The Kitchen #1,Jan-15,Y,Oliver John Masters,writer,Joint Creator/Rolling Option; Writer,2014,,,6217BA62-F9F5-BB4B-9EFF-CDF9C7C9AA39
,Property,,,,,Rebecca Ming Doyle,"pencils, inks, variant cover",Joint Creator/Rolling Option; Artist; WFH,2014,,,7A56BBA9-0F0B-0546-B333-EA03E953BD23
,Property,,,,,"Rebecca ""Becky"" Cloonan",cover,WFH,,,,1BABEA6E-78C4-0848-A7EC-E5BD56EB4426
,Property,,,,,Jordie Ballaire,color,WFH,,,,6B73CCA7-D32B-5B43-A7DF-D79066C22D7C
"Kite-Man
(Charles ""Chuck"" Brown)",Character,Lego Batman,"Batman #133
""Crimes of the Kite-Man""",Aug-60,N,Bill Finger,writer,Contributor Recognition,,Deceased Contributor Recognition Agreement is with heir.,,F7D09E53-B6CF-E14D-92CF-78717663D801
,Character,,,,,Dick Sprang,pencils,None,,Deceased,Dick Sprang’s beneficiary is Yavapai Symphony Association. We’ve been paying Yavapai Symphony Association since 2000 for Dick Sprang’s royalties,26047965-7E61-0340-B183-0387945F1230
,Character,,,,,Charles Paris,inks,None,,Deceased,,02EC4EF4-EF04-3141-9EB1-6E8C141E2E31
,Character,,,,,Sheldon Moldoff,cover,None,,"Deceased
Per the library and Wayne Smith (Corp. Legal), please check to see if Bob Kane should also be included in credits.",,872E2D6A-3B6B-924B-88C2-851CA993CC2F
"Klarion the Witch Boy
(Klarion Bleak)",Character,Dark Universe,The Demon #7,Mar-73,Y,Jack Kirby,"creator, writer, pencils, cover pencils",1982 Agreement,,Deceased,,589EB032-C057-D648-AFD4-BF50E01D8F34
,Character,,,,,Mike Royer,"inks, cover inks",None,,,,BF9EE6B8-177E-5D4F-995F-23B33EA66D2B
Knightwatch,Property,Arrow 716,Young Justice #20,Jun-00,N,Peter David,writer,WFH,,,,6C6CEBEF-1F8E-9843-9B14-9F0A4550DA6A
,Property,,,,,Todd Nauck,"pencils, cover pencils",WFH,,,,8C4966F2-F66B-C04A-A525-F6DC08B340A1
,Property,,,,,Larry Stucker,"inks, cover inks",WFH,,,,7670EA17-D3F5-F943-922A-436437C5C304
,Property,,,,,Jason Wright,color,N/A,,,,B41047CC-5530-504B-A950-3FDB3080BAA3
,Property,,,,,Digital Chameleon,color,N/A,,,,D77D3F18-0D43-0B4D-9567-4CDCF5D895F0
"Knockout
(this is for the DC character only. For the Vertigo character Angela St. Grace, see CODENAME: KNOCKOUT)",Character,,Superboy #1,Feb-94,N,Karl Kesel,"writer, cover inks",WFH; Continuity,,,,EB375029-D5DA-CA43-939D-A54B7669E119
,Character,,,,,Tom Grummett,"pencils, cover pencils",Continuity,,,,1457CD6B-5EFB-B843-9F47-AD1DB42ACD59
,Character,,,,,Doug Hazlewood,inks,Continuity,,,,CA5D8181-ED6B-3540-ADBA-D4B566D07C15
,Character,,,,,Tom McCraw,color,Exclusive,,,,F6D4FED5-FD7D-BC4C-A809-FDF4B1F6CAE9
Kobra   ,Character,,Kobra #1,Mar-76,N,Martin Pasko,writer,Creator Recognition,,,,D287FE38-7722-934F-8179-E7BAEA1FDFFE
,Character,,,,,Jack Kirby,"writer, pencils",None,,Unsigned Creative Contributor Agreement with Trust,,53BA471A-AD85-FC49-98D4-341F63C9D25E
,Character,,,,,Steve Sherman,writer,None,,,,2A669F74-9BA2-A646-B2D9-E2C0A4C01FD6
,Character,,,,,Pablo Marcos,"pencils, inks",None,,,,1BD3AE91-93D0-ED4D-A3E5-AC35384532EC
,Character,,,,,D. Bruce Berry ,inks,None,,,,439151A0-9F71-0947-8F76-11BAD2A4F504
Kobra Cult,Property,,Kobra #1,Mar-76,N,Martin Pasko,writer,Creator Recognition,,,,5A450A98-DA6C-454E-878D-DF5770FDB3F7
,Character,,,,,Jack Kirby,"writer, pencils",,,,,E5CB1811-565C-1D4D-81F0-104A7A98C5E0
,Character,,,,,Steve Sherman,writer,,,,,C6F45D89-05D1-124C-AE24-0546215FC31E
,Character,,,,,Pablo Marcos,"pencils, inks",,,,,CABA75B7-46F5-744F-AF95-C45629EE67F7
,Character,,,,,D. Bruce Berry ,inks,,,,,1EB9DD44-93D5-3C4E-A14F-59FAEB97F0B6
Kodiak,Character,Arrow 702,Green Arrow #26,Feb-14,N,Jeff Lemire,writer,WFH,,,,65AE4015-0BC6-D841-A8CF-3CE927F41AFC
,Character,,,,,Andrea Sorrentino,"pencils, inks",WFH,,,,6244BF80-4586-4A4E-BA53-F36124EE3C25
,Character,,,,,Marcelo Maiolo,color,N/A,,,,C67EBBF1-ED8B-E142-B0F0-E32DE7DF1746
Konstantin Kovar,Character,Arrow 501,New Titans #94,Feb-93,N,Louise Simonson,writer,WFH,,,,34919F02-91DD-BA46-98C6-7364CED253B0
,Character,,,,,Phil Jimenez,"pencils, cover pencils",WFH,,,,4724C748-B4B7-8145-A0AD-B801122756E9
,Character,,,,,Ray McCarthy,inks,WFH,,,,080B7400-159D-A64B-9871-3B18D1B03495
,Character,,,,,Art Nichols,cover inks,WFH,,,,7F7637D2-4969-F44B-B033-1B2A3FE126E1
,Character,,,,,Matt Hollingsworth,color,N/A,,,,1B50AF5E-D7FD-AE41-853C-5D8FA149F512
Kordax,Character,Necrus,Atlantis Chronicles Vol 1 #4,Jul-90,Y,Peter David,writer,WFH,,,Request for NECRUS/Aquaman 2 use is for King Kordax but character is just “Kordax” from the comics and it doesn’t appear that the character was actually a King.,3B36FC59-82B2-964A-9AB4-6B8352AC9A00
,Character,,,,,Esteban Maroto,"pencils, inks, cover",WFH,,,,CE9F71F5-2528-5646-8620-2F198D11AE5C
,Character,,,,,Eric Kachelhofer,color,None,,,,77240093-0B17-2141-8979-3CEAA267B892
"Kristin Wells
(Superwoman; Karsta Wor-Ul)
For Superwoman, see also: Lucy Lane",Character,"Man of Steel
(2013)","as Superwoman (pre-Crisis):
DC Comics Presents Annual #2",1983,Y,Elliot S. Maggin,writer,WFH,,,,EDA532A2-045A-D348-8802-FEA18152B31F
,Character,,,,,Keith Pollard,pencils,WFH,,,,1F5BDA76-2B9C-C44A-AB54-149F44AB3BC1
,Character,,,,,Mike DeCarlo,inks,WFH,,,,E7A4CEB8-E6DC-6649-B886-92AB0F1B4610
,Character,,,,,Gil Kane,cover,WFH,,Deceased,,E44CE4EE-52BC-9B46-B1D5-61C2134F814E
,Character,,,,,Gene D'Angelo,color,N/A,,,,3A68A08B-06CD-9E4B-BBF3-46D575C49DAA
,Character,,"as Karsta Wor-Ul (post-Crisis):
Superman #668",Dec-07,N,Kurt Busiek,writer,WFH,,,,69A884C5-DD3E-C548-BC1D-967B680D3F92
,Character,,,,,Rick Leonardi,pencils,None,,,,23C0F41D-9E8D-B641-ADCB-2DD8EFA4FC59
,Character,,,,,Daniel Green,inks,None,,,,EB0B0CAE-713F-F348-B071-B3285C923355
,Character,,,,,Renato Guedes,cover pencils,WFH,,,,7CA4CE97-39CC-BE46-9858-35D66D5D6A20
,Character,,,,,Jose Wilson Magalhaes,cover inks,WFH,,,,28AAC2B9-86C5-CA42-AC4B-1FED3B6A9BB4
,Character,,,,,Pete Pantazis,color,N/A,,,,6C4C88AA-F443-704B-BFD9-026171A8284A
K'rkzar,Character,Supergirl 207,Martian Manhunter Special #1,Jul-96,N,Paul Kupperberg,writer,None,,,,CFBD2BDC-2956-414A-8EBA-4AC6E899D6B1
,Character,,,,,Michael T. Collins,pencils,None,,,,0657E752-CB1B-2A41-B3EA-F980505AD586
,Character,,,,,Anibal Rodriguez,inks,WFH,,,,36C38A71-E952-9E45-91CD-CC7CDDEF4AAB
,Character,,,,,Jeff Albrecht,inks,WFH,,,,2876C0E4-6F3E-D94B-A226-E0A7F6AC158F
,Character,,,,,Keith Champagne,inks,WFH,,,,F25CE8C9-869D-CA43-9144-A3AA909245B0
,Character,,,,,Prentis Rollins,inks,WFH,,,,B2A068AB-4CDF-4A48-9B3C-650FCF6DE3BF
,Character,,,,,Howard Porter,cover,WFH,,,,EBE7FBE6-8987-3348-B606-6BEB4F355682
,Character,,,,,Lee Loughridge,color,N/A,,,,D71870A2-7558-6449-8814-54057DD107A0
Krona,Character,,Green Lantern #40,Oct-65,Y,John Broome,writer,None,,Deceased,,6B2B305C-DD25-8F46-9315-D69B3F297EA5
,Character,,,,,Gil Kane,"pencils, cover pencils",None,,Deceased,,E21B579C-A926-D24A-84D5-31840EC1520B
,Character,,,,,Sid Greene,inks,None,,Deceased,,C07D5CB4-10D7-8B48-B9DD-2457D0B9F932
,Character,,,,,Murphy Anderson,cover inks,None,,Deceased,,A5DBC83C-C94E-3F4B-81E5-433DBEA8457E
Krypto the Superdog,Character,,"Adventure Comics #210
""The Super-Dog From Krypton""",Mar-55,Y,Otto Binder,writer,None,,Deceased,,06DFA2CD-0DC4-654A-AAAE-32E7C908F8D5
,Character,,,,,Curt Swan,"pencils, cover pencils",None,,Deceased,,745E09D7-550E-AF4F-AE3F-7EA67A039573
,Character,,,,,Sy Barry,inks,None,,,,6EE7DD0D-B4D0-C64C-ABD8-44F47490965F
,Character,,,,,Stan Kaye,cover inks,None,,Deceased,,CA1D0660-230B-074C-8F5E-39BCCF2CCA09
Kryptonite,Property,,"Superman #61
""Superman Returns To Krypton""",Nov-49,N,Bill Finger,writer,Contributor Recognition,,Deceased Contributor Agreement is with heir.,,765756C0-28D3-9940-87CB-CE302B9BCF26
,Property,,,,,Al Plastino,"pencils, inks",None,,Deceased,,3E65FF86-E35B-7541-8B4D-85A78D653903
,Property,,,,,Wayne Boring,cover pencils,None,,Deceased,,F54A8C6B-E7CB-284E-A3FF-B7AFE80ADCCE
,Property,,,,,Stan Kaye,cover inks,None,,Deceased,,87E3246D-175A-D840-9932-84A95D2B7434
Kuasa Jiwe,Character,Legends 302,Vixen Animated Series 102,Sep-15,N,Wendy Mericle; Keto Shimizu; Brian Ford Sullivan; Lauren Certo,writers,,,,,F45E2B3E-D986-4540-815C-92AA6D0EF50B
Kunoichi,Character,,Blackhawks #1,Nov-11,Y,Mike Costa,writer,WFH,,,,6D72A553-5294-FC46-A965-402CF386D0EF
,Character,,,,,Graham Nolan,pencils,WFH,,,,3998DD0F-A094-294E-B252-8BEF1701B542
,Character,,,,,Ken Lashley,"pencils, inks, cover",WFH,,,,82E12A88-55C7-7143-AC38-9F7FEDCBF4A0
,Character,,,,,Guy Major,color,Exclusive,,,,DA1C9D6B-4943-104A-BB24-025E6A5F73FE
"Kyle ""Ace"" Morgan",Character,,Showcase #6,Jan-57,Y,Dave Wood,co-writer,None,,Deceased,,B9D1750B-9090-9649-AAB9-B8B8EC2DD03B
,Character,,,,,Jack Kirby,"co-writer, pencils, cover",None,,Deceased,,B91E4A9A-BCA9-C94D-8EA0-D02D01EE2F92
,Character,,,,,Rosalind Kirby,inks,None,,Deceased,,A634F923-B325-AA49-B9A0-AD7DF530C0EE
LaDonna Jameal,Character,,"Action Comics Weekly #601
""Listening to the Mockingbird""",1988,N,Martin Pasko,writer,WFH,,,,44A27C4F-F413-464C-BBA3-0DAA61088A2E
,Character,,,,,Dan Spiegle,"pencils, inks",WFH,,,,1C6E6285-E2CD-0D41-BD9C-71188E358C0F
,Character,,,,,Dave Gibbons,cover,WFH,,,,329B27B8-F780-544F-8371-2DCD44C5216B
,Character,,,,,Carl Gafford,color,N/A,,,,BFF70418-8A93-A64D-BF1E-263C4BF28172
"Lady Blackhawk
(Zinda Blake)",Character,Birds of Prey,"Blackhawk #133
""The Lady Blackhawk""",Feb-59,Y,Jack Schiff,editor,N/A,,"Although the writer of this issue is unknown, we believe there is a strong possibility that it may have been Schiff.
Schiff was an employee of DC at this time.
Deceased",,1D750491-B53A-6E47-ADDB-A6DC5DC2F6C7
,Character,,,,,Dick Dillin,"pencils, cover pencils",None,,Deceased,,D365C663-C40B-5742-9C6A-31F24E7BC40E
,Character,,,,,Charles Cuidera,"inks, cover inks",None,,,,31B94E9B-1323-D849-9E74-34C6B27D5CAB
"Lady Blackhawk
(Natalie Reed)",Character,,Blackhawk #1,Mar-89,N,Howard Chaykin,"writer, pencils, inks, cover",,,,,07E74E2B-AD4A-DD4B-BA2B-31C87886BCF7
,Character,,,,,Steve Oliff,color,N/A,,,,36CE408F-5335-2544-A7E9-7D1EE1B70DB5
"Lady Blackhawk
(New 52)",Character,,Blackhawks #1,Nov-11,Y,Mike Costa,writer,WFH,,,,86E05CDF-6A37-6D4F-9A7C-AD29AA868853
,Character,,,,,Graham Nolan,pencils,WFH,,,,F8ACE8E0-4A6F-EC4E-9149-2681EA6B4E96
,Character,,,,,Ken Lashley,"pencils, inks, cover",WFH,,,,5D474746-0E23-DC46-BE9A-7FB44F45FBA0
,Character,,,,,Guy Major,color,Exclusive,,,,62C9EBBA-1835-E343-B13F-30E0779B1375
Lady Eve,Character,Black Lightning 103,Batman & The Outsiders #24,Aug-85,N,Mike W. Barr,writer,Writer Agreement,,,,BAA46ECE-F64B-CD44-A2AB-D9CCF8C5D981
,Character,,,,,Alan Davis,"pencils, inks, cover",WFH,,,,39E6DA7E-D75D-CA40-BA09-631BDB1CC365
,Character,,,,,Ron Randall,cover layouts,WFH,,,,BC7F4F4F-4B3E-124D-927B-133871892926
,Character,,,,,Adrienne Roy,color,Exclusive,,Deceased,,4F60778D-B7A2-F148-B611-CA7C8540409B
"Lady Shiva
(Sandra Woosan/Wu-San; Jade Canary)",Character,Birds of Prey,"as Lady Shiva:
Richard Dragon, Kung-Fu Fighter #5",Dec-75,Y,Denny O'Neil,writer,Creator Recognition,2012,,,7430A0DC-000D-5048-8BF2-AC1B70977ED7
,Character,,,,,Ric Estrada,pencils,None,,Deceased,,682CC4E6-531E-0647-8789-D8613A9B4FBB
,Character,,,,,Wally Wood,inks,None,,Deceased,,B6F8921F-DB25-5840-9DCD-7B14D795F09E
,Character,,,,,Dick Giordano,cover,None,,Deceased,,78D4F20A-A410-E246-85A3-69A6BC494999
,Character,,"as Jade Canary:
Birds of Prey #92",May-06,N,"Tamra L. James
(Gail Simone)",writer,WFH,,,,874057B9-DB8B-2E41-8B4F-7FA2E0742C5F
,Character,,,,,Paolo Siqueira,pencils,WFH; Exclusive,,,,3C6C3318-4DB9-FC4B-9A8F-77114A072822
,Character,,,,,Robin Riggs,inks,WFH,,,,FEFCC8D6-DD43-1048-A419-C442AE0FA510
,Character,,,,,Terry Dodson,cover pencils,WFH,,,,99D28892-588B-DC4B-B5D1-F230A48215CA
,Character,,,,,Rachel Dodson,cover inks,WFH,,,,ED0827DA-0A25-2743-B743-33478EA15916
,Character,,,,,Hi-Fi Design,color,N/A,,,,EE49C074-7672-2A42-9425-401F28C4A227
"Ladytron
(Maxine Manchester)",Character,"Point Blank
Sleeper",WildC.A.T.S.: Covert Action Teams #21,Jul-95,Y,Alan Moore,writer,None,,See also: WildStorm Asset Purchase Agreement,,8FE1E693-C3BC-F546-A2DF-127EB56C6873
,Character,,,,,Travis Charest,pencils,None,,,,1AC0EC9B-40B4-6F44-96F0-264E87C457B7
,Character,,,,,Troy Hubbs,"inks, cover inks",None,,,,79D1D715-3F57-5A4F-9EB2-BDE208FD6AC0
,Character,,,,,Jim Lee,cover pencils,WildStorm Employment Agreement,,,,138930D1-3AC6-AE45-B9A1-773D49655E11
,Character,,,,,Joe Chiodo,color,N/A,,,,30741554-FB4F-5B48-B0CE-1067741DE03B
,Character,,,,,Martin Jimenez,color,N/A,,,,5E685397-FECB-7B42-A754-5A993314BE42
,Character,,,,,WildStorm FX,color,N/A,,,,3F31FCE2-32AF-314C-A783-FC79EB479729
Lallor,Location,Supergirl 213,Adventure Comics #324,Sep-64,N,Edmond Hamilton,writer,None,,Deceased,,B9B82932-0287-F54E-8143-11DB441A9FA6
,Location,,,,,John Forte,"pencils, inks",None,,Deceased,,9A73B58C-2176-8D4F-BA17-F19A923DE272
,Location,,,,,Curt Swan,cover pencils,None,,Deceased,,33026E1D-F5F2-CD4C-B1FA-DC8443D47C2D
,Location,,,,,George Klein,cover inks,None,,Deceased,,EE85AFFF-FBA0-B746-A138-823E92A2010A
Lamb Valley,Location,Arrow 509,Green Arrow #26,Jul-03,N,Judd Winick,writer,WFH,,,,170B20FC-02CB-E74A-96DC-B763BC6C728F
,Location,,,,,Phillip Hester,pencils,WFH,,,,7AAA2440-D664-7647-92E4-02224A60138F
,Location,,,,,Ande Parks,inks,WFH,,,,50562BFA-6181-2A44-9169-492EE945D1E1
,Location,,,,,Matt Wagner,cover,WFH,,,,BC80E4B0-6FA9-044F-99AE-F629247587C4
,Location,,,,,Guy Major,color,N/A,,,,DA5AA8CC-B1FC-CE43-B8C1-412FF6FC6C17
"Lancepesade Gor
(Commander Gor)",Character,"Supergirl 102
(11/2/2015)",Action Comics #871,Jan-09,N,Geoff Johns,writer,WFH; Exclusive,,,,E27C722F-C1CD-9148-BA7D-72D0754F6451
,Character,,,,,Pete Woods,"pencils, inks",WFH,,,,B5A2AF33-43B8-D34D-B1ED-A725329DC27B
,Character,,,,,Alex Ross,cover,WFH,,,,BB51F567-6E94-FB4D-84DB-A6981DEF36D6
,Character,,,,,Stephane Roux,variant cover,WFH,,,,C1DE0ED7-987A-AE4B-83B9-105D673F7A28
,Character,,,,,Brad Anderson,color,N/A,,,,62D93DEA-369F-214A-9791-78D3F46C3AE3
Lashina,Character,,"Mister Miracle #6
""Funky Flashman""",Feb-72,N,Jack Kirby,"writer, pencils, cover",Fourth World Agreement,1982,Deceased,,3F6587FB-2F08-E142-9C30-4437837D10AC
,Character,,,,,Mike Royer,inks,None,,Deceased,,D297292F-CD06-814A-9DA3-AC5EF5DC68BE
Lawrence Snart,Character,"Flash 203
(10/20/2015)",Flash #182,Mar-02,N,Geoff Johns,writer,WFH,,,,332A6221-4B77-2745-ADDC-410BDBB67D42
,Character,,,,,Scott Kolins,pencils,WFH,,,,F6F489E8-A2E0-6442-9BA3-0BAC2886FF6F
,Character,,,,,Dan Panosian,inks,WFH,,,,9F4F6935-30B2-9D46-9752-1C6C40B5192A
,Character,,,,,Brian Bolland,cover,None,,,,3543D7E5-9CDA-004A-B5D5-F9B5349BAF84
,Character,,,,,James Sinclair,color,N/A,,,,C8F597AC-8CF7-D04D-B594-B76598BF46DD
Lazarus Pit,Location,Gotham 322,Batman #243,Aug-72,N,Denny O'Neil,writer,Creator Recognition,2013,,,F63C43F2-27A4-F247-B8AB-C398300DF7EC
,Location,,,,,Neal Adams,"pencils, cover",Creator Recognition,2014,,,E6E2DB6E-A04E-2941-9094-4740C7266313
,Location,,,,,Dick Giordano,inks,None,,"Giordano may have been an employee of DC at this time.
Deceased",,615A1AEF-BE26-064F-B5FA-0F8F5D44BE99
Lead,Character,,Showcase #37,Mar-62,Y,Robert Kanigher,writer,N/A,,"Kanigher was an employee of DC from 2/3/47 through 5/31/82.
Deceased",,D517FF32-4558-244B-9F5A-2F5275E27A0E
,Character,,,,,Ross Andru,"pencils, cover pencils",None,,Deceased,,F486494E-70AE-4F4C-8B4F-2458819DC810
,Character,,,,,Mike Esposito,"inks, cover inks",None,,Deceased,,5DFC9F58-901D-F54B-A872-035B1B657FA8
League of Assassins,Property,,"Strange Adventures #215
""A New Lease on Death""",Nov-68,Y,Neal Adams,"writer, pencils, inks, cover",Creator Recognition,2014,,,78FF2849-7C40-6948-A494-6D1551324CFE
"League of Shadows
(Multiversity)",Property,,"Multiversity Guidebook #1
""Earth 13""",Mar-15,N,Grant Morrison,writer,WFH,,,,4043DE51-C17D-2E41-8197-8696D209C58F
,Property,,,,,Jae Lee,"pencils, inks",WFH,,,,53F78C5B-23C5-A74D-812B-8885EE0FDB72
,Property,,,,,Rian Hughes,cover,WFH,,,,CC3CAB96-96CE-0F4F-BDFC-E00070ACD9F7
,Property,,,,,June Chung,color,N/A,,,,94BB5A72-AC46-D049-A3E2-A026A4F99739
"League of Shadows
(League of Assassins Splinter Group)",Property,Gotham 416,"Detective Comics #950
""League of Shadows. Prologue: Shadow of a Tear""",Apr-17,N,James Tynion IV,writer,WFH,,,,02F22422-2EDB-F34A-BA31-0DD1044F7606
,Property,,,,,Marcio Takara,"pencils, inks",WFH,,,,6B119AD3-B18D-E341-A6D5-39398C2835BB
,Property,,,,,Eddy Barrows,cover pencils,WFH,,,,F557BF1A-D852-5A4E-9F88-F61F122F230F
,Property,,,,,Eber Ferreira,cover inks,WFH,,,,2E2CBC8D-5FA6-C04F-966C-847D1ADABC84
,Property,,,,,Dean White,color,WFH,,,,FADA3A1A-6435-404F-A62A-091640FBA287
,Property,,,,,Adriano Lucas,cover color,WFH,,,,F22FCD8E-9520-8D47-ABD5-21DE5C8C4DC4
L.E.G.I.O.N.,Property,,L.E.G.I.O.N. '89 #1,Feb-89,Y,Keith Giffen,plot,WFH,,,,23CF4CF5-770A-6342-AEB5-5D5644641E39
,Property,,,,,Alan Grant,dialogue,WFH,,,,86F56C25-19EB-654C-BC08-81E8304FE0CA
,Property,,,,,Barry Kitson,pencils,WFH,,,,FE82B27F-5B30-9947-8B1D-2C97A17A64C8
,Property,,,,,Mike DeCarlo,inks,WFH,,,,39035B8B-3EC1-2044-A46C-7BC8FA39A5F2
,Property,,,,,Al Gordon,cover pencils,WFH,,,,414C8FBC-5002-844E-B972-AA5FBEE92C1C
,Property,,,,,Kevin Maguire,cover inks,WFH,,,,23C5166F-5ECC-C449-B6AE-611FAB8BBA60
,Property,,,,,Lovern Kindzierski,color,N/A,,,,C9BCD898-3A51-6A45-8D0F-54C9AD99DA4C
Legion,Character,,Green Lantern: Emerald Dawn #2,Jan-90,N,Gerard Jones,script,WFH,,DC no longer has an active relationship with Jones due to criminal conviction.,,43CC28D9-C83E-8842-A57C-BCCCFE09A497
,Character,,,,,Keith Giffen,"plot, pencils",Exclusive,,,,30581325-C353-9140-86FF-E83E637DFB8B
,Character,,,,,Romeo Tanghal,"inks, cover inks",WFH,,,,CB234339-57E5-2146-AAC2-E0C728080A9A
,Character,,,,,"Mark ""M.D."" Bright",cover pencils,WFH,,,,0BB6584B-DE9E-E64C-99B4-843DFBD5A54F
,Character,,,,,Anthony Tollin,color,Exclusive,,,,BE38A151-30FF-D144-9278-D033F3BA040C
Legion of Doom,Property,Legends 208,"Challenge of the Super Friends
""Wanted: The Superfriends""",Sep-78,,Jeffrey Scott,writer,,,,,381E03BC-4EC5-C443-8CE3-EBAFC43E59BD
,Property,,Extreme Justice #14,Mar-96,N,Robert L. Washington III,writer,WFH,,,,1CE1A0DA-B59F-8B4F-A3D5-89AFD16981D7
,Property,,,,,Tom Morgan,pencils,Continuity,,,,0390C6D0-5300-E445-9C07-B4A71CAECB70
,Property,,,,,Ken Branch,inks,Continuity,,,,ABD135D9-37ED-B949-8BF3-4D53E85881C4
,Property,,,,,Chris Batista,cover pencils,WFH,,,,81F55404-FC91-5141-9DC3-7C28CD42DC73
,Property,,,,,Chip Wallace,cover inks,WFH,,,,13D91E9D-E9B9-854C-AF69-F9D6F256BEFF
,Property,,,,,Lee Loughridge,color,N/A,,,,E3A4F146-2C77-5248-90AD-6DB8E0091D47
Legion of Substitute-Heroes,Property,,Adventure Comics #306,Mar-63,Y,Edmond Hamilton,writer,None,,Deceased,"From Wayne Smith- This issue has a publication date of 1/31/63, which means that a termination notice could be sent up to 1/31/22.
I do think that the group is clearly a derivative of Legion of Super-Heroes, and Adventure Comics #247 is not terminable.  That said, it seems like all the characters were newly created for the story so who knows where they came from. Hamilton might be a good candidate for looking into obtaining rights.  He and Leigh Brackett (who survived him) did not have any children.  ",8E0AF5A5-5E02-FA49-B7EC-FBFB66111BD1
,Property,,,,,John Forte,"pencils, inks",None,,Deceased,,53F69ABA-19DA-9742-97B9-B9224CAB851A
,Property,,,,,Curt Swan,cover pencils,None,,Deceased,,6FCB61ED-20D5-B74F-B419-22AEEF11E5B8
,Property,,,,,George Klein,cover inks,None,,Deceased,,453C68DB-A9C0-1C46-8BB0-D811FDA76EF4
Legion of Super-Heroes,Property,,"Adventure Comics #247
""The Legion of Super-Heroes""",Apr-58,Y,Otto Binder,writer,None,,Deceased,,40DA4C1F-8F6A-774E-8E37-C8FB2528E9A7
,Property,,,,,Al Plastino,"pencils, inks",None,,Deceased,,51F7F262-2CF6-6B43-AF41-AE3DEDABA79D
,Property,,,,,Curt Swan,cover pencils,None,,Deceased,,D249886D-5B03-B745-8303-87E68C321CD7
,Property,,,,,Stan Kaye,cover inks,None,,Deceased,,2F629811-9282-3749-ADC5-14106A5FDBBF
Leland McCauley III,Character,,Adventure Comics #374,Nov-68,N,"James ""Jim"" Shooter",writer,None,,,,211DAFCF-EA99-3047-9331-FD17ACDD3240
,Character,,,,,"James Winslow ""Win"" Mortimer","pencils, inks",None,,Deceased,,A61FB9B2-81DE-4745-AC2B-AD50E7304092
,Character,,,,,Curt Swan,cover pencils,None,,Deceased,,9765AD07-385E-864A-B4DE-AF4F8B283232
,Character,,,,,Mike Esposito,cover inks,None,,Deceased,,9CC6D62E-1695-9642-85C3-1D318BE89163
Leland McCauley IV,Character,,"Superboy #214
""No Price Too High""",Jan-76,Y,"James ""Jim"" Shooter",writer,None,,,,F9611238-096E-F14F-BA92-9D556C5BD589
,Character,,,,,Mike Grell,"pencils, inks, cover",None,,,,711A1B46-F9EF-6E4B-831E-B049A171A71D
"Lena Luthor
(Lena Thorul-Colby, sister of Lex Luthor)",Character,,"Superman's Girl Friend, Lois Lane #23
""The Curse of Lena Thorul""",Feb-61,N,"Jerome ""Jerry"" Siegel",writer,Settlement,,Deceased Settlement is with heirs.,,4FD0D7EA-4EE2-B344-85B8-BE7454410CB0
,Character,,,,,Kurt Schaffenberger,"pencils, inks",None,,"Schaffenberger may have been an employee of DC at this time.
Deceased",,A2AB6DB5-9C1A-404A-B66E-F9DCCBF39F0E
,Character,,,,,Curt Swan,cover pencils,None,,Deceased,,FD9E5363-57DD-7949-B650-88DD26DB1825
,Character,,,,,Stan Kaye,cover inks,None,,Deceased,,EB1F1ABD-B9BD-3C41-BB21-4A2216FCA278
"Lena Luthor
(daughter of Lex Luthor)",Character,,Superman #131,Jan-98,N,Dan Jurgens,writer,Writer,,,,D340D86E-1E83-BC43-8133-CDF832DB26EC
,Character,,,,,Ron Frenz,"pencils, cover pencils",Artist,,,,A43FE5F6-E6A0-A847-948F-5D889355093F
,Character,,,,,Josef Rubinstein,"inks, cover inks",Artist,,,,255E77F0-3396-A845-9545-6A05D530740E
,Character,,,,,Glenn Whitmore,color,Exclusive,,,,DC090C42-5B76-B243-8E22-D7AE09B8F423
Lenore Parris,Character,,"Super Friends #36
""The Dinosaur Demon!""",Jul-80,N,E. Nelson Bridwell,writer,N/A,,"Bridwell was an employee of DC at this time.
Deceased",,50FC1899-CD48-5042-9208-4B93AF60EB15
,Character,,,,,Ramona Fradon,"pencils, cover pencils",Exclusive,,,,77A4E7F8-0D6E-8348-AAE2-D1FC0AE92069
,Character,,,,,Vince Colletta,inks,Exclusive,,Deceased,,5C2E1DBF-1650-ED4F-AA29-167C17FDC3AF
,Character,,,,,Ross Andru,cover pencils,None,,"Andru may have been an employee of DC at this time.
Deceased",,A1D77E62-F299-9A43-AAB0-F4F236CBD184
,Character,,,,,Bob Smith,cover inks,None,,,,B19DE4B4-9BD0-0740-8996-AD83D9C03714
,Character,,,,,Jerry Serpe,color,N/A,,Deceased,,A3530BC0-5740-CA4D-8AEA-097DB335BEA0
"Leslie ""Rocky"" Davis",Character,,Showcase #6,Jan-57,Y,Dave Wood,co-writer,None,,Deceased,,20A4E14E-13D5-1441-93D6-0CAB023A9BAD
,Character,,,,,Jack Kirby,"co-writer, pencils, cover",None,,Deceased,,8B8F4967-DD02-AF49-A912-3DB64BA6B3B3
,Character,,,,,Rosalind Kirby,inks,None,,Deceased,,033EB18C-795D-7647-8BB3-83915E014DBC
"Leslie Thompkins
(Dr. Leslie Maurin Thompkins)",Character,,"Detective Comics #457
""There is No Hope in Crime Alley!""",Mar-76,N,Denny O'Neil,writer,Creator Recognition,2012,,,92D9F1F8-ECFC-534D-9041-4E6A710F49F8
,Character,,,,,Dick Giordano,"pencils, inks, cover",N/A,,"Giordano may have been an employee of DC at this time.
Deceased",,FEF3A620-1562-C842-9BE4-AD11BD649E32
Leviathan,Character,Supergirl Season 4,Batman: The Return #1,Jan-11,N,Grant Morrison,writer,WFH,,,,B18D59ED-C321-534E-9346-8D1A60C77AB8
,Character,,,,,David Finch,pencils,Exclusive,,,,1B2BA2BC-761D-524A-A0EE-18F0DE17FD14
,Character,,,,,Matt Banning,inks,Exclusive,,,,CD33BAC7-629D-A248-B77F-95DE2E67B81C
,Character,,,,,Ryan Winn,inks,WFH,,,,4E233CBD-EE8C-A649-8CC7-F469B919229F
Lex Luthor,Character,"Batman v Superman
(2016)","Action Comics #23
""Europe At War""",Apr-40,N,"Jerome ""Jerry"" Siegel",writer,Settlement,,Deceased Settlement is with heirs.,,5FE8B532-AE84-C946-A033-803783B691F8
,Character,,,,,Joseph Shuster,"pencils, cover pencils",Settlement,,Deceased,,B7EC17A2-5318-F64C-A568-874E2B5A5C66
,Character,,,,,Paul Cassidy,"inks, cover inks",None,,,,86C99C4D-A727-9449-A694-FA956F91381A
LexCorp,Location,"Batman v Superman
(2016)","First mention:
Superman #416
""The Ghost of Superman Future""",Feb-86,N,Elliot S. Maggin,writer,None,,,,21500AAB-ADED-824A-B3F0-93D3D12DAA85
,Location,,,,,Curt Swan,pencils,Exclusive,,Deceased,,573FE20A-57C7-674D-BBE3-4B937973EDDF
,Location,,,,,Al Williamson,inks,None,,,,91CF0F3C-BC8A-D842-8831-5460DAEA9463
,Location,,,,,Eduardo Barreto,cover,None,,,,6F164B9A-CC8B-924F-A9B9-BCB7450F8E49
,Location,,,,,Gene D'Angelo,color,N/A,,,,7AB1423A-C452-A049-AC08-DD29AF44BF6B
,Location,,"First appearance:
Superman #2",Feb-87,N,John Byrne,"writer, pencils, cover",WFH,,,,84F07FFD-57D2-D34C-A86F-00D3DF2EEF2B
,Location,,,,,Terry Austin,inks,WFH,,,,253D680F-FFF1-1F40-AFFB-4014E9B50833
,Location,,,,,Thomas Ziuko,color,N/A,,,,DE041F68-281E-2145-9D04-27F57F32FCD2
Lia Nelson,Character,Flash 319,Tangent Comics: Flash #1,Dec-97,Y,Todd DeZago,writer,WFH,,,,5D3239DB-941A-B34A-85D6-F9E5BF9BD875
,Character,,,,,Gary Frank,"pencils, cover pencils",WFH,,,,20160FA7-C313-674D-98EA-F312BAD340B3
,Character,,,,,Cam Smith,"inks, cover inks",WFH,,,,863285F5-0100-884A-9362-6847B3BC046B
,Character,,,,,Patricia Mulvihill,color,Exclusive,,,,56DA24EA-31B3-E84C-AA0B-E687A57FEB4D
"Liberty Belle
(Elizabeth ""Libby"" Lawrence Chambers)
(See also: Jesse Quick)",Character,Flash 508,"Boy Commandos #1
""Liberty Belle""",Winter 1942,N,Don Cameron,writer,None,,Deceased,,BE0EA76E-AB25-C04A-A3E6-EB0B2BC4F97B
,Character,,,,,"Charles ""Chuck"" Winter","pencils, inks",None,,Deceased,,6C745DEF-FAB5-454F-B0AE-5CF846147431
,Character,,,,,Jack Kirby,cover pencils,None,,Deceased,,558C27A2-ECC0-DF46-8DF4-A4D13B9CC0E6
,Character,,,,,Joe Simon,cover inks,None,,Deceased,,41F32F40-65BC-F44E-897C-5F0588AFBC3A
"Libra
(Justin Ballantine)",Character,,"Justice League of America #111
""Balance of Power""",May-74,Y,Len Wein,writer,None,2008,Deceased,,B7828B30-7348-A348-A92B-646DFB9ED74B
,Character,,,,,Dick Dillin,pencils,None,Y,Deceased,,65FF76D2-47C6-B24B-AFB4-F60440D3FC85
,Character,,,,,Dick Giordano,inks,N/A,,"Giordano may have been an employee at this time.
Deceased",,8595FD9A-5927-C340-8AD5-036E10469A1C
,Character,,,,,Nick Cardy,cover,None,,Deceased,,402E77BD-16D6-DA44-8C30-D9C7DA3F5B64
,Character,,,,,Anthony Tollin,color,None,,,,026CDE10-F047-9548-A33A-7886A1DD50A8
"Lightning
(Tavis Williams)",Character,DC Nation Shorts,New Teen Titans #32,Jun-83,Y,Marv Wolfman,writer,Exclusive,1983,,,B6D69F04-58F0-EC48-85F6-0BFD9325171F
,Character,,,,,George Perez,"pencils, cover",Exclusive,1983,,,5C255F75-1F26-DF43-9F29-FB0B18389D68
,Character,,,,,Romeo Tanghal,inks,Exclusive,,,,55542F02-77B1-F64C-8EFB-AAECAFD6D139
,Character,,,,,Adrienne Roy,color,Exclusive,,Deceased,,7DB50994-96C4-4340-AF85-B72E502D2F1C
"Lightning
(Jennifer Pierce)",Character,DC Nation Shorts,Justice Society of America #12,Apr-08,Y,Geoff Johns,writer,WFH; Exclusive,,,,795FF6F2-60F2-6349-8023-673308F3985C
,Character,,,,,Alex Ross,"writer, cover",WFH,,,,1E6FA314-EE0A-C54D-AA84-83B0B6DC17A3
,Character,,,,,Dale Eaglesham,pencils,WFH,,,,4B4E40AA-60DF-C542-8184-3C6FFE24FCD1
,Character,,,,,Ruy Jose,inks,WFH,,,,4218AA95-D496-AA4C-8602-9304B051E3D5
,Character,,,,,Alex Sinclair,color,N/A,,,,1F659E0E-6D71-E84E-BCC8-29ECBACC1B76
"Lightning
(Alya)",Character,DC Nation Shorts,Teen Titans Annual #1,Jul-12,N,Tom DeFalco,writer,WFH,,,,F1FD3545-B11A-4341-99BA-9DB51D44769A
,Character,,,,,Scott Lobdell,writer,WFH,,,,918F60DC-1F6A-1543-903F-655EEB66E3BA
,Character,,,,,Brett Booth,"pencils, cover pencils",WFH,,,,440F399B-5978-DD47-9448-8AFFEC04C5CF
,Character,,,,,Norm Rapmund,inks,WFH,,,,08C9E729-B5C7-8B41-9A5A-718E3247C67C
,Character,,,,,Sal Regla,inks,WFH,,,,77A2E271-5443-B545-AB10-0C0139C34283
,Character,,,,,John Livesay,inks,WFH,,,,0F6C3D4A-1E3C-7348-91D0-B187EFC1226C
,Character,,,,,Rob Hunter,cover inks,WFH,,,,6413CF12-CC67-574F-B3D1-26FDDEABDD85
,Character,,,,,Andrew Dalhouse,color,N/A,,,,E87FF3B1-0425-4A48-AF52-84D13119E391
"Lightning Lad
(Lightning Boy; Garth Ranzz)",Character,,"Adventure Comics #247
""The Legion of Super-Heroes""",Apr-58,Y,Otto Binder,writer,None,,Deceased,,C8539A3B-4E15-D44D-BB22-4046CE6E2BC4
,Character,,,,,Al Plastino,"pencils, inks",None,,Deceased,,80A2AA4F-0EA7-AA42-8615-AAB09FFF4176
,Character,,,,,Curt Swan,cover pencils,None,,Deceased,,0D3056CB-74EB-5F43-A62E-8A7FD12D694E
,Character,,,,,Stan Kaye,cover inks,None,,Deceased,,588293A6-6186-9448-9317-A7E796EA1AC8
"Lightning Lass
(Ayla Ranzz)",Character,,"Adventure Comics #308
""The Return of Lightning Lad""",May-63,N,Edmond Hamilton,writer,None,,Deceased,,1CA6A472-3E8D-A34F-9047-97B0FF94396A
,Character,,,,,John Forte,"pencils, inks",None,,Deceased,,882D33D2-A530-2241-9796-2D436970EC89
,Character,,,,,Curt Swan,cover pencils,None,,Deceased,,C9B69264-E7BF-4F49-AA70-8EAC1E6311DE
,Character,,,,,George Klein,cover inks,None,,Deceased,,FD4B4F3E-7604-8546-B474-A5C5AD13CDEB
"Lightning Lord
(Mekt Ranzz)",Character,,"Superman #147
""The Legion of Super-Villains""",Aug-61,Y,"Jerome ""Jerry"" Siegel",writer,Settlement,,Deceased Settlement is with heirs.,,010676C1-041C-AA49-9602-E5F04CF5927F
,Character,,,,,Curt Swan,"pencils, cover pencils",None,,Deceased,,7A950403-E98B-E549-9F35-180EE1B4997F
,Character,,,,,Sheldon Moldoff,inks,None,,Deceased,,5F6F2854-9E01-5A44-B652-302EB4E7C1EA
,Character,,,,,Stan Kaye,cover inks,None,,Deceased,,3638AEA8-3435-414F-82C2-BF979B4018E1
Lili De Nueuve,Character,,Secret Six #1,Apr-68,Y,E. Nelson Bridwell,writer,N/A,,"Bridwell was an employee of DC at this time.
Deceased",,CBDE0468-9E26-9F4D-899C-69EB682A8C01
,Character,,,,,Frank Springer,"pencils, inks, cover",None,,Deceased,,54F4B80F-AB93-7C49-8372-D4D5FC1F8911
"Lionel Luthor
(Jules Thorul; father of Lex Luthor)",Character,Supergirl 212,"as Jules Thorul/Jules Luthor:
Superman's Girl Friend, Lois Lane #23
""The Curse of Lena Thorul""",Feb-61,N,"Jerome ""Jerry"" Siegel",writer,Settlement,,Deceased Settlement is with heirs.,,F180FD0C-D904-EB4C-B81B-D4D5DDC6DCD2
,Character,,,,,Kurt Schaffenberger,"pencils, inks",None,,"Schaffenberger may have been an employee of DC at this time.
Deceased",,57D54F33-E032-9B48-81F0-D2EDB0CE44C2
,Character,,,,,Curt Swan,cover pencils,None,,Deceased,,F94F4E8B-4F5C-E943-B734-6477E6FE8209
,Character,,,,,Stan Kaye,cover inks,None,,Deceased,,D595F311-6E44-B746-85D5-234BBA3AA93C
,Character,,"as Lionel Luthor:
Smallville
""Pilot""",Oct-01,,"Alfred Gough, Miles Millar",writers,,,,,E98E791D-1821-524A-9E77-CE8FE9C8FF24
Linda Park,Character,"Arrow 209
(12/11/2013)",Flash #28,Jul-89,N,William Messner-Loebs,writer,WFH,2014,,,2378CDC1-259E-F040-ABCF-6988A5052931
,Character,,,,,Greg LaRocque,"pencils, cover pencils",WFH,2014,,,67FA8347-543A-C04B-81F8-A63F2D0A021E
,Character,,,,,Timothy Dzon,inks,WFH,,,,C0880D59-8381-464C-9560-55168BE3ED3B
,Character,,,,,Larry Mahlstedt,cover inks,None,,,,D03B70ED-AD8A-A84A-96EE-82443C0BF8DF
,Character,,,,,Carl Gafford,color,N/A,,,,B401ECC3-88F2-FD44-8F0A-731227077368
Lita Brand,Character,,"Strange Adventures #211
""How Close to Me My Killer?""",Apr-68,N,Jack Miller,writer,None,,Deceased,,69F94A8B-2E99-124B-B2D1-6F46B8B94699
,Character,,,,,Neal Adams,"pencils, inks, cover",Creator Recognition,2014,,,8C93FC7F-5ACC-9349-BD46-0D3BB6BCA5CD
"Little Sure Shot
(Louis Kiyahani)",Character,,Our Army At War #127,Feb-63,N,Robert Kanigher,writer,N/A,,"Kanigher was an employee of DC from 2/3/47 - 5/31/82.
Deceased",,4AA5EB08-4058-BC4C-BB61-75261CD364DE
,Character,,,,,Joe Kubert,"pencils, inks, cover",None,,Deceased,,8A2CDAA8-7C76-F740-8E1A-CCA8FE3220D5
"Lizabeth ""Liz"" Tremayne",Character,Swamp Thing 101,"The Saga of the Swamp Thing #3
""A Town Has Turned to Blood""",Jul-82,N,Martin Pasko,writer,None,,,,B24BFB7F-BFFC-9546-8F55-0C83DCB36D78
,Character,,,,,Thomas Yeates,"pencils, inks, cover",None,,,,3DC99262-FCF3-F24E-BDD1-BD76797A163A
,Character,,,,,Tatjana Wood,color,Exclusive,,,,1BF2F88F-9B9F-4F42-B8B1-08D242181D47
Lobo,Character,,Omega Men #3,Jun-83,Y,Roger Slifer,writer,WFH; Writer,1992,Deceased,,B358E548-61DA-0D44-8AA4-535F9E2E0BA4
,Character,,,,,Keith Giffen,"pencils, cover pencils",WFH; Artist,"1990
1991",,,A413556F-4AD9-814A-BB93-FCC61CDBA137
,Character,,,,,Mike DeCarlo,"inks, cover inks",WFH; Exclusive,,,,85CB0ACD-4FB6-3A46-B8AC-2C6640D3CE76
,Character,,,,,Anthony Tollin,color,N/A,,,,3C1465AE-58AF-6644-862C-48AF81E8C339
"Lodestone
(Rhea Jones)",Character,Doom Patrol 106,Doom Patrol #3,Dec-87,N,Paul Kupperberg,writer,WFH,,,,827A753C-3395-614F-BFD9-9B28BC623D17
,Character,,,,,Steve Lightle,"pencils, cover",WFH,,,,F9CE48AB-D2B8-D243-B0E9-0DE75E846166
,Character,,,,,Gary Martin,inks,WFH,,,,60411E29-96EB-654F-B5FA-61A8BB7942D7
,Character,,,,,Carl Gafford,color,N/A,,,,456F0916-E8CF-6F41-BAD8-D09EE58C2BB8
Lois Lane,Character,,"Action Comics #1
""Superman, Champion of the Oppressed""",Jun-38,N,"Jerome ""Jerry"" Siegel",writer,Settlement,2001,Deceased Settlement is with heirs.,,4928B960-6C6C-1540-96F5-4847FBAD66A8
,Character,,,,,Joseph Shuster,"pencils, inks, cover",Settlement,Y,Deceased,,18032AAA-9324-4D47-8721-236EB3BF4DE0
,Character,,"as Superwoman:
Action Comics #60
""Lois Lane -- Superwoman""",May-43,N,"Jerome ""Jerry"" Siegel",writer,None,,Deceased Settlement is with heirs.,,C13393FD-5281-E149-B438-030FC16FA580
,Character,,,,,George Roussos,"pencils, inks",None,,Deceased,,F6DBEF34-3B62-F647-8050-43C0EBFB873C
,Character,,,,,Jack Burnley,cover,None,,,,48504954-6EB1-E547-8FE4-18FEB1078D30
"Looker
(Emily ""Lia"" Briggs)",Character,Black Lightning 206,"as Emily Briggs:
Batman & The Outsiders #25",Sep-85,N,Mike W. Barr,writer,Writer Agreement,2006,,,0D879682-DD58-AA40-8C28-9CE5BA8ED5F0
,Character,,,,,Alan Davis,"pencils, inks, cover",WFH,,,,B89AA84B-6CC8-F541-A5A6-16FE03B654E1
,Character,,,,,Adrienne Roy,color,Exclusive,,Deceased,,A10AB079-4DDF-594C-9399-DB3C567949B6
,Character,,"as Looker:
The Outsiders #1",Nov-85,Y,Mike W. Barr,writer,Writer Agreement,2006,,,5371B1C8-EA36-EF40-ADDA-2621DB68874E
,Character,,,,,Jim Aparo,"pencils, inks, cover",Artist Agreement,1991,Deceased,,A06F24A5-F094-FC40-811E-C87D1E329F28
,Character,,,,,Helen Vesik,color,N/A,,,,0179B0F3-02DC-674E-A0F4-6791FEE238A3
Lords of Order,Character,,DC Special Series #10 ,1978,N,Paul Levitz,writer,Freelancer Term,,,,A4FF41F1-432C-A64C-B1CA-5F596CF707D5
,Character,,,,,Joe Staton,pencils,Exclusive Artist,,,,1EB08FD8-3382-CC45-9C26-F4C169C1CE35
,Character,,,,,Michael Netzer as Mike Nasser,inks,None,,,,E399BD2B-8BAA-F443-A909-0D96F21ECC04
The Lords of the Avenues,Property,"Birds of Prey
(2020)",Robin #158,Mar-07,N,Adam Beechen,writer,WFH,,,,76153029-7248-354A-8D62-FBC4CBF22596
,Property,,,,,Frazer Irving,"pencils, inks, color",WFH,,,,512B28B2-9D56-DA48-BA22-86D00D9628CB
,Property,,,,,"Patrick ""Pat"" Gleason",cover pencils,WFH,,,,E9142BF2-A16C-914E-9229-9155CC489DE2
,Property,,,,,Wayne Faucher,cover inks,WFH,,,,6D2218B7-E212-6D4B-82BE-9FFFE44B6AA1
Lor-Em,Character,"Man of Steel
(2013)",Superman Annual #11,1985,N,Alan Moore,writer,None,,,,EA70ADCC-6F20-0C44-892A-0CBD77885DF7
,Character,,,,,Dave Gibbons,"pencils, inks, cover",WFH,,,,13A6B556-8C81-7C43-9509-9279877C02AB
,Character,,,,,Thomas Ziuko,color,N/A,,,,714E2477-5D60-F445-A417-D38A37EA4796
The Losers (DC Team),Property,,"G.I. Combat #138
""The Losers""",Oct-69,Y,Robert Kanigher,writer,N/A,,"Kanigher was an employee of DC Comics from 2/3/47 - 5/31/82.
Deceased",,1A50A7AA-FEEE-AB49-ADC1-17E1705EB73E
,Property,,,,,Russ Heath,"pencils, inks, cover",None,,Deceased,,493389BC-E457-514C-BA2D-4AD555D91652
,Property,,,,,Joe Kubert,cover,None,,Deceased,,7C11F759-796C-1E46-B7CE-8B39415F5F2A
The Losers (Vertigo),Property,,The Losers #1,Aug-03,Y,Andy Diggle,writer,Exclusive,2006,,,1C91D36F-7117-6441-B919-56B54A5FEB9D
,Property,,,,,"Mark Simpson
(Jock)","pencils, inks, cover",Exclusive,2006,,,89D3ABE5-73B1-C941-B5F7-4BE80B724603
,Property,,,,,Lee Loughridge,color,N/A,,,,F321F86D-B15B-BE41-9DBC-0AD4D86DF9E4
Loveless,Property,,Loveless #1,Dec-05,Y,Brian Azzarello,"writer, creator",Joint Creator/First & Last Rights; Writer,2004,,,57BC98E1-73C6-5549-8F34-989C4C916E09
,Property,,,,,Marcelo Frusin,"pencils, inks, cover, creator",Joint Creator/First & Last Rights; Artist,2005,,,A477B386-2CCE-4842-ACB5-F50CBC399025
,Property,,,,,Patricia Mulvihill,color,Exclusive,,,,F17F9CC1-7F13-D74F-9784-3018EC57C0C5
Luand'r,Character,Titans 111,New Teen Titans #3,Jan-81,N,Marv Wolfman,writer,Exclusive,1983,,,6F5D4805-23CD-CE4B-9D37-BAD4ABA94B9C
,Character,,,,,George Perez,"pencils, cover",Exclusive,1983,,,320F3913-4A66-6342-9487-F9BED5EE0210
,Character,,,,,Frank Chiaramonte,inks,Exclusive,,Deceased,,9A3A300F-CDA3-F04A-8925-4179A2EF7A05
,Character,,,,,Adrienne Roy,color,Exclusive,,Deceased,,2536F288-A799-B64C-82C4-960E44D82E85
"Lucas ""Snapper"" Carr",Character,Supergirl 202,Brave and the Bold #28,Feb-60,N,Gardner F. Fox,writer,Creator Recognition,,Deceased Creator recognition agreement with is with heirs.,,23D1F61A-A067-434A-B452-E484CD2E453D
,Character,,,,,Mike Sekowsky,"pencils, cover pencils",None,,,,B627A482-85F2-CC44-90D1-8866D207D0DB
,Character,,,,,Bernard Sachs,inks,None,,Deceased,,F12343AF-E8DD-6A4D-BFC5-652A2EC79A4B
,Character,,,,,Joe Giella,inks,None,,,,3ED88CAA-9472-8442-80F5-205B90E4828E
,Character,,,,,Murphy Anderson,"inks, cover inks",None,,Deceased,,7BA40729-564D-4C4C-802D-B508FF6581CD
Lucifer Samael Morningstar,Character,"Lucifer 101
(1/25/2016)",The Sandman #4,Apr-89,N,Neil Gaiman,writer,WFH,,,,591B5F24-6E03-A543-B36D-09698D570921
,Character,,,,,Sam Kieth,pencils,WFH,,,,4FE5327A-1B5F-D44C-ABDB-6019EB5A1754
,Character,,,,,Mike Dringenberg,inks,WFH,,,,FBCA2FF2-F294-A54D-B486-A7E3C785AD76
,Character,,,,,Dave McKean,cover,None,,,,2C329B90-8344-D441-ABEC-DF8D17BDCBFE
,Character,,,,,Robbie Busch,color,N/A,,,,3AD1414F-9BF2-EF44-994D-0FC84FC8DFAC
Lucius Fox,Character,Batwoman 101,Batman #307,Jan-79,N,Len Wein,writer,None,1993,Deceased,,F8CFA9F9-E8C4-E74A-A9C1-AD29A77A9235
,Character,,,,,John Calnan,pencils,None,1993,,,E817AF28-DFF9-3A45-B858-6F277BC6C789
,Character,,,,,Dick Giordano,inks,Exclusive,,Deceased,,0C7C4BC6-5B16-524E-A6CA-9872630AFA85
,Character,,,,,Jim Aparo,cover,Exclusive,,Deceased,,513EFE5E-1579-6547-8EC1-0DBABFDCDEA1
,Character,,,,,Glynis Wein,color,N/A,,,,EA624A07-491C-204B-9285-06D6F20C99A5
Luck Lords,Character,," Adventure Comics #343
""The Evil Hand of the Luck Lords""",Apr-66,N,Edmond Hamilton,writer,None,,Deceased,Cleared by Jay for Creative for Featured Character in potential Space Cabbie Series 03/23/21,8C02BA48-E7F3-0E41-8493-29225DA1299A
,Character,,,,,Curt Swan,pencils,None,,Deceased,,FC98D541-12F9-1D42-A62C-1A7683767ADA
,Character,,,,,George Klein,inks,None,,Deceased,,A39FDBD4-E3BE-ED40-8DC1-A305BE069157
"Lucy Lane
(Superwoman)
For Superwoman, see also: Kristin Wells",Character,"Supergirl 106
(11/30/2015)","as Lucy Lane:
Superman's Pal, Jimmy Olsen #36
""Lois Lane's Sister""",Apr-59,N,Otto Binder,writer,None,,Deceased,,DF4E3DD6-2B66-C741-9FBC-8AAD4FA5C023
,Character,,,,,Curt Swan,"pencils, cover pencils",None,,Deceased,,A7DD2683-022D-EC45-B92C-2AE56C0D6AED
,Character,,,,,Stan Kaye,"inks, cover inks",None,,Deceased,,3EF860B0-3597-4447-9BC6-DECEA50C6BA5
,Character,,"as Superwoman:
Supergirl #35",Jan-09,N,Sterling Gates,writer,WFH,,,,4CF32B21-BC68-2C4A-AD81-DA1329C7EE62
,Character,,,,,Jamal Igle,pencils,WFH,,,,1D10BE21-1384-8A48-8C52-235217A6D3D2
,Character,,,,,Keith Champagne,inks,WFH,,,,74057E49-95AD-6745-9875-D493F2B6C5B9
,Character,,,,,Alex Ross,cover,WFH,,,,29E9218D-8F67-0E42-ADB5-50973E088630
,Character,,,,,Nei Ruffino,color,N/A,,,,10EEE85C-C235-E243-B9BD-FD71088A3A65
Luka Volk,Character,Gotham 310,Batman #3,Jan-12,N,Scott Snyder,writer,Exclusive; WFH,,All WFH Agreements for this issue are numbered incorrectly since they were signed prior to the decision to restart the numbering sequence. Therefore WFH agreements for Batman #716 correspond to Batman #3,,0D78BAB8-5C09-8248-B596-8B23F33FD325
,Character,,,,,Greg Capullo,pencils,Exclusive; WFH,,,,8A40B72A-5503-A74F-A8AB-F502E76FBEC0
,Character,,,,,Jonathan Glapion,inks,WFH,,,,7B868C03-4920-9141-8276-F6EB3D317380
,Character,,,,,Fco Plascencia,color,N/A,,,,D9107BDB-150E-7847-9EE4-8B614A8EE268
Luke McKendrick,Character,,"Action Comics Weekly #601
""Listening to the Mockingbird""",1988,N,Martin Pasko,writer,WFH,,,,28324DDD-56D1-F847-9562-2965218705DF
,Character,,,,,Dan Spiegle,"pencils, inks",WFH,,,,152A907A-38F3-EA48-8F78-22E036531260
,Character,,,,,Dave Gibbons,cover,WFH,,,,18A1387C-E4F2-2647-9497-55DF8A39D1AE
,Character,,,,,Carl Gafford,color,N/A,,,,D91CD71C-B1A9-0D46-BC5D-0397BA80EF4A
Lunkhead,Character,Gotham 416,Arkham Asylum: Living Hell #1,Jul-03,N,Dan Slott,writer,WFH,,,,8CE8B9F3-84F9-B046-B472-B78076A12C32
,Character,,,,,Ryan Sook,"pencils, inks",WFH,,"Sook signed a WFH agreement for the cover of this issue; however, Powell clearly did the artwork. We do have WFH for Powell for issues #2-6.",,79FB7124-0656-3745-8049-D30ECEC9E830
,Character,,,,,Eric Powell,cover,None,,,,2EF75F95-0821-6042-AA76-DDA87527BE3E
,Character,,,,,Lee Loughridge,color,N/A,,,,37478515-F0CC-454E-857D-A6021C0ED695
Luthor Mansion,Location,Supergirl 212,"Smallville
""Pilot""",Oct-01,,"Alfred Gough, Miles Millar",writers,,,,,83950610-8404-8344-BEED-AF59030CA9C4
Lynn Stewart,Character,Black Lightning 101,Black Lightning #3,Jul-77,N,Tony Isabella,writer,Exclusive; Creator Recognition,2016,,,5D3AEFA7-636F-2942-96C2-697E38D5175F
,Character,,,,,Trevor Von Eeden,pencils,None,2016,,,34AA90C4-6D19-8041-8390-F8D898FF2E31
,Character,,,,,Vince Colletta,"inks, cover inks",None,,Deceased,,F6E5065E-5BD2-414D-8514-55D7092E8A0F
,Character,,,,,Rich Buckler,cover pencils,None,,,,83C1B488-901E-6147-B072-217766738D10
Lyrissa Mallor,Character,,Invasion #2,1988,N,Keith Giffen,plot,WFH,,,,6BFD422E-17FF-1A4C-9924-76641B5FF311
,Character,,,,,Bill Mantlo,dialogue,WFH,,Mantlo is living but brain damaged. His affairs are handled by his brother.,,16CC4099-04ED-5B4D-8882-8F5E80839DC6
,Character,,,,,Todd McFarlane,"pencils, inks",WFH,,,,77C01B24-981B-A448-A198-CAC8DE0315CD
,Character,,,,,Al Gordon,inks,WFH,,,,D77841DD-A9C8-1547-8B71-62DC6021F2E7
,Character,,,,,Josef Rubinstein,"inks, cover inks",WFH,,,,2EFD9F61-C7BE-CB4C-BC53-C17C22DC5C61
,Character,,,,,Philip Craig Russell,inks,WFH,,,,4FBF00A3-E6A9-4346-9F9D-71D523164281
,Character,,,,,Bart Sears,cover pencils,WFH,,,,6327703F-1BFA-1945-8B35-B329E05B7E93
,Character,,,,,Carl Gafford,color,N/A,,,,CF309C3D-F5CA-D945-B4E8-3CDFAC289E3F
MAD: A MAD Look At…,Property,MAD Features,MAD Magazine #76,Jan-63,N,Sergio Aragones,artist,Consulting,,,,1CCE3391-F40B-484E-AB2C-B20C49727F43
MAD: Cause of Death Betting Odds,Property,MAD Features,MAD Magazine #357,May-97,N,Mike Snider,writer,WFH,,,,481D3DBC-ACB5-B44C-B78B-2A5106749F7F
MAD: Don Martin Gags,Property,MAD Features,MAD Magazine #29,Sep-56,N,Don Martin,artist,None,,Deceased,,6E90C2C2-F7E0-5D4A-B611-92D635863396
MAD: Fantabulaman,Property,MAD Features,MAD Magazine #455,Jul-05,N,Ted Rall,"writer, artist",WFH,,,,BF99331E-802C-DD4E-9771-7CA945B195FE
MAD: Father O'Flannity,Property,MAD Features,MAD Magazine #455,Jul-05,N,Keith Knight,"writer, artist",WFH,,,,113D3411-0845-6140-88C9-685433FFE568
MAD: Fold-Ins,Property,MAD Features,MAD Magazine #86,Apr-64,N,Al Jaffee,artist,None,,,,3CCCBD99-7B9F-AF43-AD72-99D2132E0FA1
MAD: Guess Who's Working At… McDonald's,Property,MAD Features,MAD Magazine #422,Oct-02,N,Mike Snider,writer,None,,,,3A63E0BE-69C4-F740-B1CB-1F6B4E48AF5F
,Property,,,,,John Kissee,artist,WFH,,,,E97ACD50-109B-744D-A067-AAC83CB7B909
MAD: Least Emailed Articles,Property,MAD Features,MAD Magazine #486,Feb-08,N,Jacob Lambert,writer,WFH,,,,DBA0E318-4C60-234F-8541-21935AF264F1
MAD: The Lighter Side of…,Property,MAD Features,MAD Magazine #66,Oct-61,N,Dave Berg,"writer, artist",None,,Deceased,,41A8A01B-A605-5046-8753-549158A41373
MAD: MAD Marginals,Property,MAD Features,MAD Magazine #76,Jan-63,N,Sergio Aragones,artist,Consulting,,,,DAC5A3D7-2CFB-BC4C-A068-5544A335290E
MAD: Melvin & Jenkins,Property,MAD Features,MAD Magazine #356,Apr-97,N,Desmond Devlin,writer,WFH,,,,FCE1A137-C1BE-2C42-BE2F-64A7BBF1928B
,Property,,,,,Kevin Pope,artist,WFH,,,,23ADC391-66D1-8E41-9585-985A26C0404B
MAD: Monroe,Property,MAD Features,MAD Magazine #356,Apr-97,N,Anthony Barbieri,writer,WFH,,,,9D2998AE-7EA9-184E-877D-F48B9087C2C3
,Property,,,,,William Wray,artist,WFH,,,,C0DB5562-ECE0-3A47-A8E9-77A5FEF47BA0
MAD: Outrageously Stupid Cell Phone Features & Accessories,Property,MAD Features,MAD Magazine #467,Jul-06,N,John Caldwell,"writer, artist",WFH,,,,389210D8-6976-3F4E-933D-C9151F5BAD57
MAD: Planet Tad,Property,MAD Features,MAD Magazine #458,Oct-05,N,Tim Carvell,writer,WFH,,,,955CC6FC-45F5-394A-856D-23A1712F9EEE
,Property,,,,,Brian Durniak,artist,WFH,,,,B79E4AC0-E695-CC48-AA9A-F2480D653480
MAD: Pre-Movie Screens We'd Like To See,Property,MAD Features,MAD Magazine #457,Sep-05,N,Jeff Kruse,writer,WFH,,,,487E954C-00F3-3647-A147-0420C73956A4
,Property,,,,,Al Jaffee,artist,WFH,,,,74B58382-9D6E-3544-89B1-1A690356E3DE
MAD: Snappy Answers to Stupid Questions,Property,MAD Features,MAD Magazine #98,Oct-65,N,Al Jaffee,writer,Cancelled check; Settlement,,,,C1CEC903-AD20-C848-B4AF-19F688B18371
MAD: When Tattoo Artists Go Bad,Property,MAD Features,MAD Magazine #453,May-05,N,John Caldwell,"writer, artist",WFH,,,,CBA811B4-B287-B442-8B62-DFB3EAB23A2A
MAD: Where Your iPhone $$$ Goes,Property,MAD Features,MAD Magazine #481,Sep-07,N,Dick DeBartolo,writer,WFH,,,,E1C9086B-2B38-6C43-81FF-2C6924C2BC46
MAD: The Young Man's Guide to Successful Mall Romance,Property,MAD Features,MAD Magazine #481,Sep-07,N,Jacob Lambert,writer,WFH,,,,887FC220-7110-714C-842C-EDBA84FD4A98
,Property,,,,,Rich Powell,artist,WFH,,,,93FA79B9-8F01-584D-8C33-AE692BF8B5E7
Mad Harriet,Character,,"Mister Miracle #6
""Funky Flashman""",Feb-72,N,Jack Kirby,"writer, pencils, cover",Fourth World Agreement,1982,Deceased,,14621D58-9CE2-6D4C-83B0-994870BCC87C
,Character,,,,,Mike Royer,inks,None,,Deceased,,8600CDDF-FCCD-4F45-885A-3056275D0F59
"Mad Hatter
(Jervis Tetch)",Character,Gotham 302,"Batman #49
""The Scoop of the Century""",Oct-48,N,Bill Finger,writer,Contributor Recognition,,Deceased Contributor Recognition Agreement is with heir.,,324544E9-9789-6347-A234-5684038F34D3
,Character,,,,,Lew Sayre Schwartz,pencils,None,,"Deceased
Schwartz's 2010 equity agreement for Deadshot acknowledges that all his services on Batman were WFH, regardless of whether he was employed by DC or Bob Kane.",,D9C55773-6C05-8E4E-B1FE-481FB30EC07A
,Character,,,,,Bob Kane,"pencils, cover pencils",Services Agreements,,Deceased,,817DE3EB-99CA-E247-8A33-00629FD4CBEE
,Character,,,,,Charles Paris,"inks, cover inks",None,,Deceased,,7EE042DA-6AE7-554E-BA4A-5D8BDD6931B1
"Madame .44
(Jeanne Walker)",Character,,"All-Star Western #117
""Six Gun Showdown with Madame .44!""",Feb-61,Y,Gardner Fox,writer,Creator Recognition,,Deceased Creator Recognition Agreemen is with heirs.,,4BA9A853-0268-5C47-B7E8-D147A3406F40
,Character,,,,,Gil Kane,"pencils, cover pencils",None,,Deceased,,88DA967A-AD6D-854C-8293-20D9205F54CF
,Character,,,,,Joe Giella,"inks, cover inks",None,,,,10E01AEC-00EA-8046-B54D-E5A896D02A5C
"Madame Xanadu
(Nimue Inwudu)",Character,Dark Universe,Doorway to Nightmare #1,Jan-78,Y,David Michelinie,writer,Exclusive,Y,Wayne Smith confirmed Madame Xanadu cleared for use in Swamp Thing TV show.,,B88A4A1B-FFE6-1642-892E-B6160D1DBD0B
,Character,,,,,Val Mayerik,"pencils, inks",None,Y,,,4150E348-46F1-D046-B2E6-B9C030A1F1B8
,Character,,,,,Michael William Kaluta,cover,None,,,,7D0F2486-ECFB-6D43-AA8A-B0430BE8F8A0
,Character,,,,,Liz Berube,color,N/A,,,,EE603148-9853-874E-82AC-9D2E37094D30
Mademoiselle Marie,Character,,"Star Spangled War Stories #84
""Battle Doll""",Aug-59,Y,Robert Kanigher,writer,N/A,,"Kanigher was an employee of DC from 2/3/47 - 5/31/82.
Deceased",,76E89F0D-7875-2D49-A108-CA754B598196
,Character,,,,,"Jerry Grandenetti
(Charles J. Grandenetti)","pencils, inks",None,,Deceased,,72BBAF5B-DCCE-EE42-A452-E3A572EF0E60
,Character,,,,,"Irving ""Irv"" Novick",cover,None,,Deceased,,BDDA50D3-FA1C-454E-8615-D1F6BAF0A6CC
"Magenta
(Frances / Francis / Francine / Fran / Frankie Kane)",Character,Flash 303,New Teen Titans #17,Mar-82,Y,Marv Wolfman,writer,Exclusive,1983,,,F924926E-2AEA-A447-B809-A32B84F23EB9
,Character,,,,,George Perez,"pencils, cover pencils",Exclusive,1983,,,7BC07B5F-3AB6-DC48-A727-5015653B086B
,Character,,,,,Romeo Tanghal,"inks, cover inks",Exclusive,,,,48C0B5BD-60F5-254E-9FAF-DB12B255E71E
,Character,,,,,Adrienne Roy,color,Exclusive,,,,43E4608A-02AF-E244-A46A-6C7332840237
Maggie Sawyer,Character,Justice League (2017),Superman #4,Apr-87,N,John Byrne,"writer, pencils, cover",WFH; Continuity,1996,,,765DEEDC-4368-E84D-AE3B-196FDD37C50F
,Character,,,,,Karl Kesel,inks,WFH; Exclusive,,,,6CE8CEBF-FDC1-414A-AC3E-ABFC9ED993E0
,Character,,,,,Anthony Tollin,color,N/A,,,,00A30DC3-47FE-0645-864E-FE8A860A74DA
"Magpie
(Merg Gaterra)",Character,,"Tales of the Legion of Super-Heroes #320
""Magpie Complex""",Feb-85,Y,Paul Levitz,plot,None,,,,14C5F8C7-9F51-1644-9BA1-7068D2EB463C
,Character,,,,,Mindy Newell,script,Exclusive,,,,7121F2C3-7F4A-DD4E-A54D-2FC3E93AAA57
,Character,,,,,Dan Jurgens,"pencils, cover pencils",None,,,,EDE90AED-F5E9-D048-A9D0-23A5C55DB7D3
,Character,,,,,Karl Kesel,"inks, cover inks",None,,,,A52CA458-46EB-644B-B3F0-033740910104
,Character,,,,,Carl Gafford ,color,N/A,,,,F98C7B3E-4C30-0C46-8360-C210C0049847
"Magpie
(Margaret Pye)",Character,Lego Batman,Man of Steel #3,Nov-86,Y,John Byrne,"writer, pencils, cover",WFH; Writer,,,,CA943C8B-BBB4-7945-A19F-8E88C0D0E222
,Character,,,,,Dick Giordano,inks,WFH,,"Giordano may have been an employee of DC at this time.
Deceased",,432C9A96-2959-6740-BF52-0CE0A034285A
,Character,,,,,Thomas Ziuko,color,N/A,,,,7A9F9673-EB5F-D24B-A54D-BED27770713E
Major Vincent Velcoro,Character,,"Weird War Tales #93
""The Creature Commandos""",Nov-80,Y,J.M. DeMatteis,writer,None,1980,,,8BD318B0-DCBE-E54B-B89E-EFE2010A9E68
,Character,,,,,Pat Broderick,pencils,None,1985,,,744EB452-97B2-D840-A830-904E5F75A9FB
,Character,,,,,John Celardo,inks,None,,,,DDBC69D9-C49E-9548-9905-B80439EC001C
,Character,,,,,Joe Kubert,cover,None,,Deceased,,FB5D1D88-0FB4-D349-B484-21722611F65F
,Character,,,,,Adrienne Roy,color,N/A,,Deceased,,585674B9-053A-9549-836F-1294ABD018C0
Mala,Character,"Wonder Woman
(2017)","All-Star Comics #8
""Introducing Wonder Woman""",Dec-41,N,William Moulton Marston,writer,Marston agreements (7/31/41; 1/15/46; 7/25/51),,Deceased Final agreement is with Estate.,,85C68647-3074-B847-84C8-7EA282991942
,Character,,,,,Harry G. Peter,"pencils, inks",Artist,,Deceased,,C4298088-41C3-F940-B850-93B849F7BE18
,Character,,,,,Everett E. Hibbard,cover,None,,Deceased,,4C8E593E-7A29-FB48-AA12-769083129F5C
Mala of Themyscira,Character,"Wonder Woman
(2017)",Wonder Woman #0,Oct-94,N,William Messner-Loebs,writer,Continuity,,,,6D8BF7B1-BA0B-0844-8C43-3D904108FB80
,Character,,,,,"Mike Deodato, Jr.","pencils, inks",WFH,,,,E8B07B4D-06B2-584B-A4E3-11722EFC8519
,Character,,,,,Brian Bolland,cover,WFH,,,,A12B5D7C-2B9F-664D-99EA-68361AD9EC24
,Character,,,,,Patricia Mulvihill,color,N/A,,,,751BE6D4-542A-9143-A272-FC6A2FF0DB04
Mala of Bana-Mighdall,Character,"Wonder Woman
(2017)",Wonder Woman #0,Oct-94,N,William Messner-Loebs,writer,Continuity,,,,D62D243E-8C8B-F946-B652-7BA44E150405
,Character,,,,,"Mike Deodato, Jr.","pencils, inks",WFH,,,,7BCC9550-8D06-CF40-9D4F-AF00A2E67EA1
,Character,,,,,Brian Bolland,cover,WFH,,,,7371CF4D-25B2-514E-9826-972D69E645B4
,Character,,,,,Patricia Mulvihill,color,N/A,,,,D4DB64A2-780B-094C-BC58-74D7EF358054
"Malefic
(Ma'alefa'ak J'onzz)",Character,,Martian Manhunter #0,Oct-98,Y,John Ostrander,writer,WFH,,,,B8BC1AC7-9597-574A-86C1-0928793BDAF7
,Character,,,,,Tom Mandrake,"pencils, inks, cover",WFH,,,,E54E7EB4-6891-584C-BDF3-EAB0FAEA9099
,Character,,,,,Carla Feeny,color,N/A,,,,FA92C300-5630-2F45-B507-C36F35E22AB1
"Mammoth
(Baran Flinders)",Character,,New Teen Titans #3,Jan-81,N,Marv Wolfman,writer,Exclusive,1983,,,965ABB6A-BF38-D646-A9E6-A690D1970107
,Character,,,,,George Perez,"pencils, cover",Exclusive,1983,,,1109279C-BE5C-BB43-8A59-4E40C4C5C481
,Character,,,,,Frank Chiaramonte,inks,Exclusive,,Deceased,,BD79B306-AB1E-B94F-8223-EED2C3324B64
,Character,,,,,Adrienne Roy,color,Exclusive,,Deceased,,3731571E-880A-7D4B-9B8D-1817315F7AEC
"Man-Bat
(Kirk Langstrom)",Character,Lego Batman,"Detective Comics #400
""Challenge of the Man-Bat""",Jun-70,Y,Frank Robbins,writer,None,,,,0E535617-1D7B-6845-A19E-FBF77DEDD0E5
,Character,,,,,Neal Adams,"pencils, cover",Creative Contributor,,,,E597A8BD-2656-DE49-9A16-2BF0FC4B1E0A
,Character,,,,,Dick Giordano,inks,N/A,,"Giordano may have been an employee of DC at this time.
Deceased",,88F90B33-E740-B345-8E25-B2711ADBC769
Manchester Black,Character,Supergirl 404,Action Comics #775,Mar-01,N,Joe Kelly,writer,Continuity Writer,,Character equity agreement drafted; unsigned (2016),,22D251B8-4C9E-0B46-9C85-7FE218EA38F5
,Character,,,,,Doug Mahnke,pencils,Continuity Artist; WFH,2016,,,EBB1663A-AE18-2349-A1A9-E3774BAD29F1
,Character,,,,,Lee Bermejo,pencils,None,,,,3938295D-8AAE-EB46-AE6A-8646F3A5A5AB
,Character,,,,,Tom Nguyen,inks,WFH,,,,398962FF-033F-704C-882A-644F888FE747
,Character,,,,,Dexter Vines,inks,WFH,,,,9B555772-3CF1-5F4D-A2D3-DFC51D9198E8
,Character,,,,,Jim Royal,inks,None,,,,1B88201E-4F79-1C47-A93F-ACD6A9FBC777
,Character,,,,,Jose Marzan,inks,WFH,,,,6C1C8213-9730-EC4E-A661-141D882E9660
,Character,,,,,Wade von Grawbadger,inks,WFH,,,,C3637D80-7DB8-9A4A-BE30-0B566D01DE56
,Character,,,,,Wayne Faucher,inks,WFH,,,,052268C8-5029-5B48-AC68-019390143F86
,Character,,,,,Tim Bradstreet,cover,WFH,,,,CE43976F-E139-A742-A6F1-7E83ECEFD3C1
,Character,,,,,Rob Schwager,color,N/A,,,,62C53FE6-A548-4748-9B15-3894F08D77B4
"Manhunter
(Paul Kirk)",Character,,"Adventure Comics #58
""Manhunt on the Sun Limited""",Jan-41,N,Ed Moore,"writer, pencils, inks",None,,Deceased,,B1E1530B-8DF8-3B47-84FC-F9D9782C8FE3
,Character,,,,,Bernard Baily,cover,None,,Deceased,,EEE073E5-EFF5-F041-BA97-03D129B023A2
"Manhunter
(Dan Richards)",Character,,"Quality Comics:
Police Comics #8
""The Origin of Manhunter""",Mar-42,N,Tex Blaisdell,writer,None,,See also Quality Comics Purchase Agreement.,,B2F78C49-6E77-8348-A72B-FB27CC63D8DA
,Character,,,,,Alex Kotzky,"pencils, inks",None,,,,E16F2264-8ACE-FB4F-A72D-5BCCEA1A3645
,Character,,,,,Gill Fox,cover,None,,,,8B9A1A22-505F-484F-8CE5-24D93F655A73
"Manhunter
(Rick Nelson; Paul Kirk II)",Character,,"Adventure Comics #73
""The Secret of the Buzzard's Revenge""",Apr-42,Y,Jack Kirby,"writer, pencils, cover pencils",None,,Deceased,,5D365971-1492-0E41-86CE-C3D2B35AF51C
,Character,,,,,Joe Simon,"inks, cover inks",None,,Deceased,,A298D8C6-75DB-2644-9D70-2DAA3DD69B6C
"Manhunter
(Mark Shaw; Privateer)",Character,,1st Issue Special #5,Aug-75,Y,Jack Kirby,"writer, pencils, cover",None,,,,7812D5E0-C34E-FB4F-ABB2-53E482A9328F
,Character,,,,,D. Bruce Berry ,inks,None,,,,A9360E70-831E-7143-B21B-3E9FC403881D
"Manhunter
(Paul Kirk Clone)",Character,,Secret Society of Super-Villains #1,May-76,N,Gerry Conway,writer,Exclusive,,,,C144184E-8778-5441-BF28-77CD384A454C
,Character,,,,,Pablo Marcos,pencils,None,,,,F8F924C5-9FD7-584E-9148-090E3DB4B799
,Character,,,,,Robert R. Smith,inks,None,,,,FC7DE331-6EBB-AC47-9997-F880727455AF
,Character,,,,,Ernie Chan,cover,None,,Deceased,,C0D0E651-86A3-1C4E-93E5-DDC36AE53F4F
"Manhunter
(Chase Lawler)",Character,,Manhunter #0,Oct-94,Y,Steven Grant,writer,WFH,1994,,,C272275C-E84D-5744-A5A5-773A0682C0F3
,Character,,,,,Vincent Giarrano,"pencils, inks, cover",WFH,1994,,,ABB3B72A-6D55-9F46-90CC-9FB1DC49BF2F
,Character,,,,,Adrienne Roy,color,Exclusive,,Deceased,,29D3C852-DEF9-B94A-876A-10A601F6F80B
"Manhunter
(Kirk DePaul)",Character,,"JLA #61
""The Power Principle""",Feb-02,N,Kurt Busiek,writer,WFH,,,,19F15EC3-3E86-5E49-8C58-8E9DB44F2AE1
,Character,,,,,Tom Grummett,pencils,WFH,,,,2D84FA21-5DA8-7A42-B5A0-A2B5A104CAB7
,Character,,,,,Wade Von Grawbadger,inks,WFH,,,,C8FFDD12-C29A-8248-A820-2D64188DD70B
,Character,,,,,Doug Mahnke,cover pencils,WFH,,,,4DD804D3-ABF2-5944-BBF0-4AF57DF095F8
,Character,,,,,Tom Nguyen,cover inks,WFH,,,,CA6EFCD6-E159-8C4C-9BD5-01B44A97C983
,Character,,,,,Alex Sinclair,color,N/A,,,,EF09DEC0-1897-F147-AD06-30B230377FE9
"Manhunter
(Kate Spencer)",Character,,Manhunter #1,Oct-04,Y,Marc Andreyko,writer,WFH,,,,04D9E3DB-B19D-7D40-90EE-DDE7B204D7D6
,Character,,,,,Jesus Saiz,pencils,WFH,,,,05A4087D-CB43-F545-84A7-5A2DA2494189
,Character,,,,,Jimmy Palmiotti,inks,WFH,,,,CA4FCFB6-5643-1E43-A9F3-FF22ECBB20F7
,Character,,,,,Jae Lee,cover,WFH,,,,6AF5B08A-AFE4-1047-8001-EBB07E5B77AB
,Character,,,,,Steve Buccellato,color,N/A,,,,DA0D3C49-265B-5D44-AB01-54443A3B0D73
The Manhunters,Character,,1st Issue Special #5,Aug-75,Y,Jack Kirby,"writer, pencils, cover",None,,,From Benjamin Le Clear: No 4th World Connection at all. 1st Issue Special was where they tried out new series ideas. Kirby had done the original Mahunter (Paul Kirk) strip back in the 40’s for us with Joe Simon. The 1st issue Special story took the old strip name updated it with a new character/version named Mark Shaw with a distinctive costume that would also be used by the later versions of the Manhunters.This 1975 tryout strip and character is just called MANHUNTER. DC did not launch it as a new series – but picked up the concept  and expanded it greatly in other series starting with Justice League of America #140. But Justice League of America #140 is actually directly connected to earlier Jack Kirby story in 1st Issue Specials (I’ve wrongly thought for years that they only took the look of the Manhunters from Kirby – but  it’s Mark Shaw and his other characters appearing in JLA #140). Even though The Manhunters have morphed into an Army of Machines –  Kirby deserves credit for both the original design and concept of The Manhunters. JLA #140 expanded the concept – but is a follow-up issue to Kirby.  ,EB0B2DD5-1140-3A4B-BD98-8AA5F3E21385
,Character,,,,,D. Bruce Berry ,inks,None,,,,15A170B8-2673-4B4B-BD72-9911D11B37FA
Mano,Character,,Adventure Comics #352,Jan-67,Y,"James ""Jim"" Shooter",writer,None,,,,CDAAF111-569E-184A-9E8F-DF0F8BC67E33
,Character,,,,,Curt Swan,"pencils, cover pencils",None,,Deceased,,E4D0274F-CE9D-5245-818D-239EF241A14A
,Character,,,,,George Klein,"inks, cover inks",None,,Deceased,,A1A19AB9-3809-4541-9730-179CA57759E7
"Manticore
(Mythological figure)",Character,Doom Patrol 110,Justice League of America #2,Dec-60,N,Gardner F. Fox,writer,Creator Recognition,,Deceased Creator recognition agreement is with heirs.,,17F958DE-DE1F-A84D-9A41-C901C187562F
,Character,,,,,Mike Sekowsky,"pencils, cover pencils",None,,Deceased,,2ADD21EC-7CE4-D047-B3D5-2FEC2A0B8586
,Character,,,,,Bernard Sachs,inks,None,,Deceased,,B80CBD60-1248-A24E-AE22-70F2D416417F
,Character,,,,,Murphy Anderson,cover inks,None,,Deceased,,FB61DC3C-2CE3-3C47-A2C4-61B8E5A31F4A
"Manticore
(Global Guardians hero)",Character,"Powerless
(Global Guardians)",Green Lantern #10,May-06,N,Geoff Johns,writer,WFH,,,,FC21B50B-3F76-244C-986E-308032E6487C
,Character,,,,,Ivan Reis,pencils,WFH,,,,8A7BC44E-440D-1F4D-A8B1-1DA6210949B0
,Character,,,,,Marc Campos,inks,WFH,,,,2A254805-9843-1048-9413-A919C5BA5BCC
,Character,,,,,Simone Bianchi,cover,WFH,,,,65858312-F41B-274E-A14F-D75D21FD3961
,Character,,,,,William Moose Baumann,color,N/A,,,,D45524B4-DAD6-7444-B1B1-E65374B913E2
"March Hare
(Harriet Pratt)",Character,Lego Batman,Detective Comics #841,Apr-08,Y,Paul Dini,writer,Exclusive,,,,9ADD2547-FCE7-FC43-87D7-ED82413DB06D
,Character,,,,,Dustin Nguyen,"pencils, cover",WFH,,,,DB0B124C-DBFA-DE42-98BD-08D3D5B1B774
,Character,,,,,Derek Fridolfs,inks,WFH,,,,491604FB-D7D2-094A-8925-9FB7396D3342
,Character,,,,,John Kalisz,color,N/A,,,,E733AE85-110B-824C-B5E1-78AB74AB0791
Marcy Reynolds,Character,,New Teen Titans #8,Jun-81,N,Marv Wolfman,writer,Exclusive,,,,51127E06-58A8-B345-ADC0-2E2C3ECC640E
,Character,,,,,George Perez,"pencils, cover",None,,,,3B560580-78BC-1B45-9E03-0438784401CD
,Character,,,,,Romeo Tanghal,inks,Exclusive,,,,9DFB71FF-74DA-0E46-9F00-9306836D8694
,Character,,,,,Adrienne Roy,color,Exclusive,,Deceased,,F4CEB9EC-A446-BC42-B3FA-5CA0CE4B47BF
Maria Montez,Character,Stargirl 104,Infinity Inc. #26,May-86,N,Roy Thomas,co-writer,Writer,,,,4322F6F4-2DDB-964A-BE2D-AEB4F7378826
,Character,,,,,"Dannette ""Dann"" Thomas",co-writer,None,,"We believe that Roy Thomas entered into a separate agreement with Dann Thomas for writing services, but we do not have a copy of it.",,99B28E8F-878A-E34C-B448-80D19AEBAA50
,Character,,,,,Todd McFarlane,"pencils, cover",None,,,,DED16AE5-B11B-1748-821C-2996A0EA7857
,Character,,,,,Tony DeZuniga,inks,None,,,,DF12DC13-C74F-4B42-A4E7-660D8173DBB2
,Character,,,,,Carl Gafford,color,N/A,,,,FCA14A06-FB7C-0C4E-B5FE-8D99BA341A9F
Marie Granger,Character,Titans 110,Hawk & Dove #5,Feb-89,N,Karl Kesel,"co-writer, inks, cover inks",WFH,,,,EF3573E1-F92D-E14C-8D35-FC7C798866EF
,Character,,,,,Barbara Kesel,co-writer,WFH,,,,03886CC0-2A73-734D-A0A8-798A7F628E4F
,Character,,,,,Rob Liefeld,"pencils, cover pencils",WFH,,,,66598879-06F6-0649-BE58-E16770B596CE
,Character,,,,,Glenn Whitmore,color,N/A,,,,50CDCF71-F4D4-2D41-89ED-30CA52EC6190
Mario Falcone,Character,Gotham 311,Batman: Dark Victory #1,Dec-99,N,Jeph Loeb,writer,Prestige Writer,,,,3DBF2A84-CE4A-DF4B-ADC8-3110A77CE218
,Character,,,,,Tim Sale,"pencils, inks, cover",Prestige Artist,,,,1DC0E00B-0D76-E14E-9782-35EA4E8F5F0C
,Character,,,,,Gregory Wright,color,Color Artist (Upscale),,,,CE542ACD-AEB5-344B-A200-B70E6FC773AB
Marlon,Character,"Point Blank
Sleeper",Sleeper: Season 2 #7,Feb-05,N,Ed Brubaker,writer,WFH,,,,83789130-1F77-A44E-B1F2-61B8657C8940
,Character,,,,,Sean Phillips,"pencils, inks, cover",WFH,,,,32994DDF-A61E-F94E-933B-D7309AE30022
,Character,,,,,Carrie Strachan,color,N/A,,,,9796C4A5-1968-EE46-AC4C-1DCECCF000A5
Marlon Corbet,Character,,Challengers of the Unknown #1,Feb-97,Y,Steven Grant,co-writer,WFH,,,,27EFE830-2C35-6E4D-8327-A42D5D90F5EE
,Character,,,,,Len Kaminski,co-writer,None,,WFH agreements for issues #2-3 have been located.,,FA00B397-6608-7942-8174-8ED0D43BB8D9
,Character,,,,,John Paul Leon,"pencils, cover pencils",WFH,,,,B43C787A-BF7D-134A-B81B-F879785AF2EC
,Character,,,,,Shawn C. Martinbrough,"inks, cover inks",WFH,,,,566216E6-747B-E14C-8E81-F6B3E2BBF3B6
,Character,,,,,Matt Hollingsworth,color,Exclusive,,,,C65ED69C-8437-074B-B6DB-DCE70F5161D6
"Martha Kent
(Ma Kent; Mary Kent)",Character,"Justice League
(2017)","as Mary Kent:
Superman #1",Jun-39,N,"Jerome ""Jerry"" Siegel",writer,Settlement,,Deceased Settlement is with heirs.,,B046A3CC-81C4-854C-A77D-8250E3F8EBA3
,Character,,,,,Joe Shuster,"pencils, inks",Settlement,,Deceased,,6018DC8E-8665-634C-B50F-5CEAE1614BC9
,Character,,"as Martha Kent:
More Fun Comics #101
""The Origin of Superboy""",Jan-45,N,"Jerome ""Jerry"" Siegel",writer,Settlement,,Deceased Settlement is with heirs.,,F62A20A8-E0E5-0048-AD31-38DA1A5FA062
,Character,,,,,Joe Shuster,"pencils, inks",Settlement,,Deceased,,DD16F561-EF1B-6448-AB25-171A0B300B58
,Character,,,,,Maurice Del Bourgo,cover,None,,,,8AF803BB-E8DE-6E49-8C0B-880A9D219630
"Martha Wayne
(Martha Kane)",Character,,"Detective Comics #33
""The Batman - How He Came To Be""",Nov-39,N,Bill Finger,writer,Contributor Recognition,Y,Deceased Contributor Recognition Agreement is with heir.,,826D0CE9-8DDE-804F-AF4E-42A1CDDEA2A7
,Character,,,,,Bob Kane,"pencils, inks, cover",Services Agreements,Y,Deceased,,DE9F00D7-0426-9348-A5FD-C95492668247
"Martian Manhunter
(J'onn J'onzz; John Jones)",Character,,"Detective Comics #225
""The Strange Experiment of Dr. Erdel""",Nov-55,N,Joe Samachson,writer,Creator Recognition,2011,Deceased Creator Recognition Agreement is with heirs.,,B216CB7B-6027-D84A-AF59-0E96A8F5ACE2
,Character,,,,,Joe Certa,"pencils, inks",Creator Recognition,2011,Deceased Creator Recognition Agreement is with heirs.,,BFF44D9C-5F2B-B54D-8600-B65F31ACF367
,Character,,,,,"James Winslow ""Win"" Mortimer",cover,None,,Deceased,,42337B06-BF3B-5142-9A88-DFA025E1CC49
Martin Jordan,Character,"Green Lantern
(2011)",Green Lantern: Emerald Dawn #1,Dec-89,N,"Jim Owsley
(Christopher Priest)",writer,WFH,,,,27154C26-1796-D348-96D4-47322C56B4F1
,Character,,,,,"Mark ""M.D."" Bright","pencils, cover pencils",WFH,,,,802AFC9D-651A-694F-9BD5-D5474D7522B3
,Character,,,,,Romeo Tanghal,inks,WFH,,,,1E9DC0AB-BCB7-FC48-BB54-6AD31823805B
,Character,,,,,Klaus Janson,cover inks,WFH,,,,02E82F09-A3E5-1843-8EE8-B1AACF3D6E72
,Character,,,,,Anthony Tollin,color,Exclusive,,,,51C64BD7-33D0-AF4B-A763-09B431874EFB
Mary Kramer,Character,Stargirl 101,Stars & S.T.R.I.P.E. #0,Jul-99,N,Geoff Johns,writer,WFH,,,,2E19C298-7ED7-5147-8B4A-0F288CA0C201
,Character,,,,,James Robinson,writer,Exclusive,,,,3C24FE36-B731-4D47-A576-0D9AB0CB5633
,Character,,,,,Lee Moder,"pencils, cover pencils",WFH,,,,F7767633-DB97-EC40-80DD-BC15DA9A7B0C
,Character,,,,,Chris Weston,pencils,WFH,,,,C7DA88BC-2C62-A145-9BA9-E1ADBC798121
,Character,,,,,Dan W. Davis,"inks, cover inks",WFH,,,,7A525772-2F85-ED43-885D-DF760A32D49F
,Character,,,,,John Stokes,inks,WFH,,,,DF471682-E8CA-7C47-8213-6C6505955F28
,Character,,,,,Carla Feeny,color,N/A,,,,03CE7805-982F-7348-8658-A512DAF2A105
"Mary Marvel
(Mary Batson)",Character,Shazam,"in Fawcett Comics:
Captain Marvel Adventures #18
""Captain Marvel Introduces Mary Marvel""",Dec-42,Y,Bill Parker,writer,None,,See also: Fawcett Purchase Agreements,,F2D00F6C-C686-EE4C-922E-489C9449FFA4
,Character,,,,,"Charles Clarence ""C.C."" Beck","pencils, inks, cover",None,,,,69202602-56C4-B341-B8E1-CD11584017C1
,Character,,"in DC Comics:
Shazam! #1",Feb-73,N,Dennis O'Neil,writer,Creator Recognition,,,,EA097562-9F11-DE4C-81DA-6097A96D7E2A
,Character,,,,,"Charles Clarence ""C.C."" Beck","pencils, inks, cover",None,,Deceased,,FC007FF6-CA00-EF41-A971-0706061DC788
Mas y Menos,Character,,"Teen Titans
""Titans East""",Jan-05,,Marv Wolfman,writer,,,,,4C0910CD-D7F6-2A4D-9B23-1923E08B9C46
,Character,,,,,Glen Murakami,producer,,,,,505FA133-8F0E-8145-8DC1-F7DA25AFDB07
,Character,,"in DC Comics:
Teen Titans #38",Sep-06,N,Geoff Johns,writer,Exclusive; WFH,,,,CCBDF3C5-3301-FA49-80F6-41653D05B995
,Character,,,,,Carlos de Fernando Ferreira Souza,pencils,WFH,,,,BBD4D9DC-9204-2D4A-9C4F-A6F989885638
,Character,,,,,Art Thibert,inks,WFH,,,,D57E4902-61A6-FD48-AB27-2D99750F37B8
,Character,,,,,Drew Geraci,inks,WFH,,,,5165C5E8-4941-A143-82B6-FDD1CD665998
,Character,,,,,Tony S. Daniel,cover,WFH,,,,8C896DBB-3E65-7643-B986-B6853B72E2BE
,Character,,,,,Tanya Horie,color,Exclusive,,,,C7CADF98-D89B-B348-A676-C69B6837679A
,Character,,,,,Richard Horie,color,Exclusive,,,,9A924F44-CC01-1F41-80E7-55E9AB5CA54A
"Master Jailer
(Carl Draper)",Character,"Supergirl 114
(2/22/2016)",Superman #331,Jan-79,Y,Martin Pasko,Writer,Exclusive,2016,,,3DCCD2CE-537F-2E49-9887-3F3896F2D9F8
,Character,,,,,Curt Swan,Pencils,Exclusive,,Deceased,,53EC05C4-F46F-F44B-88C9-97DC89FBE02A
,Character,,,,,Frank Chiaramonte,Inks,None,,"Chiaramonte does have an exclusive agreement beginning in March 1979.
Deceased",,53BFE7A0-65F3-2343-8348-150E5B7B8904
,Character,,,,,Adrienne Roy,Color,N/A,,Deceased,,53490647-92A7-B74C-9D44-1E61057AB7E3
,Character,,,,,Ross Andru,Cover Pencils,Exclusive,,,,7B5564E4-6BE8-3746-8D6B-401B99C34015
,Character,,,,,Dick Giordano,Cover Inks,Exclusive,,"Giordano was an employee of DC at this time.
Deceased",,3DB83811-A72A-6440-AA2D-C733B01B6C53
Matches Malone,Character,"Gotham 210
(11/23/2015)","Batman #242
""Bruce Wayne -- Rest in Peace""",Jun-72,N,Dennis O'Neil,writer,Creator Recognition,2012,,,E9B83D52-FCA1-D84C-BD91-10120EB690AC
,Character,,,,,"Irving ""Irv"" Novick",pencils,None,,"Novick was an employee of DC Comics from 5/9/67 - 12/28/84.
Deceased",,70A077E6-6A54-E245-84E3-9FE25B44279F
,Character,,,,,Dick Giordano,inks,N/A,,"Giordano was an employee of DC at this time.
Deceased",,E3387EF8-6735-A842-A6F7-9D7BABD432ED
,Character,,,,,Michael William Kaluta,cover,None,,,,74E5280F-B93D-E348-82B9-85A47F212B7F
"Matter-Eater Lad
(Tenzil Kem)",Character,,"Adventure Comics #303
Legion of Super-Heroes: ""The Fantastic Spy""",Dec-62,N,Jerry Siegel,writer,None,,,,BCA363D7-0C4F-3548-A652-1C129DFD7FF4
,Character,,,,,John Forte,"pencils, inks",None,,,,A12A21BF-4762-D946-9A1D-50D1487809F6
"Matthew Cable
(See also: Matthew the Raven)",Character,Swamp Thing 101,Swamp Thing #1,Oct-72,Y,Len Wein,writer,Settlement,2002,Deceased,,A9B20173-C419-9F4E-95EA-2CE990BCABCA
,Character,,,,,Berni Wrightson,"pencils, inks, cover",Settlement,2002,Deceased,,E264FCE2-8D15-4C40-8E6E-3B33EB1AA7C6
"Matthew ""Red"" Ryan",Character,,Showcase #6,Jan-57,Y,Dave Wood,co-writer,None,,Deceased,,53FA634F-6B26-E94E-A907-EEE3BCC1E65A
,Character,,,,,Jack Kirby,"co-writer, pencils, cover",None,,Deceased,,00E39338-2A4B-FB48-AAE0-985E09B24E62
,Character,,,,,Rosalind Kirby,inks,None,,Deceased,,F9E3A2D4-278D-CC4C-82EA-F4B6648621E6
"Maul
(Jeremy Stone)",Character,"Point Blank
Sleeper",WildC.A.T.S.: Covert Action Teams #1,Aug-92,N,Jim Lee,"writer, pencils, cover pencils",WildStorm Employment Agreement,,See also: WildStorm Asset Purchase Agreement,,1513364C-50EE-BE45-B544-0F6E0255440B
,Character,,,,,Brandon Choi,writer,WildStorm WFH Acknowledgement,,,,23B28CFA-F327-544A-B37A-58C042989320
,Character,,,,,Scott Williams,"inks, cover inks",WildStorm WFH Acknowledgement,,,,1AEB25EA-8115-0547-9000-D82CEEC9B43C
,Character,,,,,Joe Rosas,color,N/A,,,,B5A05E89-EC15-6147-8142-6A2FBE26A2AD
Max Mencken ,Character,Superman and Lois 101,"“It's a Bird, It's a Plane, It's Superman” Broadway musical",1966,,,,,,,Cleared for verbal reference only for one episode.,5363ED6F-6FD2-EC43-BA24-D2C0716113D4
Maxima,Character,"Supergirl 119
(4/11/2016)",Action Comics #645,Sep-89,Y,Roger Stern,writer,WFH,1991,,,ED01E388-161E-B545-84DC-E3C6AC7CA87E
,Character,,,,,George Perez,"writer, pencils, cover",WFH,1991,,,9AFA471F-C3DB-1149-A990-6CF10DEA767E
,Character,,,,,Brett Breeding,inks,WFH,,,,A08586A5-B0F3-5D4D-B768-F18041899F5B
,Character,,,,,Glenn Whitmore,color,N/A,,,,EED99A83-8530-F748-AA26-4D038B013FD2
"Maximillian Zeus
(Maxie Zeus)",Character,"Gotham 219
(4/25/2016)","Detective Comics #483
""The Curse of Crime Alley""",Apr-79,N,Denny O'Neil,writer,Exclusive; Creator Recognition,"1993
2012",,,EB12C150-850C-4941-BFFD-18FE09EB98D0
,Character,,,,,Don Newton,pencils,None,1993,Deceased,,AEAB2A7A-F976-FF44-88D3-8F1153DDC439
,Character,,,,,Dan Adkins,inks,None,,Deceased,,0FBA6099-F20E-E645-B3E7-DDADAE339C05
,Character,,,,,Jose Luis Garcia-Lopez,cover,None,,,,CB9EE73A-007B-924B-B041-CEE86E24C9DB
,Character,,,,,Adrienne Roy,color,N/A,,Deceased,,52B4E00C-B159-F242-AC93-7871051C31E7
Maxwell Lord,Character,"Supergirl 102
(11/2/2015)",Justice League #1,May-87,N,John Marc DeMatteis,script,WFH,2004,,,8B39E929-0785-D745-BAA8-A968A2C3C807
,Character,,,,,Keith Giffen,writer,WFH,2004,,,8F615C3F-4BD9-7E49-AE41-23EF7D9B5E46
,Character,,,,,Kevin Maguire,"pencils, cover pencils",WFH,,,,0957A6ED-CD7D-8A45-9C59-521FA99B0CD8
,Character,,,,,Terry Austin,"inks, cover inks",WFH,,,,61696337-7A04-4D49-96A0-EC28A971B076
,Character,,,,,Gene D'Angelo,color,N/A,,,,8B2CD131-7DD1-924B-862F-94468258BD9D
Mayor Brook,Character,,"Adventure Comics #250
Superboy: ""The Imposter from the Year 2958"" ",Jul-58,N,Bill Finger,writer,Creator Recognition,,,,9E94E89B-2B15-DF4D-B811-6B81DA66F530
,Character,,,,,John Sikela,"pencils, inks",None,,,,2CBA1112-9F99-9542-8531-B3805861AB31
"Mazahs!
(Alexander Luthor)",Character,,Justice League of America vol 2  #23,Oct-13,N,Geoff Johns,writer,WFH,,,,8CAA089F-8C23-0C41-9FF4-4D9F990CAF3B
,Character,,,,,Ivan Reis,pencils,WFH,,,,D860868E-CC10-9B4B-9438-816E1CBCEFAA
,Character,,,,,Joe Prado,inks,WFH,,,,7A70AA49-C373-7F4F-81E3-824F82367026
,Character,,,,,Eber Ferreira,inks,WFH,,,,288FEE98-2136-5F48-85F2-C7235FDFAFD5
,Character,,,,,Oclair Albert,inks,WFH,,,,7AAB0C38-851F-BF44-A79B-5AF2AFA8A7D3
"Mazing Man
(Siegfried Horatio Hunch III)",Character,,Mazing Man #1,Jan-86,Y,Bob Rozakis,writer,Writer,1984,,,1F2CE4ED-7601-D845-83F6-48006B5A0A2D
,Character,,,,,Stephen DeStefano,"pencils, cover pencils",Artist,1984,,,59E980B6-BB17-1344-826A-5BB17F8B60BE
,Character,,,,,Karl Kesel,"inks, cover inks",Artist,,,,C17A435F-089A-9745-9EA9-6787C5A36D50
M'Changa,Location,Legends 302,"As Vixen's home country (changed to Zambesi in 1987):
Justice League of America #234",Jan-85,N,Gerry Conway,writer,Exclusive,,,,FCE1FCA8-0EE1-6144-9DE0-25679382572F
,Location,,,,,Chuck Patton,"pencils, cover pencils",Exclusive,,,,D3B61E03-4E4D-894F-B5FC-5B43D6331533
,Location,,,,,Bill Anderson,inks,None,,,,48EC009B-B5AA-1B4D-B6ED-AB48CFFBC611
,Location,,,,,Dick Giordano,cover inks,None,,"Giordano may have been an employee of DC at this time.
Deceased",,FF261496-611A-C241-9A48-379D9678890D
,Location,,,,,Gene D'Angelo,color,N/A,,,,DDDD6EC5-7BEC-8347-BF56-C96F5813C88F
,Location,,"As a province of Zambesi:
Vixen Animated Series 102",Sep-15,N,Wendy Mericle; Keto Shimizu; Brian Ford Sullivan; Lauren Certo,writers,,,,,63EFF49C-789A-D244-ACAF-FCABEBA483EA
"Meena Dhawan
(Negative Flash, Fast Track, Doctor Dhawan)",Character,,The Flash vol 5 #1,Sep-16,N,Joshua Williamson,writer,WFH,,,,D09698AD-C5C3-F745-A3DD-47AE0133F739
,Character,,,,,Carmine Di Giandomenico,"pencils, inks",WFH,,,,C1968E36-DD5E-D94A-8695-1DDE86DB6AC0
"Melting Point
(Dr. Wangari Hollowell)",Character,Flash 416,Flash: Season Zero #12,Nov-15,N,Sterling Gates,writer,WFH,2017,"This comic was originally published in digital format; all vouchers are for digital issue #24, which is print issue #12",,3A93B4DC-205F-294F-A5FC-C5F588423674
,Character,,,,,Ibrahim Moustafa,"pencils, inks",WFH,2017,,,74BD6FFE-17D4-DF4F-96BB-0430B7623FBE
,Character,,,,,Philip Hester,pencils,WFH,,,,BB275672-306C-B541-9DD7-D474D8032EC0
,Character,,,,,Eric Gapstur,inks,WFH,,,,E62EC1F5-4487-FF4B-937D-C79261D90855
,Character,,,,,Nicholas Filardi,color,WFH,,,,8901F8E4-1BF1-2440-987F-2866DE44C753
"Menagerie
(Pamela)",Character,Supergirl 412,Action Comics #775,Mar-01,N,Joe Kelly,writer,Continuity Writer,,,,FA7F4E7D-B32F-8C48-B994-25485380EBF1
,Character,,,,,Doug Mahnke,pencils,Continuity Artist; WFH,,,,F8DE3A33-2C0D-F64E-B696-12DBC4C23606
,Character,,,,,Lee Bermejo,pencils,None,,,,60ECBF8C-A63A-824B-93AC-E508C4E50018
,Character,,,,,Tom Nguyen,inks,WFH,,,,5796D78C-9EDC-2040-9B8A-AB9E4C0B4E4C
,Character,,,,,Dexter Vines,inks,WFH,,,,63325527-437F-4743-B84B-E18ABA41EA82
,Character,,,,,Jim Royal,inks,None,,,,30232440-94D7-FE4E-BC19-C461DFD97102
,Character,,,,,Jose Marzan,inks,WFH,,,,1B265E51-A078-3549-9B6B-592B9C19CBDC
,Character,,,,,Wade von Grawbadger,inks,WFH,,,,488D0C77-98C5-7042-81FD-159C4A6E04D8
,Character,,,,,Wayne Faucher,inks,WFH,,,,D38DE801-4668-894D-94B0-AA2EBAD537AA
,Character,,,,,Tim Bradstreet,cover,WFH,,,,B9822BF7-2F5C-A84A-909A-B6F9B3330903
,Character,,,,,Rob Schwager,color,N/A,,,,BD69D19D-4785-7D40-B960-8358FD98AB8E
"Menagerie
(Sonja)",Character,,JLA #100,Aug-04,Y,Joe Kelly,writer,WFH,,,,067149AC-1482-7047-9951-A056911E771A
,Character,,,,,Doug Mahnke,"pencils, cover pencils",WFH,,,,BE21DC3A-78C0-0243-8940-5F47EEF12503
,Character,,,,,Tom Nguyen,"inks, cover inks",WFH,,,,D786545B-58E2-6D4E-97A8-5CFE000301E0
,Character,,,,,David Baron,color,Exclusive,,,,1C8C8188-4B28-9F4A-BD50-EF97190CF4A2
"Menagerie
(team comprised of Weasel, Lion-Mane, Elephant Man, Zebra-Man, Primape, Hellhound, Mauschen)",Property,,Forever Evil: A.R.G.U.S. #5,Apr-14,N,Sterling Gates,writer,WFH,,,,8BB9019A-1AE8-2D44-96B7-DFD9BB4A0318
,Property,,,,,Neil Edwards,pencils,WFH,,,,28F95F48-4DB3-BD40-95C2-B3E26B711AB3
,Property,,,,,Jason Paz,inks,WFH,,,,FF316D7E-007D-C64B-B3DB-3D0265EBCA08
,Property,,,,,Jay Leisten,inks,WFH,,,,5C29835E-805E-404F-9738-C60F9D0935D4
,Property,,,,,Jeremy Roberts,cover,WFH,,,,1B7E3B00-5A41-0344-A42E-5280939CF08E
,Property,,,,,Nathan Eyring,color,N/A,,,,7BD2016A-B543-9E42-876D-5583910966A6
Menalippe,Character,"Wonder Woman
(2017)",Wonder Woman #1,Feb-87,N,Greg Potter,writer,WFH,,,,3A0A9084-B5CD-A04B-96E9-6FC84AEA3C10
,Character,,,,,George Perez,"plot, pencils, cover",Continuity,,,,931D83ED-59C8-EF48-BA2A-2ED7A04A1E78
,Character,,,,,Bruce Patterson,inks,WFH,,,,B2A78804-314E-794B-9EFA-89838043DBCC
,Character,,,,,Tatjana Wood,color,N/A,,,,E85034C5-889B-8A48-ABAA-5817F6A716E5
"Mento
(Steve Dayton)",Character,,Doom Patrol #91,Nov-64,Y,Arnold Drake,writer,,2006,Deceased,,7BC79E31-3130-C84F-809F-75351F85824C
,Character,,,,,Bruno Premiani,"pencils, inks",None,,,,0D4DE8B6-B0EE-0A48-8A59-1FE0CEDA67B4
,Character,,,,,Bob Brown,cover,None,,,,4E56098C-DEBE-CD43-81B4-3B77513623CA
Mera,Character,,Aquaman #11,Sep-63,N,Jack Miller,writer,N/A,,Miller was an employee of DC at this time.,,8B9E6BDE-107A-7541-A879-27DBAB35ED59
,Character,,,,,"Nicholas Viscardi
(Nick Cardy)","pencils, inks, cover",None,,Deceased,,E56F41EC-D86A-8545-BBB9-1C09FF9DE70A
Mercury,Character,,Showcase #37,Mar-62,Y,Robert Kanigher,writer,N/A,,"Kanigher was an employee of DC from 2/3/47 through 5/31/82.
Deceased",,2200A1AD-F6CC-9B4E-87FF-9FE734A38B30
,Character,,,,,Ross Andru,"pencils, cover pencils",None,,Deceased,,56ECD2A3-4610-3844-923F-150315E332C9
,Character,,,,,Mike Esposito,"inks, cover inks",None,,Deceased,,095F661B-B08C-D34D-A83D-EE321B9DC8C2
Mercy Graves,Character,Supergirl 402,"Superman: The Animated Series
""A Little Piece of Home""",Sep-96,,Hilary J. Bader,writer,,,,,F39B1C52-F878-9E4A-86E2-046222686A67
,Character,,"First Comic Appearance:
Detective Comics #735",Aug-99,N,Greg Rucka,writer,WFH,,,,5B4239EE-C53A-1E4F-946B-DA43EA192E83
,Character,,,,,Dan Jurgens,pencils,WFH,,,,136C0631-C545-F84A-AE36-7DC4DE132AF9
,Character,,,,,Bill Sienkiewicz,inks,WFH,,,,437C098F-555E-6445-8C4D-C6D6111B7C13
,Character,,,,,Glen Orbik,cover painting,WFH,,,,C177327B-76C0-9449-B700-CC26D47164D0
,Character,,,,,Laurel Blechman,cover painting,WFH,,,,8F8F7EA1-A637-7849-971B-4F1EA286E916
,Character,,,,,Noelle Giddings,color,N/A,,,,4B5C9C20-BB12-6C48-8598-53507B4664A2
,Character,,,,,Wildstorm,color,N/A,,,,70316334-9076-8F48-90F8-2C71973A2134
"Merlin
(Golden Age)",Character,,"New Comics #3
""King Arthur""",Feb-36,N,Rafael Astarita,"writer, pencils, inks",None,,,,826C6773-13EE-F74C-8D60-32E70B6CBCF0
,Character,,,,,Vincent A. Sullivan,cover,None,,,,CEA57300-CB15-C640-A92E-A8F2701B24C2
"Merlin
(Silver Age)",Character,Dark Universe,The Demon #1,Aug-72,N,Jack Kirby,"writer, pencils, cover pencils",Fourth World Agreement,,Deceased,,080F12A6-6669-2F43-9128-170BFA23ABC7
,Character,,,,,Michael Royer,"inks, cover inks",None,,,,D2F1AF13-3A2F-314C-B7EF-96A5FF5C9817
Merlyn,Character,,"Justice League of America #94
""Where Strikes Demonfang?""",Nov-71,N,Mike Friedrich,writer,None,2016,,,C11F932B-BEB1-4E47-8C55-C2CC49B29E41
,Character,,,,,Neal Adams,"pencils, inks, cover",Creator Recognition,,Amendment to creator recognition to grant equity for this character has been sent.,,1B750D01-8F56-7843-BE9D-AE03FF2CE448
,Character,,,,,Dick Dillin,pencils,None,,Deceased,,ADA29FB4-D025-6047-ABB6-783B543B7414
,Character,,,,,Joe Giella,inks,None,,,,4DCE1C5A-FFE2-174D-9B65-4A4577F84C59
"Merry, Girl of 1000 Gimmicks
(Meredith ""Merry"" Creamer Pemberton; Gimmick Girl)",Character,Stargirl 101,"Star-Spangled Comics #81
""The Human Fly!""",Jun-48,N,Otto Binder,writer,None,,Deceased,,495862FC-A9C9-5E49-BE18-29CC11D303E4
,Character,,,,,"James Winslow ""Win"" Mortimer","pencils, inks, cover",None,,Deceased,,016C5202-634E-184E-83BB-122F752B7746
Metal Men,Property,,Showcase #37,Mar-62,Y,Robert Kanigher,writer,N/A,,"Kanigher was an employee of DC from 2/3/47 through 5/31/82.
Deceased",,250F75D8-A3A8-F74E-8188-D6A90588F437
,Property,,,,,Ross Andru,"pencils, cover pencils",None,,Deceased,,7525750F-57D1-B641-8BEC-F99C48FD2922
,Property,,,,,Mike Esposito,"inks, cover inks",None,,Deceased,,BA81AACB-15A6-A248-99E3-F2ABC6A7B54A
"Metallo
(John Corben)",Character,,"Action Comics #252
""The Menace of Metallo""",May-59,N,Robert Bernstein,writer,None,,Deceased,,BD86D412-70DC-7C4A-86B0-EFAEEC2C542F
,Character,,,,,Al Plastino,"pencils, inks",None,,Deceased,,4C649FF1-82E3-BB4A-A2C7-99996FB29173
,Character,,,,,Curt Swan,cover pencils,None,,Deceased,,6035F278-7737-0940-8454-C79D67268B0A
,Character,,,,,Stan Kaye,cover inks,None,,Deceased,,AF7373CA-DFDE-AA4D-9AF7-943AC667812F
,Character,,"Post-Crisis:
Superman #1",Jan-87,Y,John Byrne,"writer, pencils, cover",WFH,,,,09C3921C-4315-A041-8415-3C12A38CC522
,Character,,,,,Terry Austin,inks,WFH,,,,47260913-F60E-DC4B-A80D-C7F5D582C79C
,Character,,,,,Thomas Ziuko,color,N/A,,,,14DFC4BA-1EF7-DC42-8A9C-2DFA3782D335
"Metamorpho
(Rex Mason)",Character,,The Brave and the Bold #57,Dec-64,Y,Bob Haney,writer,Contributor Recognition,,Deceased Contributor recognition agreement is with heirs.,,A4284410-D618-B743-8361-BA22A41EF1E1
,Character,,,,,Ramona Fradon,"pencils, cover pencils",Creator Recognition,2016,,,9DFD52C2-F1D3-9745-90B4-5EEEFA7E1023
,Character,,,,,Charles Paris,"inks, cover inks",None,,,,059F5280-0414-324C-9408-EC141A15578C
Metron,Character,,New Gods #1,Mar-71,N,Jack Kirby,"writer, pencils, cover pencils",Fourth World Agreement,1982,Deceased,,CDCDB4EE-306F-7F42-8D62-676CC9271491
,Character,,,,,Vince Colletta,inks,None,,Deceased,,8F331A77-9C5C-F747-9513-6AF58F5AFB7F
,Character,,,,,Frank Giacoia,cover inks,None,,Deceased,,3E11FDB5-2DBE-6442-AF44-D98AF1229E27
Metropolis,Location,,"Action Comics #16
""Superman and the Numbers Racket""",Sep-39,N,"Jerome ""Jerry"" Siegel",writer,Settlement,,Deceased Settlement is with heirs.,,1C73524F-BEC8-194F-8303-DCA231575667
,Location,,,,,Joseph Shuster,pencils,Settlement,,Deceased,,83437F32-E7F4-6F4B-92B3-5983A9DFB868
,Location,,,,,Paul Cassidy,inks,None,,,,47F69299-593F-C744-952D-48A0F5B560FE
,Location,,,,,Fred Guardineer,cover,Contributor Recognition,,Deceased Contributor Recognition Agreement is with heir.,,CFDE74E1-1216-3C44-88AF-89EB0BDD407F
"Metropolis Monarchs
(Baseball team)",Property,Supergirl 301,Superman #206,Aug-04,N,Brian Azzarello,writer,WFH,,,,16D91A44-5936-D04A-A47B-56FB2BF8ACE2
,Property,,,,,Jim Lee,"pencils, cover pencils",Firewall Agreement,,,,8967D624-7EE9-9A48-BBDE-FE4CFC1C2C19
,Property,,,,,Scott Williams,"inks, cover inks",None,,,,B55E34F5-A423-724E-B7D4-9A1842CD2E36
,Property,,,,,Alex Sinclair,color,N/A,,,,EBDD6CC5-C50C-D04D-8F0F-82E7A6142C05
Midas,Character,Arrow 715,Green Arrow #3,Jan-12,N,J.T. Krul,writer,WFH,,,,A7D2D7B5-5599-4748-8EC6-90E61A006059
,Character,,,,,Dan Jurgens,layouts,WFH,,,,CF6DBB33-A654-AD4D-9720-518A11033485
,Character,,,,,George Perez,"finishes, inks",WFH,,,,BC6F6363-E6A4-E041-807D-9C71B294931D
,Character,,,,,Ray McCarthy,"finishes, inks, cover inks",WFH,,,,A5E767BC-6723-2D41-9D9F-88C639CBC35C
,Character,,,,,Howard Porter,cover pencils,WFH,,,,3D1D65D9-E9A4-6047-8E1C-C2EC0B8305B8
,Character,,,,,Tanya Horie,color,Exclusive,,,,A4E5E0F4-96EB-8842-93E3-A6ADD6CD17DE
,Character,,,,,Richard Horie,color,Exclusive,,,,DBA50ED1-8C97-3848-8FDC-5A35F73F735D
"Midnight, Mass.",Property,,"Midnight, Mass. #1",Jun-02,Y,John Rozum,"writer, creator",Sole Creator/First & Last Rights; Writer; Option,1999,,,231ABCC6-7B23-BE49-A953-6688FFBC41C4
,Property,,,,,Jesus Saiz,pencils,WFH,,,,6120E5F4-C2FF-BE44-B8EA-73DDFB21CF95
,Property,,,,,Jimmy Palmiotti,inks,WFH,,,,9A732187-B859-154C-BAFE-52D29D136532
,Property,,,,,Tomer Hanuka,cover,WFH,,,,02BAB656-C93F-6B4A-9480-7384B61C592A
,Property,,,,,Noelle Giddings,color,N/A,,,,C482348B-E237-7246-BA03-AD420B9C32AE
Midnighter,Character,,Stormwatch #4,Feb-98,Y,Warren Ellis,writer,None,,,,E9A88922-EFCF-014A-AF41-FA50AB3D5AC0
,Character,,,,,Bryan Hitch,"pencils, cover",None,,,,FAD1AFBB-2CCB-8446-9E19-E2BCF974FA81
,Character,,,,,Paul Neary,inks,None,,,,E11274D4-A31B-4D4F-8F1C-87589560C8AE
,Character,,,,,"Laura Martin
(Laura DePuy)",color,N/A,,,,63918045-FCDA-BC4D-A6D4-2905676AB14E
Mike Dugan,Character,Stargirl 101,"Infinity Inc. #11
(Newton & DeZuniga drew the frame story; Tuska & Machlan drew the pages in which Mike Dugan appears)",Feb-85,N,Roy Thomas,co-writer,Writer,,,,9D296852-3C9C-EE46-B7B2-72983E30C4AB
,Character,,,,,"Dannette ""Dann"" Thomas",co-writer,None,,"We believe that Roy Thomas entered into a separate agreement with Dann Thomas for writing services, but we do not have a copy of it.",,B51BB8F0-6F78-4846-BD3F-738C1D515D6D
,Character,,,,,Don Newton,pencils,None,,Deceased,,1AE7CAFA-2CAD-5948-BE05-23E782973716
,Character,,,,,George Tuska,pencils,None,,Deceased,,C8F14F7A-6F30-624C-B7CD-4426A5DEEEE0
,Character,,,,,Mike Machlan,inks,Artist,,,,D758605D-40F7-154D-AD56-3835853812A5
,Character,,,,,Tony DeZuniga,inks,None,,,,5AFE17CC-B992-7E4F-AAF9-178CCA8107F6
,Character,,,,,Jerry Ordway,cover,None,,,,CD791470-CFC8-2E4C-B438-28500429F4DC
,Character,,,,,Adrienne Roy,color,Exclusive,,Deceased,,00D0A5BD-92D9-2440-B1D5-B28FE93D475D
,Character,,,,,Anthony Tollin,color,Exclusive,,,,EA6C605D-5052-D744-82E5-E58107EABDB0
"Mikhail Arkadin
(Pozhar)",Character,Legends 104,Fury of Firestorm #62,Aug-87,Y,John Ostrander,writer,WFH,,,,5435B7B2-2B0C-D642-B054-B4BEDC06E2F6
,Character,,,,,"Joe J. Brozowski
(J.J. Birch)","pencils, cover pencils",WFH,,,,8B7F8F30-27C6-7242-871C-340ACF02EAD8
,Character,,,,,Dick Giordano,"inks, cover inks",WFH,,Deceased,,1E608081-FFB9-5E40-AE7C-52305E5E2E0C
,Character,,,,,Nansi Hoolahan,color,N/A,,,,4DDC4AC4-EDD5-FF4D-9272-F5D492CF8BB5
"Mime
(Camilla Ortin)",Character,Lego Batman,Batman #412,Oct-87,Y,Max Allan Collins,writer,WFH,,,,67D44BD6-334E-674A-BA95-38436F9C18FC
,Character,,,,,Dave Cockrum,pencils,WFH,,,,B95A08A2-E7B2-F543-ADC0-0D820A27126C
,Character,,,,,Don Heck,inks,WFH,,,,2CB620F5-D4EF-F241-924F-C6CB96339AC8
,Character,,,,,Kevin Nowlan,cover,WFH,,,,55D1230A-26E3-F443-B51B-E7B23CB93675
,Character,,,,,Adrienne Roy,color,N/A,,Deceased,,42343F73-8CC8-2648-935F-5EDF2A50B925
"Mindboggler
(Leah Wasserman)",Character,"Suicide Squad
(2016)",The Fury of Firestorm #29,Nov-84,Y,Joey Cavalieri,writer,WFH,,,,40C7A088-75F2-0F43-9799-624FB8DE277D
,Character,,,,,Rafael Kayanan,"pencils, cover pencils",WFH,,,,C311A614-951A-2741-B333-210D385263E8
,Character,,,,,"Rodolfo ""Rodin"" Rodriguez",inks,WFH,,,,06611F3E-F711-5742-9388-7480450C86A7
,Character,,,,,Dick Giordano,cover inks,WFH,,"Giordano may have been an employee of DC at this time.
Deceased",,38644199-47C0-E341-BB89-F9417285480E
,Character,,,,,Nansi Hoolihan,color,N/A,,,,EC997ADA-CD1C-EA49-A1DD-A57552B35DD3
Miracle Machine,Property,Supergirl  514,Adventure Comics #367 ,Apr-68,N,Jim Shooter,"writer, pencils",None,,,,F0A9DD08-BC92-864F-9A0A-DF0D305C8D75
,Property,,,,,Curt Swan,cover pencils,None,,,,416C2CDF-433F-6747-B23E-8C2BB7A03731
,Property,,,,,George Klein,inks,None,,,,F3BD4F29-D73E-2841-8AFC-2E6B9542969D
,Property,,,,,Sheldon Moldoff,inks,None,,Untitled & undated agreement ,,971F8842-8419-0D41-A48F-488DAE99D87C
"Mirage
(Kerry Austin)",Character,Arrow 406,Detective Comics #511,Feb-82,Y,Gerry Conway,writer,Exclusive,,Deceased,,74182E83-8CA6-E342-A08F-DAB1BBFAF244
,Character,,,,,Don Newton,pencils,Exclusive,,Deceased,,706ADCE5-EEEB-674F-B8FD-203316658E9E
,Character,,,,,Frank Chiaramonte,inks,Exclusive,,Deceased,,1DA14EC4-37B2-674C-868B-D66E35552F13
,Character,,,,,Rich Buckler,cover pencils,Exclusive,,,,2945DBF4-675A-7845-A266-C8F0E5A87C56
,Character,,,,,Dick Giordano,cover inks,N/A,,"Giordano may have been an employee of DC at this time.
Deceased",,CDE089E0-592E-2646-9DE4-9CEE457C89CF
,Character,,,,,Adrienne Roy,color,Exclusive,,Deceased,,D7107C3A-917F-5349-B663-F954F5B166C4
"Mirage
(Miriam Delgado)",Character,Arrow 406,New Titans Annual #7,1991,Y,Marv Wolfman,writer,Continuity,,,,6BB34A14-0AF0-5D45-9771-2D50945AB53B
,Character,,,,,Tom Grindberg,"pencils, cover",WFH,,,,A45B1303-55CA-BA4B-9326-F3A3D865A45E
,Character,,,,,Will Blyberg,inks,WFH,,,,847FC0E7-72C5-8844-AF7A-189C221D9949
,Character,,,,,Ian Akin,inks,WFH,,,,16B081E3-1201-1A40-A479-5B48C70CF624
,Character,,,,,Al Vey,inks,WFH,,,,CD8E5A9B-E855-C244-BA67-09CF0D2100B4
,Character,,,,,Adrienne Roy,color,Exclusive,,Deceased,,16825772-357B-F242-BF76-F5758998F78A
"Mirror Master 
(Silver Age Sam Scudder)",Character,"Flash
(2018)","Flash #105
""The Master of Mirrors""",Feb-59,,John Broome,writer,None,,,,8461EE7A-BECC-9B40-8D22-4D5511925D94
,Character,,,,,Carmine Infantino,"pencils, cover pencils",Settlement,,,,976FB1B2-64B2-D547-BAD0-9C203EEEFF6C
,Character,,,,,Joe Giella,"inks, cover inks",None,,,,C7490899-90ED-D74B-B6C0-55E6D8FB49C1
"Mirror Master
(Evan McCulloch)",Character,,Animal Man #8,Feb-89,,Grant Morrison,writer,WFH,,,,829C3664-4B87-5140-A516-83DAA0CE1103
,Character,,,,,Chas Truog,"pencils, cover pencils",WFH,,,,B00E4DA6-C772-1B48-8E62-6CCA90D60C0E
,Character,,,,,Doug Hazlewood,"inks, cover inks",WFH,,,,F86D298F-F141-894E-8438-4223F30B9ECC
,Character,,,,,Tatjana Wood,color,N/A,,,,7A9F9D4F-277B-704E-9A27-F904EDC1D733
"Mirror Master
(New 52 Sam Scudder)",Character,"Flash
(2018)",Flash #12,Oct-12,,Francis J. Manapul,"writer, pencils, inks, cover",WFH,,,,449E7079-063C-EE4D-AE8B-EE49EDF1CF68
,Character,,,,,Brian Buccellato,"writer, color",WFH,,,,8B94B028-4641-7D42-B776-DE1CEF345E81
"Misfit
(Charlotte ""Charlie"" Gage-Radcliffe)",Character,Birds of Prey,"as Batgirl:
Birds of Prey #96",Sep-06,N,"Tamra L. James
(Gail Simone)",writer,WFH,,,,B1F67401-1A0F-A347-A467-305C4644D8E6
,Character,,,,,Paolo Siqueira,pencils,WFH; Exclusive,,,,F536E8F1-A73D-164C-8F61-7123F7CA294A
,Character,,,,,Robin Riggs,inks,WFH,,,,D488B1C8-7BF7-E54C-8A40-CD785B12E325
,Character,,,,,Terry Dodson,cover pencils,WFH,,,,509E6379-EEDE-DA4A-85F7-A133FA435E85
,Character,,,,,Rachel Dodson,cover inks,WFH,,,,539F1330-8AEB-ED40-A53C-FC9689776B33
,Character,,,,,Hi-Fi Design,color,N/A,,,,B10D07D8-F42A-0342-B21D-8209BAD0B5E5
,Character,,"as Misfit:
Birds of Prey #101",Feb-07,N,"Tamra L. James
(Gail Simone)",writer,WFH; Exclusive,,,,2A928EA1-47BF-3F49-9C54-7C77A7E60BAA
,Character,,,,,Nicola Scott,pencils,WFH,,,,F9C778C0-393C-204E-BC87-6E0380518771
,Character,,,,,Doug Hazlewood,inks,WFH,,,,822A0E88-950B-BC4D-A50C-FF08026C5621
,Character,,,,,Stephane Roux,cover,WFH,,,,C90A8F99-053F-BC45-84EE-60163C516D53
,Character,,,,,Hi-Fi Design,color,N/A,,,,5FD0929F-04CD-6247-B249-833DF792A240
"Miss Martian
(M'gann Morzz; Megan Morse)",Character,Supergirl 203,Teen Titans #37,Aug-06,N,Geoff Johns,writer,Exclusive; WFH,,,,55108272-8B3C-524C-89A9-8F97255DC205
,Character,,,,,Tony S. Daniel,"pencils, cover",Exclusive; WFH,,,,A967D9C7-A0B0-944C-8C54-882972DC6FF0
,Character,,,,,Kevin Conrad,inks,WFH,,,,FF7EA401-7BE7-784B-8DAA-2B2AEF56F5D7
,Character,,,,,Norman Rapmund,inks,Exclusive; WFH,,,,BB6E6EA2-5A98-3F41-A220-84D665E3578B
,Character,,,,,Tanya Horie,color,Exclusive; WFH,,,,21C0A587-2D84-4E44-BB64-F306B2A6D0F4
,Character,,,,,Richard Horie,color,Exclusive,,,,D1033F96-957B-9047-AD84-A99DF3F49AB2
Miss Misery,Character,"Point Blank
Sleeper",Sleeper #2,Apr-03,N,Ed Brubaker,writer,WFH,,,,3E573167-B1B3-4843-8809-121A00877742
,Character,,,,,Sean Phillips,"pencils, inks, cover",WFH,,,,8FA67319-AAA4-4242-A69E-630933AC2F4A
,Character,,,,,Tony Avina,color,N/A,,,,7460715E-693C-3141-ABA2-1ABD93BB3255
,Character,,,,,Randy Mayor,color,N/A,,,,C9B80570-5A30-A946-90DA-972B577DA796
"The Mist
(Kyle Nimbus)",Character,"DC Creators Series
(Machinima)","Adventure Comics #67
""The Menace of the Invisible Raiders!""",Oct-41,N,Alfred Bester,writer,None,,Deceased,,41441611-6292-544F-B476-D04F2126F488
,Character,,,,,Jack Burnley,"pencils, inks, cover",None,,Deceased,,9E562283-04D7-8C46-BAE2-A69295065605
"The Mist
(Nash)",Character,"DC Creators Series
(Machinima)",Starman #0,Oct-94,N,James Robinson,writer,WFH,,,,70FFEE7F-F860-C843-BB6E-345559E63E0D
,Character,,,,,Tony Harris,"pencils, cover",WFH,,,,BB8AA557-6D9A-9C4D-8676-DD71B9EFA432
,Character,,,,,Wade Von Grawbadger,inks,WFH,,,,30BAC632-0875-6144-90C1-9680A88EA0E7
,Character,,,,,Gregory Wright,color,N/A,,,,246BEB08-A8DA-384F-B7E4-2A0C64AB7C39
Mister Mind,Character,Shazam,"in Fawcett Comics:
Captain Marvel Adventures #22
""The Pearl of Peril""",Aug-42,N,Otto Binder,writer,None,,See also: Fawcett Purchase Agreements,,8BF1F271-65CF-CB4D-B5DE-B1B4635B3225
,Character,,,,,"Charles Clarence ""C.C."" Beck","pencils, inks, cover pencils",None,,,,7D525D99-F151-A34E-90B0-466EE451F635
,Character,,,,,Pete Costanza,cover inks,None,,,,04D64336-C473-0F49-AD18-DC36C2295D56
,Character,,"in DC Comics:
Shazam #2
""The Astonishing Arch-Enemy""",Apr-73,N,Dennis O'Neil,writer,Creator Recognition,,,,815A0053-BD65-9E47-A79E-C2DCF8004BAE
,Character,,,,,"Charles Clarence ""C.C."" Beck","pencils, inks, cover pencils",None,,Deceased,,386F6139-F1E4-054F-946F-F48FCFCB6F6A
,Character,,,,,Jack Adler,cover inks,None,,Deceased,,3302315C-01F2-4548-9369-C31637DFB009
"Mister Miracle
(Thaddeus Brown)",Character,,Mister Miracle #1,Mar-71,N,Jack Kirby,"writer, pencils, cover pencils",Fourth World Agreement,1982,Deceased,,509CF45C-F77E-E747-A4F7-05F4E7A515FF
,Character,,,,,Vince Colletta,"inks, cover inks",None,,Deceased,,F4E09BBE-4094-3842-8840-0AFD3215989C
"Mister Miracle
(Scott Free)",Character,,Mister Miracle #1,Mar-71,Y,Jack Kirby,"writer, pencils, cover pencils",Fourth World Agreement,1982,Deceased,,6BB3B257-697E-734E-848F-CCDDB4F810CE
,Character,,,,,Vince Colletta,"inks, cover inks",None,,Deceased,,5EC0E1DC-0629-DE4D-9554-AFAC3F078758
"Mister Miracle
(Shilo Norman)",Character,,Mister Miracle #15,Aug-73,N,Jack Kirby,"writer, pencils, cover pencils",Fourth World Agreement,1982,Deceased,,112603A4-CFB6-4E43-88ED-04BD7DD3E166
,Character,,,,,Mike Royer,"inks, cover inks",None,,,,E8F1ED52-36C3-624C-A351-089B519B0579
Mister Mxyzptlk,Character,Powerless 102,"Superman #30
""The Mysterious Mr. Mxyztplk!""",Sep-44,N,"Jerome ""Jerry"" Siegel",writer,Settlement,,Deceased Settlement is with heirs.,,3D1B4966-35CD-DE4D-8D23-444C2918BE18
,Character,,,,,Joseph Shuster,pencils,Settlement,,Deceased,,C49E383D-E603-504E-A5C0-70DC9C641E63
,Character,,,,,Ira Yarbrough,"pencils, inks",None,,,,DF02ADE9-1A29-784B-BE22-E6EC4E6CFD60
,Character,,,,,Jack Burnley,cover,None,,,,AF30B58F-B4B2-0A4B-9497-68BB5506A086
"Mister Roulette
(Rigger Sims)",Character,,"Batman #75
""Mr. Roulette's Greatest Gamble""",Feb-53,N,David Vern Reed,writer,None,,Deceased,Cleared by Jay for Creative for use as Featured Character in Space Cabbie Series 03/23/21,66473722-8441-4444-ADA9-9D19982786FB
,Character,,,,,Dick Sprang,pencils,None,,"Deceased
Dick Sprang’s beneficiary is Yavapai Symphony Association. We’ve been paying Yavapai Symphony Association since 2000 for Dick Sprang’s royalties.",,000C4D4B-FC43-D547-BB62-7EB439BEF9FE
,Character,,,,,Charles Paris,inks,None,,Deceased,,A02FD3CD-5956-AE4F-AF63-C3C12E27BE73
,Character,,,,,J. Winslow Mortimer,cover,None,,Deceased,,96164397-7E1D-204D-A9AC-26215D562C0A
Mister Tawky Tawny,Character,Shazam,"in Fawcett Comics:
Captain Marvel Adventures #79
""The Talking Tiger""",Dec-47,N,Otto Binder,writer,None,,See also: Fawcett Purchase Agreements,,E5778998-7214-3944-8DDB-FB7B58CEF4F2
,Character,,,,,"Charles Clarence ""C.C."" Beck","pencils, inks, cover",None,,,,DFC94756-3EF1-AD44-BBA3-2F78FEF35334
,Character,,"in DC Comics:
Shazam! #1",Feb-73,N,Dennis O'Neil,writer,Creator Recognition,,,,85D7D0B8-758F-114B-9B0F-45F525359286
,Character,,,,,"Charles Clarence ""C.C."" Beck","pencils, inks, cover",None,,Deceased,,3EDA055D-8BBA-C14D-A8D4-B9330CB67EE0
Mister Toad,Character,"Gotham 308
*character used in show is ""not intended to be"" this character",Batman & Robin #1,Aug-09,N,Grant Morrison,writer,WFH; Exclusive,2011,,,B9373CC6-13FE-784B-B0D3-353FAE92F1BF
,Character,,,,,"Vincent Deighan
(Frank Quitely)","pencils, inks, cover",WFH,2011,,,9A498746-8F75-8D48-8833-2AFE1F4CB104
,Character,,,,,Alex Sinclair,color,Exclusive,,,,C9F0D689-5636-7842-89D6-AB55CA13FF06
Mitch Hoberman,Character,,"Action Comics Weekly #601
""Listening to the Mockingbird""",1988,N,Martin Pasko,writer,WFH,,,,57067D62-EFB4-0548-9457-A78A5A5350B7
,Character,,,,,Dan Spiegle,"pencils, inks",WFH,,,,3002ED91-9C6B-0A42-9734-8F335B06F845
,Character,,,,,Dave Gibbons,cover,WFH,,,,8E335A87-5ABF-DD43-8E75-0CE6309DCEF7
,Character,,,,,Carl Gafford,color,N/A,,,,F6748A74-D794-0B4E-A570-11B7C5CA0E8B
"Mnemosyne
(Titan)",Character,,New Teen Titans #11,Sep-81,N,Marv Wolfman,writer,Exclusive,,,,218924B0-97D7-3B44-B0BB-A140DBCD1423
,Character,,,,,George Perez,"pencils, cover",Exclusive,,,,E6E63D3C-817E-4D4B-A9E2-E2FB9DE5529A
,Character,,,,,Romeo Tanghal,inks,Exclusive,,,,FB4E2DC8-399D-BF4E-A0CC-EC5312C91F3C
,Character,,,,,Adrienne Roy,color,N/A,,,,1D8152F4-25FF-EC43-B5FC-6E47889E82C5
"Mnemosyne
(Amazon)",Character,"Wonder Woman
(2017)",Wonder Woman #10,Nov-87,N,George Perez,"plot, pencils, cover",Continuity,,,,2B12FEC2-874A-7641-A13D-10219C8E6960
,Character,,,,,Len Wein,script,WFH,,Deceased,,A8D121AC-30D9-A94F-97A5-67E06BEF9DBA
,Character,,,,,Bruce Patterson,inks,WFH,,,,18CB5367-7BFA-2B44-9907-7D2E90C4458A
,Character,,,,,Carl Gafford,color,N/A,,,,BC0A3AA4-DA0F-7D48-832F-CDAB24A16DEA
"Mob Rule
(Manuel Lago)",Character,Flash 501,Flash #1,Nov-11,N,Francis Manapul,"writer, pencils, inks, cover",WFH,2011,,,4A5D8B27-323A-334C-8812-4C18A1AD60F9
,Character,,,,,Brian Buccellato,"writer, color",WFH,2011,,,C6B742A1-6FF6-774E-94EC-3D6378C94C6B
"Mockingbird
(August Durant)",Character,,"as August Durant:
Secret Six #1",Apr-68,Y,E. Nelson Bridwell,writer,N/A,,"Bridwell was an employee of DC at this time.
Deceased",,99E7AE7A-2B3B-5540-B580-45DE200A22A6
,Character,,,,,Frank Springer,"pencils, inks, cover",None,,Deceased,,CBA783BB-C6C0-B243-977B-4D52676630BD
,Character,,"as Mockingbird:
Action Comics Weekly #601
""Listening to the Mockingbird""",1988,N,Martin Pasko,writer,WFH,,,,A9715C81-55F9-FF49-9509-0AC8C3D3489B
,Character,,,,,Dan Spiegle,"pencils, inks",WFH,,,,8D75A6D6-6860-4642-94CD-EEA1784D220B
,Character,,,,,Dave Gibbons,cover,WFH,,,,20DC7D40-D6B7-694A-94F4-E63920E09D71
,Character,,,,,Carl Gafford,color,N/A,,,,2AE2EF06-2F34-264B-B606-105D74125203
"Mockingbird
(Carlo Di Rienzi)",Character,,"as Carlo DiRienzi:
Secret Six #1",Apr-68,Y,E. Nelson Bridwell,writer,N/A,,"Bridwell was an employee of DC at this time.
Deceased",,250C0697-1059-F343-9E7D-9B08E3D70DC7
,Character,,,,,Frank Springer,"pencils, inks, cover",None,,Deceased,,07480C41-050F-BA40-BCD8-77CA4C23626D
,Character,,"as Mockingbird:
Action Comics Weekly #628
""Remains To Be Seen""",1988,N,Martin Pasko,writer,None,,,,33DD9872-4517-4D4A-9B13-CEEB5BE410AE
,Character,,,,,Frank Springer,pencils,WFH,,,,A625325C-39DB-6445-8B08-D1BA79BB4AB0
,Character,,,,,Frank McLaughlin,inks,None,,,,E7DB9686-B116-6141-A260-D6647BBD59A1
,Character,,,,,George Pratt,cover,None,,,,6ED2A0E1-2940-3D46-BD3B-117661F250C5
,Character,,,,,Carl Gafford,color,N/A,,,,5008BD75-C0D0-3D46-835B-376276FEE1EF
Moira Queen,Character,,Green Arrow Annual #7,Sep-95,N,Chuck Dixon,writer,WFH,,Note that there is some dispute over the first appearance see DCBL 268495,,0DEB89E7-C9ED-F34D-B3E6-8D38B4CAA6B5
,Character,,,,,Rick Burchett,pencils,WFH,,,,CDE0E26F-03B7-5947-9BC9-23AA1C5B5FBE
,Character,,,,,Chris Renaud,pencils,WFH,,,,D329A9E6-69AF-0748-8590-F86FB689BE60
,Character,,,,,Eduardo Barreto,inks,WFH,,,,F12E056B-6204-1B49-A2EF-B7ED6684B461
,Character,,,,,Gerry Fernandez,inks,WFH,,,,E02C85E0-4071-A145-AD5D-E01B82E52690
,Character,,"Green Arrow: Secret Files and Origins #1
“The Mantle”",Oct-02,N,Scott McCullar,writer,WFH,,,,F477F8E7-E827-5F45-9980-1149976A91AA
,Character,,,,,Rick Burchett,pencils,WFH,,,,D94466FE-533F-DF4F-B777-E9493D2AC1ED
,Character,,,,,Dan Davis,inks,WFH,,,,9F82C37E-C836-2B43-82F7-BAB522E39D24
"Mon-El
(Lar Gand)",Character,Supergirl 202,"Superboy #89
""Superboy's Big Brother""",Jun-61,Y,Robert Bernstein,writer,None,,Deceased,,3D4BE403-474F-DE41-BC24-6D6516DE8AF2
,Character,,,,,George Papp,"pencils, inks",None,,Deceased,,634C6396-7DC5-F54F-9A51-862229A08A5B
,Character,,,,,Curt Swan,cover pencils,None,,Deceased,,4E479D6B-9E56-7445-82C6-7F7D632000F7
,Character,,,,,Stan Kaye,cover inks,None,,Deceased,,76E964A6-E138-A94D-AD6E-DC3C1156BD62
Mongal,Character,Suicide Squad 2,"as unnamed infant:
Showcase '95 #8
""Exit to Eden Part 2""",Sep-95,N,Peter J. Tomasi,writer,WFH,,,,EDBBB280-207F-A644-BA62-F6144ADBA404
,Character,,,,,Scot Eaton,pencils,WFH,,,,8B72B2BC-C33D-DA40-9EBD-B0878117450C
,Character,,,,,Pam Eklund,inks,WFH,,,,7C986EC8-C1B1-6942-BE86-6736D8C14267
,Character,,,,,Dan Jurgens,cover pencils,WFH,,,,679EE047-F994-BA4B-AFD0-F4AA3E92B5F3
,Character,,,,,Terry Austin,cover inks,WFH,,,,13B8C6F2-B16C-BA4B-963C-82EF3F55F169
,Character,,,,,David Grafe,color,N/A,,,,001719BB-1B6B-4749-8098-4C9BF2525017
,Character,,"as Mongal:
Superman #170",Jul-01,N,Jeph Loeb,writer,Continuity Writer,,,,1275DAAD-2CDF-1049-B0CF-756CFEF457FD
,Character,,,,,Dale Keown,pencils,WFH,,,,595AAB23-6744-B64F-BE1C-0DD289D37C3E
,Character,,,,,Cam Smith,"inks, cover inks",WFH,,,,8AD83DCE-2B48-EC42-985C-C514B27BC8C3
,Character,,,,,Ed McGuinness,cover pencils,Continuity Artist,,,,01B80B15-308A-F34A-8875-28F6D9E3997D
,Character,,,,,Richard Horie,color,N/A,,,,C1117434-B70E-1B48-844D-2271F4C28596
,Character,,,,,Tanya Horie,color,N/A,,,,564A7177-48CB-B849-8218-F1F4E346094C
Mongul,Character,,"DC Comics Presents #27
""The Key That Unlocked Chaos""",Nov-80,Y,Len Wein,writer,None,1995,Deceased,,528C1EF6-6E41-3A4E-9418-51483FB6883E
,Character,,,,,Jim Starlin,"pencils, cover",None,1996,,,B7E2C60C-EA06-0847-B1F5-2E1F99680856
,Character,,,,,Dick Giordano,inks,Exclusive,,"Giordano may have been an employee of DC at this time.
Deceased",,836AD2ED-BF7F-8246-8BA8-7227F498BB75
,Character,,,,,Jerry Serpe,color,N/A,,,,6EBC4BC5-8785-D94F-BC59-5341B8A4F2B4
The Monitor,Character,Arrow 709,"New Teen Titans #21
""Beware the Wrath of… Brother Blood""",Jul-82,N,Marv Wolfman,writer,Exclusive,2004,,,F119738F-18D1-804C-9A31-02E21792A91D
,Character,,,,,George Perez,"pencils, cover",Exclusive,2004,,,7CE1E3A8-D7E0-CA4F-84FD-A95EBFB5E87E
,Character,,,,,Romeo Tanghal,inks,Exclusive,,,,629F16DF-7910-6447-85FD-7F79D61412AB
,Character,,,,,Adrienne Roy,color,Exclusive,,Deceased,,CCF7CF18-A0DF-694A-85FF-2BAAA70D3F48
The Morae,Character,,,,N,,writer,,,,,E61DB806-11FB-0743-AF6E-3444CC546286
,Character,,,,,,"pencils, cover",,,,,FD6C1595-C1F2-4540-922D-1AE4F19BCB53
,Character,,,,,,inks,,,,,3846D252-C62E-A349-988B-5D387F9A955B
,Character,,,,,,color,,,Deceased,,264D9736-614B-154B-80A4-6C3F02A81873
"Morgan Edge
(Morgan Edelstein)",Character,Supergirl 301,"Superman's Pal, Jimmy Olsen #133",Oct-70,N,Jack Kirby,"writer, pencils, cover pencils",None,,Deceased,,17869FEA-FC5D-2047-8095-2D8A60E2A5A9
,Character,,,,,Vince Colletta,"writer, inks, cover inks",None,,,,336563E6-DD12-404A-86DE-6A8C61FF4A76
Mother,Character,Gotham 422,"Batman Day Special #1
""The End of the Beginning""
*preview pages for Batman & Robin Eternal #1*",Oct-15,N,Scott Snyder,writer,Exclusive,,,,402C2C1F-05FD-7648-A403-C87B55471372
,Character,,,,,James Tynion IV,writer,WFH,2017,,,E8DF4170-4AB8-6649-9ABA-4082FCD03BA8
,Character,,,,,Tony S. Daniel,"pencils, cover pencils",WFH,,Character equity agreement sent; not yet signed,,FCE77BCF-865B-3342-B708-A36A78D0EC95
,Character,,,,,Sandu Florea,"inks, cover inks",WFH,,,,CA13C026-E9F5-3F42-8D1A-02C1EAFB581E
,Character,,,,,Tomeu Morey,color,WFH,,,,6066B41A-8528-7942-A7AF-707AEB675B5B
Mother Boxes,Property,"Justice League
(2017)",Forever People #1,Feb-71,N,Jack Kirby,"writer, pencils, cover pencils",Fourth World Agreement,1982,Deceased,,09D0CB5E-E0FE-D140-B6BF-ED1A828AE950
,Property,,,,,Vince Colletta,"inks, cover inks",None,,,,BA13D49F-5FB4-664D-9E03-7ACAF3D9AC97
"Mother Mayhem
(May Bennett)",Character,,"New Teen Titans #21
""Beware the Wrath of… Brother Blood""",Jul-82,N,Marv Wolfman,writer,Exclusive,1983,,,EFD36A47-A670-A743-8C60-46F42948C58E
,Character,,,,,George Perez,"pencils, cover",Exclusive,1983,,,E1E6B635-4578-CE48-8E37-8A0213F36528
,Character,,,,,Romeo Tanghal,inks,Exclusive,,,,4908553B-F39F-F04B-9D93-47940F922E06
,Character,,,,,Adrienne Roy,color,Exclusive,,Deceased,,46DF44F8-A37D-CE45-A4BB-5DEC8B9909A2
"Mr. Banjo
(Kurt Filpots)",Character,Plastic Man,"in Fawcett Comics:
Captain Marvel Adventures #8
""The Amazing Case of the Clue in Music""",Mar-42,N,"Charles Clarence ""C.C."" Beck","pencils, inks, cover pencils",None,,See also: Fawcett Purchase Agreements,,3235B232-4820-8845-861E-61FFBD4A2250
,Character,,,,,Pete Costanza,cover inks,None,,,,4BA05D37-1167-514F-AA14-B491AC13676B
,Character,,"in DC Comics:
DC Comics Presents #34",Jun-81,N,Roy Thomas,writer,Exclusive,,,,6C87E5CE-7405-DC48-9D7E-1DBB9BBEE5D4
,Character,,,,,Rich F. Buckler,"pencils, cover pencils",Exclusive,,,,A700CA95-35DE-DD4C-A461-F11BE3F38B13
,Character,,,,,Dick Giordano,"inks, cover inks",N/A,,"Giordano may have been an employee of DC at this time.
Deceased",,B173F6A4-38E3-6F46-9F6E-2826CB247DB3
,Character,,,,,Gene D'Angelo,color,N/A,,,,77782B4F-7486-2747-B0A3-9CBC0D8CD8B8
Mr. Barker,Character,"Point Blank
Sleeper",Sleeper: Season 2 #6,Jan-05,N,Ed Brubaker,writer,WFH,,,,46C06B42-3ADB-6242-B117-187021BBBB30
,Character,,,,,Sean Phillips,"pencils, inks, cover",WFH,,,,9E9E6196-9F93-7244-B5FA-D7AB1774F821
,Character,,,,,Carrie Strachan,color,N/A,,,,AFFFD43B-5EED-F04B-AC33-4C5AB4104F03
"Mr. Freeze
(Mr. Zero; Victor Fries)",Character,Lego Batman,"as Mr. Zero:
Batman #121
""The Ice Crimes of Mr. Zero""",Feb-59,Y,Dave Wood,writer,None,,Deceased,,12E4EA2F-D303-0E41-A705-ACBBC54A4F98
,Character,,,,,Sheldon Moldoff,pencils,None,,"Deceased
Per the library and Wayne Smith (Corp. Legal), please check to see if Bob Kane should also be included in credits.",,9808DE56-750E-5B4B-A767-23D437F38B79
,Character,,,,,Charles Paris,inks,None,,Deceased,,0A891934-474A-E14A-99E7-4072B90FDE7A
,Character,,,,,Curt Swan,cover pencils,None,,Deceased,,80E2A53B-C3E7-1E4D-A5C1-A38932B466FF
,Character,,,,,Stan Kaye,cover inks,None,,Deceased,,9EE3DECA-E60C-CA46-94B9-7A37AB89ABB1
,Character,,"as Mr. Freeze:
Detective Comics #373
""Mr. Freeze's Chilling Deathtrap""",Mar-68,Y,Gardner F. Fox,writer,Creator Recognition,2009,Deceased Creator recognition agreement with is with heirs.,,6F8031C8-6A17-4746-86E8-0D18826E531A
,Character,,,,,Bob Kane,pencils,Services Agreements,,Deceased,,BC414509-7BD5-4A4E-A671-4FC65F8AF252
,Character,,,,,Chic Stone,pencils,None,,"According to the GCD, although Kane was paid for this work, the pencil art in this issue was done by Stone.",,6222132A-5082-1E42-8C70-A1742021FAF6
,Character,,,,,Sid Greene,inks,None,,Deceased,,CEBABE36-FA84-3B4A-8F0E-9AB86C65D537
,Character,,,,,Irv Novick,cover,N/A,,"Novick was an employee of DC from 5/9/67 - 12/28/84.
Deceased",,466AC840-E676-044D-953A-1909CAE17A86
Mr. Majestic,Character,"Point Blank
Sleeper",WildC.A.T.S.: Covert Action Teams #11,Jun-94,N,Chris Claremont,writer,None,,See also: WildStorm Asset Purchase Agreement,,B1B2BD2D-5A9D-3740-A772-B5D6D7AAA7DD
,Character,,,,,H.K. Proeger,writer,None,,,,721FFFD5-6B43-CE49-A30B-7A4CECEEB1B6
,Character,,,,,Ryan Benjamin,pencils,None,,,,4C204411-C100-EF4D-ABF8-7BD30288389D
,Character,,,,,Jim Lee,pencils,WildStorm Employment Agreement,,,,C4F97388-CF24-6B45-8779-8FFB41BC01BD
,Character,,,,,Tom McWeeney,inks,None,,,,23AED18C-A87D-9145-8937-5764C866351C
,Character,,,,,Scott Williams,inks,WFH,,,,CDFE1E67-2E31-2F46-AADF-E4D8F92B6BA1
,Character,,,,,Joe Chiodo,color,N/A,,,,236511C4-0B69-5E42-81BA-7B9DDF660A80
"Mr. Terrific
(Terry Sloane)",Character,Arrow 403,"Sensation Comics #1
""Who Is Mr. Terrific?""",Jan-42,N,Charles Reizenstein,writer,Writer,,Deceased,,805A6FCE-8ED9-E048-8F8E-562CE3D82639
,Character,,,,,Harold Wilson Sharp,"pencils, inks",Artist,,Deceased,,F3CC0B82-7623-3246-AFA9-F8005FB3F645
,Character,,,,,Harry G. Peter,cover,None,,Deceased,,76139BC6-6AC0-7042-B2EB-14BBB8A4BC75
"Mr. Terrific
(Michael Holt)",Character,Arrow 403,The Spectre #54,Jun-97,N,John Ostrander,writer,Continuity,,,,98CCD0FC-DF41-984E-BACB-00651917DD69
,Character,,,,,Tom Mandrake,"pencils, inks",Continuity,,,,D1C01764-D0CC-B24F-A203-CD397BBDB326
,Character,,,,,Richard Corben,cover,WFH,,,,B36E445E-C639-5649-B062-BAE027C2632A
,Character,,,,,Carla Feeny,color,N/A,,,,706A9B37-BB6F-1241-9CA1-1B0B0DEF1833
Mr. Who,Character,Plastic Man,"More Fun Comics #73
""Mr. Who""",Nov-41,N,Gardner F. Fox,writer,Creator Recognition,,Deceased Creator recognition agreement with is with heirs.,,13882212-4346-8C4E-8AF8-419D0DAC734C
,Character,,,,,"Howard ""Hal"" Sherman","pencils, inks, cover",None,,,,715CA90A-BE07-0843-B27E-E1BE055BFC3D
Mr. Who,Character,Plastic Man,"World's Finest #31
""The Who Zoo Crimes""",Nov-47,N,George Papp,"pencils, inks",None,,Deceased,,DAFA0221-85A9-C144-9BC4-74EAB105C6BE
,Character,,,,,Jack Burnley,cover pencils,None,,Deceased,,88D5C1FF-4A16-C148-8670-95B5FC4D2759
,Character,,,,,Charles Paris,cover inks,None,,Deceased,,04FB69EA-70B4-3347-8148-0CEA2F3483C3
"Mr. Who
(""Czar"" Gargan)",Character,Plastic Man,"in Fawcett Comics:
The Marvel Family #22
""The Triple Threat""",Apr-48,N,Otto Binder,writer,None,,"See also: Fawcett Purchase Agreements
This character has never been published in DC Comics.",,0FF5B43C-A3F3-A545-A2B1-975103A5C688
,Character,,,,,Pete Costanza,"pencils, inks, cover",None,,,,D113085B-9431-BB46-8E2B-0CD05738D444
"Mr. Who
(Peter Wayne)",Character,Plastic Man,"in Fawcett Comics:
Bulletman #14
""Mr. Who""",Mar-46,N,Otto Binder,writer,None,,"See also: Fawcett Purchase Agreements
This character has never been published in DC Comics.",,3C1831FD-64B1-5B44-9823-26D72BC59F31
,Character,,,,,Jack Binder,"pencils, inks, cover",None,,,,676D4DFD-FC52-5A49-951F-8005543C044B
Mt. Pride Observatory,Location,Supergirl 203,Justice Society of America #1,Apr-91,N,Len Strazewski,writer,WFH,,,,C7B7BF87-844B-B245-B609-7CE386E1DADB
,Location,,,,,Rick Burchett,"pencils, inks",WFH,,,,CDC6530E-17B8-F94D-83D3-CADFAF02E627
,Location,,,,,Tom Lyle,cover,WFH,,,,30910E31-4164-7A4C-BF36-E6B6339B26AD
,Location,,,,,Thomas Ziuko,color,N/A,,,,5A36FACF-90D5-F245-B5C7-927A61F493B9
Mummer,Character,Gotham 420,"Adventure Comics #148
""Superboy Meets the Mummer""",Jan-50,N,Don Cameron,writer,None,,Deceased,,87AB8EF7-EE39-D846-939A-B1BA72B9AEA0
,Character,,,,,John Sikela,"pencils, inks",None,,Deceased,,FBFD0A14-04F2-8945-AF35-EF5394F79E2A
,Character,,,,,Al Plastino,cover,None,,Deceased,,DA2011AB-3F4F-9E41-81D1-96269E503BD2
"Murder of Crows
(Old Crow, Crows #1-5)",Property,Arrow 709,Batwoman #0,Nov-12,N,J.H. Williams III,"co-writer, pencils, inks, cover",WFH,2016,,,7C3BD5C0-A73C-6140-9975-338B0CC9976F
,Property,,,,,W. Haden Blackman,co-writer,WFH,2016,,,C5A6EFB9-0098-BE46-9224-CFAFE3078ABC
,Property,,,,,Dave Stewart,color,NA,,,,8185333B-663C-5742-B622-38285081DCB1
Mutant Leader,Character,Lego Batman,Batman: The Dark Knight Returns,Feb-86,N,Frank Miller,"writer, pencils, cover",Graphic Novel,,,,57974F67-CA89-3A48-A9E6-39436D578B9E
,Character,,,,,Klaus Janson,inks,WFH,,,,CB46A5C9-3F8E-144A-B60E-C1770AD04CF7
,Character,,,,,Lynn Varley,color,None,,We understand that Varley's work was subcontracted through Miller.,,DE0D4FE4-5D62-3847-B02A-998F61F8234F
Myrina,Character,"Justice League
(2017)","Divergence #1
""Darkseid War, Prologue Two: The Other Amazon""",Jun-15,N,Geoff Johns,writer,WFH,,"WFH agreements are for ""Justice League #41"" per Danny Alonzo",,63C70267-FFFF-DC4A-9624-A828EFE2B3DF
,Character,,,,,Jason Fabok,"pencils, inks",WFH,,,,8C3BFBEF-DC47-334B-8E1C-5EE4834A1916
,Character,,,,,Brad Anderson,color,WFH,,,,440FA70C-3792-7F42-BD54-7EFF1C952A35
"Myrra Rhodes
(Medusa)",Character,,"Weird War Tales #110
""A Mirror For Monsters""",Apr-82,Y,Robert Kanigher,writer,None,,"Robert Kanigher was employed by DCE from 2/3/1947 - 5/31/1982.
Deceased",,E818F522-313E-3044-A346-1BF925BFD972
,Character,,,,,Dan Spiegle,"pencils, inks",None,,,,E845BDFD-5FAE-4A44-8F83-F3E9EBCE577D
,Character,,,,,"Rich Buckler, Sr.",cover pencils,Exclusive,,,,1D89270B-2445-3B4C-8D66-88EC2B5D0D8B
,Character,,,,,Romeo Tanghal,cover inks,Exclusive,,,,EC5E3264-9835-6547-8570-1BB9A03F307F
,Character,,,,,Jerry Serpe,color,N/A,,Deceased,,333DC49D-5DA5-E241-95EA-57816D089B48
Nabu,Character,,"More Fun Comics #67
""The Origin of… Doctor Fate""",May-41,N,Gardner F. Fox,writer,Creator Recognition,2009,Deceased Creator recognition agreement with is with heirs.,,9A5702B4-18DE-0645-967A-4FAD323B192E
,Character,,,,,Howard Sherman,"pencils, inks",None,,,,9B1A6AF3-4039-4F41-936C-2AFBF6E1E72B
,Character,,,,,Bernard Baily,cover,None,,Deceased,,177683B1-A947-5544-B5DD-B5E9C7271C57
"Naomi
(Naomi McDuffie)",Character,,Naomi #1,Mar-19,Y,Brian Michael Bendis ,writer,WFH,YES,BA and Legal should be included in discussions early as there are additional obligations to Bendis. ,,6DF6832D-FB95-5941-AEE9-C4F5121BF540
,Character,,,,,David F. Walker,writer,WFH,,,,EED545FD-12B0-E241-A779-1B8CBA680CDB
,Character,,,,,Jamal Campbell,"pencils, inks, color",WFH,,,,2437E911-0453-6D48-9B7E-8F787AAE03D1
Nathan Cobblepot,Character,"Gotham 205
(10/19/2015)",Gotham Underground #9,Aug-08,N,Frank Tieri,writer,WFH,,,,6A8872E6-43BD-0F4A-89DD-24F63782D6A3
,Character,,,,,Jim Calafiore,"pencils, cover",WFH,,,,BFB44738-5283-494E-A6DD-BC3121D71488
,Character,,,,,Jack Purcell,inks,WFH,,,,A2F08F00-3826-2445-B264-46D56EBFE762
,Character,,,,,Brian Reber,color,N/A,,,,1606D6D9-A8CA-624C-A250-270AFFD2ACD0
Nathan Ellery,Character,Swamp Thing 107,Swamp Thing #1,Oct-72,N,Len Wein,writer,Settlement,2009,Deceased,,4C1ECB3C-139E-1F44-9B27-E29B34CDFDC6
,Character,,,,,Berni Wrightson,"pencils, inks, cover",Settlement,2009,Deceased,,1E42462D-8DAC-2243-8C02-19143797615E
Nathaniel Oberst,Character,"Point Blank
Sleeper",Sleeper #4,Jun-03,N,Ed Brubaker,writer,WFH,,,,DF0EB016-4B0C-AC43-8D51-2924FCD0530A
,Character,,,,,Sean Phillips,"pencils, inks, cover",WFH,,,,9F1F5CF4-8B01-514F-A637-161D7A8E021D
,Character,,,,,Tony Avina,color,N/A,,,,3CDFFACF-47E8-5B40-A900-281596E2FC53
Necrus,Location,Necrus,Aquaman #30 ,Dec-66,N,Bob Haney,writer,Contributor Recognition,,Deceased Contributor Recognition Agreement is with heirs. (DCBL #182646),,983BED1C-3ADD-F04E-BDEC-F8DAD33D4F1E
,Location,,,,,"Nicholas Viscardi
(Nick Cardy)","pencils, inks, cover",None,,Deceased,,045105D9-C00F-774C-B190-A355FCD80317
"Negative Man
(Larry Trainor)",Character,Doom Patrol,My Greatest Adventure #80,Jun-63,Y,Arnold Drake,writer,None,2006,Deceased,,E9AB480F-CC50-8D4E-88DD-12431F31569D
,Character,,,,,Bob Haney,writer,Contributor Recognition,,Deceased Contributor Recognition Agreement is with heirs.,,246629FE-D7F3-5B41-9BAF-795E16FABB8C
,Character,,,,,Bruno Premiani,"pencils, inks, cover",None,,Deceased,,33FCF412-BF8D-8345-9EF9-F871C909B6AB
New Gods,Property,,New Gods #1,Mar-71,Y,Jack Kirby,"writer, pencils, cover pencils",Fourth World Agreement,1982,Deceased,,2E3013BC-E8EA-6A46-ACF0-B7799F8760B5
,Property,,,,,Vince Colletta,inks,None,,Deceased,,26A450E0-571C-F84E-B095-066D6FA3C880
,Property,,,,,Frank Giacoia,cover inks,None,,Deceased,,525F901A-8ACC-1F45-A3AD-2B486B4C98B6
Nicholas Kotero,Character,Arrow 710,Green Arrow #124,Sep-97,N,Chuck Dixon,writer,Continuity Writer,,,,CCB585D0-8A7B-3146-AE8F-E3170F6CEC08
,Character,,,,,Will Rosado,pencils,WFH,,,,6CB719BE-01EF-6944-9C05-44E45042B782
,Character,,,,,Robert Campanella,"inks, cover inks",WFH,,,,0ABC60A3-47A3-5243-8084-1CC1C7EBA60C
,Character,,,,,Sal Buscema,inks,WFH,,,,02F59484-A465-3F4A-875F-843DCCE1201E
,Character,,,,,Rodolfo Damaggio,cover pencils,WFH,,,,A818C201-AA5C-D644-9BAE-E96CB80BFC61
,Character,,,,,Lee Loughridge,color,N/A,,,,6E0D5CDE-AEC3-654E-825A-44969647616A
"Nicholas Nolan
(Nick Necro; Nicholas Edgar Nolan)",Character,,"Justice League Dark #12
""War for the Books of Magic, Part 1""",Oct-12,N,Jeff Lemire,writer,WFH,,,,5263DB78-D3CC-964D-8206-1EC9654DB987
,Character,,,,,Mikel Janin,"pencils, inks",WFH,,,,92AB4A8F-FD46-6449-B7E6-54C0EE955105
"Night Force
(Baron Winters; Vanessa van Helsing, Donovan Caine, Jack Gold)",Property,,"New Teen Titans #21
""Night Force""",Jul-82,N,Marv Wolfman,writer,Writer,,,,55A756A5-F3BE-DF41-A47F-5022009C7DB1
,Property,,,,,Eugene Colan,"pencils, cover pencils",Exclusive,,Deceased,,7FF92B03-8DE4-F94C-9C0C-5E9DE208A4E2
,Property,,,,,Robert L. Smith,"inks, cover inks",None,,,,DEC8428B-F515-6F4F-92AB-76F7FFFE9AE6
,Property,,,,,Michele Wolfman,color,N/A,,,,82B87D49-38CA-C94E-AF5F-2E682ABF18CB
"Nighthawk
(Hannibal Hawkes)",Character,,"Western Comics #5
""The Lair of the Timberwolf""",Sep-48,N,Joe Millard*,writer,None,,Deceased,*There is some question as to the actual writer for this issue as some evidence suggests that it was actually Robert Kanigher (who was an employee at the time). Wayne approved use for All-Star Western,3FDAE430-A92D-AA4A-BD43-8A7CC3B88148
,Character,,,,,Charles Paris,"pencils, inks",None,,Deceased,,7E93BAAB-0490-6846-91CF-8C4A509B9D4A
,Character,,,,,Howard Sherman,cover,None,,,,46799149-7BC2-6F40-94B4-62EF18566630
"Nightmaster
(James ""Jim"" Rook)",Character,Dark Universe,Showcase #82,May-69,Y,Denny O'Neil,writer,Creator Recognition,,,,ECDE07CD-1BE1-3941-9E3C-3929EF98C715
,Character,,,,,"Jerry Grandenetti
(Charles J. Grandenetti)",pencils,None,,,,F60A34E2-33F6-1B4D-9461-CBACA428C727
,Character,,,,,Dick Giordano,inks,N/A,,"Giordano may have been an employee of DC at this time.
Deceased",,E16FC59F-0A19-CF42-B2B6-24D76181905B
,Character,,,,,Joe Kubert,cover,None,,Deceased,,775B6B99-D4A7-424D-B8B9-C1A1ACF27829
Nightrunner,Character,,Detective Comics Annual #12,Feb-11,N,David Hine,writer,WFH,,,,3DD2D33A-BE5E-9844-8B57-D0D6591CD817
,Character,,,,,Agustin Padilla,"pencils, inks",WFH,,,,B3EF19A7-3454-A244-99FA-DD5C1F703DD8
"Nightshade
(Ramulus)",Character,Plastic Man,"World's Finest #6
""The Adventure of the Magic Forest""",Jun-42,N,Jack Kirby,"writer, pencils",None,,Deceased,,5AAD48A9-856D-0D48-A18C-E749040E36B7
,Character,,,,,Joe Simon,inks,None,,Deceased,,4F0B7980-ED84-C742-9C5F-23CE568B8858
,Character,,,,,Fred Ray,cover,None,,Deceased,,EBE76AA1-A8B0-F74D-B183-2551B11844FA
"Nightshade
(Eve Eden)",Character,"Suicide Squad
(2016)","in Charlton Comics:
Captain Atom #82",Sep-66,Y,David Kaler,writer,None,,See Charlton Publications purchase agreement.,,EB45A901-D940-F949-925A-2B20813754A2
,Character,,,,,Steve Ditko,"pencils, cover pencils",Creator Recognition,2017,,,8488FFA0-6387-CC41-85EC-9005BE82B73C
,Character,,,,,Rocco Mastroserio,"inks, cover inks",None,,,,73178E61-C405-CD48-9512-7474158E4667
,Character,,"in DC Comics:
Crisis on Infinite Earths #6",Sep-85,N,Marv Wolfman,"writer, editor",Writer,,,,796972F8-D500-3B4A-9708-623753F32FD9
,Character,,,,,George Perez,"pencils, cover",Exclusive,,,,E27E5085-79A1-F245-A3B6-9C1B95620C0F
,Character,,,,,"Jeremiah ""Jerry"" Ordway",inks,None,,,,C20A8811-D3AF-8B45-9E5F-18C7119CCF7B
,Character,,,,,Thomas Ziuko,color,N/A,,,,DA5A6679-DAED-A74F-BCCF-23065FA3DD2C
"Nightwing
(Van-Zee)",Character,,"as Van-Zee:
Superman's Girl Friend, Lois Lane #15",Feb-60,Y,Edmond Hamilton,writer,None,,Deceased,,B5A97C38-DC2E-8647-99A3-3BC58ED4859C
,Character,,,,,Kurt Schaffenberger,"pencils, inks",N/A,,"Schaffenberger may have been an employee of DC at this time.
Deceased",,4686AAE4-30C4-4A4B-B4F2-7A9B7EB2E3ED
,Character,,,,,Curt Swan,cover pencils,None,,Deceased,,38363646-5491-A841-B66A-2013AEC62952
,Character,,,,,Stan Kaye,cover inks,None,,Deceased,,084A9008-EE50-4E44-8E06-645074833AB6
,Character,,"as Nightwing:
Superman #158",Jan-63,N,Edmond Hamilton,writer,None,,Deceased,,9CC399B5-E10F-BA4B-B45F-ADA6B25E4997
,Character,,,,,Curt Swan,"pencils, cover pencils",None,,Deceased,,062D7E94-7A56-AE48-B491-90725E1FAB94
,Character,,,,,George Klein,"inks, cover inks",None,,Deceased,,B0172D48-42FA-2E49-A6D9-3EBE0E32C401
"Nightwing
(Cheyenne Freemont)",Character,,Nightwing #118,May-06,N,Bruce Jones,writer,WFH,,,,ED739380-1E59-4249-AA1D-06F2D8CFDC0E
,Character,,,,,Joe Dodd,pencils,WFH,,,,CC22305C-B2B7-E740-9848-A0AE8CB678DD
,Character,,,,,Javier Bergantino Menor,inks,WFH,,,,F45E0F36-FC23-AB4B-A651-38F261A827CD
,Character,,,,,Mark Simpson,cover,WFH,,,,F276A8C0-4D4E-0940-93AB-C57BC1DF8B9F
,Character,,,,,Javier Rodriguez,color,N/A,,,,8F3440D0-7AAA-DB4A-9E49-53332C1E6156
"Nightwing
(Lor-Zod; Christopher Kent; Superboy)",Character,,"as Christopher Kent:
Action Comics #844",Dec-06,N,Geoff Johns,writer,WFH,,,,13940082-673C-3240-835D-FF33031E1E0C
,Character,,,,,Richard Donner,writer,Continuity,,,,9255427D-2704-5540-9C62-7F76892C7D72
,Character,,,,,Adam Kubert,"pencils, inks, cover",WFH,,,,79E8EEE9-FF09-A94C-B4CB-83D9B2209953
,Character,,,,,Andy Kubert,variant cover pencils,WFH,,,,ED48F365-4D53-434B-98D0-7FDA09A8CD55
,Character,,,,,Jesse Delperdang,variant cover inks,WFH,,,,1B87C959-7C43-A248-B4C6-A0EBECA603E3
,Character,,,,,David Stewart,color,N/A,,,,5B9B0A8D-6C78-F64B-93D4-444C2DAAD15C
,Character,,"as Nightwing:
Action Comics #875",May-09,Y,Greg Rucka,writer,WFH,,,,E10B07A1-FD67-9D41-8CF2-681EB32404E4
,Character,,,,,Eddy Barrows,pencils,WFH,,,,C2FB7229-F2B7-514A-9A6E-D0CACB955BC3
,Character,,,,,Ruy Jose,inks,Exclusive,,,,C3332A7B-49ED-5442-8811-78F22A32F22A
,Character,,,,,Julio Ferreira,inks,WFH,,,,B215132F-87B2-D442-B66E-544F4FBB0C2B
,Character,,,,,Andrew Robinson,cover,WFH,,,,73942F07-4E3F-9945-96AC-5DECFE320818
,Character,,,,,Rod Reis,color,N/A,,,,8DFA3661-517D-434F-B37B-ACDFFA55D57C
"Nihilist
(Simon Sanford)",Character,"Point Blank
Sleeper",Sleeper #1,Mar-03,N,Ed Brubaker,writer,WFH,,,,9885A3B6-9571-7446-A4CC-1EB77A73B9B4
,Character,,,,,Sean Phillips,"pencils, inks, cover",WFH,,,,9B3E9808-8D99-5044-9E06-5388695A6AD2
,Character,,,,,Tony Avina,color,N/A,,,,941469B1-F048-6240-9E5B-FAA3F2122A9B
,Character,,,,,Randy Mayor,color,N/A,,,,D5961806-33F9-5F48-8BE9-0B36600B8E51
Ninth Circle,Property,Arrow 714,Green Arrow #2,Sep-16,N,Benjamin Percy,writer,WFH,2017,,,C3C3F342-CB4D-1D4F-B8A0-C9EAA25F1D29
,Property,,,,,Otto Schmidt,"pencils, inks, color",WFH,,,,38E705DC-5940-4D44-A5C2-1E0FB9A98E35
,Property,,,,,Juan Ferreyra,cover,WFH,2017,,,3C5D2168-AFFC-484E-8FA3-3DC0B6AA397F
Niobe,Character,"Wonder Woman
(2017)",Wonder Woman #37,Dec-89,N,George Perez,"plot, cover inks",WFH; Continuity,,,,FD5F62C7-1ECF-B04A-B969-058D16B5EAE0
,Character,,,,,Mindy Newell,script,WFH,,,,84649285-60C1-B54E-BA35-5BEAF13A47F5
,Character,,,,,Chris Marrinan,"pencils, cover pencils",WFH,,,,4EDCFC08-2C6C-F241-824F-10D8328A9839
,Character,,,,,Steve Montano,inks,WFH,,,,77341718-FEDA-834E-804A-E857A119556D
,Character,,,,,Carl Gafford,color,N/A,,,,99F4212D-ABF5-9F4B-B91D-FB6410C2546B
"N'Or Cott
(also N'Orr Cott)",Character,,"Adventure Comics #449
Martian Manhunter: ""Mission: Catch a Killer""",Feb-77,N,Dennis O'Neil,writer,None,,,,B621953D-D90A-D943-AC39-67FDB5FBC78C
,Character,,,,,Michael Netzer,pencils,None,,,,8FA0FD93-F1BD-FC48-86D8-1DBAA9B90C5C
,Character,,,,,Terry Austin,inks,None,,,,74DE8894-8599-064B-981B-BA10976CDD7E
"Nocturna
(Natalia Knight)",Character,Batwoman 113,"First Mention
Detective Comics vol 1 #529",Aug-83,N,Doug Moench,writer,WFH,,,,43E20300-FA95-B044-A6CB-AF89FDED6F8E
,Character,,,,,Gene Colan,pencils,WFH,,,,0DF5F5D2-48F4-314E-9BE8-6B49B88919D8
,Character,,,,,Dick Giordano,inks,WFH,,,,F2928B13-B059-D84B-95C6-8456C2E074EA
,Character,,"First Full Appearance
Batman vol 1 #363",Sep-83,Y,Doug Moench,writer,WFH,,,,D3B233F5-9A2F-7D43-85B8-B58E5ABDD7B9
,Character,,,,,Don Newton,pencils,Freelancer Term Agreement,,"Agreement Effective August 1, 1982 to August 1, 1985",,959511D8-04E6-FA45-831A-5067439183A3
,Character,,,,,Alfredo Alcala,inks,WFH,,,,ECB80ED3-016E-D04F-9BA0-DA0DD44E9DDF
Nomoz,Character,"Gotham 205
(10/19/2015)",Batman: Sword of Azrael #1,Oct-92,N,Dennis O'Neil,writer,Creator Recognition,,WFH agreement for Batman: Sword of Azrael #2 has been located.,,A42202D9-69AB-D74A-A6D5-CAF33EAD8CED
,Character,,,,,Joe Quesada,"pencils, cover pencils",WFH,,,,C30CE76A-6565-E14B-A075-AA3B7B385B58
,Character,,,,,Kevin Nowlan,"inks, cover inks",WFH,,,,F0CE0D21-C548-4E4B-AC87-B2C5EAB89465
,Character,,,,,Lovern Kindzierski,color,,,N/A,,CC2D3EA1-335A-1742-878D-D987A834CD53
Noor Harjavti,Character,Arrow 714,Captain Atom #44,Aug-90,N,Cary Bates,writer,None,,Continuity agreements cover issues 1-36; WFH agreements cover issues 1-33,,840F699B-B515-114C-B1C0-9B018BE31CD9
,Character,,,,,Greg Weisman,writer,Continuity Writer,,,,CD233244-1F19-EE41-9B03-86C338978D78
,Character,,,,,Rafael Kayanan,pencils,Continuity Artist,,,,B00EEF63-1EBA-CF49-A191-6DAE54B672A7
,Character,,,,,Romeo Tanghal,inks,Continuity Artist,,,,609C2D93-C8B3-F442-A499-977BAF8F54E2
,Character,,,,,Pat Broderick,cover,WFH,,,,BEF17B3D-3A9E-AA44-98E1-1F419C3E2AD0
,Character,,,,,Gene D'Angelo,color,Exclusive,,,,ABA9DE43-5127-234D-B240-3E5E230820CD
Nora Fries,Character,Arrow 709,"Batman: The Animated Series
""Heart of Ice""",Sep-92,,Paul Dini,creator,,,,,BA188649-6C87-9B40-B5DE-35E486069D35
,Character,,,,,Mitch Brian,creator,,,,,EF1B3AB6-832E-6842-AE04-B433984FF4AB
,Character,,,,,Bruce Timm,creator,,,,,28873F05-1B18-1242-BF79-4F775A6E35D3
,Character,,Batman: Mr. Freeze,1997,Y,Paul Dini,writer,Prestige Writer,,,,8D097CF1-164B-4746-8D63-5CC5806587A2
,Character,,,,,Mark Buckingham,pencils,Prestige Artist,,,,C89C2524-408F-7E49-AADB-4ED82E4F5C96
,Character,,,,,Wayne Faucher,inks,Prestige Artist,,,,653CAC44-C2FF-FF42-B842-136955A8BBC3
,Character,,,,,"Jefferson Mitchell
(Brian Stelfreeze)",cover,WFH,,,,42057E88-704B-7F4F-9E2C-B57D3798D977
,Character,,,,,Linda Medley,color,N/A,,,,F1F421FF-6541-444D-894B-53339DF0E1E4
,Character,,,,,Jamison Services,color,N/A,,,,8DA57F22-1D90-E245-941A-F116DD034161
Nora Thompson Allen,Character,"Flash
(2018)",Flash: Rebirth #1,Jun-09,N,Geoff Johns,writer,Exclusive; WFH,,,,8488A765-7CE9-254B-B4FB-96D5338819C3
,Character,,,,,Ethan Van Sciver,"pencils, inks, cover",WFH,,,,CD00713A-A51C-EA4F-9153-001CF7DC0F08
,Character,,,,,Alex Sinclair,color,Exclusive,,,,E2DFFC56-4A23-A346-8D4B-77B36C718817
"Nth Metal
(Ninth Metal)",Property,,"Flash Comics #1
""The Origin of Hawkman""",Jan-40,N,Gardner F. Fox,writer,Creator Recognition,,Deceased Creator recognition agreement with is with heirs.,,D0BE2BE0-A1BF-3649-9C10-A896EECC571D
,Property,,,,,Dennis Neville,"pencils, inks",None,,,,BE35355B-ADF8-B149-BE56-4CDA9E3D6469
,Property,,,,,Sheldon Moldoff,cover,Artist,,Deceased,,7DDE0853-0EAE-EB45-AC3B-621AA71EC2AD
Nubia,Character,"Wonder Woman
(2017)",Wonder Woman #204,Feb-73,Y,Robert Kanigher,writer,N/A,,"Kanigher was an employee of DC from 2/3/47 - 5/31/82.
Deceased",,372E6D27-4084-F74A-AE6A-7190D595D7DC
,Character,,,,,Don Heck,"pencils, cover pencils",None,,Deceased,,930A3A86-3746-1C44-A404-99F6842DAF00
,Character,,,,,Dick Giordano,"inks, cover inks",N/A,,"Giordano may have been an employee of DC at this time.
Deceased",,91CF728F-EA5A-6247-9138-08426F9EFD50
"The Nuclear Family
(Dad, Mom, Sis, Biff, Brat, Dog)",Character,Titans 102,The Outsiders #1,Nov-85,N,Mike W. Barr,writer,Writer Agreement,2017,,,C1D15770-DE92-4546-A4D8-BDA0B39F3956
,Character,,,,,Jim Aparo,"pencils, inks, cover",Artist Agreement,,,,583FD2A0-2FA9-F844-B48A-8BF6B4916CCE
,Character,,,,,Helen Vesik,color,N/A,,,,2CDD03D0-277D-6145-8743-307E85B726B8
"Null
(Solomon Baxter)",Character,,World's Finest #293,Jul-83,Y,David Anthony Kraft,writer,WFH,,,,BEAC7F70-4900-8340-9DF8-9C057A098445
,Character,,,,,Adrian Gonzales,pencils,WFH,,,,FCEC6D66-984B-AF46-B3DA-2A15B8744DD8
,Character,,,,,Tony DeZuniga,inks,WFH,,Deceased,,71DAEA33-EAAF-1B45-8210-6D9596976D22
,Character,,,,,Ed Hannigan,cover pencils,WFH,,,,0FB5DDBF-5DF7-6A46-9D22-AC6AAB262AEC
,Character,,,,,Klaus Janson,cover inks,WFH,,,,DAD81471-AD23-104F-A6F9-76E2AE3418E9
,Character,,,,,Carl Gafford,color,N/A,,,,2856637F-9C0B-F941-BFB9-3EC3D55F0A98
Null,Character,,Hawkworld #28,Nov-92,N,John Ostrander,writer,WFH,1992,,,7C8B4CBD-D34F-4D4D-9CD5-6828961F1C19
,Character,,,,,Jan Duursema,pencils,WFH,,,,1BB654EF-5F12-834F-8B20-019E76DF3A5F
,Character,,,,,Rick Bryant,inks,WFH,,,,9F7F7E22-7433-4747-8465-2251BDB4B49F
,Character,,,,,Timothy Truman,cover,WFH,1992,,,1F4AC172-E067-A642-BD62-579C83B9F970
,Character,,,,,Sam Parsons,color,N/A,,,,232C05B2-E02F-7B47-929F-D426A01459B6
"Null
(Aron Aut)",Character,,Justice League of America #13,Oct-17,N,Stephen Orlando,writer,WFH,2017,,,69E6B62D-2422-4E40-A431-0DFCCDD79EEC
,Character,,,,,Ivan Reis,"pencils, inks, cover",WFH,2017,,,0C66D962-4CA5-7243-A0DC-237266FF4535
,Character,,,,,Julio Ferreira,inks,WFH,,,,DF3D4645-7AAE-D94D-9CA1-7D36458BAFD7
,Character,,,,,Marcelo Maiolo,color,WFH,,,,DC908EE3-D7E6-D544-A764-9204C22714D3
Nyola,Character,Plastic Man,"All-Star Comics #2
""Sacrifice for Yum-Chac""",Sep-40,N,Gardner F. Fox,writer,Creator Recognition,,Deceased Creator recognition agreement with is with heirs.,,B93CA498-8EAC-6144-8035-D63D990C076B
,Character,,,,,Sheldon Moldoff,"pencils, inks",Writer/Artist,,Deceased,,F1060B13-D3E4-7548-A5A2-09E2F64A6095
,Character,,,,,Howard Purcell,cover,Writer/Artist,,Deceased,,3EBA16A6-6DC5-7B43-9426-A2CB4EF78F9B
"Nyssa Raatko
(Nyssa al Ghul)",Character,Arrow 213,"Detective Comics #783
""Death and the Maidens: Prologue""",Aug-03,N,Greg Rucka,writer,WFH,,,,85417B32-18EE-B64B-BC38-D4128AD2BC83
,Character,,,,,Klaus Janson,"pencils, inks",WFH,,,,381C51FF-E09C-E040-B4B3-E2FD7F25A932
,Character,,,,,Tim Sale,cover,WFH,,,,9E502AAE-EB3F-904A-88B6-DA6F67867DD0
,Character,,,,,Lee Loughridge,color,N/A,,,,27C32C9D-E823-F746-937D-10A6E42D1680
The Oblivion Bar,Location,Dark Universe,Day of Vengeance #1,Jun-05,N,Bill Willingham,writer,WFH,,,,5AA1A770-87A8-A247-B962-9F417183FB6A
,Location,,,,,Josue Justiniano,pencils,WFH,,,,C748C5A3-4EC8-7644-BA17-30A68A1CA0B3
,Location,,,,,Walden Wong,inks,WFH,,,,1B8E5E17-CB88-4346-B89D-249776867A29
,Location,,,,,Walter Simonson,cover,WFH,,,,B70FD2DB-90E7-6444-973A-31C1FCE211A0
,Location,,,,,Chris Chuckry,color,N/A,,,,7853C1D0-A14C-8A40-95B1-FFB6F94E1636
"Obsidian
(Todd Rice)",Character,Legends 201,All-Star Squadron #25,Sep-83,N,Roy Thomas,writer,Exclusive,2004,,,EC70E9ED-19F8-1647-9F11-A0048523E200
,Character,,,,,"Jeremiah ""Jerry"" Ordway","pencils, cover",WFH,2004,,,1BCDBB6E-F16E-6A4E-ACFC-E7E9CA4AF839
,Character,,,,,Mike Machlan,inks,WFH,2004,,,C2B3A906-1B35-9548-8F26-6AB149C5C3BA
,Character,,,,,Gene D'Angelo,color,N/A,,,,2C178DA5-ADBD-074C-9C98-027F6C519B77
Ocean,Property,,Ocean #1,Dec-04,Y,Warren Ellis,"writer, creator",Joint Creator/First & Last Rights; Writer,2003,,,E947BA64-0E00-6A44-BCFA-C3E16762D793
,Property,,,,,Chris Sprouse,"pencils, creator",Joint Creator/First & Last Rights; Artist,2003,,,D2596AC4-E74C-8B4F-BC11-0EAB17123090
,Property,,,,,Karl Story,inks,WFH,,,,A5AB6360-B937-3E46-AB6E-8EEB0986A662
,Property,,,,,Michael Golden,cover,WFH,,,,B66AE640-0EE6-0D49-B480-82247149A1D5
,Property,,,,,Randy Mayor,color,N/A,,,,C6009B1E-9088-6E43-B12B-2FEF7F4A5FE6
"Ocean Master
(Orm Curry; Orm Marius)",Character,,Aquaman #29,Sep-66,Y,Bob Haney,writer,Contributor Recognition,2014,Deceased Contributor Recognition Agreement is with heirs.,,FF079EC7-F1C2-F04E-B66E-3E612062074E
,Character,,,,,"Nicholas Viscardi
(Nick Cardy)","pencils, inks, cover",None,,Deceased,,10F8EFB1-4351-0D49-AA89-49D7AA1C2336
The Odessa Mob,Property,"Birds of Prey 
(2020)",Detective Comics #742,Mar-00,N,Greg Rucka,writer,WFH,,,,C3D76CD5-79BA-EC45-A5EE-5967C35D5B65
,Property,,,,,Shawn Martinbrough,pencils,WFH,,,,992F9424-C2D8-A240-8971-A192C300F26F
,Property,,,,,Steve Mitchell,inks,WFH,,,,94D8C772-805C-8748-8050-072F3EFCF2F4
,Property,,,,,"Jefferson Mitchell
(Brian Stelfreeze)",cover,WFH,,,,C336351C-A56B-CF4B-8D6C-A4CE2E5EE004
,Property,,,,,Wildstorm FX,color,N/A,,,,EEE787D3-8FFB-3B48-AF33-8D3E689764BF
"Officer Anthony ""Tony"" Bellows",Character,"Flash
(2018)","Flash TV Show (1990):
""Pilot""",Sep-90,,Danny Bilson & Paul DeMeo,writers,,,,,1FCECBFE-60CC-7D49-B10F-F415D58204C6
,Character,,"Only Comic Appearance:
The Flash TV Special #1
""Meet Kid Flash""",1991,N,Mark Waid,writer,WFH,,,,69D1FE58-50B3-074E-9374-C65E8532C31E
,Character,,,,,David Williams,pencils,WFH,,,,3EA04229-4F66-0D41-85EF-110CB77AA1FC
,Character,,,,,Darick Robertson,pencils,WFH,,,,12A997B6-94CC-B04A-BD7B-02D3F979C53A
,Character,,,,,Gary Martin,inks,WFH,,,,416C5C61-9B17-F74A-8540-3D35D3FD50E6
,Character,,,,,Glenn Whitmore,color,N/A,,,,685A83AC-E535-9342-A4DD-3D2AD9B329B6
Officer Kenzie (GPD),Character,,Gotham Central #32,Aug-05,N,Greg Rucka,writer,WFH,,,,716C2CD2-4C62-3B42-AAA4-B4CC1813EBB2
,Character,,,,,Steve Lieber,"pencils, inks",WFH,,Deceased,,F4D1FAEF-654A-FA47-9C0F-0B6C6769F53E
Okamura Toys,Location,"Flash 209
(12/8/2015)",Superman #177,Feb-02,N,Jeph Loeb,writer,Continuity,,,,BD2BE358-F085-254C-918F-2B1AD43326BD
,Location,,,,,Ed McGuinness,"pencils, cover pencils",Continuity; Exclusive,,,,216D4E2F-B55F-F44B-8AB2-D9B5B6DC840D
,Location,,,,,Kevin Maguire,pencils,WFH,,,,55946A49-A475-8140-BDA0-8F9281FD990E
,Location,,,,,Cam Smith,"inks, cover inks",WFH,,,,DA0EB2AA-2F92-0E4B-A288-413C7940B8DA
,Location,,,,,Tanya Horie,color,N/A,,,,8E30B94D-B9F0-994C-BECD-6735C9D4FB72
,Location,,,,,Richard Horie,color,N/A,,,,E1C2AC3A-A4CD-8E42-B9A7-72DEB6B6B103
"Olaf Bjornson
(The Leaper)",Character,,"in Quality Comics:
Military Comics #2
""The Coward Dies Twice""",Sep-41,N,Will Eisner,writer,Independent Contractor,,See Quality Comics purchase agreements dated 7/26/56 & 8/1/67.,,738A727A-09D8-F948-828E-8AAF497EB466
,Character,,,,,Charles Cuidera,"pencils, inks, cover",None,,,,3CA4D8E5-523A-A446-B90A-B3806A1191B6
,Character,,,,,Bill Smith,cover,None,,,,07865F86-84DA-4E4F-8C6F-E41DABEFE1B1
,Character,,"in DC Comics:
Blackhawk #108",Jan-57,N,Dick Dillin,"pencils, cover pencils",None,,Deceased,,8BD0D9C3-D0CF-9A4C-822B-0F7A5F0D2E6E
,Character,,,,,Charles Cuidera,"inks, cover inks",None,,,,3C02FA45-B0B1-9847-AE99-8680993D8CB6
Olaf Fredricksen,Character,,Blackhawk #2,Apr-89,N,Howard Chaykin,"writer, pencils, inks, cover",Writer-Artist,,,,35C9160A-4EF1-874E-8F39-A1846EA29D57
,Character,,,,,Steve Oliff,color,N/A,,,,310BCD64-8279-7042-A2F1-E4A1151BCA0C
Oliver,Character,Legends 405,Constantine: The Hellblazer #1,Aug-15,N,Rebecca Ming Doyle,writer,WFH,,,,5761A080-AA43-0040-933D-FAB381C6034C
,Character,,,,,James Tynion IV,writer,WFH,,,,A643B787-4EB8-3041-A8F6-2C54BAA2FFDB
,Character,,,,,Riley Rossmo,"pencils, inks, cover",WFH,,,,609FC4BE-071B-7A47-909B-161BC9C32B4A
,Character,,,,,"Alfredo ""Ivan"" Plascencia Muniz",color,WFH,,,,6AC6D969-1C3F-E94D-9B56-CAC4BB1854EA
Ollins Medical Lab,Location,Flash 518,The Fury of Firestorm #19,Jan-84,N,Gerry Conway,writer,Writer-Editor; Exclusive,,,,945ECAFB-07C7-3242-B5D3-34EE914AB7B4
,Location,,,,,Carla Conway,writer,None,,Carla Conway was the wife of Gerry Conway at this time. She is credited as co-writer in the book but we have no paperwork with her.,,6D525D63-558B-7D45-AF42-C7F95F61115B
,Location,,,,,Gene Colan,pencils,WFH; Exclusive,,Deceased,,8D4DF4B7-FF7B-034E-88AA-B8319A49B6A3
,Location,,,,,Rick Magyar,inks,WFH; Exclusive,,,,0C1EDD6F-9AB2-FE4C-A10C-F28E2E1365C1
,Location,,,,,Ed Hannigan,cover pencils,WFH,,,,053376DE-96E5-F44C-810F-B81A9D0F1176
,Location,,,,,Dick Giordano,cover inks,WFH,,"Giordano may have been an employee of DC at this time.
Deceased",,B1515C77-3812-A540-88C4-71E0C48D9133
,Location,,,,,Carl Gafford,color,N/A,,,,CEB394A5-5FD7-6843-9EF6-DC2DE39DBC89
"The Olympian
(Aristedes Demetrios)",Character,Powerless 106,DC Comics Presents #46,Jun-82,Y,E. Nelson Bridwell,writer,N/A,1985,"Bridwell was an employee of DC at this time.
Deceased",,F864B38D-3AC1-8D46-B0E1-62B2DA665ACF
,Character,,,,,Alex Saviuk,pencils,Artist,,,,1F088825-A5EA-7244-B23E-2E10A77EB20E
,Character,,,,,Pablo Marcos,inks,None,,,,0882A0DE-DD25-7944-8335-A9398200F7D2
,Character,,,,,Ross Andru,cover pencils,None,,Deceased,,FB4BF8DA-F3E1-1749-9D81-A204D6989C4C
,Character,,,,,Frank Giacoia,cover inks,None,,Deceased,,B9D4DDFF-25F8-5B44-9092-667419E1DC19
,Character,,,,,Gene D'Angelo,color,N/A,,,,CD9C6CF7-7DA9-234A-B05C-D3275C7319F9
"OMAC
(Buddy Blank)",Character,,OMAC #1,Sep-74,N,Jack Kirby,"creator, writer, pencils, cover pencils",1982 Agreement,,Deceased,,E91D2981-FDD5-7542-AF5F-09FB666E2D46
,Character,,,,,Mike Royer,"inks, cover inks",None,,,,FEBD2B62-BD49-FB40-8206-0E9C2D76539D
"OMAC
(Kevin Kho)",Character,,OMAC vol 4 #1,Nov-11,N,Keith Giffen,"writer, pencils",WFH,,,,512F854A-F8B0-4248-BA39-3A79B223C99D
,Character,,,,,Dan DiDio,"writer, pencils",Employee,,,,FB290BE8-99BA-5C4B-B69B-DE47E220EC67
,Character,,,,,Scott Kobblish,inks,WFH,,,,39B42868-86CF-8F4F-92F7-6034B66F6A5C
"Omega Men
(Primus, Kalista, Tigorr, Broot, Nimbus, Harpis, Demonia, Felicity, Doc, Shlagen)",Property,Krypton,Green Lantern #141,May-77,Y,Marv Wolfman,writer,Exclusive,1982,,,26B165F9-A5A4-B144-80C6-0941ED8C85BB
,Property,,,,,Joe Staton,"pencils, inks",Exclusive,1982,,,B58D87CD-B5C8-B048-BB59-56F2AF5903B3
,Property,,,,,George Perez,cover,None,,,,3E4C941E-6362-9E48-916C-05D89CC88C23
,Property,,,,,Carl Gafford,color,N/A,,,,DD14A22E-1E27-1749-8CF3-5BC03C95BE53
Ona Tomsen,Character,The Losers (DC),"Our Fighting Forces #135
""Death Picks A Loser""",Jan-72,N,Robert Kanigher,writer,N/A,,"Kanigher was an employee of DC Comics from 2/3/47 - 5/31/82.
Deceased",,7E27EF8B-D3F9-2447-A36D-AA7BBF0D3258
,Character,,,,,John Severin,"pencils, inks",None,,Deceased,,913ED8D8-5FC3-3A47-BEEC-087EF665CE5A
,Character,,,,,Joe Kubert,cover,None,,Deceased,,8DAF2246-7E69-FF45-9544-F946DECF3B16
The Onslaught,Character,"Suicide Squad
(2016)",Suicide Squad #1,May-87,N,John Ostrander,writer,WFH,,,,EE407367-682D-0441-936E-F7E230D72703
,Character,,,,,Luke McDonnell,pencils,WFH,,,,51BF8BCA-B23E-2549-9B61-926B7A42DC1C
,Character,,,,,Karl Kesel,inks,WFH,,,,3EB68401-D62C-AC43-BC89-6B6840D6FEF9
,Character,,,,,Howard Chaykin,cover,WFH,,,,D20629C2-E36C-684C-A975-01BAE3027F65
,Character,,,,,Carl Gafford,color,N/A,,,,25DD9F3B-733E-D945-B2FB-DBFBFC640837
Onyx Adams,Character,Arrow 603,"Detective Comics #546
""Clash Reunion""",Jan-85,N,Joey Cavalieri,writer,None,,"WFH agreements for #528-542, 545, 553, & 554 have been located",,9FD58B0C-B237-7B45-931C-1A90C1175223
,Character,,,,,Jerome K. Moore,pencils,None,,"WFH agreements for #537, 553, & 554 have been located.",,FC358E8D-28F9-394B-B6CD-8E9860ADD389
,Character,,,,,Bruce Patterson,inks,None,,WFH agreements for #553 & 554 have been located.,,080EF7CA-4227-2F45-8337-61B151FAC9BB
,Character,,,,,Dick Giordano,cover,None,,"Giordano may have been an employee of DC at this time.
Deceased",,1C724722-371A-1C43-8964-EFCF345C33D8
,Character,,,,,Jeanine Casey,color,N/A,,,,041FDB42-3A30-4D43-BA69-614170371F4A
Oolong Island,Location,Flash,Wonder Woman #157,Oct-65,N,Robert Kanigher,writer,N/A,,"Kanigher was an employee of DC from 2/3/47 - 5/31/82.
Deceased",,08451CFC-46FC-1743-8855-06922D0A4E6A
,Location,,,,,Ross Andru,"pencils, cover pencils",None,,Deceased,,195070F0-CBE8-1A49-8BC6-EB302198F1C3
,Location,,,,,Mike Esposito,"inks, cover inks",None,,Deceased,,D87BE900-0EEC-1B4F-A8F9-B2061237C6AF
Oom the Mighty,Character,Plastic Man,All-Star Comics #3,Dec-40,N,"Jerome ""Jerry"" Siegel",writer,Settlement,,Deceased Settlement is with heirs.,,4AD41BC8-052A-A24F-BF52-82F3CFCAA84C
,Character,,,,,Gardner F. Fox,writer,Creator Recognition,,Deceased Creator recognition agreement with is with heirs.,,CF833293-4E53-3F4A-A057-32D6E0BD9810
,Character,,,,,Bernard Baily,pencils,None,,Deceased Creator recognition agreement was proposed to heirs for Hourman & The Spectre but not accepted.,,A230733E-E07E-6A45-92DE-BFFA7285CACC
,Character,,,,,Everett E. Hibbard,"inks, cover",Writer/Artist,,Deceased,,B0E38FB5-12D9-3E4A-9359-51223F655765
,Character,,,,,Sheldon Moldoff,"pencils, inks",,,"Although Moldoff, Mayer, Grothkopf, Sherman, Flinton, and Nodell contributed to this issue, according to the GCD, they did not work on the chapters in which Oom appears. Confirming with DC Library.",,7DC05149-7B2B-2249-9787-3BE622968B26
,Character,,,,,Sheldon Mayer,"pencils, inks",,,,,080F0866-48BB-834E-8EDF-F7244BB94FFE
,Character,,,,,Chad Grothkopf,"pencils, inks",,,,,4DF36879-122F-9D47-ADE3-B33D7A48179B
,Character,,,,,"Howard ""Hal"" Sherman","pencils, inks",,,,,4D489FAD-C658-8C4F-9A08-F4684FF475AE
,Character,,,,,Ben Flinton,"pencils, inks",,,,,64515E4B-CCBD-1A43-B99E-4D075D3C6555
,Character,,,,,Mart Nodell,"pencils, inks",,,,,E2296FB3-9CD2-4941-9420-49C522840390
Opal City,Location,"Supergirl 108
(12/14/2015)",Starman #0,Oct-94,N,James Robinson,writer,WFH,,,,6ED7E3D1-E494-A44E-9FEE-8ED361259746
,Location,,,,,Tony Harris,"pencils, cover",WFH,,,,0CC25F54-D868-CB44-ADF1-CF712C0B1326
,Location,,,,,Wade Von Grawbadger,inks,WFH,,,,59D5BACB-D620-C64A-BD3F-C62E424987D5
,Location,,,,,Gregory Wright,color,N/A,,,,379B1847-508F-5848-BF66-740340EED3FD
Orana,Character,"Wonder Woman
(2017)",Wonder Woman #98,May-58,N,Robert Kanigher,writer,N/A,,"Kanigher was an employee of DC from 2/3/47 - 5/31/82.
Deceased",,0E98F79F-A2CA-1A49-8E05-73771BFC1B4B
,Character,,,,,Ross Andru,"pencils, cover pencils",None,,Deceased,,6FC27D1E-532C-5A4A-B244-C8B9502B2334
,Character,,,,,Mike Esposito,"inks, cover inks",None,,Deceased,,63590DB1-0AE1-814A-A379-4D49D151D2E7
"Orca
(Grace Balin)",Character,Lego Batman,Batman #579,Jul-00,Y,Larry Hama,writer,WFH,,,,C3F6CA5E-13BD-8A4F-9EF6-5D76ED77AA6C
,Character,,,,,Scott McDaniel,"pencils, cover",WFH,,,,E01313CB-8665-FE4B-8A88-DA5627A14FB3
,Character,,,,,Karl Story,inks,WFH,,,,EAABB8A8-6104-7645-8A07-4163E88D29E1
,Character,,,,,Roberta Tewes,color,N/A,,,,D44D21D7-858A-0646-974B-FB288560CE29
Order of St. Dumas,Property,"Gotham 205
(10/19/2015)",Batman: Sword of Azrael #1,Oct-92,N,Dennis O'Neil,writer,Creator Recognition,,WFH agreement for Batman: Sword of Azrael #2 has been located.,,5BB684E9-3966-734F-86BD-D35314750A88
,Property,,,,,Joe Quesada,"pencils, cover pencils",WFH,,,,9C60727C-1F05-2045-A99D-AC803CD40DA0
,Property,,,,,Kevin Nowlan,"inks, cover inks",WFH,,,,488FE15E-DBB1-5D4A-BAFE-46BB7FDAADCD
,Property,,,,,Lovern Kindzierski,color,N/A,,,,9DFDF6B9-6457-2E4E-A877-C470448D5803
Orion,Character,,New Gods #1,Mar-71,Y,Jack Kirby,"writer, pencils, cover pencils",Fourth World Agreement,1982,Deceased,,885470BC-EEEC-7946-9586-9148392EA33D
,Character,,,,,Vince Colletta,inks,None,,Deceased,,028DFF06-7CFB-9E41-B16C-A0B80A0DB327
,Character,,,,,Frank Giacoia,cover inks,None,,Deceased,,30C7F992-4432-E44B-BBA0-F9111606A869
O'Shaughnessy's,Location,Arrow 510,Green Arrow #94,Feb-95,N,Chuck Dixon,writer,Continuity,,,,21A155D6-BEBF-254E-946D-6430FF3B697F
,Location,,,,,Jim Aparo,pencils,WFH,,,,524110C9-02BE-4648-A3F7-B6759A7D3867
,Location,,,,,Gerry Fernandez,inks,WFH,,,,5E67874C-DAFE-3448-AB74-0AA629B63E7F
,Location,,,,,Rick Burchett,cover,WFH,,,,8FBE26CE-E266-AC43-9F8A-748E5DAFB0A3
,Location,,,,,Lee Loughridge,color,N/A,,,,FC97F73A-61E4-4042-B801-CA629BCD32F7
Overgirl,Character,The Ray (WBA),Final Crisis #3,Sep-08,N,Grant Morrison,writer,WFH; Exclusive,,,,06FD3CC1-B6AC-1D4E-82B0-6BA5588C0FA1
,Character,,,,,J.G. Jones,"pencils, inks, cover",WFH; Exclusive,,,,1DA10730-15DA-E54F-B555-1D0A6A860A44
,Character,,,,,Alex Sinclair,color,Exclusive,,,,8A17CF07-0F9F-1545-9321-612743FDEDA7
Owlman,Character,,Justice League of America #29,Aug-64,N,Gardner Fox,writer,Creator Recognition,Y,,,B1DF8D23-1082-5249-8456-1ED66461C5D5
,Character,,,,,Mike Sekowsky,pencils,None,,,,5B5977FA-D49C-C64C-8B11-129C6FE812E3
,Character,,,,,Bernard Sachs,inks,None,,,,1107AF22-7E54-0F46-AB71-33125FE970BD
"Owlwoman
(Wenonah Littlebird)",Character,"Powerless
(Global Guardians)",Super Friends #7,Aug-77,N,E. Nelson Bridwell,writer,N/A,,"Bridwell was an employee of DC at this time.
Deceased",,64F39EDF-9239-8945-9A15-5E8A94C97644
,Character,,,,,Ramona Fradon,"pencils, cover pencils",Exclusive; Creator Recognition,2016,,,14793C53-DEB6-7246-8292-52DDB9B2069F
,Character,,,,,Robert R. Smith,"inks, cover inks",None,,,,568878E6-D156-B143-8104-6C8766FA7721
Painkiller,Character,Black Lightning 102,Black Lightning #2,Mar-95,N,Anthony Isabella,writer,WFH,2016,,,8E732A80-3E58-1C45-B3E5-9ACE8B864676
,Character,,,,,Eddy Newell,"pencils, cover",WFH,2016,,,A767BBFF-7238-2946-ABF2-42C854F444FB
,Character,,,,,Ron McCain,inks,WFH,,,,58479089-6F6F-364B-BE94-595551FF9459
,Character,,,,,Matt Hollingsworth,color,N/A,,,,21F6D7FF-1499-6044-A0C8-6D20748AD527
Pandora,Character,Dark Universe,Flashpoint #5,Oct-11,N,Geoff Johns,writer,WFH; Exclusive,,,,8A318E55-9C52-CB46-A95B-7D4C6A006E91
,Character,,,,,Andy Kubert,"pencils, cover pencils, variant cover",WFH; Exclusive,,,,EF92827E-6556-8C4E-967F-6383FA92DF14
,Character,,,,,Sandra Hope Archer,"inks, cover inks",WFH,,,,1864CC47-7797-5243-BC3B-3DCD8607986F
,Character,,,,,Jesse Delperdang,inks,WFH,,,,9370B28F-468F-E948-83CD-AD58BB1D6CEE
,Character,,,,,Jose Luis Garcia-Lopez,variant cover,WFH,,,,44A822E8-39A6-434F-944A-8CE3D69C0239
,Character,,,,,Alex Sinclair,color,N/A,,,,4CB5F115-CDAB-0340-B10E-5DE7284EF6E8
"Papa Midnite
(Linton Midnite)",Character,,Hellblazer #1,Jan-88,N,Jamie Delano,writer,WFH,1987,,,B7A79129-BDD2-6140-A2B6-BD8ABE85914F
,Character,,,,,John Ridgway,"pencils, inks",WFH,1987,,,41CFCFC5-7AA7-6749-B794-EE857C5D60A7
,Character,,,,,Dave McKean,cover,WFH,,,,67313F0A-A97D-CA46-A8B7-E1D36527E731
,Character,,,,,Lovern Kindzierski,color,N/A,,,,789703CF-B76A-CC45-953F-76700571A919
Parademons,Character,,New Gods #1,Mar-71,N,Jack Kirby,"writer, pencils, cover pencils",Fourth World Agreement,1982,Deceased,,8CD00A8E-AC10-DD46-A6DE-F15B2BBEA35E
,Character,,,,,Vince Colletta,inks,None,,Deceased,,6BF4E715-62E5-724F-B523-BB112B01A51D
,Character,,,,,Frank Giacoia,cover inks,None,,Deceased,,AE4EADC3-E22F-974D-AE22-4ABFB3EF5585
Parallax,Character,"Green Lantern
(2011)","Hal Jordan as Parallax's host:
Green Lantern #50",Mar-94,N,Ron Marz,writer,WFH,,,,8E5916CD-A68D-964B-96EB-04911EDF6395
,Character,,,,,Darryl Banks,pencils,WFH,,,,70F8E32C-59DB-7A49-BC9B-82E77E39D64A
,Character,,,,,Romeo Tanghal,inks,WFH,,,,34736C53-E2CA-8F45-92A4-6A4972A23F02
,Character,,,,,Kevin Maguire,cover,None,,WFH Agreements for GL #48 & 49 have been located.,,5C62807C-EEE9-054E-8CE0-8BAED8D2F359
,Character,,,,,Steve Mattson,color,N/A,,,,81F428DF-4CFA-9844-9FD8-7080491F0543
,Character,,"Parallax as a distinct creature:
Green Lantern: Rebirth #3",Feb-05,N,Geoff Johns,writer,WFH,,,,70E4AD8C-4EEF-6B46-AE56-9A2B3BDF1A30
,Character,,,,,Ethan Van Sciver,"pencils, cover",WFH,,,,5486E13E-B528-4746-B5BA-8F4B4FFAC7F0
,Character,,,,,Prentis Rollins,inks,WFH,,,,D0A56E29-DF30-C94C-9145-CC4EA7C25E73
,Character,,,,,"William ""Moose"" Baumann",color,N/A,,,,D115E57C-FD0B-C743-8CFA-6D9930A039D4
"Parasite
(Raymond Maxwell Jensen)",Character,,"Action Comics #340
""Power of the Parasite""",Aug-66,Y,"James ""Jim"" Shooter",writer,None,,,,6EC1900A-AB72-6C4C-8BD5-1DFD3FFA23C1
,Character,,,,,Al Plastino,"pencils, inks",None,,Deceased,,05077185-72CD-924B-99FC-B81267A44153
,Character,,,,,Curt Swan,cover pencils,None,,Deceased,,729BC332-7687-7143-A514-6368CA06C7BB
,Character,,,,,George Klein,cover inks,None,,Deceased,,9BFA42EF-5BF7-DE4E-A9B6-FF693A98C9C1
"Parasite
(Rudy Jones)",Character,Supergirl 206,Firestorm #58,Apr-87,Y,John Ostrander,writer,WFH,,,,F6B6089A-0267-0842-AD82-777245DCC3BF
,Character,,,,,"Joe J. Brozowski
(J.J. Birch)","pencils, cover pencils",WFH,,,,472A115E-6B49-6948-9E15-52624526E076
,Character,,,,,Pablo Marcos,inks,WFH,,,,4DDC2344-DC1F-6E4C-AC47-348A2975BAA8
,Character,,,,,Bruce Patterson,cover inks,WFH,,,,D97ED7E2-F998-F542-88DF-3F8A35806BD5
,Character,,,,,Nansi Hoolahan,color,N/A,,,,C4742FD0-5900-E241-99BE-77FBA8AE1F10
"Parasite
(Alexandra Allston)",Character,,"as Alexandra Allston:
Adventures of Superman #630",Sep-04,N,Greg Rucka,writer,WFH; Exclusive,,,,B91BA61B-A2BC-DA44-BCA1-A8760CC17DA9
,Character,,,,,Matthew Clark,pencils,WFH,,,,9850430C-011B-1B45-84E0-87606994B69C
,Character,,,,,Nelson DeCastro,inks,WFH,,,,A5A62F5F-C295-1941-A160-194291724FD5
,Character,,,,,Gene Ha,cover,WFH,,,,5E364147-6FBA-6248-B4D4-65579F8DD657
,Character,,,,,Tanya & Richard Horie,color,N/A,,,,44166CCE-4217-EB48-8DA5-BE9608541B8C
,Character,,"as Parasite (purple):
Adventures of Superman #633",Dec-04,Y,Greg Rucka,writer,WFH; Exclusive,,,,83496426-30DF-EB42-B1D0-E91F586C5266
,Character,,,,,Matthew Clark,pencils,WFH,,,,B296358C-1CD7-494E-AF98-974A5CCF0BBB
,Character,,,,,Andy Lanning,inks,WFH,,,,A7B2059B-A563-9B4F-A6C9-3857FABE23D1
,Character,,,,,Gene Ha,cover,WFH,,,,4CC21456-3E18-A34E-A3A1-40769F0598EA
,Character,,,,,Tanya & Richard Horie,color,N/A,,,,53151ABC-9A3E-564E-9D57-2825DC9ECBE2
"Parasite
(Alexander Allston)",Character,,"as Alexander Allston:
Adventures of Superman #630",Sep-04,N,Greg Rucka,writer,WFH; Exclusive,,,,BB272B64-4CA4-D549-8531-D3ED4A66A8D6
,Character,,,,,Matthew Clark,pencils,WFH,,,,2AC85F31-C697-7F46-AE30-650B2C5E91C5
,Character,,,,,Nelson DeCastro,inks,WFH,,,,DEFC6227-34DF-0146-94A1-587F0C018F84
,Character,,,,,Gene Ha,cover,WFH,,,,5FC1E07F-D00E-1F46-B770-DD77C32FE5E5
,Character,,,,,Tanya & Richard Horie,color,N/A,,,,DCF603F5-C99F-4B40-819D-23A4DFF25475
,Character,,"as Parasite (green):
Adventures of Superman #633",Dec-04,Y,Greg Rucka,writer,WFH; Exclusive,,,,BF956EE5-13D3-8540-BD37-670B4CDE510F
,Character,,,,,Matthew Clark,pencils,WFH,,,,6AB43ECF-637B-C545-A515-AD71770A7385
,Character,,,,,Andy Lanning,inks,WFH,,,,778E3DD1-E8A2-6543-93D6-1F42EBA86C34
,Character,,,,,Gene Ha,cover,WFH,,,,5AE57020-2F9F-0D42-B305-E98F5FD6BCDE
,Character,,,,,Tanya & Richard Horie,color,N/A,,,,14F7F959-5B9B-E64A-94F2-4637A4DE6C40
"Parasite
(Joshua Michael Allen)",Character,,Superman #23.4,Nov-13,Y,Aaron Kuder,"writer, pencils, inks, cover",WFH; Exclusive,,,,FE1C6C4F-904E-8B48-A219-6229FA900546
,Character,,,,,Tomeu Morey,color,N/A,,,,B2F2899B-2A8F-4B41-B4A7-963A0B3647C9
The Parliament of Trees,Property,Swamp Thing 110,Swamp Thing #47,Apr-86,Y,Alan Moore,writer,None,,"Although we do not have WFH agreements for this first appearance, WB Corp. Legal has cleared this for use in TV based on Moore's vouchers for issues #20-30, #39-40, #51-58, #63-64, and some 1984 sampler pages, as well as equity agreements for John Constantine and correspondence from Moore circa 1989 ",,DDB5B96F-9842-2A4A-9534-182A3A626260
,Property,,,,,Stan Woch,pencils,None,,,,5AD645E3-8888-3442-8D62-912116F91119
,Property,,,,,Ron Randall,inks,None,,,,4291F3D9-BBE6-D141-91C7-089672363996
,Property,,,,,Steven Bissette,cover pencils,None,,,,DAC1B0D7-8679-7141-BBF4-75F5631CB2FA
,Property,,,,,John Totleben,cover inks,None,,,,D288A373-D3B0-934D-89C0-2BE65860FC60
,Property,,,,,Tatjana Wood,color,N/A,,,,8A6C07D5-CF37-0D4C-9D34-5458356CDF01
"Pat Dugan
(Stripesy; S.T.R.I.P.E)",Character,Stargirl 101,"as Stripesy:
Star-Spangled Comics #1
""The Bund Saboteurs""
""Dr. Weerd & the Metal Monster""",Oct-41,Y,"Jerome ""Jerry"" Siegel",writer,None,,Deceased,,A293061F-5F3D-5041-86DD-31D6ADA79EEA
,Character,,,,,Harold Sherman,"pencils, inks, cover",None,,Deceased,,C53E9080-4FDB-E443-AD6E-BA44CD9894D0
,Character,,"as S.T.R.I.P.E.:
Stars & S.T.R.I.P.E #0",Jul-99,Y,Geoff Johns,writer,WFH,2010,"Johns has equity in the S.T.R.I.P.E. suit of armor, not the wearer.",,8746C6E0-E0B9-F043-A1C3-4F98C73BD61A
,Character,,,,,James Robinson,writer,Exclusive,,,,CC155A05-C5FE-FB40-93A4-EC61DF362592
,Character,,,,,Lee Moder,"pencils, cover pencils",WFH,,,,5B837D01-BD45-934A-A049-945844A5DCCC
,Character,,,,,Chris Weston,pencils,WFH,,,,33DB781D-C32C-EE43-823A-8F5D40E4926D
,Character,,,,,Dan W. Davis,"inks, cover inks",WFH,,,,C1633C92-6972-B543-A21C-5BF1F98DD101
,Character,,,,,John Stokes,inks,WFH,,,,F19BB5B6-F056-FC41-B426-1645BD137145
,Character,,,,,Carla Feeny,color,N/A,,,,17FEA1F1-CC03-3748-A63C-D662EF81EA5C
Patty Spivot,Character,"Flash 202
(10/13/2015)","DC Special Series #1
""How To Prevent A Flash""",Sep-77,N,Cary Bates,writer,None,2016,,,DDD73661-CCB8-1444-858E-D1DA624BAD28
,Character,,,,,"Irving ""Irv"" Novick",pencils,Artist,,"Novick was an employee of DC Comics from 5/9/67 - 12/28/84.
Deceased",,A26BC921-F5C4-674E-A78D-72F63B7F9399
,Character,,,,,Frank McLaughlin,inks,Exclusive,,,,785510F2-8C56-A14F-87D0-C12858774486
,Character,,,,,Neal Adams,cover,Creator Recognition,,,,BDF8DE3D-6DC0-4D4B-B655-2434C19EB59C
,Character,,,,,Anthony Tollin,color,N/A,,,,5D3859ED-4AE9-3D4C-8207-8A7FE00C8158
Paul Blakeston,Character,,"Adventure Comics #142
""The Man Who Walked With Trouble"" ",Jul-49,N,Jack Schiff,editor,Employee,,,No writer listed for this issue/story,C6092AD8-A99D-FD49-B64F-3348DDFDA091
,Character,,,,,John Sikela,pencils,None,,,,D06BAA74-C828-844A-A956-D37BC08B937C
,Character,,,,,Ed Dobrotka,inks,None,,,,B849E291-CD35-7846-8F85-2ADB4C73BACD
"Peacemaker
(Christopher Smith)",Character,,"in Charlton Comics:
Fightin' Five #40
""Introducing the Peacemaker""",Nov-66,N,Joe Gill,writer,None,,See Charlton Comics Purchase Agreement,,785AB378-D3BD-FE4F-A865-D55B8BEC8395
,Character,,,,,Pat Boyette,"pencils, inks",None,,,,17AC60F5-CF6D-7B4F-8E3F-A1542B93D5FC
,Character,,,,,Bill Montes,cover pencils,None,,,,E57F1170-0F5E-574E-9DCF-A189CC7AFC43
,Character,,,,,Rocco Mastroserio,cover inks,None,,,,53204147-A12A-2F49-AD33-B0901847ECEB
,Character,,"in DC Comics:
Crisis on Infinite Earths #6",Sep-85,N,Marv Wolfman,"writer, editor",Writer,,,,00B645CD-E7FE-724D-8EA0-C1CF6EDFBF2E
,Character,,,,,George Perez,"pencils, cover",Exclusive,,,,A6A0BD97-EFFE-6B4E-B72A-4C977CA1D5AB
,Character,,,,,"Jeremiah ""Jerry"" Ordway",inks,None,,,,5BE84C00-23AB-EB4A-9D27-1FCF214E64DA
,Character,,,,,Thomas Ziuko,color,N/A,,,,160D8273-D6BA-594B-B44E-BE2A13D3386C
Peacemaker II,Character,,Justice League International #65,Jun-94,N,Gerard Jones,writer,WFH,,DC no longer has an active relationship with Jones due to criminal conviction.,,DB111FFD-A513-D941-9885-E8AC002BE085
,Character,,,,,Chuck Wojtkiewicz,"pencils, cover",WFH,,,,39CB515A-30BF-5B41-A445-1E888DE078D4
,Character,,,,,Bob Dvorak,inks,WFH,,,,3BA23B69-64E1-0F4B-9B25-3E0926120EAD
,Character,,,,,Robert Jones,inks,WFH,,,,5AFFEA50-112B-AA4C-8187-63E78F7E8CBE
,Character,,,,,Rich Rankin,inks,WFH,,,,3E078376-5ADE-EF4F-A1B4-2F2CDE714564
,Character,,,,,Gene D'Angelo,color,Exclusive,,,,670366FF-D361-EB47-B3FA-7C9B4BF16EB1
"Peacemaker
(Mitchell Black)",Character,,"DCU Heroes Secret Files #1
""The L.A.W.""",Feb-99,N,Matt Brady,writer,WFH,,,,19A49366-D514-0D47-B74B-DD6097282031
,Character,,,,,Dick Giordano,pencils,Consulting/Artist,,,,D3D312E1-C942-BE48-B834-64C9C2DDB942
,Character,,,,,Bob Layton,inks,None,,,,350614C4-833C-7D49-82D1-C70D4CCC82EE
,Character,,,,,Bryan Hitch,cover pencils,WFH,,,,C8CFD5E2-2390-0845-954C-1E0D7F293842
,Character,,,,,Paul Neary,cover inks,WFH,,,,C988D3C0-926A-AB44-A94E-937D82E9CED6
,Character,,,,,Tom McCraw,color,N/A,,,,49FC1472-699E-CD4E-AE43-B181FCF8FC6B
"Peek-a-Boo
(Lashawn Baez)",Character,"Flash 112
(2/3/2015)",Flash #180,Jan-02,Y,Geoff Johns,writer,WFH,,,,F0194230-F9A7-1F40-A529-80C64D036DB1
,Character,,,,,Scott Kolins,pencils,WFH,,,,8A68BBD6-08A3-1347-87DE-52E1FB8702BB
,Character,,,,,Doug Hazlewood,inks,WFH,,,,9421300B-40CA-C641-96E7-C35B0A3D2EAF
,Character,,,,,Brian J. Bolland,cover,None,,,,2B3D242E-B091-9A42-B1B8-6AC889B9AD09
,Character,,,,,James Sinclair,color,N/A,,,,90A12F96-D4D4-814E-A170-A4A7D7195791
"The Penguin
(Oswald Chesterfield Cobblepot; Mr. Boniface) ",Character,"Gotham 101
(9/22/2014)","Detective Comics #58
""One of the Most Perfect Frame-Ups""",Dec-41,N,Bob Kane,pencils,Services Agreement,,Deceased,,594AA7E7-0976-0440-8ED2-3BE4F359FD9A
,Character,,,,,Bill Finger,writer,Contributor Recognition,,Deceased Contributor Recognition Agreement is with heir.,,33DE887E-4FD3-DB4C-B88D-98B32925244B
,Character,,,,,Jerry Robinson,"inks, cover",Settlement,,Deceased,,524B7765-6A18-5C4C-BF8C-28EBF68F60AD
"Penny Plunderer
(Joseph Coyne)",Character,Plastic Man,"World's Finest #30
""The Penny Plunderers""",Sep-47,N,Bill Finger,writer,Contributor Recognition,,Deceased Contributor Recognition Agreement is with heir.,,D28390B5-4D13-1F46-8A21-1185EEE1EE8A
,Character,,,,,Bob Kane,"pencils, cover pencils",Services Agreement,,Deceased,,92D2D1AB-ECA8-A842-B592-E6C9D748862D
,Character,,,,,Ray Burnley,inks,None,,Deceased,,0D67055B-7A16-C645-A8CB-21EA17E61BA8
,Character,,,,,Jack Burnley,cover pencils,None,,Deceased,,12B9EFB2-3448-E54E-979B-1D52186BF138
,Character,,,,,Charles Paris,cover inks,None,,Deceased,,607B516E-9DCE-A641-8021-76DA3FCB835B
Penthiselea of Bana-Mighdall,Character,"Wonder Woman
(2017)",Wonder Woman #33,Aug-89,N,George Perez,"writer, cover inks",WFH; Continuity,,,,3BAA3B10-AADD-9248-BDEC-2E9D87450918
,Character,,,,,Chris Marrinan,"pencils, cover pencils",WFH; Continuity,,,,ED0FEA69-8153-6646-8A1D-2EFADD18CD89
,Character,,,,,Will Blyberg,inks,WFH,,,,E9A1AAC3-BBAF-B045-A4B9-A8E484084ED8
,Character,,,,,Carl Gafford,color,N/A,,,,2359F4DB-4BE8-D34A-B809-9A6A1150D44D
"Penthesilea
(Flashpoint)",Character,"Wonder Woman
(2017)","Flashpoint: Wonder Woman & The Furies #1
""The Arrangement""",Aug-11,N,Dan Abnett,writer,WFH,,,,E8C8C75E-C234-1246-8C18-392E54A752E8
,Character,,,,,Andy Lanning,writer,WFH,,,,CE709397-8749-2048-A50C-89D4D23F4837
,Character,,,,,Scott Clark,pencils,WFH; Exclusive,,Deceased,,4D667459-AE6E-6F4B-A264-0DB2FD6FCDCA
,Character,,,,,David Beaty,inks,WFH,,,,1A141797-82BF-E745-A0ED-829A006F679E
,Character,,,,,Ed Benes,cover,WFH; Exclusive,,,,208B4E37-95C4-C94B-84C7-1534242A0842
,Character,,,,,Nei Ruffino,color,N/A,,,,F9EA43F1-5A0C-0F45-975E-31FC49B48FCE
Per Degaton,Character,Legends 110,All-Star Comics #35,Jun-47,Y,John Broome,writer,None,,Deceased,,52A37B64-CECD-474C-92D9-9005DA3AE9DF
,Character,,,,,Irwin Hasen,"artist, cover artist",None,,Courtesy License for cover reprint dated 1/5/04 has been located.,,F177CB5C-D0D9-B04B-8F29-7222BB471E40
,Character,,,,,Lee Elias,artist,None,,,,0665268E-5207-254C-925C-A3159E9B63D9
,Character,,,,,Paul Reinman,artist,None,,"We have one agreement for an unspecified title dated 12/17/42, signed by Reinman and Sam Burlockoff.",,5C89F2DC-469A-B94B-A4F7-712F2E695270
,Character,,,,,Joe Kubert,artist,None,,Deceased,,D3044CBE-E338-9D4A-9E70-F7E629E78F86
,Character,,,,,Frank Harry,artist,None,,,,BB36CC8C-A450-D440-8A60-2B8C3A57E51E
Perry White,Character,,"Adventures of Superman Radio Show
""The Wolfe""",Feb-40,,"B.P. Freeman
Jack Johnstone",writers,,,,,EF3D85D2-C4BC-1D47-ACFC-E3B56A46F0CA
,Character,,"in DC Comics:
Superman #7
""The Three Kingpins of Crime""",Nov-40,N,Jerry Siegel,writer,Settlement,,Deceased Settlement is with heirs.,,D5B26814-BAA2-6640-ABD6-2819689320DC
,Character,,,,,Joe Shuster,"pencils, cover pencils",Settlement,,Deceased,,769F848B-D72E-5746-BD66-1B8A5B97E69B
,Character,,,,,Wayne Boring,"pencils, inks, cover inks",None,,Deceased,,B46623F5-34AA-9D44-B208-8E4728E0AA94
"The Persuader
(Nyeun Chun Ti)",Character,,Adventure Comics #352,Jan-67,Y,"James ""Jim"" Shooter",writer,None,,,,C0B57BA8-0136-0441-870C-B2C2D31585FC
,Character,,,,,Curt Swan,"pencils, cover pencils",None,,Deceased,,4C797497-C44F-B342-81B6-2CC47EA59E62
,Character,,,,,George Klein,"inks, cover inks",None,,Deceased,,6B0F2279-EB08-4E42-9E6F-D407E2F137DE
"The Persuader
(Cole Parker)",Character,,Adventures of Superman #598,Jan-02,N,Joe Casey,writer,Continuity,,,,FD1B30CF-22C1-6546-871F-90ECEAF05B30
,Character,,,,,Mike Wieringo,"pencils, cover pencils",WFH,,,,BE365F6F-767A-5A49-B54A-A39BA0823304
,Character,,,,,"Jose Marzan, Jr.","inks, cover inks",WFH,,,,218B6869-07B3-8147-A426-714D66B323E5
,Character,,,,,WildStorm FX,color,N/A,,,,3F362B3B-77E7-7548-B0FC-6CC0BFCDE8F2
"The Persuader
(Elise Kimble)",Character,,Teen Titans #56,Apr-08,N,Sean McKeever,writer,WFH,,,,89389F4D-E4BB-F040-83AF-DED2CDFCF95D
,Character,,,,,Eddy Barrows,"pencils, cover pencils",WFH,,,,2CD4D219-0587-B44B-B36E-9929F67B8A33
,Character,,,,,Julio Ferreira,"inks, cover inks",WFH,,,,D18D3941-F116-4E48-B164-ECF9098D948B
,Character,,,,,Jimmy Palmiotti,inks,None,,,,174C2FBD-97A5-A944-ACE8-1A1B7274DCF6
,Character,,,,,"Rodrigo ""Rod"" Reis",color,N/A,,,,0F16B4A0-29B9-CA44-9432-62B3A0513F62
Peter Gambi,Character,Black Lightning 101,Black Lightning #1,Apr-77,Y,Anthony Isabella,writer,Exclusive; Creator Recognition,2016,,,14CF88A6-66F9-E54F-A284-52EEC3E827CA
,Character,,,,,Trevor Von Eeden,pencils,None,2016,,,4D514B46-0EA9-7F40-A5FC-E626F842B278
,Character,,,,,Frank Springer,"inks, cover inks",None,,Deceased,,76F7EAF0-2243-F048-BCD3-ED8ACC57E295
,Character,,,,,Rich Buckler,cover pencils,None,,,,81B3463D-EA76-424A-8573-25D1B0C0CA4A
,Character,,,,,Liz Berube,color,N/A,,,,C0F9D719-F8B2-874A-AEEC-C7213D8D5526
Peter Grimm,Character,"Point Blank
Sleeper",Sleeper #2,Apr-03,N,Ed Brubaker,writer,WFH,,,,EBE9180A-40F1-C640-B41A-8B276F633EAD
,Character,,,,,Sean Phillips,"pencils, inks, cover",WFH,,,,DD4578D5-B02B-314E-B355-02FB88C7502D
,Character,,,,,Tony Avina,color,N/A,,,,0A732B3B-DEB2-F549-9574-FE1439654698
,Character,,,,,Randy Mayor,color,N/A,,,,B0D99F92-397D-D04C-8DA1-2C299EFB70E7
"Phantasm
(Danny Chase)",Character,,New Teen Titans Annual #3,1987,N,Marv Wolfman,writer,WFH,,,,1CA3D05C-A6B6-8742-9DF1-0FBE71E0C297
,Character,,,,,Mike Collins,pencils,WFH,,,,DB406DA6-FE57-064C-AC83-918CD83D8B24
,Character,,,,,Romeo Tanghal,inks,WFH,,,,CCAB099A-C2C5-D94A-8CCC-21E88A936E9C
,Character,,,,,Mitch O'Connell,cover,WFH,,,,DC4555B6-577B-B644-8359-D7372385CBC8
,Character,,,,,Adrienne Roy,color,N/A,,Deceased,,C938FD2C-0027-D042-A057-44C9E51838FD
"Phantom Girl
(Tinya Wazzo)",Character,,"Action Comics #276
""Supergirl's Three Super Girl-Friends""",May-61,N,"Jerome ""Jerry"" Siegel",writer,Settlement,,Deceased Settlement is with heirs.,,BDE62217-B47D-114D-8699-029757CFCE01
,Character,,,,,James (Jim) Mooney,"pencils, inks",None,,Deceased,,18E8C9D2-257D-3F40-AC9F-1136B5236B2B
,Character,,,,,Curt Swan,cover pencils,None,,Deceased,,42362DEF-7410-3948-B716-A59EAEF3A454
,Character,,,,,Stan Kaye,cover inks,None,,Deceased,,0282DE79-BD06-914F-A171-2FC83F5811ED
"Phantom Lady
(Dee Tyler)",Character,,"Action Comics Weekly #636
""Daddy's Girl""",Jan-89,Y,Len Strazewski,writer,WFH,,,,8C5D4308-4182-684B-97E6-26A5A1B6A693
,Character,,,,,Chuck Austen,pencils ,WFH,,,,1885626E-1A13-794E-B2C6-E9507C970B11
,Character,,,,,Gary Martin,inks,WFH,,,,CF64DDC0-4221-7D46-A6C7-69C511656FB7
,Character,,,,,Dick Giordano,cover,WFH,,,,FF899961-4B42-5D4D-85BD-2F68A47D2077
,Character,,,,,Glenn Whitmore,color,WFH,,,,73750E41-B36F-914F-B9E4-9C5179FA67E6
"Phantom Lady
(Jennifer Knight)",Character,The Ray (WBA),Phantom Lady #1,Oct-12,Y,Justin Gray,co-writer,WFH,,,,0BF2D419-3BCA-0345-8B40-5A1B490B493A
,Character,,,,,Jimmy Palmiotti,co-writer,None,,"Voucher numbers are on file in ALFRED, but Legal never got copies.",,4E7D0263-D611-DA42-BD76-02F023FDE6F4
,Character,,,,,Cat Staggs,pencils,WFH,,,,C458983A-D407-E445-9E1A-87135672637E
,Character,,,,,Tom Derenick,inks,WFH,,,,4656070B-EFEC-004C-B2E9-17017A22029F
,Character,,,,,Amanda Conner,cover,None,,"Voucher numbers are on file in ALFRED, but Legal never got copies.",,EEB8D9BC-E0BE-7645-A10C-92CEF8A548BB
,Character,,,,,Jason Wright,color,N/A,,,,38450F08-818D-C74D-BC2B-6609B804EB6F
"Phantom Lady
(Sandra Knight)",Character,,"Police Comics #1
Phantom Lady: ""The Coming of the Phantom Lady""",Aug-41,Y,None Listed,writer,,,Covered under Quality Comics Purchase Agreement,,4A4716C0-2A72-744B-A86C-BA41F0DA786F
,Character,,,,,Arthur F. Peddy,"pencils, inks",None,,,,C071E167-B657-E745-B71D-0F5377211FC1
"Phantom Lady
(Stormy Knight)",Character,,Crisis Aftermath: The Battle for Blüdhaven vol 1 #2,Jun-06,N,Justin Gray,writer,WFH,,,,ED0C213D-77C3-1C42-8289-1A1EA4993914
,Character,,,,,Jimmy Palmiotti,"writer, inks",WFH,,,,DF5031BB-2236-8742-B972-4207E88D53FB
,Character,,,,,Dan Jurgens,pencils,WFH,,,,BC0E5ABD-C302-8A42-8F79-A08F5F135197
Phantom Stranger,Character,Dark Universe,"The Phantom Stranger #1
""The Haunters From Beyond""",Aug-52,Y,John Broome,writer,None,,Deceased  Wayne Smith confirmed Phantom Stranger cleared for use in Swamp Thing TV show.,,7A439B4E-2906-1348-9911-19A072DD0ACC
,Character,,,,,Carmine Infantino,"pencils, cover pencils",Settlement,,Deceased,,128A0FD3-D221-E44F-8437-71CD268312FD
,Character,,,,,"Seymour ""Sy"" Barry","inks, cover inks",None,,,,24FC16CD-E35B-0548-B0F6-D46E6384C8BD
,Character,,,,,Joseph Giella,inks,None,,,,15FF1969-4A83-464D-ABA2-ACF9966C9E83
Phantom Zone,Location,Lego Batman,"Adventure Comics #283
""The Phantom Superboy""",Apr-61,N,Robert Bernstein,writer,None,,Deceased,,106FEDF3-297F-BA4D-A9C4-44AE1EA6E9C3
,Character,,,,,George Papp,"pencils, inks",None,,Deceased,,67C48306-44B9-CA4C-BD35-B0FA670C3EE9
,Character,,,,,Curt Swan,cover pencils,None,,Deceased,,D1A3233E-E4D0-5F4A-A612-9B3A635A69BA
,Character,,,,,Stan Kaye,cover inks,None,,Deceased,,F770D588-328B-DE44-8656-38CC871790F8
Philippus,Character,"Wonder Woman
(2017)",Wonder Woman #1,Feb-87,N,Greg Potter,writer,WFH,,,,F01E74CC-3FCA-1445-8F7A-929F65068EA7
,Character,,,,,George Perez,"plot, pencils, cover",Continuity,,,,73A199A1-B1E1-4340-A3A1-29588C269AC5
,Character,,,,,Bruce Patterson,inks,WFH,,,,2DC535AC-07DE-A04F-9BA9-E774E50E900A
,Character,,,,,Tatjana Wood,color,N/A,,,,5020DD81-2A6C-504C-A747-7FE2E376C7FA
Philosopher's Stone,Property,Flash 305,"All-Star Comics #42
""The Man Who Hated Science!""",Aug-48,N,John Broome,writer,None,,Deceased,,A44C6F68-DC98-774C-BD45-DC10E569151C
,Property,,,,,Arthur F. Peddy,pencils,None,,,,DA5E0C9B-6D8A-364F-8918-793284F06EFE
,Property,,,,,Bernard Sachs,inks,None,,Deceased,,81F26AA4-9C44-D240-A910-F19B6B39F78F
,Property,,,,,Irwin Hasen,cover,None,,,,334A4EDC-2209-B748-8E35-A15051F3DEED
"Phobia
(Angela Hawkins III)",Character,,New Teen Titans #14,Dec-81,N,Marv Wolfman,writer,Exclusive,1983,,,6FE8775A-1C96-C242-B0E8-FB7040F399C0
,Character,,,,,George Perez,"pencils, cover pencils",None,1983,,,A40ACD22-5B2F-BD49-8D80-34303E40474C
,Character,,,,,Romeo Tanghal,inks,Exclusive,,,,56371FB2-9B7B-D448-9ECF-DB59AF93AE08
,Character,,,,,Dick Giordano,cover inks,Exclusive,,"Giordano may have been an employee of DC at this time.
Deceased",,27F6F634-3D4F-C14C-87DA-A6DD42E29251
,Character,,,,,Adrienne Roy,color,N/A,,Deceased,,5B514EC9-4C06-E442-89C1-30C799E5722C
"Phobos
(Pre-Crisis)",Character,,Wonder Woman #183,Jul-69,N,Mike Sekowsky,"writer, pencils, cover pencils",None,,Deceased,,FCCB63D1-7479-C041-8B9A-9E98C24FDD56
,Character,,,,,Dick Giordano,"inks, cover inks",N/A,,"Giordano was an employee of DC at this time.
Deceased",,16057DC5-77F9-264F-A0BA-75ECA37CE509
"Phobos
(Post-Crisis)",Character,,Wonder Woman #2,Mar-87,N,Greg Potter,writer,WFH,,,,1F0DACCF-5E17-8B40-BA0B-EB5B3EB49D18
,Character,,,,,George Perez,"plot, pencils, cover",Continuity,,,,60B13185-DC33-E540-B55E-33AD49589E97
,Character,,,,,Bruce Patterson,inks,WFH,,,,2BC44ED7-AB92-0C40-BE87-C98CC8CB57BD
,Character,,,,,Tatjana Wood,color,N/A,,,,2B5B46D8-8757-2C4F-88B8-FBE06371CF69
"Pilgrim
(Maritza Blackbird)",Character,Legends 112,"WildC.A.T.S #2
""Wetworks""",Sep-92,N,Whilce Portacio,"writer, pencils",None,,See also: Aegis Entertainment Purchase Agreement,,316FAE0C-5A23-F34F-8217-642FB5BA7BC4
,Character,,,,,Brandon Choi,writer,WFH Acknowledgement,,,,9B7CA098-C942-144A-8872-CADEE4C89476
,Character,,,,,Scott Williams,"inks, cover inks",WFH Acknowledgement,,,,0A43DCB0-FD47-4C40-9C74-0D60DE716E4D
,Character,,,,,Jim Lee,cover pencils,Firewall Agreement,,,,30C9B89E-53C1-9243-9CA9-1550A8A6205F
,Character,,,,,Joe Rosas,color,N/A,,,,304FF7F2-86EB-A54B-985C-411A920E3432
Pino Bertinelli,Character,Arrow 501,Batman/Huntress: Cry For Blood #1,Jun-00,N,Greg Rucka,writer,WFH,,,,B8711E4C-4DEA-9D4C-A924-06995C1DA0A7
,Character,,,,,Rick Burchett,"pencils, inks, cover",WFH,,,,41C869EE-64FB-EF49-8521-AC631DA19967
,Character,,,,,Tatjana Wood,color,N/A,,,,7C104EC4-8780-A24E-BDE1-E45414B1BE06
"Pit Bull
(Gabriel Brady)",Character,"Point Blank
Sleeper",Sleeper #6,Aug-03,N,Ed Brubaker,writer,WFH,,,,66209462-42CB-2440-99FB-59859FECA588
,Character,,,,,Sean Phillips,"pencils, inks, cover",WFH,,,,4101413B-0A35-F144-AFE9-825C1A1DFD71
,Character,,,,,Tony Avina,color,N/A,,,,740514CF-A6FD-E74A-8034-8B2A5474141A
The Plain Janes,Property,,The Plain Janes OGN,2007,Y,Cecil Castellucci,writer,Joint Creator/All Rights; Writer,2006,,,AD673AAD-4F46-CA42-B64A-29A48F7D9F49
,Property,,,,,Jim Rugg,"pencils, inks, cover",Joint Creator/All Rights; Artist,2006,,,78CF6D0A-5352-F841-9822-91A52C75DC6C
Planetary,Property,,"C-23 #6
""Planetary""",Sep-98,Y,Warren Ellis,writer,WildStorm Independent Contractor,1998,,,3641F9D3-23ED-374B-8E27-6A48C5616379
,Property,,,,,John Cassaday,"pencils, inks",None,2001,,,DD206CA6-705A-E440-942F-4C0AE4FFB6AC
,Property,,,,,Richard Corben,cover,None,,,,8F5C0FB4-5D79-1C43-8108-B923CD5BEBE2
,Property,,,,,"Laura Martin
(Laura DePuy)",color,N/A,,,,E7E802A8-1079-974D-9142-118D8E5AAE61
"Plastic Man
(Patrick ""Eel"" O'Brian)",Character,,"in Quality Comics:
Police Comics #1
""The Origin of Plastic Man""",Aug-41,Y,Jack Cole,"writer, pencils, inks",Creator Recognition,2009,Deceased Creator Recognition Agreement is with heir.,,92C0180B-FAC0-A24E-A958-268B3381515D
,Character,,,,,Gill Fox,cover,None,,See also Quality Comics purchase agreement dated 7/26/56.,,8160D785-CED2-3D46-8F87-1F02951447CD
,Character,,"in DC Comics:
House of Mystery #160
""The Wizard of Light""",Jul-66,Y,Dave Wood,writer,None,,Deceased,,79A35E6A-339B-B445-8C4E-9ECE1F34A994
,Character,,,,,"James ""Jim"" Mooney","pencils, inks, cover",None,,Deceased,,C2EBDEED-6558-A140-9123-67A8B6291EB4
"Plastique
(Bette Sans Souci)",Character,"Flash 105
(11/11/2014)",The Fury of Firestorm: The Nuclear Man #7,Dec-82,Y,Gerry Conway,writer,Writer,2010,,,52DF6DBC-8BE4-7640-B21C-433043622F3A
,Character,,,,,Pat Broderick,"pencils, cover pencils",None,,,,FB0B783D-68EF-3C42-90E8-08E6AB6A0F69
,Character,,,,,"Rodolfo ""Rodin"" Rodriguez",inks,None,,,,6EA77258-2323-A448-A8F9-B70DF008F30D
,Character,,,,,Dick Giordano ,cover inks,N/A,,"Giordano was an employee of DC at this time.
Deceased",,394B23E4-197E-4145-8538-3F587E40F953
,Character,,,,,Gene D'Angelo,color,N/A,,,,373439A8-CA52-4D43-88E5-E023B6972EE8
Platinum,Character,,Showcase #37,Mar-62,Y,Robert Kanigher,writer,N/A,,"Kanigher was an employee of DC from 2/3/47 through 5/31/82.
Deceased",,BAF0F6BA-D2EF-7443-9474-F90BB52A9684
,Character,,,,,Ross Andru,"pencils, cover pencils",None,,Deceased,,7EE52488-8C15-0941-AB9B-E04361D47AD8
,Character,,,,,Mike Esposito,"inks, cover inks",None,,Deceased,,C1D82124-9EDC-2246-9DC4-9C45F9CB5676
"Plunder
(Jared Morillo)",Character,Flash 309,Flash #165,Oct-00,N,Geoff Johns,writer,WFH,2003,,,DF5DAA8E-5993-A047-8DD7-D91432D7B76C
,Character,,,,,Angel Unzueta,pencils,WFH,2003,,,58631B93-DC7B-D849-BBC8-7CFC15D4DC53
,Character,,,,,Doug Hazlewood,inks,WFH,,,,D0CB6925-B2B0-FB4D-900C-79A5A3F85829
,Character,,,,,Brian Bolland,cover,WFH,,,,1BF85782-8F47-6D43-B8BA-84FF4B9F1123
,Character,,,,,Tom McCraw,color,Exclusive,,,,EE230E16-49BF-D643-984A-E286E33A4BF1
Point Blank,Property,"Point Blank
Sleeper",Point Blank #1,Oct-02,Y,Ed Brubaker,writer,WFH,,,,F4C95E80-FD55-D94E-8A9B-A7EC98856036
,Property,,,,,Colin Wilson,"pencils, inks, variant cover",WFH,,,,E7C2CA2E-7BF6-514A-ABF6-E3D4C74AD8AB
,Property,,,,,Simon Bisley,cover,WFH,,,,1FD8597B-19CA-5945-B9AA-371BACD41CE9
,Property,,,,,Janet Gale,color,N/A,,,,40692157-8A13-0044-966F-4D9ECA3A0335
Pointer,Character,,Batman Eternal #24,Sep-14,N,Scott Snyder,writer,Exclusive,,,,BD02CB17-42D9-E045-BF23-3D3E0E0E08F8
,Character,,,,,James Tynion IV,writer,WFH,,,,3190F727-FFE8-1745-B2A4-B71932D3B92A
,Character,,,,,Ray Fawkes,writer,None,,We have vouchers for issues 22 and then 28-30 but not 24 in eDocs,,F47CC513-2340-A544-A227-AA612D64C6C1
,Character,,,,,Andy Clarke,"pencils, inks",WFH,,,,DD4D11FB-DA2F-D74D-BD22-B358D8A63ADE
"Poison Ivy
(Pamela Isley)",Character,Gotham Girls,"Batman #181
""Beware of -- Poison Ivy""",Jun-66,Y,Robert Kanigher,writer,N/A,,"Kanigher was an employee of DC between 2/3/47 - 5/31/82.
Deceased",,9DDE6A78-DFB0-2B41-AAB7-3774BC82F739
,Character,,,,,Bob Kane,pencils,Services Agreement,,"According to the GCD, although Kane was paid for this contribution, scholars agree that the work is Moldoff's.
Deceased",,3F09F1B6-0533-FB4B-935B-19D3C8465E9C
,Character,,,,,Sheldon Moldoff,pencils,None,,"Deceased
Per the library and Wayne Smith (Corp. Legal), please check to see if Bob Kane should also be included in credits.",,81800B62-D6AF-154E-A585-1331EC8D89A3
,Character,,,,,Joe Giella,inks,None,,,,4454E7DA-F52B-174F-A22A-9DD321B7600A
,Character,,,,,Carmine Infantino,cover pencils,Settlement,,Deceased,,ECD53518-E9FF-A549-A9D2-68F342C6C5C7
,Character,,,,,Murphy Anderson,cover inks,None,,Deceased,,7D5C9425-D4F5-D746-9390-E09E9631920D
"Polar Boy
(Brek Bannin)",Character,Flash 512,"Adventure Comics #306
""The Legion of Substitute Heroes!""",Mar-63,Y,Buddy LaVigne,,,,Polar Boy was originally suggested in a letter from reader Buddy LaVigne published in the Smallville Mailbag in Adventure Comics #304,,558A665A-80B3-6A45-B428-09C08E9D6DCE
,Character,,,,,Edmond Hamilton,writer,None,,Deceased,,16238294-FAFF-6F49-97E2-D49E77CBC4CE
,Character,,,,,John Forte,"pencils, inks",None,,Deceased,,AC37F5B9-62C4-6E42-BA85-59C0289D5676
,Character,,,,,Curt Swan,cover pencils,None,,Deceased,,98146CB7-0428-5048-A606-62E0FCCFD3A1
,Character,,,,,George Klein,cover inks,None,,Deceased,,CEA4690C-7635-9F45-BDD7-896266517ADD
"Polka Dot Man
(Mr. Polka-Dot; Abner Krill)",Character,Lego Batman,"Detective Comics #300
""The Bizarre Polka-Dot Man""",Feb-62,Y,Sheldon Moldoff,"pencils, cover",None,,"Deceased
Per the library and Wayne Smith (Corp. Legal), please check to see if Bob Kane should also be included in credits.",,A8E56C01-6996-AB4B-BB00-FCF4F2F5E699
,Character,,,,,Charles Paris,inks,None,,Deceased,,57910721-594D-EB4C-B85D-45C6087AE998
"Pooch
(Gunner MacKay's dog)",Character,The Losers (DC),"Our Fighting Forces #49
""Blind Gunner""",Sep-59,Y,Robert Kanigher,writer,N/A,,"Kanigher was an employee of DC Comics from 2/3/47 - 5/31/82.
Deceased",,33DBDBC2-78F1-224A-9839-A689B7BF3496
,Character,,,,,"Jerry Grandenetti
(Charles J. Grandenetti)","pencils, inks, cover",None,,Deceased,,47BA9CE3-6304-624F-B01B-7CF3425E4A7D
"Power Girl
(Kara Zor-L; Karen Starr)",Character,,All-Star Comics #58,Jan-76,Y,Gerry Conway,writer,None,,,,F5E18925-4060-274C-8D7C-EDC74C461027
,Character,,,,,Ric Estrada,pencils,None,,Deceased,,175F1A25-93D4-8144-935F-B5CDDBE9C7E3
,Character,,,,,Wally Wood,inks,None,,Deceased,,452E0243-F0BF-464D-9736-91A6A72EB49B
,Character,,,,,Mike Grell,cover,None,,,,7E8B40C7-5010-4947-A8E8-5DE231EE0A2E
"Prank
(Megan Lockhart)",Character,,"Flash TV Show (1990):
""Watching the Detectives""",Oct-90,,Howard Chaykin & John Francis Moore,writers,,,,,0FDC9B19-4D74-2645-9076-DF201C6BD5BC
"Prank
(Zoey Clark)",Character,Flash 411,"Flash TV Show (1990):
""The Trial of the Trickster""",May-91,,Howard Chaykin & John Francis Moore,writers,,,,,F6464DE0-32BB-3845-B9F5-A927E06A8966
Prankster,Character,,Action Comics #51,Aug-42,N,Jerry Siegel,writer,Settlement,,,,8D23A215-29EF-9B40-BC3C-8EA16F42FC5E
,Character,,,,,John Sikela,"pencils, inks",None,,,,5B7390A5-C025-8843-84F5-FFC1B7911653
"Prez
(Prez Rickard)",Character,,Prez #1,Aug-73,Y,Joe Simon,writer,None,,Deceased,,F34965F5-F9CD-984F-8975-8D06D042B98B
,Character,,,,,"Jerry Grandenetti
(Charles J. Grandenetti)","pencils, inks, cover",None,,Deceased,,200AD268-7F84-AD42-B507-0D13D025A114
"Prez
(Beth Ross)",Character,,"Convergence: Batgirl #2
""Divergence: Prez""",Jul-15,N,Mark Russell,writer,WFH,,,,E8745CE8-3DBB-3A46-BB17-0075536D85C3
,Character,,,,,Ben Caldwell,pencils,WFH,,,,BE5586C1-6328-3041-A51D-2F77826D5BDF
,Character,,,,,John Lucas,inks,WFH,,,,37A97167-4E4D-D746-976D-1E0BAA2AD71B
,Character,,,,,Rick Leonardi,cover pencils,WFH,,,,E19C0E05-A0D4-DC4D-8FE4-2DB845A4260D
,Character,,,,,Dan Green,cover inks,WFH,,,,60957AC0-8585-E741-9C4B-766983E4E107
,Character,,,,,Steve Buccellato,cover color,WFH,,,,2F286C2E-5EC7-7A40-98FE-73DC6410FEF1
,Character,,,,,Jeremy Lawson,color,None,,,,C4F942B2-90B9-4245-BAE5-2A53B61F67ED
"Primus
(Pren)",Character,Krypton,Green Lantern #141,Jun-81,Y,Marv Wolfman,writer,Exclusive,1982,,,FC3AF91D-D432-114B-949E-0D5C54543BDA
,Character,,,,,Joe Staton,"pencils, inks",Exclusive,1982,,,A59C8CAC-86BB-F04A-B8FD-A30B6FF47F22
,Character,,,,,George Perez,cover,None,,,,1656225D-A0AE-6240-BB71-DFCDDEEA03D1
,Character,,,,,Carl Gafford,color,N/A,,,,7F18CE94-2207-934F-A0F0-D8FDBE54A4B1
Prince Evillo,Character,,Adventure Comics #350,Nov-66,N,E. Nelson Bridwell,writer,N/A,,"Bridwell was an employee of DC at this time.
Deceased",,A419319A-BA06-A34C-9549-88DD3F1729EE
,Character,,,,,Curt Swan,"pencils, cover pencils",None,,Deceased,,457DD5B5-350E-D449-9A76-ECA1DBDAC9F8
,Character,,,,,George Klein,"inks, cover inks",None,,Deceased,,D58EBF59-1A80-8342-8D81-326507F8756B
Professor Emil Hamilton,Character,"Man of Steel
(2013)",Adventures of Superman #424,Jan-87,N,Marv Wolfman,writer,Writer,1996,,,B890B3CA-1F90-6849-8DAC-B78B218636CC
,Character,,,,,Jerry Ordway,"pencils, cover",WFH,1996,,,64656F44-8C6E-4D4A-9F60-9A623CAC167A
,Character,,,,,Mike Machlan,inks,WFH,,,,29A524E9-0526-A14A-804C-BA21C3780368
,Character,,,,,Thomas Ziuko,color,N/A,,,,8A73E1A4-687A-1F45-AE5E-FBEE58776E54
Professor Hugo Strange,Character,Lego Batman,"Detective Comics #36
""Professor Hugo Strange""
",Feb-40,N,Bill Finger,writer,Contributor Recognition,,Deceased Contributor Recognition Agreement is with heir.,,D1E65F43-AA6B-E142-9463-50EFE921BBFD
,Character,,,,,Bob Kane,"pencils, inks, cover",Services Agreements,,Deceased,,3DB3542C-3E58-274F-B4C3-E26FF91E4932
"Professor Ivo
(Anthony Ivo; Anthony Ives)",Character,Legends 208,Brave & the Bold #30,Jun-60,Y,Gardner F. Fox,writer,Creator Recognition,2009,Deceased Creator recognition agreement is with heirs.,,214C60D0-AA8E-CF4E-AFF8-F1DA624EE32B
,Character,,,,,Mike Sekowsky,"pencils, cover pencils",None,,Deceased,,71F7B272-F0FE-D044-B1A6-6F94C59DA0D3
,Character,,,,,Bernard Sachs,inks,None,,Deceased,,2085527E-B2D7-AC48-8D82-8122E0138879
,Character,,,,,Murphy Anderson,cover inks,None,,Deceased,,E7C4E672-E15D-944D-BE71-920F0B715D27
"Professor Pyg
(Lazlo Valentin)",Character,,Batman #666,Jul-07,N,"Vincent Deighan
(Frank Quitely)",creator,None,2011,"Per Scott Wilson, Deighan created the final ""look"" for Pyg, although he did not work on this issue, so we give him co-artist character equity (See files)",,882DAA57-E149-8747-BA52-BCEABEC7DF55
,Character,,,,,Grant Morrison,writer,WFH; Exclusive,2011,,,2FDF9F6B-88DC-A34D-845B-781E8F4DC307
,Character,,,,,Andy Kubert,"pencils, cover",WFH; Continuity,2011,,,08C2715D-DAC2-7B48-BF59-5295CBF74415
,Character,,,,,Jesse Delperdang,inks,WFH,,,,791382B2-4D26-2D47-842B-6369383E07D8
,Character,,,,,Guy Major,color,N/A,,,,76F004C0-6AA3-DE4F-8DD8-883817A50C83
Professor Turgo,Character,,"Wonder Woman #46
""The Moon of Peril""",Mar-51,N,Robert Kanigher,writer,None,,"Robert Kanigher was employed by DCE from 2/3/1947 - 5/31/1982.
Deceased",,79E75C82-C52C-E844-B38D-A7514F5EC52C
,Character,,,,,Harry G. Peter,artist,None,,,,9BAA4FBD-E47F-7F45-8535-007554865FD1
Professor Torgo,Character,Arrow 405,Tales of the Teen Titans #47,Oct-84,N,Marv Wolfman,writer,Co-writer/Co-editor,,,,C6C9FE2B-6486-D247-AFE8-69198FF26635
,Character,,,,,George Perez,"pencils, cover",Co-writer/Artist/Co-editor,,,,11C216DA-17B8-3942-A966-640E3952D200
,Character,,,,,Mike DeCarlo,inks,WFH,,,,DB09300C-B648-D948-93D7-F179AFC40A96
,Character,,,,,Adrienne Roy,color,Exclusive,,Deceased,,B6CCE475-FE84-624D-9FCA-29A738A98056
Project Cadmus,Property,"Supergirl 116
(3/14/2016)","Superman's Pal, Jimmy Olsen #133",Oct-70,N,Jack Kirby,"writer, pencils, cover pencils",Creator Recognition,,Deceased,,70FEEC24-2BC8-BA47-A4EE-B010D9D3BBFE
,Property,,,,,Vince Colletta,"writer, inks, cover inks",None,,,,40AD113F-9574-024D-AA46-49420B636A16
Prometheus,Character,Arrow 501,Prometheus #1,Feb-98,Y,Grant Morrison,writer,WFH,1998,,,A52BAC93-08F5-744A-80AE-E3A52F8E939D
,Character,,,,,Arnie Jorgensen,pencils,WFH,,,,503EA476-CBB0-7C44-B7F3-CDED7D69F2A8
,Character,,,,,David Meikis,inks,WFH,,,,69F06AF1-BB08-ED4D-BDB8-F6C6CF8ED8F7
,Character,,,,,James Trent Pearson,cover,WFH,,,,C46B44A0-420D-E84A-ACD8-59961A8C74EC
,Character,,,,,Heroic Age,color,N/A,,,,582801B7-C17A-3F4F-A886-E1366A831733
,Character,,,,,James Sinclair,color,N/A,,,,17851447-2F01-9148-961E-F9DFEB849977
"Psimon
(Dr. Simon Jones)",Character,,New Teen Titans #3,Jan-81,N,Marv Wolfman,writer,Exclusive,1983,,,95C0ED33-92D1-8640-B080-8C2A4037C5DB
,Character,,,,,George Perez,"pencils, cover",Exclusive,1983,,,97442ABA-C822-A449-AD29-4CFB086D05F5
,Character,,,,,Frank Chiaramonte,inks,Exclusive,,Deceased,,40386962-B333-3F44-B583-6B628C5A1D88
,Character,,,,,Adrienne Roy,color,Exclusive,,Deceased,,28BE34E8-E739-EB4D-A00D-D9874758FD1F
Psi-Scimitar,Location,Arrow 505,Suicide Squad #1,May-87,N,John Ostrander,writer,WFH,,,,0AEDE9BD-5385-8340-A7AE-2771CA28E8B6
,Location,,,,,Luke McDonnell,pencils,WFH,,,,F16DA270-9391-8B44-AEB8-7F366DC01E18
,Location,,,,,Karl Kesel,inks,WFH,,,,F8954C4D-F129-A448-BDC2-6C4EBFF2BAFA
,Location,,,,,Howard Chaykin,cover,WFH,,,,552AD04E-0B74-3749-BD6E-FBCB63E37992
,Location,,,,,Carl Gafford,color,N/A,,,,01EA5CFA-2CAE-6B43-BB5A-08F762768CF3
"Psycho-Pirate
(Charles Halstead)",Character,,All-Star Comics #23,Winter 1944,N,Gardner Fox,writer,Creator Recognition,,Deceased Creator recognition agreement is with heirs.,,7FEF9D51-B596-5447-8628-51A6A688C0BE
,Character,,,,,Joe Gallagher,"pencils, inks, cover",None,,,,E55E3EB8-8EF7-C741-B9DC-57B8F5979B38
"Psycho-Pirate
(Roger Hayden)",Character,Arrow 709,Showcase #56,Jun-65,Y,Gardner Fox,writer,Creator Recognition,,Deceased Creator recognition agreement is with heirs.,,57C04C85-F6B3-A047-9BC0-D257C9B9C186
,Character,,,,,Murphy Anderson,"pencils, inks, cover",None,,Deceased,,3775DFE0-B9EA-5B45-AC25-D2E5C1A43CC6
"Punch
(Peter Punch)",Character,,"Batman #31
""Punch and Judy!""",Oct-45,N,Bill Finger,writer,Contributor Recognition,,Deceased Contributor Recognition agreement is with heir.,,2A274C05-D99F-E64F-9521-37DEEDBCE14E
,Character,,,,,Jerry Robinson,pencils,Settlement,,Deceased,,FDA071DA-6F64-9143-A7E7-A3F88D00470E
,Character,,,,,George Roussos,inks,None,,Deceased,,E1F5D06E-2B02-4842-97B9-3F4802D3D54E
,Character,,,,,Dick Sprang,cover,None,,Deceased,Dick Sprang’s beneficiary is Yavapai Symphony Association. We’ve been paying Yavapai Symphony Association since 2000 for Dick Sprang’s royalties,FAEBCD2D-3B8E-6149-B894-BADBFEE0636A
"Punch
(Pre-Crisis)",Character,,"in Charlton Comics:
Captain Atom #85",Mar-67,Y,Steve Ditko,"pencils, cover pencils",Creator Recognition,2017,See Charlton Comics Purchase Agreement.,,2BE45F1E-CE90-8F4D-AAE4-F81CD9AF4EB3
,Character,,,,,David Kaler,writer,None,,,,4FED7E13-F18C-A94D-B63F-E4F9F90B13FE
,Character,,,,,Rocco Mastroserio,"inks, cover inks",None,,,,CDA7566C-7F87-CE46-A244-3642FD684455
,Character,,"in DC Comics:
Crisis on Infinite Earths #9",Dec-85,Y,Marv Wolfman,writer,Writer-Editor,,,,1C467B0A-8455-1342-94BC-349F458E16AC
,Character,,,,,George Perez,"pencils, cover",Exclusive,,,,AD124CDF-B423-FB4F-B7D1-1374C4A8A2F5
,Character,,,,,Jerry Ordway,inks,None,,,,25CB7AF4-5128-7248-BEE9-513F3FD2EF2A
,Character,,,,,Anthony Tollin,color,Exclusive,,,,F8834010-E706-8D4B-BD30-E43627078239
"Punch
(Sylvester Sebastopol)",Character,,Teen Titans #19,Feb-69,Y,Mike Friedrich,writer,None,,,,F06C4568-F8A4-7C4C-983F-6AFF9393564A
,Character,,,,,Gil Kane,pencils,None,,Deceased,,6B5A0711-A549-B940-84B2-B71084D06D80
,Character,,,,,Wally Wood,inks,None,,Deceased,,A354344A-6032-CF49-9E45-4C13B6144112
,Character,,,,,"Nicholas Viscardi
(Nick Cardy)",cover,None,,Deceased,,1C042781-E0EA-914D-A8AB-12B43DDE913F
"Punch
(Clyde Phillips; Post-Crisis)",Character,,"Secret Origins #28
""A Princess Story""",Jul-88,N,Robert Greenberger,writer,WFH,,,,1965BFBD-95B5-3F4A-A4D8-895671551581
,Character,,,,,Rob Liefeld,pencils,WFH,,,,1ADAAF2A-4541-E54C-AE20-9589298ED837
,Character,,,,,Bob Lewis,inks,WFH,,,,4F0DD951-BA3F-F649-9BEC-EA142F7136FE
,Character,,,,,Keith Wilson,cover pencils,WFH,,,,EE999FE1-C49F-5F42-8088-0F43BBEC5299
,Character,,,,,William Messner-Loebs,cover inks,WFH,,,,4F7EDD26-6C7C-7045-9421-518FADB49FD2
,Character,,,,,Carl Gafford,color,N/A,,,,D000E947-FE40-DF4A-9A4E-703968852CBB
"Purple Pilgrim
(Golden Age)",Character,Legends 112,"Flash Comics #86
""The Valley of the Purple Pilgrim""",Aug-47,N,Robert Kanigher,writer,N/A,,"Kanigher was an employee of DC from 2/3/47 - 5/31/82.
Deceased",,0FF5718B-2DCA-824E-86E9-ECCAC7EB9651
,Character,,,,,Joe Kubert,"pencils, inks, cover inks",None,,,,A6BF5754-595F-5A4C-9156-41476628C2AB
,Character,,,,,Lee Elias,cover pencils,None,,,,70690D82-C9A1-4541-BF18-D18DE8664F02
"Purple Pilgrim
(Modern Age)",Character,Legends 112,Hawkman #42,Sep-05,N,Justin Gray,writer,WFH,,,,E8D293CA-B1CD-5845-B7A6-854BF70CFAA9
,Character,,,,,Jimmy Palmiotti,writer,WFH,,,,7AB02697-82AB-B94A-89A0-73C9F5BCB815
,Character,,,,,Steve Sadowski,pencils,WFH,,,,86E00910-D335-1A42-9860-3D09631BA4AB
,Character,,,,,Drew Geraci,inks,WFH,,,,CB9D7B6E-313E-8149-8FD6-C508AD73D64D
,Character,,,,,Matt Haley,cover,WFH,,,,F3D6464F-BFEB-8A4A-8DF0-34B370389C2D
,Character,,,,,Sno Cone,color,N/A,,,,52F78051-AF49-DB4B-BE34-93756517EFA8
Pyotr Raskov,Character,Arrow 504,New Titans #77,Jul-91,N,Marv Wolfman,writer,Writer,,,,102EB75E-FC33-8845-B782-FFF9C24C3C3A
,Character,,,,,Tom Grummett,"pencils, cover pencils",Artist; WFH,,,,FC9C963A-CF4C-A541-8882-D8C59578C398
,Character,,,,,Al Vey,"inks, cover inks",WFH,,,,4F03932F-A82C-4943-A722-73669698EB8E
,Character,,,,,Adrienne Roy,color,Exclusive,,,,E984DCD8-C88D-DB4F-A797-88FBAD409B98
Pyotr Roslov,Character,Arrow 504,Superman: Red Son #1,Jun-03,N,Mark Millar,writer,Prestige,,,,018E40E8-3BDA-4445-AD73-1E20679A9358
,Character,,,,,Dave Johnson,"pencils, cover",Prestige,,,,5537CCA4-F35A-C740-845E-DB77D5996305
,Character,,,,,Andrew Robinson,inks,Prestige,,,,03BB1C01-3ED5-074C-AED9-C9CE6FC981DB
,Character,,,,,Paul Mounts,color,N/A,,,,89C44998-FC86-B94F-A6E4-FBF23BB47AEB
Pytharia,Location,Supergirl 204,Claw the Unconquered #1,Jun-75,N,David Michelinie,writer,None,,,,448D9ECF-03BD-4F43-AEF5-94CF1D01D781
,Location,,,,,Ernie Chan,"pencils, inks, cover",None,,Deceased,,1FF40BA4-17EE-0E4D-9596-3861DEC4E5B2
,Location,,,,,"John Albano, Jr.",color,N/A,,,,389C9024-D5A7-9442-BC90-03EB589A3BD7
"Queen Bee
(Zazzala)",Character,Arrow 405,Justice League of America #23,Nov-63,Y,Gardner F. Fox,writer,Creator Recognition,2009,Deceased Creator recognition agreement with heirs.,,E9944B7E-5E7E-4842-B1FA-0976BC70F8B5
,Character,,,,,Mike Sekowsky,"pencils, cover pencils",None,,Deceased,,DEB9D328-E287-3045-ADA4-0C217084FEBB
,Character,,,,,Bernard Sachs,inks,None,,Deceased,,897DD4E6-EF8A-C64A-B65A-372FE5A39ED0
,Character,,,,,Murphy Anderson,cover inks,None,,Deceased,,F1CFF250-1D47-AD48-A21D-BAB665973255
"Queen Lucy, Super-Girl",Character,,"Superboy #5
""Superboy Meets Supergirl""",Nov-49,Y,William Woolfolk,writer,None,,,,D87358B4-F9D7-C742-A3F6-E6CC5FE2C02E
,Character,,,,,John Sikela,"pencils, cover",None,,,,932146B7-3AD4-9E43-AE2A-B6F5D8915010
,Character,,,,,Ed Dobrotka,inks,None,,,,F15CA190-D174-0E45-9254-2C3DB9130B12
"Queen of Fables 
(Tsaritsa)",Character,,JLA #47,Nov-00,N,Mark Waid,writer,WFH,,,,E87FEAD1-4EA0-5743-912E-4913E0A91A03
,Character,,,,,Bryan Hitch,pencils,WFH,,,,26B58CAA-FCB9-2D46-AAF2-9042B44FD62C
,Character,,,,,Paul Neary,inks,WFH,,,,C7CA2628-BF40-664C-ACFF-AC3B8A2062D9
Queen Tower,Location,Titans 107,"Smallville
""Sneeze""",Oct-06,,"Todd Slavkin
Darren Swimmer",writers,,,,,46E59D04-DB9A-3D45-9BD0-D7983A76CE10
Quentin Turnbull,Character,Legends 206,Weird Western Tales #22,May-74,N,Michael L. Fleisher,writer,None,,,,FC5BD718-9F79-5E4E-B270-ACFD40F4BEE2
,Character,,,,,Tony DeZuniga,"pencils, inks",Exclusive,,,,E074822C-403A-3945-8585-EE6EF226302D
,Character,,,,,Luis Dominguez,cover,None,,,,7685F53C-776D-A643-89CD-4617272B656B
"Querl Dox
(Brainiac-5)",Character,,"Action Comics #276
""Supergirl's Three Super Girl-Friends""",May-61,N,"Jerome ""Jerry"" Siegel",writer,Settlement,,Deceased Settlement is with heirs.,,22CBC345-5134-6344-8DC1-1A5E21B55C17
,Character,,,,,James (Jim) Mooney,"pencils, inks",None,,Deceased,,72BCDCDE-122A-1F49-A26F-33E2C7127724
,Character,,,,,Curt Swan,cover pencils,None,,Deceased,,78031537-ABD3-014C-8BD1-E48736A937E8
,Character,,,,,Stan Kaye,cover inks,None,,Deceased,,C962BDA3-A7DE-7940-80D4-003B1FC65107
"The Question
(Victor ""Vic"" Sage)",Character,"The Question
(BRC)","in Charlton Comics:
Blue Beetle #1
""Who Is The Question?""",Jun-67,Y,Steve Ditko,"pencils, cover pencils",Creator Recognition,2017,See Charlton Comics Purchase Agreement,,2228FE06-EAD4-6B48-86B4-D988BF39AE3F
,Character,,"in DC Comics:
Crisis on Infinite Earths #6",Sep-85,N,Marv Wolfman,"writer, editor",Writer,,,,F4AF3F5D-A8B1-4A40-B7D4-275F8EA1DF76
,Character,,,,,George Perez,"pencils, cover",Exclusive,,,,D6F6376D-B613-B04B-B97B-EF5B851D20CF
,Character,,,,,"Jeremiah ""Jerry"" Ordway",inks,None,,,,E11605D4-83A4-4A4C-8AA4-03CA64D990A8
,Character,,,,,Thomas Ziuko,color,N/A,,,,F5102353-8D1B-0145-9B66-E7AEE4C86E69
"Quisp
(Qwsp)",Character,Necrus,Aquaman #1,Feb-62,N,Jack Miller,writer,None,,Entries for Miller on the COT suggest he was or may have been an employee at this time (may have been in 1959 and was in 1963),,C635B657-7A88-714B-8E5D-8FA7C546ABE7
,Character,,,,,"Nicholas Viscardi
(Nick Cardy)","pencils, inks, cover",None,,Deceased,,C0DD7E22-E6FA-1C4C-9EE1-956C891DBE80
Quiz,Character,,Doom Patrol #26,Sep-89,N,Grant Morrison,writer,WFH,Y,,,B0B76AAF-B3E8-3044-A3B0-DE8DA970F572
,Character,,,,,Richard Case,pencils,WFH,,,,44D7B441-2854-E740-B4C8-82013EB63D75
,Character,,,,,John Nyberg,inks,WFH,,,,B07BCDC8-961B-6244-A22A-7EF4AAB56C58
Quorum,Location,Doom Patrol 203,Guy Gardner #16,Jan-94,N,Chuck Dixon,writer,WFH,,,,B1E78D2A-EB75-4F46-B9E7-D2123FB563C1
,Character,,,,,Mark Tenney,pencils,WFH,,,,3E43E1FB-94D6-3944-8F78-A484877C2861
,Character,,,,,John Stangeland,inks,WFH,,,,C5F0890D-D1C9-AD4A-901E-826C896439AE
Qurac,Location,Arrow 714,Tales of the Teen Titans #51,Mar-85,N,Marv Wolfman,writer,Writer Agreement,,,Falls within time period for which we’re missing many of our voucher records. We do have vouchers for other titles/issues from 1984-1986 signed by both Buckler and Smith evidencing that they regularly signed wfh vouchers.,036E324D-DC83-B140-A1C2-45F8CEEE09B7
,Location,,,,,George Perez,"writer, cover",Writer-Artist Agreement,,,,58215723-F995-9744-960C-C31D04D2A30E
,Location,,,,,Rich Buckler,pencils,None,,,,6B59596B-6415-E041-AA7A-516F97145829
,Location,,,,,Bob Smith,inks,None,,,,715471B6-42E4-944F-A0F2-8FCF623FA304
,Location,,,,,Adrienne Roy,color,Exclusive,,Deceased,,0C2837AA-1B17-2D4E-B386-B3D20CB523E1
Radu's Coffee Shop,Location,Arrow 701,Green Lantern #57,Dec-94,N,Ron Marz,writer,WFH,,,,D076ECC4-0C0A-3345-9682-88245D0965CB
,Location,,,,,Darryl Banks,pencils,WFH,,,,86D24D02-8940-8644-BAF9-334B6120647E
,Location,,,,,Romeo Tanghal,inks,None,,,,EA97E1A0-EAFA-8D46-A3AC-9CBD14F43ABC
,Location,,,,,Jeff Johnson,cover pencils,WFH,,,,16202D23-B958-2F47-BFCA-72839A4F742E
,Location,,,,,Dan Panosian,cover inks,None,,,,00AF0AD4-B07E-BA4F-8F5E-E499815FB9D1
,Location,,,,,Steve Mattsson,color,N/A,,,,6E3A2052-75AD-F342-AA72-FF1B97C16B0C
,Location,,,,,Gina Going,cover color,N/A,,,,2ECC8E1C-6C9E-0746-944B-F4A60D344630
"Rag Doll
(Peter Merkel Sr.)",Character,,"Flash Comics #36
""Tale of the Treasure Hunt""",Dec-42,Y,Gardner F. Fox,writer,Creator Recognition,,Deceased Creator Recognition Agreement is with heirs.,,6181E251-66E2-9C4D-AA44-6E0730CB9078
,Character,,,,,Lou Ferstadt,"pencils, inks, cover",None,,,,87587196-F5E9-9748-A489-49076C71E5A3
"Rag Doll
(Colby Zag)",Character,,"Starman 80-Page Giant #1
""Chain of Possession (Part One)""",Jan-99,N,James Robinson,writer,WFH,,,,C17F5DB3-5F7D-374A-9837-2A2429790532
,Character,,,,,John Lucas,"pencils, inks",WFH,,,,6F1E50E0-0B25-BB48-8A34-A28A2102A6CD
,Character,,,,,Tony Harris,cover,WFH,,,,14076DF6-4061-5C47-997A-FA07A0A83418
,Character,,,,,Carla Feeny,color,N/A,,,,48825FFE-2250-A745-96D5-F3C86FE431C9
"Rag Doll
(Peter Merkel Jr.)",Character,,Villains United #1,Jul-05,Y,"Tamra L. James
(Gail Simone)",writer,WFH,,,,DB8478F4-BB11-214A-B42F-E17795D8A050
,Character,,,,,Dale Eaglesham,"pencils, variant cover pencils",WFH,,,,9FB7A1DC-C7AE-894B-A420-B41717E09EE7
,Character,,,,,Wade Von Grawbadger,"inks, variant cover inks",WFH,,,,BCE62BE9-4F5D-DF45-B1FE-9E2BD1931E7E
,Character,,,,,J.G. Jones,cover,WFH,,,,4562C6F6-8541-5E4C-BFE7-4B3626B8BF9A
,Character,,,,,Sno Cone,color,N/A,,,,3B49DAE8-BB38-744B-B7D6-DDF91ADDA49D
"Ragman
(Rory Regan)",Character,Arrow 502,Ragman #1,Aug-76,Y,Robert Kanigher,writer,None,1985,"Kanigher was employed by DC from 2/3/47 - 5/31/82.
Deceased",,080AFFF6-3B38-A244-8E8B-7BEFF4053906
,Character,,,,,Frank Redondo,"pencils, inks",Artist,,According to a 1974 Memo (See COT folder) DC entered into an artist agreement with Tony DeZuniga dba National Studios. He farmed the work out to other artists and DC terminated the agreement. DC then entered into a similar agreement with Redondo Studios for this work.,,1A1D0358-8311-784F-84D9-77CE31498413
,Character,,,,,Joe Kubert,cover,None,1985,Deceased,,B618C0B8-803C-414A-8A9F-E853A1A4A1F5
,Character,,,,,Erick Santos Jordan,color,N/A,,,,2775BB54-30DB-1F4D-8B38-E31A57BF42FC
"Rainbow Raider
(Roy G. Bivolo)",Character,,The Flash #286,Jun-80,Y,Cary Bates,writer,Exclusive,2015,,,B7D23824-4DE0-7D42-AAAC-0670D745CB1D
,Character,,,,,Don Heck,"pencils, cover pencils",Exclusive,2015,Deceased Character Equity Agreement is with heirs.,,9309EFB9-2C3F-CE4E-AFC5-256AE25C042C
,Character,,,,,Frank Chiaramonte,inks,Exclusive,,Deceased,,0F9B0ABB-E424-5641-866C-3F551E2FCE64
,Character,,,,,Dick Giordano,cover inks,Exclusive,,Deceased,,F1A857F3-4BA3-0548-A7D5-10F0137D3F86
,Character,,,,,Gene D'Angelo,color,N/A,,,,859792E1-268D-D446-A0E3-7CA85523A2BA
Ralph Evans,Character,,"Action Comics #265
""The Day Supergirl Revealed Herself"" ",Jun-60,N,"Jerome ""Jerry"" Siegel",writer,Settlement,,Deceased Settlement is with heirs.,,CE2CD34E-2AC8-E54A-B896-CE9DC723AE54
,Character,,,,,"James ""Jim"" Mooney","pencils, inks",None,,Deceased,,BA1A96D8-B2D3-E74E-BDBE-1203FD65C859
Rama Kushna,Character,,"Strange Adventures #205
""Who Has Been Lying In My Grave?""",Oct-67,N,Arnold Drake,writer,None,,Deceased,,640AD475-33C6-614C-94A4-E1A636EE3676
,Character,,,,,Carmine Infantino,"pencils, cover pencils",Settlement,2005,Deceased,,EEDEEFFB-BAE5-6B4A-A9A1-4499CDD39142
,Character,,,,,George Roussos,"inks, cover inks",None,,Deceased,,D705427E-B41D-EB45-8036-ED5C9B6B6998
Randall Wildman,Character,,Blackhawks #1,Nov-11,Y,Mike Costa,writer,WFH,,,,92DE1D26-4CA3-A947-9498-85D0E78628F8
,Character,,,,,Graham Nolan,pencils,WFH,,,,3079AE86-FDD1-4E45-B68D-CD7392A49F57
,Character,,,,,Ken Lashley,"pencils, inks, cover",WFH,,,,BF4107FE-65D4-7D4B-AD5D-C20BE559B6AE
,Character,,,,,Guy Major,color,Exclusive,,,,139E10B4-024E-0345-A8C8-3FA7090AE86A
Rann,Location,Flash 303,"Showcase #17
""Secret of the Eternal City""",Nov-58,Y,Gardner F. Fox,writer,Creator Recognition,,Deceased Creator recognition agreement with is with heirs.,,6349B444-586D-6748-BC1A-C80A8107B973
,Location,,,,,Mike Sekowsky,pencils,None,,Deceased,,4F739398-B414-424D-8DA8-24CE7D1367E5
,Location,,,,,Frank Giacoia,inks,None,,Deceased,,B98081F5-ADC7-514A-853F-A3D81DEEEBF2
,Location,,,,,Gil Kane,cover,None,,Deceased,,A4204673-326D-034A-AC1A-45BB95FA0BEA
"Ranx, the Sentient City",Character,,"Green Lantern Corps Annual #2
""Tygers""",1986,N,Alan Moore,writer,None,2016,,,A3D0190C-2CB7-3142-A3A6-2CABD7C1594D
,Character,,,,,Kevin O'Neill,"pencils, inks",None,,Character equity agreement sent. (6/9/16),,EEACB73B-537F-324E-A7D8-DAAA2675FB1F
,Character,,,,,Gil Kane,cover pencils,None,,Deceased,,3F169759-45B6-2E4A-9534-F6FAD0DD45CB
,Character,,,,,Joe Staton,cover pencils,WFH,,,,962C8B33-DF19-854E-B998-0A34BC9CBD06
,Character,,,,,Bruce Patterson,cover inks,WFH,,,,6B73723A-C53C-A84F-B92A-EE6B91486A91
,Character,,,,,Anthony Tollin,color,N/A,,,,C2A026C9-86AD-6F44-9E2F-72DBA44BF2AB
"Ra's al-Ghul
(The Demon's Head)",Character,Lego Batman,Batman #232,Jun-71,Y,Denny O'Neil,writer,Creator Recognition,2013,,,B236D307-C67B-2242-B6E6-1ED224D3E7A6
,Character,,,,,Neal Adams,"pencils, cover",Creator Recognition,2014,,,482D2804-E0B4-D444-A0D4-C0205DBD7A91
,Character,,,,,Dick Giordano,inks,None,,"Giordano may have been an employee of DC at this time.
Deceased",,35347BD3-D961-0F4D-9A0D-F9A6D280B088
Rat Catcher,Property,,Rat Catcher HC,2011,Y,Andy Diggle,writer,Joint Creator/First & Last Rights; Writer,2007,This property has reverted to the creators. The property and all associated characters are not available for use.,,0237F2BD-8092-7A42-9072-D95C8B9ED0D3
,Property,,,,,Victor Ibanez Ramirez,"pencils, inks",Joint Creator/First & Last Rights; Artist,2007,,,9679E450-0E5A-0247-89AA-0D3C287447EB
,Property,,,,,Lee Bermejo,cover,WFH,,,,0EB5EEA3-D42E-6040-BD82-CA97821BC430
"Rat Catcher
(Otis Flannegan)",Character,Suicide Squad 2,Detective Comics #585,Apr-88,N,Alan Grant,writer,WFH; Writer,,Writer Agreement is in warehouse box 699835700 - not yet scanned in eDocs,,10F3A685-B611-B347-B5B7-029BA19157FC
,Character,,,,,John Wagner,writer,Writer,,Writer Agreement is in warehouse box 699835700 - not yet scanned in eDocs,,D1FF8E5E-C91E-C349-B47F-EDE2B9144B4C
,Character,,,,,Norm Breyfogle,pencils,WFH; Artist,,"Artist Agreement is in warehouse box 699835700 - not yet scanned in eDocs
Deceased",,4E782FE1-115D-8743-AA26-22A2F8E9643C
,Character,,,,,Ricardo Villagran,inks,WFH,,,,82943CE7-CDA9-0C41-870B-C3483ED801CC
,Character,,,,,Jerry Bingham,cover,WFH,,,,DBD406BC-15B9-E84D-89A3-77CD546D9730
,Character,,,,,Adrienne Roy,color,N/A,,Deceased,,2B56E831-749A-884E-8AF5-172719E30515
"Ravager
(Grant Wilson)
(for Bill Walsh, see Jackal)",Character,"""Samuel"" Movie",New Teen Titans #1,Nov-80,N,Marv Wolfman,writer,Exclusive,1983,,,34771727-2701-B942-88D7-D5F2D10BB094
,Character,,,,,George Perez,"pencils, cover pencils",None,1983,,,476A8D3D-816F-1A47-B3CB-5CD7F998429C
,Character,,,,,Romeo Tanghal,inks,Exclusive,,,,97905614-1F42-AE4E-A288-A9F401E729B4
,Character,,,,,Dick Giordano,cover inks,Exclusive,,"Giordano may have been an employee of DC at this time.
Deceased",,FF675B92-8F07-1B44-9D62-83A48AE28013
,Character,,,,,Adrienne Roy,color,N/A,,Deceased,,158E51C1-1F11-2348-8282-5B13D6085861
"Raven
(Rachel Roth)",Character,,"DC Comics Presents #26
""Where Nightmares Begin""",Oct-80,N,Marv Wolfman,writer,Exclusive,1980,,,242FCCED-C5BE-CF40-847B-A7E557A6DFBD
,Character,,,,,George Perez,pencils,None,1980,,,8D01D333-4A5E-A443-835A-0287F242E4C1
,Character,,,,,Dick Giordano,inks,Exclusive,,"Giordano may have been an employee of DC at this time.
Deceased",,7BA16E09-5DD2-3A4F-ADD8-E015BF0D9864
,Character,,,,,Jim Starlin,cover,None,,,,FF44C23C-23A8-FF44-8A6C-5303D3091E7D
,Character,,,,,Adrienne Roy,color,N/A,,Deceased,,C7E2466F-C854-484F-B06A-AC565F4D2546
"The Ray
(Langford ""Happy"" Terrill; Neon)",Character,,"in Quality Comics:
Smash Comics #14
""Origin of The Ray""",Sep-40,Y,Will Eisner,writer,None,,See Quality Comics Purchase Agreement.,,A2D4D17F-9178-DB4C-A657-1F6A6288371E
,Character,,,,,Lou Fine,"pencils, inks",None,,,,E77D61A9-A73F-B149-A739-CFB2B2B1C258
,Character,,,,,Gill Fox,cover,None,,,,E4BDFB80-CF63-1C41-914B-CD9827DBF96A
,Character,,"in DC Comics:
Justice League of America #107",Sep-73,Y,Len Wein,writer,None,,Deceased,,B5A68A15-D7E6-A144-A66B-4A4BB830A4CC
,Character,,,,,Dick Dillin,pencils,None,,Deceased,,41EFD852-255D-6640-A0D7-D6E03BF9D139
,Character,,,,,Dick Giordano,inks,None,,Deceased,,CB5A4612-7524-0D44-9A9C-7A12B0613E2A
,Character,,,,,Nick Cardy,cover,None,,Deceased,,2D45238F-BB39-0F42-BAD6-BBCA901226C4
,Character,,,,,Glynis Wein,color,N/A,,,,22543A56-5F5B-C144-BFD7-607E6B443342
,Character,,"as Neon:
Uncle Sam and the Freedom Fighters #6",Apr-08,Y,Jimmy Palmiotti,writer,WFH,,,,EE7FFDAB-C1EA-944C-AA49-431154684BCA
,Character,,,,,Justin Gray,writer,WFH,,,,3D9A42CB-6F75-E04F-B5D8-F3FECC99526C
,Character,,,,,Renato Arlem,"pencils, inks",WFH,,,,070F6000-F952-5F45-95B6-91573E3D97FA
,Character,,,,,Dave Johnson,cover,WFH,,,,70B45586-25AC-0746-AD63-90E65CC71B5F
,Character,,,,,Alex Bleyaert,color,N/A,,,,1762C35B-2FFD-DB4D-8DDA-4AD2E07B9B34
"The Ray
(Ray Terrill)",Character,The Ray (WBA),Ray #1,Feb-92,Y,Jack C. Harris,writer,WFH,1992,,,EAA95551-CF07-1E4A-8322-C4C68A840615
,Character,,,,,Joe Quesada,"pencils, cover pencils",WFH,1992,,,CE9C20E0-D50F-7345-88A0-C2C434C4BDF2
,Character,,,,,Art Nichols,"inks, cover inks",WFH,,,,11B201FE-C572-094A-8038-520E87D7F0A1
,Character,,,,,John Cebollero,color,N/A,,,,96FAE5AA-A281-494E-AB97-74E6BF629B6F
"The Ray
(Stan Silver)",Character,,"DCU: Brave New World #1
""Uncle Sam and The Freedom Fighters""",Aug-06,N,Jimmy Palmiotti,writer,WFH,,,,4DBBD428-994E-CE4B-80BE-26E7955EC114
,Character,,,,,Justin Gray,writer,WFH,,,,23C16929-D057-4B48-AB2C-2C786702B004
,Character,,,,,Daniel Acuña,"pencils, inks, color",WFH,,,,D9D1A686-19FF-AB4B-8912-A762B0A7FC80
,Character,,,,,Ariel Olivetti,cover,WFH,,,,B726D705-5675-B541-9235-039219F1005F
"The Ray
(Lucien Gates)",Character,,The Ray #1,Feb-12,Y,Jimmy Palmiotti,writer,None,,"Voucher numbers are on file in ALFRED, but Legal never got copies.",,ABE1154B-845D-5849-9F23-9FA480A35173
,Character,,,,,Justin Gray,writer,WFH,,,,7C278309-9554-0940-B34A-0CECD529E37A
,Character,,,,,Jamal Igle,"pencils, inks, cover",WFH,,,,CE3520CE-83FD-4249-9897-54FA3078C42D
,Character,,,,,Guy Major,color,Exclusive,,,,81D95681-5206-1F4F-B4BA-897154A5BCD2
"Razorsharp
(Raelene ""Rae"" Sharp)",Character,Flash 506,Robin Annual #2,1993,Y,Chuck Dixon,writer,WFH,1993,,,8BF6AA63-EF15-AF49-B6D9-D98F1113CF46
,Character,,,,,Kieron Dwyer,pencils,WFH,,,,9283851C-CE73-DA43-B3C8-EB1BE255D87D
,Character,,,,,Jose Luis Garcia-Lopez,inks,WFH,,,,09892C94-9CAE-DA47-882F-5D2FDD46EB95
,Character,,,,,Carlos Pedrazzini,inks,WFH,,,,AB5A879D-B44F-4C4E-99FC-DD2A6E1F9EE9
,Character,,,,,Frank McLaughlin,inks,WFH,,Deceased,,ECA4BBD6-24F2-5E4B-9550-DA1EBC5C26D6
,Character,,,,,Jim Balent,cover pencils,WFH,1993,,,62A2C21C-1BFE-4849-BFD1-5BC565CE43EA
,Character,,,,,Scott Hanna,cover inks,WFH,,,,A996B9A9-C096-F943-9AA6-A22042DE2E9F
,Character,,,,,Adrienne Roy,color,Exclusive,,Deceased,,A96DD0C2-BD9C-F54C-A0F5-4DD57D4D1F27
"Reactron, the Living Reactor
(Benjamin Krullen)",Character,Supergirl 103,"Daring New Adventures of Supergirl #8
""Stand-ins for Supergirl""",Jun-83,Y,Paul Kupperberg,writer,WFH,2016,,,5C8B57BC-BE12-694B-9938-93069FC8BEE2
,Character,,,,,Carmine Infantino,pencils,Settlement,,Deceased,,4384DCEB-4312-4C4F-8D64-F73585CF1DC5
,Character,,,,,Robert Oksner,inks,WFH,,Deceased,,45B3E648-1CBA-4B4D-A265-BB41256DA999
,Character,,,,,Gil Kane,cover,WFH,,Deceased,,3F7D4E8A-B2D9-4640-A59D-EDA57C50EFE1
,Character,,,,,Thomas Ziuko,color,N/A,,,,8EB208C9-9244-6242-B065-8E614D8AF994
"Rebis
(Trainor, Poole)",Character,Doom Patrol,Doom Patrol #20,Mar-89,N,Grant Morrison,writer,WFH,,,,9652E3EA-D24F-D44F-9644-0EFD25E291EB
,Character,,,,,Richard Case,"pencils, cover pencils",WFH,,,,4DC897B2-442E-5B49-A76F-1F0A1B0CEDB1
,Character,,,,,Scott Hanna,inks,WFH,,,,03124B16-79A0-734F-9899-6921F5C8AEEC
,Character,,,,,Carlos Garzon,cover inks,WFH,,,,39E71DA5-0FF2-8945-A63A-D8C1A505AE18
,Character,,,,,Michele Wolfman,color,N/A,,,,882068DB-EAA4-134A-B3F6-934D2DDEA371
Red,Property,"Red
(2010)",Red #1,Sep-03,Y,Warren Ellis,writer,Joint Creator/First & Last Rights; Writer,2000,,,7B1EE4B8-C9A6-0D45-9FA6-5C6C29F20FEB
,Property,,,,,Cully Hamner,"pencils, inks, cover",Joint Creator/First & Last Rights; Artist,2000,,,BD74EEB9-641A-064F-ACBE-43371413EF15
,Property,,,,,David Self,color,N/A,,,,D9206808-09DA-D042-9E86-E527BFC04140
Red Arrow,Character,,"Kingdome Come #2
(Alternative Universe)",Jun-96,,Mark Waid,writer,Writer Services Agreement,,,,F94E4099-A2DF-A348-8AD2-EE2DA25F5594
,Character,,,,,Alex Ross,"pencils, inks, colors",Artist Services Agreement,,,,5A5F8F7B-553D-6548-9CF1-D5E70CCFE08B
,Character,,"Justice League of America #7
(Main Universe)",May-07,,Brad Meltzer,writer,WFH,,,,A5844CB4-454F-2643-A047-3239443114D8
,Character,,,,,Ed Benes,"pencils, inks",WFH,,,,63268CAB-05D4-6C49-B21E-A2DAFF217E59
,Character,,,,,Alex Sinclair,color,WFH,,,,EC9CB312-59B6-0847-B8D9-5B4E8FFDAF05
"Red Dart
(Jonathan ""Midas"" Mallory)",Character,,"World's Finest #95
""Green Arrow vs. The Red Dart""",Jul-58,N,"Frances ""Ed"" Herron",writer,None,,,,587528DA-AA51-FB4D-87EA-0997AD0AB7E0
,Character,,,,,George Papp,"pencils, inks",None,,Deceased,,E2D7CB7D-AEAC-204A-AA5E-98FD0BF0E8CA
,Character,,,,,Curt Swan,cover pencils,None,,Deceased,,B4B2BFFF-F553-BC4F-930D-9F7CAADC19CC
,Character,,,,,Stan Kaye,cover inks,None,,Deceased,,D19A4DCF-1B5D-924E-B629-EF451E3F9FE9
"Red Dart
(Anthony)",Character,,JLA  #34,Oct-99,N,Grant Morrison,writer,Continuity Writer,,,,6D7D2909-C4B8-AC47-9708-FAC856F114D6
,Character,,,,,Howard Porter,"pencils, cover pencils",WFH,,,,5F6765EE-B756-F740-8549-7AB8ECCFE077
,Character,,,,,John Dell,"inks, cover inks",WFH,,,,13BF002E-6B4D-5645-9317-13CAE38A2373
,Character,,,,,Pat Garrahy,color,N/A,,,,51FEAF10-B734-A641-9EB8-160EE18849F4
,Character,,,,,Heroic Age,color,N/A,,,,7CBEACD0-778D-A84D-AD41-6B7E2919BC17
"Red Dart
(member of the Longbow Hunters)",Character,Arrow 702,Green Arrow #31,Jul-14,N,Jeff Lemire,writer,WFH,,,,D95BB91D-DD7C-6F4A-9C2B-3CE69DD25C2E
,Character,,,,,Andrea Sorrentino,"pencils, inks",WFH,,,,D0FE0F22-9A67-D546-ACC0-F9C640A8F26F
,Character,,,,,Marcelo Maiolo,color,N/A,,,,0B47FE70-8802-A545-B0C9-8EEF47739D73
"The Red Hood Gang
(for Red Hood, see Robin - Jason Todd &/or The Joker)",Character,Lego Batman,"Batman #0
""Bright New Yesterday""",Nov-12,N,Scott Snyder,writer,WFH,,,,F99900F3-F439-D545-B57F-7AAA004F850D
,Character,,,,,Greg Capullo,"pencils, cover",WFH,,,,C9E20C3F-DD60-224F-9567-A325F0F4D7CE
,Character,,,,,Jonathan Glapion,inks,WFH,,,,C0F0C23B-7A14-574E-B7BB-65190D7B5C3C
,Character,,,,,FCO Plascencia,color,N/A,,,,A019C2E9-24AB-FA40-A756-EDB50B22D091
,Character,,,,,Andy Clarke,cover (variant),WFH,,,,8AB50C61-4573-814B-83F5-A958B5A1E93E
Red Jack,Character,Doom Patrol 203,Doom Patrol #23,Jun-89,N,Grant Morrison,writer,,,,,DA9CA552-A3B9-E745-8ADC-09D22549D1FF
,Character,,,,,Richard Case,pencils,,,,,C26802BA-72FA-8440-B387-30302974D1E5
,Character,,,,,,,,,,,5A243C86-53F2-2C4E-95F0-14BB63EC0A72
,Character,,,,,,,,,,,059FFE39-57E4-DD49-A2EB-2E0487526CA1
,Character,,,,,,,,,,,FF3B79EF-3CEB-1B4F-9EE4-745CA90D1C62
"Red Queen
(Peggy Allen; The Woman In Red)",Character,Gotham 307,Tom Strong #11,Jan-01,N,Alan Moore,writer,Independent Contractor; WFH,1998,,,6EA29B6C-6F50-814B-A84E-2243291D0538
,Character,,,,,Chris Sprouse,"pencils, cover pencils",Independent Contractor; WFH,1998,,,7AF766F6-A1B9-CA41-8006-CCF1F6C46EED
,Character,,,,,Al Gordon,"inks, cover inks",WFH,,,,AA27FD76-6A66-FC42-9BA3-965853B48A67
,Character,,,,,Matt Hollingsworth,color,N/A,,,,15290ABD-8196-4943-93B5-C3B814D63F59
,Character,,,,,David Baron,color,N/A,,,,C5956E5F-D473-D14A-A8F2-EAEC5BDAF9F1
"Red Tornado
(Abigail ""Ma"" Hunkel)",Character,,"All-American Comics #3
""Introducing Ma Hunkel""",Jun-39,N,Sheldon Mayer,"writer, pencils, inks, cover",Freelance Agreement,,Deceased,(DCBL 182960) ,04372694-2F3D-C246-94AE-0EDA46E51E1B
"Red Tornado
(John ""Reddy"" Smith)",Character,Supergirl 106,Justice League of America #64,Aug-68,Y,Gardner F. Fox,writer,Creator Recognition,,Deceased Creator recognition agreement with is with heirs.,,6339B2C2-ED16-8E4D-8AAE-1A60A8BB8D2F
,Character,,,,,Dick Dillin,"pencils, cover pencils",None,,Deceased,,41B1B453-AD9D-7F45-9CF9-0926CBFD9483
,Character,,,,,Sid Greene,inks,None,,Deceased,,75170049-82B1-EF42-9121-326EADBA44B5
,Character,,,,,Jack Abel,cover inks,None,,Deceased,,FAF92C9C-745C-774F-A75E-A7F8615C21B7
Reign,Character,Supergirl 307,Supergirl #5,Mar-12,Y,Michael Green,writer,WFH,,,,B0F3590E-FD4B-D547-8E77-DEA9D9003991
,Character,,,,,Michael F. Johnson,writer,WFH,,,,60BB1A67-EA59-294D-AC28-18593DF4B966
,Character,,,,,Mahmud Asrar,"pencils, inks, cover",WFH,,,,F78AB4D3-D5C0-B545-B4AD-C0CA8DAAE968
,Character,,,,,Dave McCaig,color,N/A,,,,1964BE92-19B6-D443-B08E-733B7E7E33D9
Renee Montoya,Character,Gotham Girls,"Batman: The Animated Series
""Pretty Poison""",Sep-92,,Paul Dini,creator,,,"Renee Montoya was originally created for the Animated Series by Dini & Brian, but DC decided to use the character in the Batman comic book series (unrelated to the show) before her first television appearance.",,868360AB-7AF3-E442-A684-AA69AD288B6F
,Character,,,,,Mitch Brian,creator,,,,,2FB76F8B-6E70-A542-ABED-82DBF13990F8
,Character,,,,,Bruce Timm,creator,,,,,AF75E51C-B849-9A42-9D57-FDC074A0EC0D
,Character,,Batman #475,Mar-92,N,Alan Grant,writer,Continuity,,,,BFD2CCDF-42E5-0747-90A6-40976CB57EA8
,Character,,,,,Norm Breyfogle,"pencils, inks, cover",Continuity,,Deceased,,7069E97D-C162-F44B-85EB-162EA2F59759
,Character,,,,,Adrienne Roy,color,Exclusive,,Deceased,,6C4BD841-A590-304B-86B1-9E94859DCAF6
"Resurrection Man
(Mitchell ""Mitch"" Shelley)",Character,,Resurrection Man #1,May-97,N,Andy Lanning,writer,WFH,1997,,,FD4C7D04-8987-B140-B255-9DF86E192C1F
,Character,,,,,Dan Abnett,writer,WFH,1997,,,23D2D328-D26D-FA46-8B7A-F2E76F8AF82B
,Character,,,,,Jackson Guice,"pencils, inks, cover",Continuity,1997,,,BCBAB72F-A7A3-A849-BB09-92D732BB5255
,Character,,,,,Carla Feeny,color,,,,,632BEFAF-A116-9946-B6BD-B2E190863EAA
"Reverse Flash
(Eobard Thawne; Professor Zoom)",Character,"Flash 101
(10/7/2014)",The Flash #139,Sep-63,Y,John Broome,writer,None,,Deceased,,AAD2DFDB-C77B-6140-B6E2-16634845BC64
,Character,,,,,Carmine Infantino,"pencils, cover pencils",Settlement,,Deceased,,A0A42B71-8CD8-404F-A218-7ADE3F1B9BA1
,Character,,,,,Joe Giella,inks,None,,,,68ACDE8F-A3F5-884D-AE0E-1D59EB1CE1B3
,Character,,,,,Murphy Anderson,cover inks,None,,Deceased,,A0A21378-C866-C246-9A9B-44D51D602D0B
"Reverse Flash
(Daniel West)",Character,,The Flash #0,Nov-12,N,Francis Manapul,"writer, pencils, inks, cover",WFH,,,,CD937118-E0AF-0544-8A09-3C27705888AF
,Character,,,,,Brian Buccellato,"writer, color",WFH,,,,2846BEAB-01A3-674B-AF63-B00611BBBE22
,Character,,,,,Ian Herring,color,N/A,,,,017ED69B-DF67-EF46-B1E1-1F646A2158F8
Ribalvei,Character,Arrow 418,"World's Finest Comics #262
""The Captain Marvel of 7,000 B.C.""",Apr-80,N,E. Nelson Bridwell,writer,N/A,,"Bridwell was an employee of DC at this time.
Deceased",,BC966725-FE23-B44D-8EBA-0631782AAAC7
,Character,,,,,Don Newton,pencils,Exclusive,,Deceased,,D8FEBB11-8F40-F546-A0FA-894A8187A958
,Character,,,,,Dave Hunt,inks,Exclusive,,,,80467FAB-CB14-B34F-A6E9-E73230BFDF52
,Character,,,,,Ross Andru,cover pencils,N/A,,"Andru may have been an employee of DC at this time.
Deceased",,A34C3A2E-7AFB-BB47-BFDF-2517E10556F3
,Character,,,,,Dick Giordano,cover inks,Exclusive,,"Giordano may have been an employee of DC at this time.
Deceased",,B708958F-5F65-7D46-889E-7900D675EB11
,Character,,,,,Adrienne Roy,color,N/A,,Deceased,,D607E5FD-FCD0-F04D-BB69-6791916967A5
"Rick Flag, Jr.",Character,"Suicide Squad
(2016)",The Brave and the Bold #25,Aug-59,Y,Robert Kanigher,writer,N/A,,"Kanigher was an employee of DC from 2/3/47 - 5/31/82.
Deceased",,2AE0C9A7-9AE2-EB48-B6E4-6D3967F58208
,Character,,,,,Ross Andru,"pencils, cover pencils",None,,Deceased,,F0C6BD18-9075-104B-8776-0CE5F452ACD5
,Character,,,,,Mike Esposito,"inks, cover inks",None,,Deceased,,14CC4576-073F-684F-ACF3-4BC6E2A15119
"Rick Flag, Sr.",Character,"Suicide Squad
(2016)",Secret Origins #14,May-87,Y,John Ostrander,writer,WFH,,,,C6BC862B-C8F8-4B43-A98D-E0105FD35CE2
,Character,,,,,Luke McDonnell,"pencils, cover pencils",WFH,,,,280E725A-45B1-804E-98D9-452C1BF5D0FA
,Character,,,,,Dave Hunt,"inks, cover inks",WFH,,,,F1A27ABD-A786-B84D-9B97-128A41B1BA7E
,Character,,,,,Carl Gafford,color,N/A,,,,12C52C21-E598-4149-95EA-0A809E605AA2
"Rick Flag III
(Ricky Flag)",Character,"Suicide Squad
(2016)",Suicide Squad #50,Feb-91,N,John Ostrander,writer,WFH,,Yale was Ostrander's wife & co-writer. We credit her for writing but all payment went to John. She is deceased & John is the executor of her estate.,,45B958A5-BDA1-094A-B492-A55F8DDD00A0
,Character,,,,,Kim Yale,writer,None,,,,0E494320-61E6-C140-BBCB-87DCFE3DFEB6
,Character,,,,,Luke McDonnell,pencils,WFH,,,,DD618113-0975-D542-AF4F-3271EFF43B97
,Character,,,,,Geof Isherwood,"pencils, inks, cover pencils",WFH,,,,B8969804-700B-C746-94FE-8F20668E1C86
,Character,,,,,Grant Miehm,pencils,WFH,,,,73243213-87D4-A641-A078-15919B419CAA
,Character,,,,,Karl Kesel,"inks, cover inks",WFH,,,,E1B4735C-52E7-FE47-AC50-1D7A99338F96
,Character,,,,,Tom McCraw,color,N/A,,,,BA50AF47-D607-9F41-A9EB-4DE372070601
The Riddle Factory,Property,Gotham 417,Batman: Riddler - The Riddle Factory,Jul-95,N,Matt Wagner,writer,Prestige Writer,,"Agreement is in the warehouse, not scanned",,BE337946-6635-754A-ACA4-A5E437F1E101
,Property,,,,,Dave Taylor,"pencils, inks",Prestige Artist,,"Agreement is in the warehouse, not scanned",,3E1C2443-4F4A-F94D-BFA0-73A148BBC6A3
,Property,,,,,"Brian Stelfreeze
(Jefferson Mitchell)",cover,WFH,,,,B21C6102-8D38-664C-9DF1-870D5CF19089
,Property,,,,,Lindla Medley,color,N/A,,,,F2F6F301-2E31-164C-AD7A-429FA948CA98
"The Riddler
(Edward Nashton; Edward Nygma)",Character,"Gotham 101
(9/22/2014)","Detective Comics #140
""The Riddler""",Oct-48,Y,Bill Finger,writer,Contributor Recognition,Y,Deceased Contributor Recognition Agreement is with heir.,,E3C4C8D3-47A4-7F4F-A779-2F0B9DFD7BCC
,Character,,,,,Dick Sprang,pencils,None,,Deceased,Dick Sprang’s beneficiary is Yavapai Symphony Association. We’ve been paying Yavapai Symphony Association since 2000 for Dick Sprang’s royalties,31DE1212-10C7-FA4F-A738-3F2DD9D8C083
,Character,,,,,Charles Paris,inks,None,,Deceased,,43AB01CB-EBFC-5E45-9A58-BA64D738340F
,Character,,,,,"James Winslow ""Win"" Mortimer",cover,None,,Deceased,,059D4658-3714-EE4F-B5B5-18FD5DD0AC43
The Ring Foundry,Location,,Green Lantern Corps #48,Jul-10,N,Tony Bedard,writer,WFH,,,,3DB026BF-E429-AC4D-AF51-7DA7EF3FE335
,Location,,,,,Ardian Syaf,pencils,WFH,,,,AA56C198-C01C-0A4E-B5AB-4CBC2BC2F44C
,Location,,,,,Vicente Cifuentes,inks,WFH,,,,A8A00CD8-8D86-CA46-922D-C2EDB85847FC
,Location,,,,,Rodolfo Migliari,cover,WFH,,,,A710951B-E6E8-6A4E-88C2-AAC2A41F419A
,Location,,,,,Randy Mayor,color,N/A,,,,087224C2-F1AE-344F-AEC8-8D17B1D104DA
,Location,,,,,Gabriel Eltaeb,color,N/A,,,,85AF7FE0-E038-6B4A-8A19-6E5AB698D20C
,Location,,,,,Carrie Strachan,color,N/A,,,,E013020E-099B-B04A-97FB-119D9345E100
Rip Hunter,Character,Legends 101,Showcase #20,May-59,Y,Jack Miller,writer,N/A,,Miller may have been an employee of DC at this time.,,DD384B3D-CFA7-3346-B4D8-A014FD8D6ACE
,Character,,,,,Ruben Moreira,"pencils, inks",None,,Deceased,,F7E15F90-DF5E-F34F-A119-F2BF60EF8701
,Character,,,,,Bob Brown,cover,None,,Deceased,,7263742D-44E0-B647-AA24-11A6E1970A8D
"Rising Sun
(Izumi Yasunari)",Character,"Powerless
(Global Guardians)",Super Friends #8,Nov-77,N,E. Nelson Bridwell,writer,N/A,,"Bridwell was an employee of DC at this time.
Deceased",,975642BA-FB24-6B43-B608-546883C5FF9C
,Character,,,,,Ramona Fradon,"pencils, cover pencils",Exclusive; Creator Recognition,2016,,,2A90232F-17F7-BA46-AF98-543A00990346
,Character,,,,,Robert R. Smith,"inks, cover inks",None,,,,9A2AD52C-E162-6E40-923C-662D37C76CC4
,Character,,,,,Liz Berube,color,N/A,,,,84F19535-99C8-9244-8155-C3DD43BC3FB8
Ritchie Simpson,Character,Dark Universe,Hellblazer #7,Jul-88,Y,Jamie Delano,writer,WFH; Writer,Y,,,2215B3D4-7F38-6B49-B221-7CBB1C935A5C
,Character,,,,,John Ridgway,"pencils, inks",WFH; Artist,Y,,,A9427B5B-21AF-AC4A-95B6-3D8157968C0C
,Character,,,,,Brett Ewins,pencils,WFH,,,,C8F75CA4-3EA4-AD41-A86C-69235ACDD02D
,Character,,,,,Jim McCarthy,inks,WFH,,,,2744F814-EC9F-CD48-B6F9-7E89692A5AB7
,Character,,,,,Lovern Kindzierski,color,N/A,,,,E89832A5-A417-A64E-ABDA-7B4F2A23729F
,Character,,,,,Dave McKean,cover,WFH,,,,090EB20B-0CA0-C240-B8B8-7EA10962C647
Ritter Hendricksen,Character,,Blackhawk #2,Apr-89,N,Howard Chaykin,"writer, pencils, inks, cover",Writer-Artist,,,,05AF856D-102B-8F4A-8CF6-77FD3507E09F
,Character,,,,,Steve Oliff,color,N/A,,,,60745DA9-0AD9-274D-ABC9-857B289A6DCA
"The Rival
(Edward Clariss)",Character,Flash 301,"Flash Comics #104
""The Rival Flash""",Feb-49,N,John Broome,writer,None,,Deceased,,52D0B826-F7BA-DA43-95E3-58D0126E8A26
,Character,,,,,Carmine Infantino,"pencils, cover pencils",Settlement,,Deceased,,CA9A2934-FB7F-9149-87C2-E48B33F04A5E
,Character,,,,,Bernard Sachs,inks,None,,Deceased,,75B9952C-ACBF-AC40-9362-83D693586FA5
,Character,,,,,Joe Kubert,cover,None,,Deceased,,40011DB6-D749-FC49-9305-FE1ABE7292B8
"R.J. Brande
(Ren Daggle; The Durlan)",Character,,"as Ren Daggle:
Adventure Comics #350",Nov-66,N,E. Nelson Bridwell,writer,N/A,,"Bridwell was an employee of DC at this time.
Deceased",,978D7C6B-4B83-8141-966D-A6EA7FC66BE3
,Character,,,,,Curt Swan,"pencils, cover pencils",None,,Deceased,,F16C6697-9651-8E4A-A2A7-27889ECD02AC
,Character,,,,,George Klein,"inks, cover inks",None,,Deceased,,78797AA6-E425-C846-8B04-F45CFB036EAD
,Character,,"as The Durlan:
Invasion #2",1988,N,Keith Giffen,plot,WFH,,,,79C5E50C-39A4-F04A-8FA9-EAA6762BA27E
,Character,,,,,Bill Mantlo,dialogue,WFH,,Mantlo is living but brain damaged. His affairs are handled by his brother.,,A58BABD1-3CFF-F944-9A7A-1AEA9D5E42DF
,Character,,,,,Todd McFarlane,"pencils, inks",WFH,,,,6A1CE77F-8394-E146-8974-526EA26C10B5
,Character,,,,,Al Gordon,inks,WFH,,,,F27B0CCF-F4D3-F541-B7C4-CFF87EF1256F
,Character,,,,,Josef Rubinstein,"inks, cover inks",WFH,,,,D0A5828E-8EC0-DE49-855C-CAA452A671A3
,Character,,,,,Philip Craig Russell,inks,WFH,,,,1386EA79-02A5-E144-BC1A-387FC28DAADD
,Character,,,,,Bart Sears,cover pencils,WFH,,,,5A7914AA-3ADA-2E46-957A-71DE8E6C6194
,Character,,,,,Carl Gafford,color,N/A,,,,3F66B240-784C-B54E-BDFB-7A9A4F75C0EB
"Robin
(Dick Grayson; Nightwing)",Character,,"as Dick Grayson/Robin:
Detective Comics #38
""Robin the Boy Wonder""",Apr-40,Y,Bill Finger,writer,Contributor Recognition,,Deceased Contributor Recognition Agreement is with heir.,,2ED480E6-491F-8C41-816D-64B7C0A1B4A9
,Character,,,,,Bob Kane,"pencils, cover pencils",Services Agreements,,Deceased,,CCD8A62E-985D-1049-B456-8B99801624BB
,Character,,,,,Jerry Robinson,"inks, cover inks",Settlement,,Deceased,,C8CEF309-395C-CF43-9EBC-6C9328C20B8D
,Character,,"as Nightwing:
Tales of the Teen Titans #44",Jul-84,Y,Marv Wolfman,writer,Co-writer/Co-editor; Exclusive,1984,,,F803D89E-69B6-3547-B6AA-B4FCF10D2A7E
,Character,,,,,George Perez,"pencils, cover",Co-writer/Artist/Co-editor,1984,,,9CC31F9B-6F0C-9D4E-A0C7-DC30A836D796
,Character,,,,,Mike DeCarlo,inks,Exclusive,,,,794DAC46-856F-CD4E-AD58-A4018DA0FE45
,Character,,,,,Dick Giordano,inks,N/A,,"Giordano was an employee of DC at this time.
Deceased",,86A59BFD-C06D-2648-9F2A-05C6B5547CCE
,Character,,,,,Adrienne Roy,color,Exclusive,,Deceased,,E65C7CF4-EC03-9C41-A69F-932114504F34
,Character,,"as Red Robin:
Kingdom Come #2",1996,N,Mark Waid,writer,Writer,,,,FA5F9A7F-53DB-A34D-A6E1-E802C9574BFA
,Character,,,,,Alex Ross,all art incl. cover,Artist,,,,A91E7792-CC3A-7049-B06B-2089F313C060
"Robin
(Jason Todd; Red Hood*)
*this is for Jason Todd only. See also ""The Joker"" and ""The Red Hood Gang.""",Character,,"as Jason Todd/Robin:
Batman #357",Mar-83,N,Gerry Conway,writer,Exclusive,,,,C6656226-BA1E-D146-B985-42231DE207B8
,Character,,,,,Don Newton,pencils,WFH,,,,B2CDF605-3EBB-554F-A49B-C437DF958B71
,Character,,,,,Alfredo Alcala,inks,WFH,,,,19B0B493-A842-F04F-BF06-E2E01CA47281
,Character,,,,,Ed Hannigan,cover pencils,WFH,,,,76B7FE1B-331A-FB47-92F8-1CD65178E546
,Character,,,,,Dick Giordano,cover inks,WFH,,"Giordano was an employee of DC at this time.
Deceased",,A68E72A4-C5B6-044C-9B35-9D7E68109D77
,Character,,,,,Adrienne Roy,color,Exclusive,,Deceased,,3B0FA245-BB79-2447-884E-D8E289B4D5D0
,Character,,"as Red Hood:
Batman #635",Feb-05,Y,Judd Winick,writer,WFH,,,,B80EF76E-5B0A-7E4D-9CE2-90A074E08BA4
,Character,,,,,Doug Mahnke,pencils,WFH,,,,F3F61A09-101D-2447-893E-ADDAE34D704B
,Character,,,,,Tom Nguyen,inks,WFH,,,,06C5562F-D52D-DD4D-A5E7-E6FDD0CA54A7
,Character,,,,,Matt Wagner,cover,WFH,,,,102E3812-F793-9F41-8C50-534D57C93C76
,Character,,,,,Alex Sinclair,color,N/A,,,,4BD97DA6-6956-A341-9EF4-0CCE3B628C9F
,Character,,"as Red Robin:
Countdown #14
""Choke on It""",Mar-08,N,Paul Dini,writer,Continuity,,,,BF101EF7-2002-8A4E-A062-47FC130FB140
,Character,,,,,Antony Bedard,writer,WFH,,,,B74EC51B-7AE6-274E-A297-393230F695C2
,Character,,,,,Pete Woods,"pencils, inks, cover",WFH,,,,A419C54C-E15A-EF42-9E58-66F84F0A8877
,Character,,,,,Thomas Derenick,pencils,WFH,,,,CA83EF5C-D901-5D44-8353-D7E2D46F8048
,Character,,,,,Wayne Faucher,inks,WFH,,,,579548AB-24AE-174D-9530-3D4611B6237D
,Character,,,,,Thomas Chu,color,N/A,,,,68294CD1-C298-F344-8F4E-A42976B34879
"Robin
(Carrie Kelley; Catgirl)",Character,,Batman: The Dark Knight Returns #1,Feb-86,N,Frank Miller,"writer, pencils, cover",Graphic Novel,,,,9692D91F-B86B-4E49-ADC0-3C7CABB10AB4
,Character,,,,,Klaus Janson,inks,WFH,,,,DF696929-57CF-DC45-9CF7-047319A8F212
,Character,,,,,Lynn Varley,color,None,,We understand that Varley's work was subcontracted through Miller.,,82384208-15B2-BB4D-9EAE-0341CB8E7276
"Robin
(Tim Drake; Red Robin*)
*for the ""non-Robin"" version of Red Robin, see ""Ulysses Armstrong""",Character,,"as Tim Drake:
Batman #436",Aug-89,N,Marv Wolfman,writer,None,,,,FB53B0AC-9537-6845-8A2B-585CE52D0928
,Character,,,,,Pat Broderick,pencils,Exclusive,,,,5789378C-5E93-2F44-96D5-77356339681B
,Character,,,,,John Beatty,inks,None,,,,51EEA9FE-C6A3-5E49-95BE-E828D80E78A8
,Character,,,,,George Perez,cover,WFH; Exclusive,,,,08B2AA4A-0F4C-9542-9B74-4E7B13F3D9B2
,Character,,,,,Adrienne Roy,color,N/A,,Deceased,,CAC0F972-68EC-3341-A43A-357C1AB037C0
,Character,,"as Robin:
Batman #442",Dec-89,Y,Marv Wolfman,writer,WFH; Continuity,,,,5625BE41-B481-434F-A0D3-2B0872AEAE50
,Character,,,,,George Perez,"plot, cover",WFH; Exclusive,,,,B04DDF2A-3378-044A-9570-E37BAD645352
,Character,,,,,Jim Aparo,pencils,WFH; Exclusive,,,,3C862440-E07B-DE43-AF58-700769055446
,Character,,,,,Mike DeCarlo,inks,WFH; Continuity,,,,D392FC72-2911-E14D-9E4B-38E4B3A7D18F
,Character,,,,,Adrienne Roy,color,N/A,,Deceased,,C5661689-58F8-D74E-9C12-7323265CB77C
,Character,,"as Red Robin:
Red Robin #1",Aug-09,Y,Christopher Yost,writer,WFH,,,,2F3E070C-C01A-AF4F-BEE0-7FE1E2542C41
,Character,,,,,Ramon F. Bachs,"pencils, inks",WFH,,,,86BD1D2E-B27C-3244-A168-677D87017801
,Character,,,,,Francis Manapul,cover,WFH,,,,644C9DC3-AEAF-7A40-B748-FA35D03847A0
,Character,,,,,J.G. Jones,cover (variant),WFH,,,,179CB0D8-0A79-BE44-89B4-621DE6D72616
,Character,,,,,Guy Major,color,N/A,,,,C309D031-5AC6-B14A-A89F-352C71988C8E
"Robin
(Damian Wayne)",Character,,"as Ibn al Xu-ffasch:
Batman: Son of the Demon",Sep-87,N,Mike W. Barr,writer,Graphic Novel,,,,F65D72A5-0430-7F48-8E2F-80A108A9379C
,Character,,,,,Jerry Bingham,"pencils, inks, cover",Graphic Novel,,,,C5C33DBA-4D26-6B43-A2C5-75DB1C88AF9C
,Character,,"as Damian al Ghul:
Batman #655",Sep-06,N,Grant Morrison,writer,WFH,,,,65E7C1AC-AB93-9E4C-B910-C5D3EDD0D0CD
,Character,,,,,Andy Kubert,"pencils, inks, cover",WFH,,,,9C892143-6A25-D244-90C6-5F45EFBC053B
,Character,,,,,Adam Kubert,cover (variant),WFH,,,,1C855A91-2E0D-B648-A034-1D8E8D7054F0
,Character,,,,,David Stewart,color,N/A,,,,F3B48D30-2001-F64E-AD90-AA53B83B5931
,Character,,"as Robin:
Batman: Battle for the Cowl #3",Jul-09,N,Tony S. Daniel,"writer, pencils, cover",WFH,,,,F9523032-21DF-CE40-A4C1-50308D1D897B
,Character,,,,,Sandu Florea,inks,WFH,,,,C37E90D8-0A48-2343-89AA-CE0B7078D5CB
,Character,,,,,Ian Hannin,color,N/A,,,,574AFF81-3EB7-2A41-B413-4D39D798B50C
,Character,,,,,Jonathan D. Smith,color,N/A,,,,21EEFB56-D08C-2F45-869B-747A5E4834C8
Robinson Park,Location,Batwoman 101,Batman #405,Mar-87,N,Frank Miller,writer,Writer,,,,B961ADE7-0680-254F-BA8B-D61453903010
,Location,,,,,David Mazzuchelli,"pencils, inks, cover",WFH; Artist,,,,2394ABB2-AAE3-AF47-9F88-59E1EACB0431
,Location,,,,,Richmond Lewis,color,N/A,,,,08E6662D-B6B2-0347-9745-DB8016389071
"Robotman
(Cliff Steele; Automaton)",Character,Doom Patrol,My Greatest Adventure #80,Jun-63,Y,Arnold Drake,writer,None,2006,Deceased,,813A66A8-069A-D348-B292-E0045F92E3B2
,Character,,,,,Bob Haney,writer,Contributor Recognition,,Deceased Contributor Recognition Agreement is with heirs.,,DE1A0065-385C-274E-841C-710F99967604
,Character,,,,,Bruno Premiani,"pencils, inks, cover",None,,Deceased,,D8CB379B-68F3-A84E-B4A1-15C681C82BA4
Rock of Finality,Location,,Justice Society of America vol 3 #25,May-09,,Geoff Johns,writer,Exclusive,,,,8F904382-5E11-DD4B-A8A4-728AFD807456
,Location,,,,,Jerry Ordway,"writer, pencils, inks",WFH,,,,E9133B7F-D696-5F46-939F-BCD2FB49F9A7
,Location,,,,,Bob Wiacek,inks,WFH,,,,1E9F5BD0-AA50-C140-A906-E93B1B8F8894
"The Rogues
(Captain Cold, Abra Kadabra, Captain Boomerang, Golden Glider, Heat Wave, Mirror Master, Pied Piper, The Top, Trickster, Weather Wizard)",Property,,The Flash #155,Sep-65,Y,John Broome,writer,None,,Deceased,,B7CE10C9-5468-EA4F-914E-F83DF49A7F0D
,Property,,,,,Carmine Infantino,"pencils, cover pencils",Settlement,,Deceased,,FF6B9CD6-6AB3-E64D-9657-C3261745F79F
,Property,,,,,Joe Giella,inks,None,,,,B3330023-E64F-E240-B00C-77AF011329AB
,Property,,,,,Murphy Anderson,cover inks,None,,Deceased,,3A849FA0-62AA-3D4C-A302-57650B818B0F
Ron Troupe,Character,,Adventures of Superman #480,Jul-91,N,Jerry Ordway,"writer, inks, cover",Continuity; WFH,2004,,,6644B07A-3987-AD42-9F76-9961ED7F4D64
,Character,,,,,Tom Grummett,pencils,Continuity,2004,,,412ADF8E-58D4-404D-B110-9B3D7F196723
,Character,,,,,Denis Rodier,"pencils, inks",Continuity; WFH,,,,E3F70154-36C6-274A-A7F9-798C4C81E786
,Character,,,,,Curt Swan,pencils,WFH,,Deceased,,4B466AED-880C-0145-A252-8956D06D90A6
,Character,,,,,Jon Bogdanove,pencils,Continuity,,,,2909DC27-7B82-6246-8CC4-0A1920D205F6
,Character,,,,,"James ""Jim"" Mooney",pencils,WFH,,,,141A183D-61CB-7644-B857-0E8D0019438A
,Character,,,,,Art Thibert,"pencils, inks",WFH,,,,6FAE73AF-A693-E04F-8581-290364F583CD
,Character,,,,,Bob McLeod,pencils,Continuity,,,,9331C183-1B67-5446-8A35-5BD8873CA9D8
,Character,,,,,Dan Jurgens,pencils,WFH,,,,BF85D43B-AB82-BA4A-B912-C223640005FF
,Character,,,,,Brett Breeding,"pencils, inks",Continuity,,,,5C82AEBF-DD8E-3D43-B496-AD21BEA015D7
,Character,,,,,Dennis Janke,inks,Continuity,,,,AF2F59BF-9B51-6644-AB10-91D4365AB4C4
,Character,,,,,Glenn Whitmore,color,N/A,,,,2D7FBD28-2324-3A4D-B28A-4315DB8599CE
Ronin,Property,,Ronin #1,Jul-83,Y,Frank Miller,"writer, pencils, inks, cover",Writer/Artist,,,,C5697C68-88D4-D74C-8CEB-96999D0F59CE
,Property,,,,,Lynn Varley,color,N/A,,,,B0FC008D-7335-D448-BF78-47931C1BE56F
Rose Psychic,Character,,"New Fun Comics #6
""The Vampire Master""",Oct-35,N,"Jerome ""Jerry"" Siegel",writer,None,,Deceased Settlement is with heirs.,,9B4A14A9-687B-7343-900F-FEE374B5130E
,Character,,,,,Joe Shuster,"pencils, inks",None,,Deceased,,EDE9D9AA-5C39-7F4F-B30D-590711F85AE5
,Character,,,,,Vincent Sullivan,cover,None,,Deceased,,BAEEF773-D57E-2D4E-989A-98EE0B410B32
Rosie the Riveter,Character,Arrow 414,Green Lantern #176,May-84,N,Len Wein,writer,WFH,2005,Deceased,,06F17842-C3CA-004F-B293-ED71D5DFEC20
,Character,,,,,Dave Gibbons,"pencils, cover",WFH,,,,2522FABF-EBE0-1847-AEF5-BB0A3AF38038
,Character,,,,,Dick Giordano,inks,WFH,,"Giordano was an employee of DC at this time.
Deceased",,B2B10587-B74C-B242-985C-3C94E46F8570
,Character,,,,,Anthony Tollin,color,Exclusive,,,,74DD6C10-8C1D-434A-8A1D-8574C3B754A5
"The Rot
(The Black)
The Rot first appeared in two different comic book issues released on the same day - Swamp Thing #1 and Animal Man #1 - although it was only identified by name in Animal Man #1.",Property,,Swamp Thing #1,Nov-11,N,Scott Snyder,writer,WFH,,,,AC04C229-9E2F-474C-ABC4-9056BD5BB051
,Property,,,,,Yanick Paquette,"pencils, inks, cover",WFH,,,,9B8C293F-1BBC-0E42-8643-B4FEBABB286B
,Property,,,,,Nathan Fairbairn,color,N/A,,,,7B681C38-16E3-7342-AAF8-C2F27A07AA85
,Property,,Animal Man #1,Nov-11,N,Jeff Lemire,writer,WFH,,,,03D0F82F-7D46-9641-B8C5-55C94EC7E443
,Property,,,,,Travel Foreman,"pencils, inks, cover",WFH,,,,E2E7233C-0AAF-BC44-90FF-E6A4104F1DDF
,Property,,,,,Daniel Green,inks,WFH,,,,368D29D2-5E96-564B-AB11-5D5DE71A8057
,Property,,,,,Lovern Kindzierski,color,N/A,,,,FFCC9ACB-E66F-804F-88D9-ED5674C80982
"Roulette
(Veronica Sinclair)",Character,Supergirl 204,JSA Secret Files and Origins #2,Sep-01,N,Geoff Johns,writer,WFH,,,,08009BB4-C007-9641-902A-6CAF817AFE26
,Character,,,,,Derec Aucoin,"pencils, inks",WFH,,,,AE024DF2-4BBE-1042-B8C8-B378AD50D597
,Character,,,,,Steve Sadowski,cover pencils,WFH,,,,B95419B3-3692-6540-B7FA-FCCD4BE2801C
,Character,,,,,"Michael Bair
(Michael Hernandez)",cover inks,WFH,,,,34CF176F-6577-0746-9563-92D173954BDC
,Character,,,,,Tom J. McCraw,color,Exclusive,,,,34668819-1956-F340-9781-A69093DB39B0
"Roulette
(Debra Sinclair; mother of Veronica Sinclair)",Character,,JSA #70,Apr-05,N,Geoff Johns,writer,WFH; Exclusive,,,,9B46ED90-2892-5D4C-80CC-5F2238775EE0
,Character,,,,,Don Kramer,pencils,WFH,,,,3D5EE3D5-B39E-3F42-8E17-8F6E553C6DE5
,Character,,,,,Keith Champagne,inks,WFH,,,,ABA189E3-A26A-6B4D-A0A3-784612D8B161
,Character,,,,,Dave Gibbons,cover,WFH,,,,20601060-F314-424D-ABE2-C2C62C5A18F1
,Character,,,,,John Kalisz,color,N/A,,,,C7ABD177-C9E2-404C-956A-BA119309EEC0
Roy Stewart,Character,Arrow 719,Green Lantern: Mosaic #11,Apr-93,N,Gerard Jones,writer,None,,DC no longer has an active relationship with Jones due to criminal conviction.,,0E96A590-45F8-964F-812F-F5A52C0A4860
,Character,,,,,Joe Filice,writer,WFH,,,,51863BB2-DA72-7149-ACDC-3A5A9CD58224
,Character,,,,,Mitch Byrd,"pencils, cover",WFH,,,,BCD28437-9233-494C-9A62-E5820AAE644F
,Character,,,,,John Floyd,inks,WFH,,,,F370FA7B-B85B-D44E-B809-316F419F532A
,Character,,,,,Steve Mattsson,color,N/A,,,,58EF7533-A5B1-9349-BA58-3F8C37DCAAC1
Royal Flush Gang,Character,,Justice League of America #43,Mar-66,Y,Gardner F. Fox,writer,Creator Recognition,,,,D00DE1DA-7699-7749-B8DB-5BA13BB2E34D
,Character,,,,,Mike Sekowsky,"pencils, cover",None,,,,A6220B60-DA9D-1C42-9CE5-652FBA0A7BEE
,Character,,,,,Bernard Sachs,inks,None,,,,699AF969-A2A2-6247-BA6C-922E054EB8FA
Rumi Mori,Character,"Birds of Prey 
(2020)","Batman: The Enemy Within
""The Enigma""",Aug-17,,Telltale Games,,License Agreement,,,,69D91BCE-B277-114E-AB38-1FFE0664A486
,Character,,"First Comic Appearance:
Batman: Sins of the Father #3",Jun-18,N,Christos N. Gage,writer,WFH,,,,2388937D-4F42-6E4A-B7CD-13D6D498BD14
,Character,,,,,Raffaele Ienco,"pencils, inks, cover",WFH,,,,5A0005E7-D318-9A49-B30C-909DEC4721E1
,Character,,,,,Guy Major,color,WFH,,,,978B738D-C140-E44E-A9B3-81CDFF613BE7
Rydell Starr,Character,,Challengers of the Unknown #1,Aug-04,N,Howard Chaykin,"writer, pencils, inks, cover",WFH,,,,8EF223A8-3006-C346-9AEA-AD13E30B8198
,Character,,,,,Rian Hughes,art direction,WFH,,,,74D515F5-DF7A-D64E-ABC6-7098E5A07E20
,Character,,,,,Michelle Madsen,color,N/A,,,,51EB8AF1-161D-3647-B806-84590351963A
"Sabbac
(Ishmael Gregor)",Character,,Outsiders vol. 3 #8,Mar-04,N,Judd Winick,writer,WFH,,,,5BF1CD02-1D87-7442-A912-8220C4673BB4
,Character,,,,,Tom Raney,pencils,WFH,,,,4608157B-6B53-AB4D-9D2B-3A668963651A
,Character,,,,,Sean Parsons,inks,WFH,,,,96DC1F61-E1EF-7C4C-BD47-8DE9793DB486
"Sachi & Yukinori
(Offspring of Replikon)",Character,Arrow 506,Green Lantern #193,Oct-85,N,Steve Englehart,writer,WFH,,,,E3D740F5-D1F5-0649-AD3F-14589496AA11
,Character,,,,,Joe Staton,"pencils, cover pencils",WFH,,,,48B30440-01BA-5341-B613-BF0C7313B8F8
,Character,,,,,Bruce Patterson,"inks, cover inks",WFH,,,,8EE73FF7-2A2A-574A-8F8A-A479E4ED7DC2
,Character,,,,,Anthony Tollin,color,Exclusive,,,,FC16C7F2-0FAF-4E4F-B80E-46EB6B863F3E
Saffron Bell,Character,"Supergirl 110
(1/18/2016)",Bloodhound #1,Sep-04,Y,Dan Jolley,writer,Joint Creator/All Rights; Writer; WFH,2002,The property BLOODHOUND reverted to the creators in 2008. This character and all other characters related to this property are not available for use.,,930ADEB6-7CC4-8C40-8644-1C09710D5DA1
,Character,,,,,Leonard Kirk,"pencils, inks",WFH,,,,A17CADC8-0A49-7A4A-B611-DA1B0F8E1AE7
,Character,,,,,Robin Riggs,inks,WFH,,,,C5060627-F278-BA4E-BA22-2428B98E2A87
,Character,,,,,Dave Johnson,cover,Joint Creator/All Rights; Artist; WFH,2002,,,3CB50FC9-0CEC-AB48-A317-0CFACE77D59A
,Character,,,,,William Moose Baumann,color,N/A,,,,D34576E4-2E3E-D14D-B6C3-0B001E070BD3
Safiyah Sohail,Character,Batwoman 101,Batwoman: Rebirth #1,Apr-17,N,"Kristen Leslie Bennett
(Marguerite Bennett)",writer,WFH,2019,,,8233B959-0648-3B46-BA30-A83A79FEFEDD
,Character,,,,,James Tynion IV,writer,WFH,2019,,,7B334F59-2D4B-4E4C-BE20-84DC3E7A3EE5
,Character,,,,,Steve Epting,"pencils, inks, cover",WFH,2019,,,CA8B4A3E-86D1-6642-BA3F-6EFC1778D455
,Character,,,,,Jeromy Cox,color,WFH,,,,41E2E745-5E7A-3745-828C-A7C5AC1C4376
Salaak,Character,,Green Lantern #149,Feb-82,N,Marv Wolfman,writer,Writer,2010,,,4DABFFF6-1DAA-7A4D-B363-61BBC9716D27
,Character,,,,,Joe Staton,"pencils, cover pencils",Artist,2010,,,AA75E10E-043E-ED45-98AF-C26C38B9A447
,Character,,,,,Dennis Jensen,inks,Artist,,,,A0B41F3F-C237-3243-AD7F-BCA6B6959FC2
,Character,,,,,Dick Giordano,cover inks,N/A,,"Giordano was an employee of DC at this time.
Deceased",,1B59EACE-F693-D346-A6D4-8700FC2ECF52
,Character,,,,,Gene D'Angelo,color,N/A,,,,472B5D17-4475-5A43-BB0C-B6756DA94B78
"Salvatore ""Sal"" Maroni",Character,Titans 107,"Detective Comics #66
""The Crimes of Two-Face!""",Aug-42,N,Bob Kane,pencils,Services Agreement,,Deceased,,3CE543D2-8E1C-0F4E-A972-A94B3598FE36
,Character,,,,,Bill Finger,writer,Contributor Recognition,,Deceased Contributor Recognition Agreement is with heir.,,7C57E8B4-5DA2-C249-BF4C-3259F970E072
,Character,,,,,Jerry Robinson,"inks, cover",Settlement,,Deceased,,5A7468C1-4922-A746-8FA8-FC13A6ECF960
Sam Kurtis,Character,Stargirl 101,Stars & S.T.R.I.P.E. #10,May-00,N,Geoff Johns,writer,WFH,,,,D5D0F21D-5224-8F4E-9F08-F1D802369C82
,Character,,,,,Scott Kolins,pencils,WFH,,,,BD559C22-217E-EB44-BF1A-E7DBF4C38CA7
,Character,,,,,Dan Davis,"inks, cover inks",WFH,,,,2D5371A2-8FEF-C543-B255-35CAADF54858
,Character,,,,,Lee Moder,cover pencils,WFH,,,,37FF19B0-6AFE-0C4C-B0EE-2E1EB9BF162E
,Character,,,,,Tom McCraw,color,N/A,,,,E9B3E9A1-0EF1-614B-94C4-B7AC32C1E10A
,Character,,,,,Heroic Age,color,N/A,,,,884CAB25-2DFB-244E-AD31-5A0F0036D7E1
"Samantha Cutler
(Sam Cutler)",Character,,"Superman: Last Son of Krypton 
(Warner Books Novel)",1978,N,Elliot S. Maggin,writer,Writer Agreement,,,,F7DBE6D2-94E0-FA46-AC43-8583676F3AE2
Samuroids,Property,Flash 401,The Flash #180,Jun-68,Y,Frank Robbins,writer,None,,Deceased,,6C2E1735-CC70-9349-B2A8-1122283D7DA8
,Property,,,,,Ross Andru,"pencils, cover pencils",None,,Deceased,,2842BAD9-CD56-0241-91F6-36989B37FD89
,Property,,,,,Mike Esposito,"inks, cover inks",None,,Deceased,,8DAD7FD0-46DF-FC42-9D9F-8DC25FCEA0FC
"Sand Demon
(Eddie Slick)",Character,"Flash 202
(10/13/2015)",Fury of Firestorm #51,Sep-86,Y,Gerry Conway,writer,Continuity,Y,,,F4ED8CE6-DB49-6E4D-AE61-5728C53495DB
,Character,,,,,"Joe Brozowski
(J.J. Birch)","pencils, cover pencils",WFH,Y,,,66C82C40-4323-EC4F-A995-486E52BDD5A0
,Character,,,,,"Rodolfo ""Rodin"" Rodriguez",inks,WFH,,,,ECF605CB-827E-3F4D-B7EE-35FF7D4C95A5
,Character,,,,,Steve Mitchell,cover inks,WFH,,,,0640E967-C7B3-5946-AD45-5D0802F4AD39
,Character,,,,,Shelly Eiber,color,N/A,,,,3D22CBB5-9941-5449-A3B9-C5242E8CA04E
"Sandman
(Wesley Dodds)",Character,,"Adventure Comics #40
""The Tarantula Strikes""",Jul-39,Y,Gardner F. Fox,writer,Creator Recognition,2009,Deceased Creator recognition agreement with is with heirs.,,4C0727D5-7DA9-E24B-81EB-3CB8B0E6A915
,Character,,,,,Bert Christman,"pencils, inks",None,,,,26CFC6BC-22AB-6B43-83F3-9EBD74B87224
,Character,,,,,Craig Flessel,cover,None,,,,46D828F8-0796-4540-BC56-5EDE201E51EF
"Sandman
(Garret Sanford)",Character,,Sandman #1,Winter 1974,Y,Joe Simon,writer,None,,Deceased,,672F3A1F-ED9F-6245-8648-08F2A8425ABD
,Character,,,,,Jack Kirby,"pencils, cover pencils",None,,Deceased,,CFD6EF49-967F-EC42-8577-7846F83BC09C
,Character,,,,,Mike Royer,"inks, cover inks",None,,Deceased,,D3A49D24-2917-8540-B8D9-B1BAC7CFCA5E
"Sandman
(Sanderson ""Sandy"" Hawkins; Sandy the Golden Boy)",Character,,"as Sandy the Golden Boy:
Adventure Comics #69
""The Case of the Giant Bees""",Dec-41,N,Mort Weisinger,writer,N/A,,"Weisinger was an employee of DC at this time.
Deceased",,C4B53875-0231-F148-BB9D-0465B2009962
,Character,,,,,Paul Norris,pencils,None,,,,D190577E-F690-EF48-BAFB-645C30EE4F83
,Character,,,,,Chad Grothkopf,inks,None,,,,1031818D-4C43-4345-99A0-DD1065A5C0E9
,Character,,,,,Jack Burnley,cover,None,,,,8435ED31-FB8C-7548-BE32-8D9ECBFD83D2
,Character,,"as Sandman:
Justice Society of America #1",Feb-07,Y,Geoff Johns,writer,WFH,,,,5D2B17C4-05A8-2A44-B8E5-9303849C2FB7
,Character,,,,,Dale Eaglesham,pencils,WFH,,,,C26C2B78-A18B-1A43-8962-4CC4652491C8
,Character,,,,,Art Thibert,inks,WFH,,,,03BFCCED-1386-1046-9F6D-95448C4C056F
,Character,,,,,Alex Ross,cover,WFH,,,,B5A85BBF-0CB1-4843-A8D1-C6021BB3D2D4
,Character,,,,,Jeromy Cox,color,N/A,,,,EBD2F97E-D075-7341-B752-DF8E61CED607
"Sandman
(Hector Hall; Silver Scarab; Doctor Fate*)
*This applies to Hector Hall only. For other incarnations of Doctor Fate, see Doctor Fate",Character,,"as Hector Hall / Silver Scarab:
All-Star Squadron #25",Sep-83,N,Roy Thomas,writer,Exclusive,2004,,,A4DE0C5C-5E13-6841-953A-5B3B1ADF9DDF
,Character,,,,,"Jeremiah ""Jerry"" Ordway","pencils, cover",WFH,2004,,,5108B2AB-A8BC-C347-A53E-1F62C8051B4C
,Character,,,,,Mike Machlan,inks,WFH,2004,,,C1B56801-4158-D24C-AFD6-9983650B0F9F
,Character,,,,,Gene D'Angelo,color,N/A,,,,7A9B644F-244B-D044-B844-5AAC221D504C
,Character,,"as Sandman:
Infinity, Inc. #49",Apr-88,Y,Roy Thomas,writer,Writer,,,,FABA72FE-51E7-A245-A440-BC94302F1349
,Character,,,,,"Dannette ""Dann"" Thomas",writer,None,,Roy Thomas may have entered into a separate agreement with Dann Thomas for this work. DC does not have a copy of that agreement.,,EDFE4132-C1A8-1D41-9ABC-423E5C4F7335
,Character,,,,,Vince Argondezzi,"pencils, cover pencils",WFH,,,,8A19185A-5627-2843-8966-7FED0F3350E0
,Character,,,,,Frank McLaughlin,inks,WFH,,,,E63F7FBF-128F-AC44-A5FC-F16B5338E49E
,Character,,,,,Sam Kieth,inks,WFH,,,,6DC8F3F5-11E3-4D48-98ED-665CCE00F985
,Character,,,,,Malcolm Jones III,cover inks,WFH,,,,837B1BD9-F4F3-CF4F-9C64-A8023279C4DF
,Character,,,,,Liz Berube,color,N/A,,,,2204298A-1C4C-354A-B844-7A8ACB465868
,Character,,"as Doctor Fate:
JSA #2",Sep-99,N,James Robinson,writer,WFH,,,,7D764FFF-7526-0C41-B678-E4E1EA5036B8
,Character,,,,,David S. Goyer,writer,WFH,,,,1CCC9DBF-1493-5644-8D39-F4D600FFDC40
,Character,,,,,Steve Sadowski,pencils,WFH,,,,80D2015F-F804-4149-A635-83750BB52FB5
,Character,,,,,"Michael Bair
(Michael Hernandez)",inks,WFH,,,,7BA200FD-3DAE-E04D-989E-2A8D3BCE3CAA
,Character,,,,,Alan Davis,cover pencils,WFH,,,,441D61FC-73D9-AD4E-BEF8-BE745302B40E
,Character,,,,,Mark Farmer,cover inks,WFH,,,,6C44DBC0-070E-044D-93BB-DF24E8C824F3
,Character,,,,,John Kalisz,color,N/A,,,,6E571C53-39D5-694C-BE59-766C93294714
"Sandman
(Dream; Morpheus)",Character,,The Sandman #1,Jan-89,N,Neil Gaiman,writer,WFH,Y,,,0D8ED5E2-6718-A248-B335-463562B362BE
,Character,,,,,Sam Kieth,pencils,WFH,,,,69114E99-17B9-8349-BA4C-887A3022F19A
,Character,,,,,Mike Dringenberg,inks,WFH,,,,B184DB66-8951-BA40-8E0C-EDA53A39019A
,Character,,,,,Dave McKean,cover,WFH,,,,E97DAD91-FBC6-CE4B-BC9B-63CA0E33D37A
,Character,,,,,Robbie Busch,color,N/A,,,,5969BB18-2CE8-F248-B0B0-744EE5F0A823
"Sandman
(Daniel Hall; Dream)",Character,,"as Daniel Hall (infant):
The Sandman #22",Jan-91,N,Neil Gaiman,writer,Writer,,,,B8EF1AB9-FCBA-8941-8B70-65D5188D0CC9
,Character,,,,,Kelley Jones,pencils,WFH,,,,CDF73906-DB30-604D-AF5A-B38F630F394A
,Character,,,,,Malcolm Jones III,inks,WFH,,,,DF071401-09E4-454D-AD67-303552F7CCAB
,Character,,,,,Dave McKean,cover,WFH,,,,38397348-1096-CB43-861C-F7BFDED3F64D
,Character,,,,,Steve Oliff,color,N/A,,,,D5B1BE72-4EA9-3F4F-B3FB-4A3F7B5732FB
,Character,,"as Dream:
The Sandman #69",Jul-95,N,Neil Gaiman,writer,Writer,,,,3226D652-5645-9746-BDAB-230037D8C14C
,Character,,,,,Marc Hempel,"pencils, inks",WFH,,,,BB0A8548-CB2F-EC4C-923B-ABED4C1FA427
,Character,,,,,Dave McKean,cover,None,,,,E7B8FB29-8F13-EA44-93A2-4E95755D27AE
,Character,,,,,Daniel Vozzo,color,N/A,,,,21975873-1AA5-C24E-8AD5-A7091E2A744B
"Sandman
(Kieran Marshall)",Character,,Sandman Mystery Theatre: Sleep of Reason #1,Feb-07,N,John Ney Rieber,writer,WFH,,,,FCCC4F26-8A73-2D46-A4B1-F30AD37D7E93
,Character,,,,,Eric Nguyen,"pencils, inks",WFH,,,,4864D6B4-4012-F840-9FC0-3DD906CB912A
,Character,,,,,Tim Bradstreet,cover,WFH,,,,3C57AAD4-C158-2B4A-8F5D-A6A003D9496F
,Character,,,,,Lee Loughridge,color,N/A,,,,13AA1E84-D17B-1E46-B5C3-53A1C46EFED8
Santa Prisca,Location,Flash,Question #10,Nov-87,Y,Dennis J. O'Neil,writer,WFH,,,,A52AD4AC-3461-1F41-94AB-9A9A61798293
,Location,,,,,Denys B. Cowan,"pencils, cover pencils",WFH,,,,6EB4FFF8-F9CF-EA44-B3B4-A51233A9D0E8
,Location,,,,,Rick Magyar,inks,WFH,,,,FA4C5ED3-EEED-1146-8C8A-153A24DDA603
,Location,,,,,Bill Sienkiewicz,cover inks,WFH,,,,60C57FA0-0A2E-FC4D-AA22-35BBE0207CC2
,Location,,,,,Tatjana Wood,color,N/A,,,,5187824A-541D-6546-824A-ACCD0E939EF7
Sapphire Guard,Property,"Man of Steel
(2013)",Last Days of Krypton Novel,2007,,Kevin J. Anderson,writer,Writer,,See also: HarperCollins publishing license agreement,,2477D9B2-C5C6-DA48-8E0A-B3E431A6BE66
Sarah Charles,Character,,Tales of the Teen Titans #57,Sep-85,N,Marv Wolfman,writer,WFH,2016,,,7C659AE7-4DB3-9741-8FD9-AD934058F9A6
,Character,,,,,"Francis ""Chuck"" Patton","pencils, cover pencils",WFH,2016,,,60C9EF3F-9428-C14A-9E62-46F5D619624C
,Character,,,,,Romeo Tanghal,"inks, cover inks",WFH,,,,18B7C989-C5AE-F84D-8B46-79C50F70835B
,Character,,,,,Adrienne Roy,color,Exclusive,,Deceased,,CC839BCE-8E72-1B42-8D5F-43AA7D857A6D
Sarge Clay,Character,The Losers (DC),"All-American Men of War #67
""Cover Man""",Mar-59,Character on cover could be either Sarge or Gunner MacKay,Robert Kanigher,writer,N/A,,"Kanigher was an employee of DC Comics from 2/3/47 - 5/31/82.
Deceased",,8D379C2C-6503-B24F-B7D4-B67191E6F2A4
,Character,,,,,Ross Andru,pencils,None,,Deceased,,6C2C34C5-F192-304F-B42A-E48E772254EB
,Character,,,,,Mike Esposito,inks,None,,Deceased,,437B9690-2A26-2345-8F25-F37ABE69EDDA
,Character,,,,,"Jerry Grandenetti
(Charles J. Grandenetti)",cover,None,,Deceased,,75EB317F-F37A-4249-9C16-FA09D7AAEE2D
"Saturn Girl
(Imra Ardeen)",Character,Supergirl 307,"Adventure Comics #247
""The Legion of Super-Heroes""",Apr-58,Y,Otto Binder,writer,None,,Deceased,,18248897-D827-254D-8E97-0A3FCDB98F70
,Character,,,,,Al Plastino,"pencils, inks",None,,Deceased,,6761A4D3-6CB7-C340-8223-D34DE3EF5559
,Character,,,,,Curt Swan,cover pencils,None,,Deceased,,E5A621AE-963A-AB4D-A252-56B8EB7EC28C
,Character,,,,,Stan Kaye,cover inks,None,,Deceased,,A0AB4AA4-4FAF-A04A-93CA-678728C51756
"Savant
(Kenesha of Khera)",Character,"Point Blank
Sleeper",WildC.A.T.S.: Covert Action Teams #11,Jun-94,N,Chris Claremont,writer,None,,See also: WildStorm Asset Purchase Agreement,,49E2D30D-3FF1-7B4C-9183-8EF82C25DB39
,Character,,,,,H.K. Proeger,writer,None,,,,8C392408-B9C3-D648-B09C-5718ACC5C071
,Character,,,,,Ryan Benjamin,pencils,None,,,,0C4083A3-B77C-6A49-AD81-19398E2CBEB4
,Character,,,,,Jim Lee,pencils,WildStorm Employment Agreement,,,,AB08850C-E5E1-AD4A-BC3F-264F92B260DE
,Character,,,,,Tom McWeeney,inks,None,,,,42A48DCC-FD11-FE46-97F8-FE5A9E4C451A
,Character,,,,,Scott Williams,inks,WFH,,,,98260D13-B309-464F-8D60-47E542C3F9ED
,Character,,,,,Joe Chiodo,color,N/A,,,,BD96A091-E281-1046-AC50-7EFD01C5A8A9
"Savant
(Brian Durlin)",Character,,Birds of Prey #56,Aug-03,N,"Tamra L. James
(Gail Simone)",writer,WFH,,,,C3553DBF-3E0E-2F43-8AE9-A1E4F085EED0
,Character,,,,,Ed Benes,"pencils, cover pencils",WFH,,,,A79A125F-66DF-F84E-AFCA-EB2DDCAC4195
,Character,,,,,Alex Lei,"inks, cover inks",WFH,,,,1526A863-6622-7A4A-9ECB-911F34ED9BC5
,Character,,,,,Brian Miller,color,N/A,,,,EB3014F9-6E66-BB44-B0FB-01B6F15339DD
Savitar,Character,Flash 301,Flash #108,Dec-95,N,Mark Waid,writer,Continuity,,,,AA4AD30B-90C0-3449-A9CA-54F56AC56839
,Character,,,,,Oscar Jimenez Garrido,"pencils, cover pencils",WFH,,,,8468E1B9-0D0D-C24C-AF26-D7CCCD56F1FB
,Character,,,,,"Jose Marzan, Jr.","inks, cover inks",Continuity,,,,C9C25489-1FC4-CA4F-91B6-E4482E3C3C51
,Character,,,,,Tom McCraw,color,N/A,,,,B3A749BF-9132-8A48-9217-B731E1519CFA
Scalped,Character,,Scalped #1,Mar-07,Y,Jason Aaron,writer,Joint Creator/All Rights; Writer,Y,,,A266D5C2-DE4F-0F45-B6FF-47C8535188CA
,Character,,,,,"Rajko Milosevic
(R.M. Guera)","pencils, inks",Joint Creator/All Rights; Artist,Y,,,CC8C4408-A50F-D64D-B467-1C04370E1118
,Character,,,,,"Mark Simpson
(Jock)",cover,WFH,,,,2C75AD99-1BC3-A346-B704-CBC43F20F3F6
,Character,,,,,Lee Loughridge,color,N/A,,,,0E620052-F100-0F44-8D64-3272D5F53B63
Scandal Savage,Character,Legends 113,Villains United #1,Jul-05,Y,"Tamra L. James
(Gail Simone)",writer,WFH,,,,C251312B-14E7-D948-BC18-9F755267AD97
,Character,,,,,Dale Eaglesham,"pencils, variant cover pencils",WFH,,,,05695F43-75D9-7C45-9826-C28AD7E68AF5
,Character,,,,,Wade Von Grawbadger,"inks, variant cover inks",WFH,,,,1E0D4594-57DB-BC4A-ABD7-7AE35759E384
,Character,,,,,J.G. Jones,cover,WFH,,,,B0A4F6FC-2A1C-6A47-B1AF-C7A465846035
,Character,,,,,Sno Cone,color,N/A,,,,2AF8FE72-223D-4948-AD95-DF7FB3F83350
"Scar
(Desmond Mallard)",Character,Arrow 508,"Batman Family #17
""Scars""",Apr-78,N,Gerry Conway,writer,Exclusive,,,,BCB9E484-3428-0448-A1C3-C7C47CBCD059
,Character,,,,,Jim Aparo,"pencils, inks",Exclusive,,Deceased,,66DF6A84-8DA5-1049-BDE3-A92F2C6084CB
,Character,,,,,Michael William Kaluta,cover,None,,,,A6982863-2CB4-CD42-9DC9-07E811050B05
,Character,,,,,Adrienne Roy,color,N/A,,Deceased,,5A9F2860-64C0-604E-9BD0-93E2538B78D8
"Scar
(The Scarred Guardian)",Character,Arrow 508,Green Lantern #25,Jan-08,N,Geoff Johns,writer,Exclusive; WFH,,,,679966F5-1783-D746-B148-32D30A81F8A8
,Character,,,,,Ivan Reis,"pencils, inks, cover pencils",Exclusive; WFH,,,,0A803CF7-E0BE-0F4D-9FBB-CAC8C095DE35
,Character,,,,,Ethan Van Sciver,"pencils, inks",Exclusive; WFH,,,,3EA803D2-127F-0A46-B0C5-3C6BB5F9B203
,Character,,,,,Oclair Albert,"inks, cover inks",WFH,,,,F6860E56-524A-884E-A602-4BCA92D028AB
,Character,,,,,Julio Ferreira,inks,WFH,,,,E43F500A-EDE2-164D-8078-44DD2E5BB65D
,Character,,,,,"William ""Moose"" Baumann",color,N/A,,,,F558FE33-AFA0-E04F-96D0-025B8C440306
,Character,,,,,Rod Reis,color,N/A,,,,F6148E2A-5CBE-C444-94C2-C39B43EAD9D7
"Scarecrow
(Jonathan Crane)",Character,Lego Batman,"World's Finest #3
""The Riddle of the Human Scarecrow""",Sep-41,N,Bob Kane,"pencils, inks, cover",Services Agreement,,Deceased,,DDE63E57-518D-E949-8E06-083F31E0E14E
,Character,,,,,Bill Finger,writer,Contributor Recognition,,Deceased Contributor Recognition Agreement is with heir.,,6E0A437F-D99F-1C49-B30C-959D38105A14
,Character,,,,,Jerry Robinson,inks,Settlement,,Deceased,,207D9E27-2A14-C448-BFA7-AD3FB1638F5B
Scarecrow's Fear Toxin,Property,Powerless 102,Batman #189,Feb-67,N,Gardner Fox,writer,Creator Recognition,,Deceased Creator Recognition Agreement is with heirs.,,F7BCEB4C-DDD1-C84B-B9AF-AA18F9D1FE9E
,Property,,,,,Bob Kane,pencils,Services Agreements,,"Editorial records show Kane was paid for the work but according to the GCD scholars believe it was done by Moldoff. Both Deceased
Per the library and Wayne Smith (Corp. Legal), please check to see if Bob Kane should also be included in credits.",,4E2BFFD6-ED14-1245-8F31-F21A63DA4AF8
,Property,,,,,Sheldon Moldoff,pencils,None,,,,A3941D78-78F7-BE41-B22C-2540FC5843BC
,Property,,,,,Joe Giella,"inks, cover inks",None,,,,23C7FAA9-58BA-E64A-9DEA-0D9AC2137198
,Property,,,,,Carmine Infantino,cover pencils,Settlement,,Deceased,,633F7DEA-329B-B14E-A195-66EB5DD0B5EB
"Scarlet Harlot
(Kay Challis)",Character,,Doom Patrol #47,Sep-91,N,Grant Morrison,writer,Writer Agreement,,Agreement covers issues 37-48 and includes wfh language,,B18E9E05-A182-1F47-8E9F-6059C4C6B913
,Character,,,,,Richard Case,pencils,,,,,D5CDF429-D08D-C944-8548-DBDFA50DD1B6
,Character,,,,,Mark McKenna,inks,WFH,,,,348D3B91-4FBD-9F48-847B-86CE6249C99D
Scavenger,Character,,Superboy #2 ,Mar-94,N,Karl Kesel,writer,Writer Agreement,,,,BDA1EEF5-46A9-D04C-A4AF-CECC0AE07957
,Character,,,,,Tom Grummett,pencils,Artist Agreement,,,,718DB13E-B103-6F4A-935C-86AAEA1FE688
,Character,,,,,Doug Hazlewood,inks,Artist Agreement,,,,5A26C703-9D3D-8E40-B531-0382ADDDAB2B
"Scavenger
(Peter Mortimer)",Character,,Aquaman vol. 1 #37,Jan-68,N,Bob Haney,writer,Contributor Recognition,,,,FAC0B0CB-4797-334D-A14E-4F345089749E
,Character,,,,,"Nicholas Viscardi
(Nick Cardy)","pencils, inks",None,,,,07925F47-DA28-864F-A90C-B67D8EB6FC69
Scoopshovel,Character,Arrow 414,Green Lantern #176,May-84,N,Len Wein,writer,WFH,Y,Deceased,,A6C77047-4752-8948-A8DB-0EF49EA8F707
,Character,,,,,Dave Gibbons,"pencils, cover",WFH,,,,3456187F-DCDA-8F4A-858E-61D24C672DC8
,Character,,,,,Dick Giordano,inks,WFH,,"Giordano was an employee of DC at this time.
Deceased",,F46BB36A-1D56-1A41-B19E-72902A8C3B5F
,Character,,,,,Anthony Tollin,color,Exclusive,,,,3C67B4AB-E9F0-164D-909D-5764DD2124BB
"Scorch
(Aubrey Sparks)",Character,,Adventures of Superman #582,Sep-00,Y,John Marc DeMatteis,writer,Continuity,,,,BA7F6F39-57F5-E842-B664-C95BFD3D994F
,Character,,,,,Mike Miller,pencils,WFH,,,,34C3B263-3963-8C48-BB15-D7881F909C0D
,Character,,,,,"Jose Marzan, Jr.",inks,WFH,,,,1DE91916-510A-2B46-9FB8-AE18A7384ACF
,Character,,,,,Ed McGuinness,cover pencils,Continuity; Exclusive,,,,7DC3EAE6-7E24-8842-BD8F-AA7169282A0F
,Character,,,,,Cam Smith,cover inks,None,,,,AEB36E03-DD64-F54A-BBBE-859C8B99F636
,Character,,,,,WildStorm FX,color,N/A,,,,3CF0E0B4-9A89-AD4C-B12A-A4AB11A63C4E
"Scorcher I
(Earth-One)",Character,Supergirl 203,Teen Titans #10,Jul-67,Y,Bob Haney,writer,Contributor Recognition,,Deceased Contributor Recognition Agreement is with heirs.,,B62EE92E-4477-454E-8AB3-0A4FEFAFC490
,Character,,,,,Irv Novick,pencils,None,,"Novick was an employee of DC from 5/9/67 - 12/28/84.
Deceased",,2FB59016-973D-6A41-9F38-A4EE9720D971
,Character,,,,,Nick Cardy,"inks, cover",None,,,,E8BC06B9-C92E-9442-9443-256F03944B5E
"Scorcher II
(Earth-One)",Character,Supergirl 203,New Teen Titans Annual #2,Aug-83,N,Marv Wolfman,writer,WFH; Exclusive,1983,,,02059807-78C8-6E46-A5E7-68BAFBC4C282
,Character,,,,,George Perez,"pencils, cover",WFH; Exclusive,1983,,,DAE9E6D2-C5B5-AE44-8D7F-F4FED8B42A1E
,Character,,,,,Pablo Marcos,inks,WFH,,,,4A381C11-1FB3-0746-A046-BD8A8D0C614E
,Character,,,,,Adrienne Roy,color,Exclusive,,Deceased,,ABC40F2C-DE97-1C4C-AA56-994266940495
"Scorcher
(Cynthia Brand)",Character,Supergirl 203,Scare Tactics #3,Feb-97,Y,Len Kaminski,writer,WFH,,,,CABD0766-B0F6-BF48-9951-883AFC775C9F
,Character,,,,,Anthony Williams,"pencils, cover pencils",WFH,,,,79F49FD7-1CB0-DC44-8F8B-EAC1D11ACED1
,Character,,,,,Andy Lanning,"inks, cover inks",WFH,,,,54126C76-C900-DE41-9852-FD49B63D7515
,Character,,,,,Michael Danza,color,N/A,,,,714568FF-2E05-8F41-B83C-8A78968BAA4F
"Scorcher I
(New Earth)",Character,Supergirl 203,Teen Titans #7,Apr-97,Y,Dan Jurgens,"writer, pencils, cover pencils",Continuity Writer-Artist,,,,87C04FE9-F83F-5749-AA90-C0BEA4A22D6D
,Character,,,,,George Perez,"inks, cover inks",Continuity Artist,,,,1CA33448-55DD-9E46-A794-4D63A8A0A809
,Character,,,,,Lee Loughridge,color,N/A,,,,B5F7E4FC-9FF9-2944-8322-4370357DDA71
"Scorcher II
(New Earth)",Character,Supergirl 203,Titans #39,May-02,N,Jay Faerber,writer,WFH,,,,EF0104F5-7F0A-8B4A-9425-0FC70447CE71
,Character,,,,,Barry Kitson,"pencils, cover",WFH,,,,1962FED8-D498-494F-9433-9167BE51082D
,Character,,,,,Rich Faber,inks,WFH,,,,E6166C77-314C-D74D-8715-52EAE803871D
,Character,,,,,Gregory A. Wright,color,N/A,,,,1D67F32F-CDFE-274B-8616-CD10251DC71B
Scott Notting,Character,Arrow 710,Green Arrow #12,Feb-17,N,Benjamin Percy,writer,WFH,,,,EAE2B466-86AB-9248-A88E-525B18A8DA92
,Character,,,,,"Evgeny Shmidt
(Otto Schmidt)","pencils, inks, color",Exclusive,,,,1682788F-131A-1644-936F-6050BCDE0309
,Character,,,,,W. Scott Forbes,cover,WFH,,,,4A7E3F32-8887-8948-BF25-F8CD0E3C3068
,Character,,,,,Jeromy Cox,cover color,WFH,,,,7A856778-5405-2646-A0DE-06872A81E71C
Scrapps,Character,Krypton,"Convergence: Batman and Robin #2
""Divergence the Omega Men""",Jul-15,N,Tom King,writer,WFH,,,,5B081454-97BF-0448-9AFD-9AB077D94A4E
,Character,,,,,Barnaby Bagenda,pencils,WFH,,,,86397C8A-537E-BC45-8FC3-951E4939DE29
,Character,,,,,Ig Guara,inks,WFH,,,,6FDC1ADD-BBA3-BF44-95D2-A1565636ECD4
,Character,,,,,Denys Cowan,cover pencils,WFH,,,,7B40A7C4-28E5-6D4C-86D0-C0860926E501
,Character,,,,,Klaus Janson,cover inks,WFH,,,,AE2654C2-D434-C746-B5FD-AD9D595F35CC
,Character,,,,,"Romulo Fajardo, Jr",color,WFH,,,,EAA9B6C7-AE17-4B41-92FE-568EBF4B3CB9
Sea King,Character,,Justice League vol 2 #23,Oct-13,N,Geoff Johns,writer,WFH,,,,7EAC9B56-784C-1740-B71E-54083F33D0EC
,Character,,,,,Ivan Reis,pencils,WFH,,,,4C607B9A-7EA1-6C4C-AAB9-BD54C97320EA
,Character,,,,,Joe Prado,inks,WFH,,,,A6F30784-6D07-CB4E-8544-0C18017BDE65
,Character,,,,,Oclair Albert,inks,WFH,,,,55C2B426-CE71-EF4D-8EEF-B4F1F672FC3E
,Character,,,,,Eber Ferreira,inks,WFH,,,,5F8582C9-2BCB-534E-8027-26A71736FA2F
,Character,,,,,Rod Reis,color,WFH,,,,A1CE3CBB-3AAE-2E41-9506-6A7E1B14BA2F
Sebastian Cardona,Character,,Cyborg #1,Sep-15,N,David F. Walker,writer,WFH,,,,620F1529-64AC-FF48-99B8-AF2C0D624DE5
,Character,,,,,Ivan Reis,"pencils, cover pencils",WFH,,,,0F397A73-E32B-8A4B-95CA-718FAABB98B0
,Character,,,,,Joe Prado,"inks, cover inks",WFH,,,,5DF7F4D6-5E5F-CB46-B747-EB0CF9FE2C8A
,Character,,,,,Adriano Lucas,color,WFH,,,,18176C04-9E68-3B40-BB6A-C381826E150C
"Secret Six
(Mockingbird, August Durant, Lili de Neuve, Carlo Di Rienzi, Tiger Force, Crimson Dawn, King Savage)",Property,,Secret Six #1,Apr-68,Y,E. Nelson Bridwell,writer,N/A,,"Bridwell was an employee of DC at this time.
Deceased",,7BEF6D5C-159D-D247-AC81-D7DA90785276
,Property,,,,,Frank Springer,"pencils, inks, cover",None,,Deceased,,FF2C4A3A-319F-AC4D-A947-4038EA29669D
"Secret Six
(Mockingbird, Mitch Hoberman, LaDonna Jameal, Tony Mantegna, Luke McKendrick, Vic Sommers, Dr. Maria Verdugo)",Property,,"Action Comics Weekly #601
""Listening to the Mockingbird""",1988,N,Martin Pasko,writer,WFH,Y,,,856968C8-4A51-3349-8F2B-70F07C3E73E2
,Property,,,,,Dan Spiegle,"pencils, inks",WFH,Y,,,2739A1F0-116E-6B47-B10C-E285E0E3D873
,Property,,,,,Dave Gibbons,cover,WFH,,,,17769E87-7595-9043-8576-F4E326AA4869
,Property,,,,,Carl Gafford,color,N/A,,,,90B475D1-9A5F-5A4D-9BCC-037CE6CA4609
"Secret Six
(Mockingbird, Scandal Savage, Ragdoll, Parademon, Deadshot, Cheshire, Fiddler, Knockout, Black Alice, Catman, Bane)",Property,,Villains United #1,Jul-05,Y,"Tamra L. James
(Gail Simone)",writer,WFH,,,,CCD5DEB4-F928-E741-B1E8-BD2A8BBDECBE
,Property,,,,,Dale Eaglesham,"pencils, variant cover pencils",WFH,,,,A968AACD-676B-1F40-897E-A2C4C6B45E5F
,Property,,,,,Wade Von Grawbadger,"inks, variant cover inks",WFH,,,,0D865E51-FAD1-3246-A0E5-63F68B8D401F
,Property,,,,,J.G. Jones,cover,WFH,,,,E90EB493-55C2-2B4F-AC6E-406A079A27B5
,Property,,,,,Sno Cone,color,N/A,,,,A39E947B-AC98-4442-B53A-32504DC73704
Sela,Character,Supergirl 519,JLA #70,Oct-02,Y,Joe Kelly,writer,Exclusive,,,,02E27A5B-0258-F94E-8724-5E8FCB01DB61
,Character,,,,,Doug Mahnke,"pencils, cover pencils",WFH,,,,5E61871A-E3FE-F24B-9FE3-B993D0BFB1B9
,Character,,,,,Tom Nguyen,"inks, cover inks",WFH,,,,50CA305F-45C4-814D-8B96-A80C7D702154
,Character,,,,,David Baron,color,Exclusive,,,,BE646DEC-AADA-4C43-B185-4B5E26536ECD
Sensei,Character,Gotham 320,"Strange Adventures #215
""A New Lease on Death""",Nov-68,Y,Neal Adams,"writer, pencils, inks, cover",Creator Recognition,2014,,,6C791BA5-DDC8-9346-89CA-5E57EC3F56A2
Sergeant Preus,Character,,"Adventures of Superman #625
""Unravel""",Apr-04,N,Joe Kelly,writer,WFH,,,,653DDC58-C8E7-6D49-9347-3CBD7200371B
,Character,,,,,Michael Turner,writer; cover,WFH,,,,249AE9CA-EAD4-794B-8E82-831846F3BC58
,Character,,,,,"Daryl ""Talent"" Caldwell",pencils,None,,,,F223D480-045B-CC47-9EEA-0E8C8E02F662
,Character,,,,,Jason Gorder,inks,None,,,,757CA412-AC64-8D42-B3EE-D0A922893C66
,Character,,,,,Peter Steigerwald,color,N/A,,,,229CC3DB-7669-6945-B24C-636861A64658
,Character,,,,,Christina Strain,color,N/A,,,,9922EEC4-F7A0-F34B-919F-3BA03C8A1112
Serling Roquette,Character,"Supergirl 116
(3/14/2016)",Superboy #56,Oct-98,N,Karl Kesel,writer,Continuity,,,,EFD2A11E-1362-3E4D-930A-816EFE077F6F
,Character,,,,,Tom Grummett,"pencils, cover pencils",WFH; Continuity,,,,DB1CD55F-403D-C547-9E4F-4057C8377D98
,Character,,,,,Buzz Setzer,color,N/A,,,,9798D8E8-6BF5-174F-A722-029632BBF72A
"Seven Deadly Sins
(Pride, Envy, Wrath, Sloth, Greed, Gluttony, Lust)",Property,,Whiz Comics #2,Feb-40,N,Bill Parker,writer,None,,See also: Fawcett Purchase Agreements,,B6FA8B3D-6306-2A48-9A9D-9E162FDB020D
,Property,,,,,C.C. Beck,"pencils, inks, cover",None,,,,EAF7A33F-EEC9-E540-8F73-12A7620ABC2A
,Property,,Justice League vol 2 #14,Jan-13,N,Geoff Johns,writer,WFH,,,,A22C316A-4BD4-4644-BF9D-F913874F5ED8
,Property,,,,,Gary Frank,"pencils, inks",,,,,53E10DC8-D4A2-5848-9B8C-0587F05DB0B1
"Sgt. Elliot ""Lucky"" Taylor
(Patchwork)",Character,,"Weird War Tales #93
""The Creature Commandos""",Nov-80,Y,J.M. DeMatteis,writer,None,1980,,,134E6E80-1552-434D-9334-B480925E3B1B
,Character,,,,,Pat Broderick,pencils,None,1985,,,68A9175C-5B39-E349-A257-2F10A79F53E3
,Character,,,,,John Celardo,inks,None,,,,56129240-57DB-BB4B-B6E6-80234AD65769
,Character,,,,,Joe Kubert,cover,None,,Deceased,,765DFDCB-D458-284A-A355-E0ED958A5E2A
,Character,,,,,Adrienne Roy,color,N/A,,Deceased,,6D1ADCC9-BEE7-8C4E-AEE3-EC58F43B5C3B
Sgt. Rock,Character,,"Our Army At War #81
""The Rock of Easy Co.""",Apr-59,Y,Robert Kanigher,plot,N/A,,"Kanigher was an employee of DC from 2/3/47 - 5/31/82.
Deceased",,D19CFE67-1291-C642-AC87-6DAD67A6B932
,Character,,,,,Bob Haney,script,Creator Recognition,,Deceased Creator Recognition Agreement is with heir.,,23D9438B-B84D-0843-AA71-67E49A966B44
,Character,,,,,Ross Andru,pencils,None,,Deceased,,E5BC35E0-A02B-8043-A3BF-9BFBADE1EE67
,Character,,,,,Mike Esposito,inks,None,,Deceased,,4AA5E792-FAFF-FC4F-8256-B478C0A60ED4
,Character,,,,,"Jerry Grandenetti
(Charles J. Grandenetti)",cover,None,,Deceased,,927B17A1-EE56-4E4A-877C-8324F79AD537
"Sgt. Warren Griffith
(Wolfpack)",Character,,"Weird War Tales #93
""The Creature Commandos""",Nov-80,Y,J.M. DeMatteis,writer,None,1980,,,1668593A-094A-D549-8E07-AC23E308485E
,Character,,,,,Pat Broderick,pencils,None,1985,,,E1215250-54B3-B440-988C-3E1208763372
,Character,,,,,John Celardo,inks,None,,,,969AC045-BB05-B24D-8462-90F02501E373
,Character,,,,,Joe Kubert,cover,None,,Deceased,,DF181746-AD4A-BB41-92B9-C4027390EA77
,Character,,,,,Adrienne Roy,color,N/A,,Deceased,,0CCE72DF-B3C0-7140-B24B-725B2FA0BDA6
"The Shade
(Richard ""Dick"" Swift)",Character,,"Flash Comics #33
""The Man Who Commanded The Night""",Sep-42,N,Gardner F. Fox,writer,Creator Recognition,,Deceased Creator recognition agreement with heirs.,,14922A10-7534-154F-A8F5-F8C6F42EE1D4
,Character,,,,,Harold Wilson Sharp,"pencils, inks",None,,Deceased,,43DFA629-1369-204E-B56E-0AF5701B98CD
,Character,,,,,Sheldon Moldoff,cover,None,,Deceased,,9B5715D6-8CA8-FD41-AEA4-D456BE2DA457
"Shade, The Changing Man
(Rac Shade)",Character,,"Shade, The Changing Man #1",Jun-77,Y,Steve Ditko,"plot, pencils, inks, cover",None,"1985
2017",,,43C9234A-16D9-3E42-9147-A73CA0B34DDF
,Character,,,,,Michael L. Fleisher,script,None,,,,639D1B40-DC97-5F42-ADD6-2A17C2D1E344
,Character,,,,,Liz Berube,color,N/A,,,,2DE1B6EC-405E-6B4A-92FE-0D66B7376B67
"Shade, the Changing Girl
(Loma Shade)",Character,,"Shade the Changing Girl #1
""Earth Girl Made Easy Chapter 1: Running off the Great Blue""",Dec-16,Y,Cecil Castellucci,writer,WFH,,,,5D885DFA-B75B-C542-83A8-0AEB1DAD0F43
,Character,,,,,Marley Zarcone,"pencils, inks",WFH,,,,D309E946-3386-1A4B-A4CE-FC704AAE7028
,Character,,,,,Rebecca Cloonan,cover,WFH,,,,6AAE681E-0F70-CF41-ABBA-5587AB909E88
,Character,,,,,Kelly Fitzpatrick,color,WFH,,,,5B5E7DDD-9DB7-EC4A-9B06-AECFC0089EE8
Shado,Character,Arrow 114,Green Arrow: The Longbow Hunters #1,1987,N,Mike Grell,"writer, pencils, inks, cover",Prestige,Y,,,E8F04118-0E5D-254E-A3EA-6F1360B32BB9
,Character,,,,,Lurene Haines,"pencils, inks",WFH,,,,5D72B91F-35B5-A845-B828-F48D0E030A9E
,Character,,,,,Julia Lacquement,color,N/A,,,,BEF98D84-9532-ED4D-9F51-D877811F4C77
"Shadow Lass
(Tasmia Mallor)",Character,,"Adventure Comics #365
""Superman's Funeral""",Jul-68,N,"James ""Jim"" Shooter",writer,None,,,,80916C3E-5D7F-3645-8C56-F70317106EE1
,Character,,,,,Curt Swan,pencils,None,,Deceased,,1F63189D-FAAB-474B-97D2-5E2E57783DFA
,Character,,,,,George Klein,inks,None,,Deceased,,20F22889-3A03-D549-BA12-6FAB10DBC317
,Character,,,,,Neal Adams,cover,Creator Recognition,,Deceased,,5E800C4F-B258-3240-AD82-873E272AC361
Shadowspire,Property,Arrow 411,Deathstroke #53,Nov-95,N,Tom Joyner,writer,WFH,,,,60EDBBDF-3737-514C-A05F-1D077CA07D8B
,Property,,,,,David Zimmerman,pencils,WFH,,,,964A1B25-ACFF-5346-8730-3412010FD3DC
,Property,,,,,Michael T. Collins,pencils,WFH,,,,89C7B3C8-8096-8142-8D3B-ADEA837661F6
,Property,,,,,Curt A. Shoultz,inks,WFH,,,,75A84350-FE6B-FF4B-A979-6EAEECBA40B9
,Property,,,,,David A. Roach,inks,WFH,,,,F80574B9-06F3-9A4A-91AD-CF54B0FD40B0
,Property,,,,,Sergio Cariello,cover,WFH,,,,68835511-B9B9-364A-A83B-582AD804FD16
,Property,,,,,Lee Loughridge,cover,N/A,,,,E0912AFA-42FB-754C-AE0C-3C64ED814544
"Shadow Thief
(Carl Sands)",Character,,"The Brave and the Bold #36
""Shadow-Thief of Midway City!""",Jun-61,Y,Gardner F. Fox,writer,Creator Recognition,,Deceased Creator recognition agreement with is with heirs.,,29692929-1D75-8446-819F-7213309DD305
,Character,,,,,Joe Kubert,"pencils, inks, cover",None,,Deceased,,A636B848-2062-6540-ADBC-CFEAB7AEB7E5
"Shadow Thief
(Carl Hammer)",Character,,Vigilante #14,Feb-85,Y,Marv Wolfman,writer,Writer Agreement,,,,67010F87-B653-834C-9821-4403DB053D39
,Character,,,,,Trevor Von Eeden,"pencils, inks, cover",None,,,,1E9D6CC3-EFAC-8B49-B460-F247042B11ED
,Character,,,,,Tatjana Wood,color,N/A,,,,D01939B1-3A82-9846-96A8-9D06488728BD
"Shadow Thief
(Aviva Metula)",Character,Arrow 718,The Savage Hawkman #17,Apr-13,Y,Tom DeFalco,writer,WFH,,,,57E99140-A668-F54B-A53A-D6DEBC767533
,Character,,,,,"Benedito Jose Nascimento
(Joe Bennett)","pencils, cover pencils",WFH,,,,9E64E978-A971-6E4C-8BAA-5FAE3C8BFC6D
,Character,,,,,Art Thibert,"inks, cover inks",WFH,,,,1F1DF132-BDC5-8343-94C0-2697DBAA9D73
,Character,,,,,Jack Jadson,inks,WFH,,,,04792EE0-3196-464B-88E9-BEA7BBD3B583
,Character,,,,,Guy Major,color,Exclusive,,,,07FD53D3-42D9-1A40-BDA7-3B0B272D2F15
Shadowy Mister Evans,Character,Doom Patrol 204,Doom Patrol #47,Sep-91,N,Grant Morrison,writer,Writer,2010,,,4820C98E-C3BF-C54E-924D-C0A2C2E69F5F
,Character,,,,,Richcard Case,pencils,Artist,,,,3EB6CB2E-9392-5546-823F-1578973C87EB
,Character,,,,,Mark McKenna,inks,Artist,,,,E82D8670-32CC-704B-8FD9-96059056F0CD
"Shazam
(The Wizard Shazam; Jebediah of Canaan; for Billy Batson, see Captain Marvel)",Character,Shazam,"in Fawcett Comics:
Whiz Comics #2
""The Return of Sivana""",Mar-40,N,Bill Parker,writer,None,,See also: Fawcett Purchase Agreements,,C175BADE-ADC2-9647-93E6-2C8C6F9E6B01
,Character,,,,,"Charles Clarence ""C.C."" Beck","pencils, inks, cover",None,,,,39A6B280-9FCC-D549-992D-44113CEC6D96
,Character,,"in DC Comics:
Shazam! #1",Feb-73,N,Dennis O'Neil,writer,Creator Recognition,,,,1B4454C0-6819-D144-BD5E-151CA02E6CBA
,Character,,,,,"Charles Clarence ""C.C."" Beck","pencils, inks, cover",None,,Deceased,,210D3497-EEF2-C94D-8B79-8ED0F527E8F9
"Shimmer
(Selina Flinders)",Character,,New Teen Titans #3,Jan-81,N,Marv Wolfman,writer,Exclusive,1983,,,C3A7F18C-7ECA-014D-B766-3DB3BE24115C
,Character,,,,,George Perez,"pencils, cover",Exclusive,1983,,,A2EB9463-FF6E-DF4B-AC17-6B931C8F3F3F
,Character,,,,,Frank Chiaramonte,inks,Exclusive,,Deceased,,EA9D58BB-1588-B04E-89B4-7F1762A90606
,Character,,,,,Adrienne Roy,color,Exclusive,,Deceased,,43D76373-59B8-BD43-897A-79E17C534FCE
"Shining Knight
(Justin Arthur)",Character,Stargirl 101,"Adventure Comics #66
""The Shining Knight""",Sep-41,N,Henry Lynne Perkins,writer,None,,,,22683E0E-B6B4-6844-84CD-CCD56CBF4ABA
,Character,,,,,Creig Flessel,"pencils, inks",None,,Deceased,,7F456FE0-CB38-CB4B-B8C6-1493DAD8C2FB
,Character,,,,,Jack Burnley,cover,None,,Deceased,,74666EC8-7DA1-3744-9C88-E6BB933D1078
"Shining Knight
(Ystina)",Character,,Seven Soldiers: Shining Knight #1,May-05,Y,Grant Morrison,writer,WFH,,,,AA115889-7F6B-C341-87A1-F203B85ABBA1
,Character,,,,,Simone Bianchi,"pencils, inks, cover",WFH,,,,475EDD51-0BA9-F949-8A98-7D13F5658422
,Character,,,,,Nathan Eyring,color,N/A,,,,3D248994-0267-1B40-893C-BA8900A73D67
"Shining Knight
(Ystin)",Character,,Demon Knights #1,Nov-11,N,Paul Cornell,writer,WFH,,,,1AA04A09-674F-BE4D-BEFB-293FEFCB61A4
,Character,,,,,Diogenes Neves,pencils,WFH,,,,A26BBD41-AA9C-1141-8FEA-80E22889D128
,Character,,,,,Oclair Albert,inks,WFH,,,,4852AADA-8B61-7147-AAB0-1749AA2DB50D
,Character,,,,,Tony S. Daniel,cover,WFH,,,,ED527638-8F19-6549-AC1A-8E693F0E9B37
,Character,,,,,Marcelo Maiolo,color,N/A,,,,BE852FA8-08A0-864B-AED9-ECAD0F8A8299
"Shiruta
 (Black Adam’s wife)",Character,,Hawkman vol 4 #24  ,Mar-04,N,Geoff Johns,writer,WFH,,,The library does not believe Shiruta has ever actually made a physical appearance in the comics but is more of a named but unseen character  (the image they were abe to locate of her as a person appear to just be the statues). The information listed here is for the first issue she is named/shown as a statue.,531EC9E7-2300-C743-809C-BEF85AF0ECF5
,Character,,,,,"Ralph ""Rags"" Morales",pencils,WFH,,,,9A27B59F-261B-5040-BDF7-053E56343A6F
,Character,,,,,John Dell III,inks,WFH,,,,A9F0C417-D12B-4540-AAB3-79D34C53BE21
Shiruta,Location,,Hawkman vol 4 #19,Nov-03,N,Geoff Johns,writer,WFH,,,,60CC5231-A03E-D546-AE67-17DD65AEE68B
,Location,,,,,Scot Eaton,pencils,WFH,,,,C48DB2AA-5A0A-F142-820D-5F060313FC25
,Location,,,,,Ray Kryssing,inks,WFH,,,,6469454C-F55B-6541-B319-29BFC55FCFE6
"Shiv
(Cindy Burman)",Character,Stargirl 101,Stars & S.T.R.I.P.E. #1,Aug-99,N,Geoff Johns,writer,WFH,,,,DB34F8AD-23FE-A64D-83B6-1644CF26D18A
,Character,,,,,Lee Moder,"pencils, cover pencils",WFH,,,,CA11A1A7-9A3A-E74D-B971-988B603D1F20
,Character,,,,,Dan Davis,"inks, cover inks",WFH,,,,E1D6FFA2-453D-1849-B715-68BBBA089448
,Character,,,,,Tom McCraw,color,N/A,,,,79A5027D-8876-064F-B2F3-E874623DB724
,Character,,,,,Heroic Age,color,N/A,,,,20888F22-F0B7-914A-AF72-2C67331788CE
"Shrinking Violet
(Salu Digby)",Character,,"Action Comics #276
""Supergirl's Three Super Girl-Friends""",May-61,N,"Jerome ""Jerry"" Siegel",writer,Settlement,,Deceased Settlement is with heirs.,,E9CEBCF6-4C5D-FA4D-88AB-02C82C337FB9
,Character,,,,,James (Jim) Mooney,"pencils, inks",None,,Deceased,,8A14C80C-6DC0-AD45-9800-2B4BD4EE6748
,Character,,,,,Curt Swan,cover pencils,None,,Deceased,,17935ABA-5C59-C74D-84F1-0D78C5E74364
,Character,,,,,Stan Kaye,cover inks,None,,Deceased,,6569EFCA-6A38-E147-B048-3A70E336C724
Signal Watch,Property,Supergirl 417,"Superman's Pal, Jimmy Olsen #1
""The Boy of 100 Faces!""",Sep-54,N,Otto Binder,writer,None,,Deceased,,7D2CB3E1-6033-6D43-9A2D-4C5F506C7A50
,Property,,,,,Curt Swan,"pencils, cover pencils",None,,Deceased,,D8B2D25C-8445-EC40-BC6F-C90825BDE9F4
,Property,,,,,Ray Burnley ,inks,None,,Deceased,,E52BA0AC-066A-514B-B9EE-C6E3DE843F76
,Property,,,,,Stan Kaye,cover inks,None,,Deceased,,9FBE57C8-8E9E-C24B-A488-638082CD9EFF
Silas Stone,Character,,"DC Comics Presents #26
""Where Nightmares Begin""",Oct-80,N,Marv Wolfman,writer,Exclusive,1983,,,D8D5A822-4F4C-7A44-AE08-C8CC87D7664D
,Character,,,,,George Perez,pencils,None,1983,,,3881DEDA-2EE8-E846-B2BE-3A629A31746E
,Character,,,,,Dick Giordano,inks,Exclusive,,"Giordano may have been an employee of DC at this time.
Deceased",,38629846-1EB8-9940-8526-0ADE10464C0D
,Character,,,,,Jim Starlin,cover,None,,,,358BEB59-0227-A94E-B183-5E44E74AA005
,Character,,,,,Adrienne Roy,color,N/A,,Deceased,,1514BEA1-CF37-3D42-87E3-4869486C2F6D
The Silencer,Character,,"World's Finest #274
""Silence, Please""",Dec-81,N,E. Nelson Bridwell,writer,N/A,,"Bridwell was an employee of DC at this time.
Deceased",,F156525B-CA40-8B41-BF98-4F1EF208D16E
,Character,,,,,Don Newton,pencils,Exclusive,,Deceased,,F6CECA63-00E1-364F-86DD-51F5FF2FC7B6
,Character,,,,,Larry Mahlstedt,inks,None,,,,D5574060-25A5-7640-AD05-35F0156EF79D
,Character,,,,,Ross Andru,cover pencils,N/A,,"Andru was an employee of DC at this time.
Deceased",,91A16E92-118B-384B-A0C7-8B391F05FBE2
,Character,,,,,Dick Giordano,cover inks,N/A,,"Giordano may have been an employee of DC at this time.
Deceased",,DEDC40D6-D733-5944-AACD-389611AE6A52
,Character,,,,,Adrienne Roy,color,Exclusive,,Deceased,,ED0E6C03-AE97-6B4D-B470-AE3094F7EDF1
"The Silencer
(Honor Guest)",Character,Arrow 702,The Silencer #1,Mar-18,Y,Dan Abnett,writer,Creator Rights; Writer; WFH,,,,7B43DE32-6B89-C24B-A204-22C777312BBF
,Character,,,,,John Romita Jr.,"pencils, cover pencils",Creator Rights; Artist; WFH,,,,67157727-BFA8-5640-8FCB-1752A4E4E556
,Character,,,,,Sandra Hope Archer,"inks, cover inks",WFH,,,,B0E8B5AD-69B2-574F-965A-7F2837309BB0
,Character,,,,,Dean White,color,WFH,,,,9E0AACF2-204A-D440-83CD-FE86B74CB529
"Silver Banshee 
(Siobhan McDougal)",Character,,Action Comics #595,Dec-87,Y,John Byrne,"Writer, Pencils, Cover",WFH; Continuity,Y,,,6CABC230-60E0-0044-AFE4-F929E605C494
,Character,,,,,Keith Williams,Inks,None,,,,94A091EF-3184-EB47-88A3-49B563345424
,Character,,,,,Thomas Ziuko,Color,N/A,,,,D0D08E72-8809-1346-9835-6F204FC21D8F
"Silver Banshee 
(Siobhan Smythe)",Character,"Supergirl 114
(2/22/2016)",Supergirl #6,Apr-12,N,Michael Green,Writer,WFH,,,,56353D08-5911-9A49-9A91-FCBCEB77C610
,Character,,,,,Michael F. Johnson,Writer,WFH,,,,8289F2D0-B9F9-384A-A4A5-82EEC5F7559F
,Character,,,,,Mahmud Asrar,"Pencils, Inks, Cover",WFH,,,,E364DCD5-5430-A64F-962E-59F094E08C84
,Character,,,,,Dave McCaig,Color,N/A,,,,551361DA-C8BB-D745-A232-7C635D306628
"Silver Ghost
(Raphael Van Zandt)",Character,Flash 510,Freedom Fighters #1,Mar-76,N,Gerry Conway,writer (plot),None,,,,150AE83F-14D4-8F44-92E8-D3EA38E0EF2C
,Character,,,,,Martin Pasko,writer (script),None,,,,8F1BC55C-AE27-C146-8F0B-FC9948CB4FBB
,Character,,,,,Ric Estrada,pencils (layouts),None,,Deceased,,B1CB22FF-9B7F-0845-859C-6A469ED62629
,Character,,,,,Mike Royer,"pencils (finishes), inks",None,,,,84A1653C-C1DE-3E46-8B96-88552609BBDB
,Character,,,,,Ernie Chan,cover,None,,Deceased,,71B955F6-4CE5-A54E-A268-9A39118B492F
Silver St. Cloud,Character,"Gotham 204
(10/12/2015)",Detective Comics #470,Jun-77,N,Steve Englehart,writer,Exclusive,Y,,,A588C7B8-999B-1A49-AB47-3830A0175EA8
,Character,,,,,Walter Simonson,pencils,None,Y,,,E34427A0-EECB-5142-8030-8DA63581D45D
,Character,,,,,Al Milgrom,inks,None,,,,E671E6DA-1D14-9E46-A723-E38BAC65B545
,Character,,,,,Jim Aparo,cover,Exclusive,,Deceased,,E294C927-5D28-B343-8538-F82659BCFEEA
,Character,,,,,Jerry Serpe,color,N/A,,,,7A15864B-A5DF-3346-AB3E-38125D9AFB10
Simon Dark,Property,,Simon Dark #1,Dec-07,Y,Steve Niles,writer; creator,Sole Creator/First & Last Rights; Writer,Y,This property has reverted to the creator. The property and associated characters are not available for use.,,80982E74-7805-EA48-91FA-B7BF396669B9
,Property,,,,,Scott Hampton,"pencils, inks, cover",WFH,,,,22EB91E9-C04D-4941-938B-BAFAB8A61ED4
,Property,,,,,Chris Chuckry,color,N/A,,,,AFAA7410-BB03-C84D-9EC2-81812F9A9FDA
Simon Stagg,Character,"""Samuel"" Movie",The Brave and the Bold #57,Dec-64,N,Bob Haney,writer,Contributor Recognition,2014,Deceased Contributor recognition agreement is with heirs.,,A62D0839-FBE2-0743-B674-FB5565B776AA
,Character,,,,,Ramona Fradon,"pencils, cover pencils",Creator Recognition,2016,,,F780DC03-5187-EA44-875A-8B8A1E68DE47
,Character,,,,,Charles Paris,"inks, cover inks",None,,,,94733258-FCBE-2A49-8C71-8FFE8FC28FEE
Sinestro,Character,"Green Lantern
(2011)","Green Lantern #7
""The Day 100,000 People Vanished""",Jul-61,N,John Broome,writer,None,,Deceased,,575AE351-1569-574A-AA23-B217466437BE
,Character,,,,,Gil Kane,"pencils, cover pencils",None,,Deceased,,BCA3835C-A1A8-CD4D-8AC5-92E0D2A729ED
,Character,,,,,Joe Giella,"inks, cover inks",None,,,,AD7035FE-B293-3644-AEFC-4EFCC23CC3B7
Sir Malcolm Jones,Character,"Point Blank
Sleeper",Sleeper #7,Sep-03,Y,Ed Brubaker,writer,WFH,,,,5250141C-9782-A849-9481-D3AC3BA99C29
,Character,,,,,Sean Phillips,"pencils, inks, cover",WFH,,,,8D5EFA62-1735-B64E-99BF-A5E172C91428
,Character,,,,,Tony Avina,color,N/A,,,,8EFA9022-E525-0241-9FD9-725DA53F2575
"Sister Superior
(Vera Lynn Black; Miss Morphine)",Character,Supergirl Season 5,JLA #100,Aug-04,Y,Joe Kelly,writer,WFH,,,,E482B4CD-B34D-4C4A-ADD7-DDDA521C7692
,Character,,,,,Doug Mahnke,"pencils, cover pencils",WFH,,,,7333A8E5-C781-1F44-BBB6-ADF35E20BF23
,Character,,,,,Tom Nguyen,"inks, cover inks",WFH,,,,AC4085D1-CFDF-B343-BDDE-D8A3D6564F9E
,Character,,,,,David Baron,color,Exclusive,,,,AEB7ECE4-6D8A-584C-87D9-6BB0CF4DD242
Slam Bradley,Character,,Detective Comics #1,Mar-37,,Jerry Siegel,writer,,,09/20/2019 Jay email - Clear for use,,AF53FE6F-873A-6F46-8BA5-3A548E855FD3
,Character,,,,,Joe Shuster,inks,,,Created by Malcolm Wheeler - Nicolson?,,E330326A-E811-DE48-B1FF-649B89B4EC6D
Slaughter Swamp,Location,Gotham 405,"All-American Comics #61
""Fighters Never Quit""",Oct-44,Y,Alfred Bester,writer,None,,Deceased,,21C28838-C368-7A40-9D3A-44E7EB1593DD
,Location,,,,,Paul Reinman,"pencils, inks, cover",Artist,,Deceased,,7740C9D5-1266-D042-9ECC-DD30B0167AA3
Sleeper,Property,"Point Blank
Sleeper",Sleeper #1,Mar-03,Y,Ed Brubaker,writer,WFH,Y,,,C703073E-18CD-D240-99AB-70F52F43D185
,Property,,,,,Sean Phillips,"pencils, inks, cover",WFH,Y,,,92682567-7C61-F44A-9B5F-5C58FA582B04
,Property,,,,,Tony Avina,color,N/A,,,,508CF50E-25CC-754C-BA8D-BCE86B5B9688
,Property,,,,,Randy Mayor,color,N/A,,,,CA86DEE7-55BB-504E-BF76-16A674A5915F
,Property,,Sleeper: Season 2 #1,Apr-04,Y,Ed Brubaker,writer,WFH,,,,6AC66D0F-43BB-F649-A964-CF21A9AFF1DF
,Property,,,,,Sean Phillips,"pencils, inks, cover",WFH,,,,97016215-E4CC-3E45-AF5C-30E531E216C4
,Property,,,,,Alex Sinclair,color,N/A,,,,40DBEB89-4EA0-0941-8E82-F5DA5EDD4CB5
,Property,,,,,Carrie Strachan,color,N/A,,,,DE092A5D-7590-744D-8A8A-046263FB9593
"Sleepwalk
(Holly McKenzie)",Character,,Doom Patrol #26,Sep-89,N,Grant Morrison,writer,WFH,Y,,,B2AB3FF1-9152-A648-BA02-F24E11C13C23
,Character,,,,,Richard Case,pencils,WFH,,,,203955DE-20C2-964E-A6B2-ECCBC5CCBEE4
,Character,,,,,John Nyberg,inks,WFH,,,,EAE1F3B9-3BCC-0449-B437-4FF39E970B6A
"Slipknot
(Christopher Weiss)",Character,,The Fury of Firestorm #28,Oct-84,Y,Gerry Conway,writer,Writer/Editor; Exclusive,,,,F69E51A6-2A07-4344-AF87-837BE4517563
,Character,,,,,Rafael Kayanan,"pencils, cover",WFH,,,,CEA2E070-1D9A-BC40-B853-B8CCEF85865E
,Character,,,,,"Rodolfo ""Rodin"" Rodriguez",inks,WFH,,,,676FFBBA-5E71-974F-97A3-0D809944E871
,Character,,,,,Nansi Hoolihan,color,N/A,,,,5A558415-FE8F-F649-B4C5-29AC40AF8023
"Sodam Yat
(Ion)",Character,,"Tales of the Green Lantern Corps Annual #2
""Tygers""",Dec-86,N,Alan Moore,writer,None,,,,278F665A-472B-704B-A208-514D9D334790
,Character,,,,,Kevin O'Neill,"pencils, inks",None,,,,438001A5-DFB3-0147-95E3-0F7E83EA586F
,Character,,,,,Gil Kane,cover pencils,None,,Deceased,,7C04A429-CF61-4D4E-91D6-8CAACBDC5F96
,Character,,,,,Joe Staton,cover pencils,WFH,,,,CA6D46E7-8863-D34C-954C-F4D66F83AF6F
,Character,,,,,Bruce Patterson,cover inks,WFH,,,,CCF2B907-8ECD-3A4D-A889-10C230C41908
,Character,,,,,Anthony Tollin,color,N/A,,,,5FF541FE-DDF6-9C4A-ACA7-5C20DE888615
"Sofia Gigante
(Sofia Falcone)",Character,Gotham 403,Batman: The Long Halloween #6,May-97,N,Jeph Loeb,writer,Writer Agreement,,,,1CF0560A-9401-7743-A681-6D20D7EE37D1
,Character,,,,,Tim Sale,"pencils, inks, cover",Artist Agreement,,,,CB4E3B94-1239-D843-BF0C-ED38E6B11200
,Character,,,,,Gregory Wright,color,N/A,,,,70C7D678-6140-DA43-A0FC-66E550949BEA
"Solomon Grundy
(Cyrus Gold)",Character,Stargirl 101,"All-American Comics #61
""Fighters Never Quit""",Oct-44,Y,Alfred Bester,writer,None,,Deceased,,5399392E-CB0E-A24C-9018-6C5628196171
,Character,,,,,Paul Reinman,"pencils, inks, cover",Artist,,Deceased,,F1731DD7-2AC8-4947-B85B-34D91632831A
Solovar,Character,Flash 314,"Flash #106
""Menace of the Super-Gorilla""",Apr-59,N,John Broome,writer,None,,Deceased,,96586F96-1471-7642-8EA7-807482C0F277
,Character,,,,,Carmine Infantino,"pencils, cover pencils",Settlement,,Deceased,,51A6363D-24AC-8545-B714-46E49E341BEB
,Character,,,,,Joe Giella,"inks, cover inks",None,,,,9554F817-3683-AF49-8942-CE207C129F33
Sons of Trigon,Property,,Titans #3,Aug-08,N,Judd Winick,writer,WFH,,,,9168FBBE-7E85-D144-83F3-CA1349A67E75
,Property,,,,,Joe Benitez,"pencils, cover pencils",WFH,,,,05EC041C-FF11-C449-B983-8BA29944B124
,Property,,,,,Victor Llamas,"inks, cover inks",WFH,,,,2F5C1E17-12CB-BF41-9F4B-135D3D12383C
,Property,,,,,Derek Fridolfs,inks,WFH,,,,9E579B83-5100-D344-87D3-C58DA4EF9799
,Property,,,,,Joe Weems,inks,WFH,,,,28EDBF06-A5B0-A447-9DD0-D35E83F6B3C8
,Property,,,,,Sandra Hope Archer,inks,None,,,,24C4CDD6-D22E-8E45-858B-6A4CABEEFFD7
,Property,,,,,Edgar Delgado,color,N/A,,,,FAA0FD69-D5E2-4746-A427-148CA14B7FC8
"Sophie ""Gimme"" Moore",Character,Batwoman 101,"Detective Comics #859
""Go, Part 2""",Jan-10,N,Greg Rucka,writer,WFH,,,,1F5080A2-8FD6-D647-892E-1C43A7EE11A1
,Character,,,,,J.H. Williams III,"pencils, inks, cover",WFH,,,,51D7B7B7-7FA7-FF44-B3A5-4249CDC056EA
,Character,,,,,Dave Stewart,color,N/A,,,,EA872DE2-7037-7F46-BE02-C2A9E6972B4F
Soranik Natu,Character,,Green Lantern Corps: Recharge #1,Nov-05,N,Dave Gibbons,writer,WFH,2010,,,0A2DABBA-CBAB-F942-B3B9-31FB54BCE512
,Character,,,,,Geoff Johns,writer,Exclusive; WFH,2010,,,0355C7B2-BEF1-4248-A168-9D204475E749
,Character,,,,,Patrick Gleason,"pencils, cover pencils",WFH,2010,,,5A470373-B9C7-7646-9B51-E20921A4D249
,Character,,,,,Christian Alamy,"inks, cover inks",WFH,,,,449AA5D6-581B-EF4C-A238-F6BB5CF1B43E
,Character,,,,,Prentis Rollins,inks,WFH,,,,9909E8CE-00AE-7841-B293-7D561B9D1C3F
,Character,,,,,"William ""Moose"" Baumann",color,N/A,,,,D575758D-777F-5549-8F14-B8464496C389
The Source Wall,Location,,"Precursor:
New Gods #5
""Spawn""",Oct-71,N,Jack Kirby,"writer, pencils, cover pencils",Fourth World Agreement,,Deceased,,62C129D0-821C-5248-AF0C-188516DB6652
,Location,,,,,Mike Royer,"inks, cover inks",None,,,,36D97CC5-B41B-8B4F-9406-5D278BF51C57
,Location,,"First appearance:
Marvel and DC Present: Featuring the Uncanny X-Men and the New Teen Titans",1982,N,Chris Claremont,writer,None,,"New Gods #5 mentions that Metron is traveling to the ""Source."" According to Wikipedia, Simonson stated in a Comic Book Resources post that he and Claremont ""invented that notion […] clearly extrapolating from what Jack [Kirby] had done.""
The June 27, 1979 DC/Marvel Crossover agreement required that Marvel engage talent for this work, so DC does not have copies of these contracts.",,6AFBCD61-F727-7B4C-9448-59D28BEEC5DA
,Location,,,,,Walter Simonson,"pencils, cover pencils",None,,,,5286CD33-BBF6-624B-BE31-0D70B88B985E
,Location,,,,,Terry Austin,"inks, cover inks",None,,,,3ED43826-FF08-114C-9CC7-52B56E4DEA2A
,Location,,,,,Glynis Wein,color,None,,,,4CEAC9E6-28DE-A044-BB19-4BD16572E9AF
,Location,,"First DC appearance:
Showcase '94 #1
""The Wall of Souls""",Jan-94,N,Walter Simonson,writer,WFH,,,,51067878-8718-7349-A19C-068A2CC01A63
,Location,,,,,Jose Luis Garcia-Lopez,"pencils, inks",WFH,,,,B82A34EC-76B6-3D40-ABC7-2499517D906C
,Location,,,,,Kevin Nowlan,cover,WFH,,,,A43DDEC1-8D23-D74C-B9A4-BEB376958756
,Location,,,,,Gloria Vasquez,color,N/A,,,,134870E8-6664-874D-8B64-46FF4D435AFB
Space Cabbie,Character,,Mystery in Space #21,Aug-54,N,Otto Binder,writer,None,,Deceased,"Approved as a character appearance in an episode of DC Legends of Tomorrow.  Wayne Smith confirmed no concerns with Otto Binder in February 2021. 
Ok to Creative to proceed with series.",72C923A0-4B0C-9240-AF81-69D2DA3DA443
,Character,,,,,Howard Sherman,"pencils, inks",None,,Deceased,,82E0EF4B-E3AC-8D4A-97AD-7D5EE1A94558
Space Dolphins,Character,,Lobo #1,Nov-90,N,Keith Giffen,writer,WFH,,,,5392D896-E312-2243-8DAB-1EB86F05B57E
,Character,,,,,Alan Grant,writer,WFH,,,,E9BE606D-C6BB-CF4F-BAC4-A9C29E370F23
,Character,,,,,Simon Bisley,"pencils, inks, cover",WFH,,,,620FAF0D-15C0-5443-B2AE-FEAA58E3F78B
,Character,,,,,Lovern Kindzierski,color,N/A,,,,78B42623-11DB-144F-BA7D-E7628FC76673
"Spartan
(Yohn Kohl)",Character,Arrow 406,WildC.A.T.S.: Covert Action Teams #1,Aug-92,Y,Jim Lee,"writer, pencils, cover pencils",WildStorm Employment Agreement,,See also: WildStorm Asset Purchase Agreement,,CD7F3D42-FED7-C14A-B767-728DD549B8CE
,Character,,,,,Brandon Choi,writer,WildStorm WFH Acknowledgement,,,,A2273C74-5E10-644E-AD16-26A78EA08FE1
,Character,,,,,Scott Williams,"inks, cover inks",WildStorm WFH Acknowledgement,,,,60F21094-F6E8-DD45-982E-E4B82E6564FD
,Character,,,,,Joe Rosas,color,N/A,,,,E40D4B8D-48C3-B041-B6EA-F194EB56DD74
Special Agent W,Character,"Point Blank
Sleeper",Sleeper: Season 2 #5,Dec-04,N,Ed Brubaker,writer,WFH,,,,5E632CAF-FE47-744F-A97A-76F18218A36D
,Character,,,,,Sean Phillips,"pencils, inks, cover",WFH,,,,9ACDCC60-6FE9-F04E-95E6-A800D9D81A8A
,Character,,,,,Carrie Strachan,color,N/A,,,,AC887147-BC68-2343-859D-D011C5176AE7
"The Spectre
(Jim Corrigan)",Character,,"More Fun Comics #52
""The Spectre: Introduction""",Feb-40,Y,"Jerome ""Jerry"" Siegel",writer,Settlement,2001,Deceased Settlement is with heirs.,,CF46416B-05C4-8441-A2F3-F400E55B6CFC
,Character,,,,,Bernard Baily,"pencils, inks, cover",None,,Deceased Creator recognition agreement was proposed to heirs for Hourman & The Spectre but not accepted.,,ECB854EF-A773-1C40-AD9B-CFF33AE6C939
"The Spectre
(Crispus Allen)",Character,"Justice League
(2017)","as Crispus Allen:
Detective Comics #742",Mar-00,N,Greg Rucka,writer,WFH,Y,,,F2A1A05C-50FB-D04D-BB09-F27B76EFD962
,Character,,,,,Shawn Martinbrough,pencils,WFH,Y,,,37E97AC8-1217-2A4E-B7F0-10603A2125FD
,Character,,,,,Steve Mitchell,inks,WFH,,,,CC57EE11-C9EE-A645-8717-BFE468B59736
,Character,,,,,"Brian Stelfreeze
(Jefferson Mitchell)",cover,WFH,,,,D3DC2D81-172A-134E-A0F1-498BC49C7163
,Character,,,,,WildStorm FX,color,N/A,,,,E1E3CE7D-015B-754E-992A-B847BB0F111F
,Character,,"as The Spectre:
Infinite Crisis #4",Mar-06,N,Geoff Johns,writer,WFH; Exclusive,,,,3073064E-0220-CB44-BE22-3DB8A670D9BE
,Character,,,,,George Perez,"pencils, inks, cover (variant)",WFH,,,,7BD6F3C2-074C-224A-91BB-84D6A3B01454
,Character,,,,,Phil Jimenez,pencils,WFH,,,,F2A49A8B-2885-D947-BFBC-100313CA1080
,Character,,,,,Ivan Reis,pencils,WFH,,,,653DBF4E-DCA9-D047-8F89-920961B5466B
,Character,,,,,Andy Lanning,inks,WFH,,,,45BC5278-7033-2445-B9EC-3BB51C9C531C
,Character,,,,,Lary Stucker,inks,WFH,,,,1CD30D78-AA52-A543-8548-6CE43F51EDAC
,Character,,,,,Marc Campos,inks,WFH,,,,5C5FA815-5092-4243-B4EB-DA2AE59D7976
,Character,,,,,Oclair Albert,inks,WFH,,,,9DD3486F-CCAF-7646-BCD2-97C062AE7159
,Character,,,,,Jimmy Palmiotti,inks,WFH,,,,A3355F32-A4F0-6248-A1B2-CAB7C927891B
,Character,,,,,Drew Geraci,inks,WFH,,,,93397038-4CCD-6549-8D91-BE1C4AAA4459
,Character,,,,,Jim Lee,cover pencils,Exclusive (Firewall),,,,E137791A-DF2F-434C-A928-2621B5184F38
,Character,,,,,Sandra Hope Archer,cover inks,None,,,,C73E98F9-023E-384F-BDFD-B740C986F7EB
,Character,,,,,Jeromy Cox,color,N/A,,,,5940F286-4B67-724A-AB78-398AF9738F5A
,Character,,,,,Guy Major,color,N/A,,,,25E42A17-D695-4641-AD86-E8C4871923B8
"Speed Force Formula
(3x2(9yz)4a)",Property,"Flash 217
(3/29/2016)","More Fun Comics #71
""The Riddle of the Crying Clown""",Sep-41,N,Mort Weisinger,writer,N/A,,"Weisinger was an employee of DC at this time.
Deceased",,004B80C4-1FF1-194F-9ADA-95E2C90FDFB7
,Property,,,,,Chad Grothkopf,"pencils, inks",None,,,,DC116181-3FA0-2040-96CA-F1E32CB0C30C
,Property,,,,,Howard Sherman,cover,None,,,,FA3E773B-4D9F-3B49-B557-770299289CD7
Speed Queen,Character,DC Super Hero Girls,Hawk & Dove #21,Feb-91,Y,Barbara Kesel,writer,WFH,,,,0BEF9EDD-A6F9-6340-98F6-690FBC7DDC5C
,Character,,,,,Karl Kesel,writer,WFH,,,,721143FE-F909-6243-9CF3-46553ACDAC81
,Character,,,,,Steve Erwin,"pencils, cover",WFH,,,,103038E6-88E0-DB4F-BAD3-5382C12C3E9F
,Character,,,,,Scott Hanna,inks,WFH,,,,DFD31213-1214-DC49-83E2-9E699BBE48BC
,Character,,,,,Glenn Whitmore,color,N/A,,,,AB6376CB-3A9C-D44C-ADF5-ACA9300C2827
"Speedy
(Roy Harper; Arsenal)",Character,,"as Speedy:
More Fun Comics #73
""Case of the Namesake Murders""",Nov-41,N,Mort Weisinger,writer,N/A,,"Weisinger was an employee of DC at this time.
Deceased",,9A472ECD-337D-B04A-89AA-D7AE5B0F146A
,Character,,,,,George Papp,"pencils, inks",None,,Deceased,,0CC0B041-1957-594B-962B-B81C7FB82BB7
,Character,,,,,Howard Sherman,cover,None,,,,A2ABE682-1732-FB40-94BE-EE3BBCAF3D96
,Character,,"as Arsenal:
New Titans #99",Jul-93,Y,Marv Wolfman,writer,None,,We have agreements with Wolfman for issues #81-92 & #104-121.,,677A99DB-6CC5-0C4F-83AE-37FAB66EF580
,Character,,,,,Tom Grummett,"pencils, cover pencils",Artist,,,,E26517B2-8219-2C45-B65F-CA05136E1DE4
,Character,,,,,Al Vey,"inks, cover inks",WFH,,,,04D7CA31-34B7-044C-9974-6CFD617A127A
,Character,,,,,Robert Campanella,inks,WFH,,,,E0C858D5-6329-3D47-8C61-B9A5228F3A68
,Character,,,,,Steve George,inks,WFH,,,,3F9C09A6-7442-6D41-AE86-D6A3B6FEF6B5
,Character,,,,,Adrienne Roy,color,Exclusive,,Deceased,,F965E170-5EDF-8B4B-B208-B624A7F4C465
"Speedy
(Mia Dearden)",Character,,"as Mia Dearden:
Green Arrow #2",May-01,N,Kevin Smith,writer,WFH,,,,14DD436B-6E14-C244-811C-8674DF257081
,Character,,,,,Phillip Hester,pencils,WFH,,,,0F163E23-24D9-2D42-95E0-221F6020A31D
,Character,,,,,Ande Parks,inks,WFH,,,,5B4551B3-A41F-D546-9255-4E7E4AE02C12
,Character,,,,,Matt Wagner,cover,WFH,,,,29232158-8FCB-C14F-AF48-1BE65D4B33CC
,Character,,,,,Guy Major,color,N/A,,,,B9BED0C3-2856-D243-86E1-99E2C074E920
,Character,,"as Speedy:
Green Arrow #44",Jan-05,Y,Judd Winick,writer,WFH,,,,168C985A-63EF-E942-8998-D67B9E3A3E00
,Character,,,,,Phillip Hester,pencils,WFH,,,,4C626281-B9C9-414C-978C-B664C0C6A297
,Character,,,,,Ande Parks,inks,WFH,,,,477799DA-3589-3147-A1B4-02DEC9F68DAB
,Character,,,,,Marcos Martin,cover,WFH,,,,33FDF28D-6980-474B-B2CC-B59EFC8528E2
,Character,,,,,Guy Major,color,N/A,,,,2497D0AA-24DE-6240-8C68-87B04EB5AD47
"Spin
(Mr. Auerbach)",Character,Flash 504,Flash #238,May-08,Y,Tom Peyer,writer,WFH,,,,614BECEE-8768-ED40-A257-334E9DB202EC
,Character,,,,,Freddie E. Williams II,"pencils, inks, cover",WFH,,,,24545410-8305-4F47-BE04-321B99D19270
,Character,,,,,Tanya Horie,color,Exclusive,,,,624F6758-75EA-6344-B270-0ADD6C92C1FA
,Character,,,,,Richard Horie,color,Exclusive,,,,DEB72CB2-00CB-6F46-B1BC-D22BB9CFAD67
"Sportsman
(Martin Mantle, Jr.)",Character,Supergirl 411,"Batman #338
""The Sporting Death!""",Aug-81,Y,Gerry Conway,writer,Exclusive,,,,F487FA54-E697-0049-A1AA-4AF1147D9443
,Character,,,,,Roy Thomas,writer,Exclusive,,,,CAABA5B2-B136-084A-8DCE-64AC98C04858
,Character,,,,,Irv Novick,pencils,N/A,,"Novick was an employee of DC from 5/9/1967 - 12/28/1984.
Deceased",,32F14C3B-EED6-B247-92AA-9B3A78534B7B
,Character,,,,,Frank McLaughlin,inks,Exclusive,,Deceased,,BA608FAA-A99C-F445-BD16-7D6523A791AB
,Character,,,,,Jim Aparo,cover,None,,Deceased,,E4A3F704-2F95-694C-8658-A3DDF1B56B12
,Character,,,,,Adrienne Roy,color,N/A,,Deceased,,F85C61BD-E60B-0A4A-8154-90024DC471DE
"Sportsmaster
(Lawrence ""Crusher"" Crock)",Character,Plastic Man,"All-American Comics #85
""The Rise and Fall of Crusher Crock""",May-47,N,John Broome,writer,None,,"Deceased  Wayne cleared for TV only (for Stargirl TV series) and any clearance for motion pictures is subject to further review; he also noted that the character cannot be identified as ""Sportsmaster"" or ""Crusher Crock"" in any advertising/promo in advance of the initial broadcast.",,84500630-D633-1845-853D-C7168B6BDE58
,Character,,,,,Irwin Hasen,"pencils, cover",None,,,,5FEFA6F9-EB96-3240-B054-D85E19015457
,Character,,,,,John Belfi,inks,None,,,,A0870C68-3730-EC44-9B49-A453650161B8
The Sprang Bridge Soldiers,Property,"Birds of Prey 
(2020)",Robin #175,Aug-08,N,Fabian Nicieza,writer,WFH,,,,6FC44143-6653-774A-8E74-6F60C778A85B
,Property,,,,,Joe Bennett,pencils,WFH,,,,5395078F-3F13-194E-8E1B-D89F8A7A0632
,Property,,,,,Jack Jadson,inks,WFH,,,,F4449527-EC40-534C-8487-278A09BBC488
,Property,,,,,Freddie E. Williams II,cover,WFH,,,,8CB2D90C-79F9-854E-B5B1-FBFF19DCF4D9
,Property,,,,,Guy Major,color,N/A,,,,6A09A921-80B6-B247-ABB9-FBA29C279187
Spy vs. Spy,Property,,MAD Magazine #60,Jan-61,N,Antonio Prohias,artist,Writer/Artist; Contributor Recognition,,Deceased Contributor Recognition Agreement is with heirs.,,D8B22A6B-34ED-CC48-AC1E-EADA825603C4
St. Roch (City),Location,Legends 101,Hawkman #1,May-02,N,Geoff Johns,writer,WFH,,,,54D7BCB2-1DE9-1749-9C32-17B22EA13F7A
,Location,,,,,James Robinson,plot,WFH,,,,3E2E77D1-F4F7-F748-B5AF-14AA7F8EEBE4
,Location,,,,,"Ralph ""Rags"" Morales",pencils,WFH,,,,63F7E491-61CE-8A4B-83CA-D310AAB47F10
,Location,,,,,"Michael Bair
(Michael Hernandez)",inks,WFH,,,,E8DB77A8-FFD3-B74B-BBEC-B68CC77566BC
,Location,,,,,Andrew C. Robinson,cover,WFH,,,,7ACD9814-940F-A642-936B-5080031485DB
,Location,,,,,John Kalisz,color,N/A,,,,8DCDC4F6-91A7-0542-9DEB-53760169C01D
St. Roch University,Location,Legends 101,Hawkman #20,Dec-03,N,Geoff Johns,writer,WFH,,,,2570B8EC-8CF6-E945-9FFB-8A16B3CAC4D3
,Location,,,,,"Ralph ""Rags"" Morales",pencils,WFH,,,,BD76828D-21F4-CE41-B6F5-5A545C546583
,Location,,,,,"Michael Bair
(Michael Hernandez)",inks,WFH,,,,7F36520E-CF89-4A46-B992-BC702FFB0F92
,Location,,,,,Mark McMurray,inks,WFH,,,,692A396C-330C-0B4B-AD45-894F27069B44
,Location,,,,,John Watson,cover,WFH,,,,084D0A34-BE69-8047-A7F4-F62B9A24DE63
,Location,,,,,John Kalisz,color,N/A,,,,822A66C1-7B22-2E41-8AB0-70D5A2C06BAA
"Stanislaus
(Stan; Golden Centurion)",Character,,"in Quality Comics:
Military Comics #2
""The Coward Dies Twice""",Sep-41,N,Will Eisner,writer,None,,See Quality Comics purchase agreements dated 7/26/56 & 8/1/67.,,DA52FA26-3769-2749-B76F-A24EEAC2F573
,Character,,,,,Charles Cuidera,"pencils, inks, cover",None,,,,4D5E4C09-B373-9148-80AB-D9FA0AF8A6C1
,Character,,,,,Bill Smith,cover,None,,,,90630D66-D28C-874D-B515-B1D653406C7B
,Character,,"in DC Comics:
Blackhawk #108",Jan-57,N,Dick Dillin,"pencils, cover pencils",None,,Deceased,,10DDCB08-3442-B44A-B302-394ECE647332
,Character,,,,,Charles Cuidera,"inks, cover inks",None,,,,15D005B0-8558-D54A-AD16-23FDF5C2A249
Stanislaus Drozdowski,Character,,Blackhawk #1,Mar-89,N,Howard Chaykin,"writer, pencils, inks, cover",,,,,E4C7DA4B-D9CC-E342-B59D-4DD0CF50FF49
,Character,,,,,Steve Oliff,color,N/A,,,,DE013F70-91C9-6948-8029-3A2B218EB4F6
Stanley Dover (child),Character,,"Fox and the Crow #95
""When is a Dog Not a Dog?""",Dec-65,Y,Arnold Drake,writer,None,2006,Deceased,,18635CC3-B0D7-5B4F-ADC8-568142838ED1
,Character,,,,,"James Winslow ""Win"" Mortimer","pencils, inks",None,,Deceased,,3502BFAC-EE04-0243-9C8A-2B9BA2C8BEF5
,Character,,,,,Mort Drucker,cover,None,,,,1558BDBA-B123-2849-ACF1-C8A08BA6A0AE
"Stanley Dover
(Star City Slayer)",Character,Arrow 707,Green Arrow #1,Apr-01,N,Kevin Smith,writer,WFH,,,,BD79B36D-B4F8-9A42-B02E-2576AC7BB4C1
,Character,,,,,Phil Hester,pencils,WFH,,,,5FA28404-F010-FC4B-BC23-878B1FCBD845
,Character,,,,,Ande Parks,inks,WFH,,,,289A0600-2111-2941-BB1B-29866A8CA3B9
,Character,,,,,Matt Wagner,cover,WFH,,,,4B7CFDBF-DED1-6F4D-B202-F534D7EC6C8B
,Character,,,,,Guy Major,color,N/A,,,,5C07B2F5-CDE9-694D-B4E3-20BB059F14BF
S.T.A.R. Labs,Location,"Flash 101
(10/7/2014)","Superman #246
""Danger -- Monster At Work!""",Dec-71,N,Len Wein,writer,None,Y,Deceased,,11BCFC92-2993-6247-B6E7-1635B806D40A
,Location,,,,,Curt Swan,"pencils, cover pencils",None,,Deceased,,14B441E1-971E-C44B-8C03-2F2D91DD007D
,Location,,,,,Murphy Anderson,"inks, cover inks",None,,Deceased,,8B2B2A61-7405-BC4E-B7DF-957865951880
"Star City Thunder
(Basketball team)",Property,Supergirl 308,Green Arrow #36,May-04,N,Judd Winick,writer,WFH,,,,40F77A5F-6FAC-DA4B-A2BF-B95CCCC27CF7
,Property,,,,,Phil Hester,pencils,WFH,,,,16C45BDA-57AD-DC4F-AB87-ED9C7E405021
,Property,,,,,Ande Parks,inks,WFH,,,,B5E25637-4EA3-674B-B7DE-C3E2F38F1AEB
,Property,,,,,Marcos Martin,cover pencils,WFH,,,,C6E81EB4-ACFF-514A-920E-F74316D4A2A2
,Property,,,,,Alvaro Lopez,cover inks,WFH,,,,EF60D7E8-E0E3-5241-809E-C5428A6D0E38
,Property,,,,,Guy Major,color,N/A,,,,69A0C1AC-2D7F-F74A-8A98-A830DDAD3A43
"Starfire
(Koriand'r)",Character,,"DC Comics Presents #26
""Where Nightmares Begin""",Oct-80,N,Marv Wolfman,writer,Exclusive,1980,,,922F4D50-AC8C-B941-96C6-D9BB31E1B2A5
,Character,,,,,George Perez,pencils,None,1980,,,C1FB1DD9-B1CA-AE40-86B9-2C727E5080B5
,Character,,,,,Dick Giordano,inks,Exclusive,,"Giordano may have been an employee of DC at this time.
Deceased",,6D81B5A0-1282-2545-9835-6760B66DBC20
,Character,,,,,Jim Starlin,cover,None,,,,30080C58-E80A-944D-8780-D10763A1A05E
,Character,,,,,Adrienne Roy,color,N/A,,Deceased,,7DCD77E3-03B9-CA4C-BB59-24FADB50744B
Starhaven,Location,Supergirl 213,Legion of Super-Heroes #305,Nov-83,N,Paul Levitz,writer,WFH,,,,4915F272-0BBC-824F-A072-C53D879030E4
,Location,,,,,Keith Giffen,"pencils, cover pencils",WFH,,,,AFCB4E6C-0E75-0B44-BCED-01EA1327FE46
,Location,,,,,Kurt Schaffenberger,inks,WFH,,Deceased,,409A07B8-7477-FB4A-BEBE-53423A75054D
,Location,,,,,Larry Mahlstedt,cover inks,WFH,,,,E802D177-6E96-7E45-8AA4-184948343EFD
,Location,,,,,Carl Gafford,color,N/A,,,,30113BA9-C0DC-A14F-8CC3-19B9D726F277
"Starling
(Evelyn Crawford)",Character,Arrow 419,Birds of Prey #1,Nov-11,Y,Duane Swierczynski,writer,WFH,Y,,,2AD0FCF2-D756-B144-AB2D-6964FB3C471A
,Character,,,,,Jesus Saiz,"pencils, inks, cover",WFH,Y,,,1E884AA5-AE2A-BF4D-A512-56813AF79F3A
,Character,,,,,Nei Ruffino,color,N/A,,,,7652A563-494C-0443-9996-D282E8626C85
"Starman
(Ted Knight)",Character,"DC Creators Series
(Machinima)","Adventure Comics #61
""The Amazing Starman""",Apr-41,Y,Gardner F. Fox,writer,Creator Recognition,2009,Deceased Creator recognition agreement with is with heirs.,,8B1DF609-2109-F248-9B98-1D6981A54ABF
,Character,,,,,Jack Burnley,"pencils, inks, cover",None,,Deceased,,2D0B639C-F6D5-E442-B52E-80B2910209B6
"Starman
(Jack Knight)",Character,"DC Creators Series
(Machinima)",Zero Hour: Crisis In Time #1,Sep-94,N,James Robinson,creator,Continuity,Y,"Jack Knight was originally created to appear in Starman #0 (10/94). Robinson & Harris are recognized as creators because of this work, although they did not contribute to Zero Hour: Crisis In Time #1.",,7AA9C17D-B1FD-B141-93FD-74C782FCAD60
,Character,,,,,Tony Harris,creator,Continuity,Y,,,5ABFFEAC-0924-CC44-AF40-963DF5A95C61
,Character,,,,,Dan Jurgens,"writer, pencils, cover pencils",Continuity,,,,D6DEE0CB-3FD5-9341-80EC-14BBFC54A46E
,Character,,,,,"Jeremiah ""Jerry"" Ordway","pencils, inks, cover inks",Continuity,,,,41D8CE33-A32A-6446-B2C6-C0FB82AE0D5B
,Character,,,,,Gregory Wright,color,N/A,,,,357BFE1F-8079-C74B-BA44-CC70C6A88E1F
"Starman's Gravity Rod
(Ted Knight)",Property,,"Adventure Comics #61
""The Amazing Starman""",Apr-41,Y,Gardner F. Fox,writer,Creator Recognition,,Deceased Creator recognition agreement with is with heirs.,,A530A1EB-FC35-8B4B-AD83-E957D5392F36
,Property,,,,,Jack Burnley,"pencils, inks, cover",None,,Deceased,,BC3E8CC5-A92A-1C46-AF3F-34C323A2C6EF
"Starman's Cosmic Rod
(Ted Knight; David Knight)",Property,,FIRST APPEARANCE NOT LOCATED. 1950s or early 1960s?,,,,,,,,,F8F4E9F1-76A3-EB47-9DE8-49D9B08D2E85
"Starman's Cosmic Staff
(Jack Knight; Courtney Whitmore)",Property,Legends 202,Starman #2,Dec-94,Y,James Robinson,writer,WFH,,,,61FE850F-1FD7-2E44-8BBE-C166C63641C5
,Property,,,,,Tony Harris,"pencils, cover",WFH,,,,94590674-633C-0242-8A25-BE909BFA5FCC
,Property,,,,,Wade Von Grawbadger,inks,WFH,,,,71C73D27-614C-2D48-90CC-7F43F094CC73
,Property,,,,,Gregory A. Wright,color,N/A,,,,47A810DF-4840-A54D-86CD-742ABFFED093
"Starman's Quarvat
(Future Cosmic Rod; Farris Knight)",Property,,DC One Million #1,Nov-98,N,Grant Morrison,writer,Writer,,,,37389241-0133-434D-AC1D-11E6F0AC8CC9
,Property,,,,,Val Semeiks,"pencils, cover pencils",WFH,,,,1A6442A4-9112-D244-957B-3816A8C51970
,Property,,,,,Prentis Rollins,"inks, cover inks",WFH,,,,F38B2BAF-BCB2-E749-9D48-E4CED3FAF7B4
,Property,,,,,Pat Garrahy,color,N/A,,,,272286EF-0588-3B45-BAE1-4F1D12FC38FB
Starro the Conqueror,Character,,Brave and the Bold #28,Feb-60,Y,Gardner F. Fox,writer,Creator Recognition,,Deceased Creator recognition agreement with is with heirs.,,E06AB0B9-5A80-D446-AF1C-CF439F37A111
,Character,,,,,Mike Sekowsky,"pencils, cover pencils",None,,Deceased,,3F4C698F-6E57-F44B-9193-07B1F422CE85
,Character,,,,,Bernard Sachs,inks,None,,Deceased,,256C1052-3E60-4446-B964-C99A9E8B605F
,Character,,,,,Joe Giella,inks,None,,,,BED8D65F-0DF6-6245-ACC7-83F2D66C2AE0
,Character,,,,,Murphy Anderson,"inks, cover inks",None,,Deceased,,45A47B93-A227-FF4B-9C92-02012DBBE650
Star-Rocket Racer,Property,Stargirl 101,"Star-Spangled Comics #1
""The Bund Saboteurs""
""Dr. Weerd & the Metal Monster""",Oct-41,N,"Jerome ""Jerry"" Siegel",writer,None,,Deceased,,141482AA-A0AB-CF44-B67D-002A5997E66B
,Property,,,,,Harold Sherman,"pencils, inks, cover",None,,Deceased,,6E3691AE-32E4-E74C-ADA0-C157326B81EF
Star Sapphire,Character,,"All-Flash #32
""The Amazing Star Sapphire""",Dec-47,N,Robert Kanigher,writer,N/A,,"Kanigher was an employee of DC from 2/3/47 - 5/31/82.
Deceased",,3C0B86F5-5AE0-0445-A8EE-C303FCC24F01
,Character,,,,,Lee Elias,"pencils, cover pencils",None,,,,5B9DA3D5-59DC-0C47-B036-0B7DC2C59B15
,Character,,,,,Moe Worthman,"inks, cover inks",None,,,,08F6CEB3-F677-4943-B42E-EBDEBBC26C1D
"Star Sapphire
(Carol Ferris; Predator)",Character,"Green Lantern
(2011)","as Carol Ferris:
Showcase #22
""Secret of the Flaming Spear""",Sep-59,N,John Broome,writer,None,,Deceased,,A64CEB02-E7FB-D743-9F2C-56F1C54F9FDA
,Character,,,,,Gil Kane,"pencils, cover",None,,Deceased,,9BBC3273-524F-3143-8A48-77BCC126F666
,Character,,,,,Murphy Anderson,inks,None,,Deceased,,EBD1F32E-887D-3B40-91C9-02D05D0A07BF
,Character,,"as Star Sapphire:
Green Lantern #16
""The Secret Life of Star-Sapphire!""",Oct-62,Y,John Broome,writer,None,,Deceased,,90A8F485-8BC4-E847-907C-83CFBEB5D651
,Character,,,,,Gil Kane,pencils; cover pencils,None,,Deceased,,474EC198-3ED7-C44B-BA9C-1BB1B5B400BB
,Character,,,,,Joe Giella,inks,None,,,,8E6D54EF-32FF-9948-9DE3-AE7764E490E6
,Character,,,,,Murphy Anderson,cover inks,None,,Deceased,,C43E9A69-4EBB-F444-BD08-794089302456
,Character,,"as Predator:
Green Lantern #178",Jun-84,N,Len Wein,writer,WFH,Y,Deceased,,0DEC9093-7F75-7444-9AFB-B2A3EBC5E5F2
,Character,,,,,Dave Gibbons,"pencils, inks, cover",WFH,,,,333CB648-2E68-4F44-B04B-C29A9F1999C0
,Character,,,,,Anthony Tollin,color,Exclusive,,,,339724C1-AE9D-3244-8426-38A21518308F
"Star Sapphire
(Dela Pharon)",Character,,"Green Lantern #41
""The Double Life of Star Sapphire!""",Dec-65,N,Gardner F. Fox,writer,Creator Recognition,,Deceased Creator recognition agreement with heirs.,,C5555C21-AA9D-5143-BEAE-1C577559CB8F
,Character,,,,,Gil Kane,"pencils, cover pencils",None,,Deceased,,8388A17C-C00B-CB44-9EE9-7AA30B3D042F
,Character,,,,,Sid Greene,"inks, cover inks",None,,Deceased,,21A088BB-DF0D-3144-9DA2-D885D7263284
"Star Sapphire
(Deborah Camille Darnell; Remoni-Notra)",Character,,Secret Society of Super-Villains #1,May-76,Y,Gerry Conway,writer,,,,,6F0874BE-3680-514F-8945-319F80433EA8
,Character,,,,,Pablo Marcos,pencils,,,,,61DE9C5B-0F6C-794C-B13B-E4B58FE18B11
,Character,,,,,Robert R. Smith,inks,,,,,8838D16C-AC31-A148-88A7-53B5045ECA12
,Character,,,,,Ernie Chan,cover,,,,,5F0F8F7F-83C3-284C-AE97-726C9180C06A
"Star Sapphire
(Jillian Pearlman; Cowgirl)",Character,,Green Lantern #1,Jul-05,N,Geoff Johns,writer,,,,,F042F3A5-F80D-AB44-8F5C-1676BC5FDB51
,Character,,,,,Ethan Van Sciver,"pencils, inks",,,,,02B77EBC-27DC-D64F-A92E-301A94A81DD0
,Character,,,,,Carlos Pacheco,"pencils, cover pencils",,,,,7B34CD2F-7286-5449-9E05-5508388E2F76
,Character,,,,,Jesus Merino,"inks, cover inks",,,,,3B1C201D-3EF5-6346-83D7-6C2C0590FFD8
,Character,,,,,Alex Ross,variant cover,,,,,9A63D1A2-92C5-7749-AD51-12C15FE19229
,Character,,,,,William Moose Baumann,color,,,,,7C8D460A-A73F-354C-B04F-2331FB94BA7A
"Star Sapphire
(Krystal)",Character,,Green Lantern #15,Dec-06,N,Geoff Johns,writer,,,,,E410F498-DF78-5A40-8A2E-B338164572FE
,Character,,,,,Ivan Reis,pencils,,,,,D83E4C91-10C7-984A-B338-5412752D4174
,Character,,,,,Oclair Albert,inks,,,,,B2DE633D-DB49-DF46-A412-CA3166F42E0F
,Character,,,,,Ethan Van Sciver,cover,,,,,FDC5C547-5909-074A-A587-C56E8FEBEE55
,Character,,,,,William Moose Baumann,color,,,,,BFF73934-E61C-A94B-9F72-F3C2B5B0E829
"Star-Spangled Kid
(Sylvester Pemberton; Skyman)",Character,,"as Star-Spangled Kid:
Star-Spangled Comics #1
""The Bund Saboteurs""
""Dr. Weerd and the Metal Monster""",Oct-41,Y,"Jerome ""Jerry"" Siegel",writer,None,,Deceased,,F745888E-DE63-2F41-9B5A-45AD8B6582F8
,Character,,,,,Harold Sherman,"pencils, inks, cover",None,,Deceased,,6758BC63-60C2-E54E-8BF9-C704B6A29914
,Character,,"as Skyman:
Infinity, Inc. #31",Oct-86,Y,Roy Thomas,co-writer,Writer,,,,EA8CB197-F54E-D043-8F5A-DE69808C038E
,Character,,,,,"Dannette ""Dann"" Thomas",co-writer,None,,"We believe that Roy Thomas entered into a separate agreement with Dann Thomas for writing services, but we do not have a copy of it.",,DB70A2F1-BC67-3C4D-A30D-7D9E4EEB3EBF
,Character,,,,,Todd McFarlane,"pencils, cover pencils",Artist; WFH,,,,3582A201-6DD8-9A43-8C5A-1F13F7A4A4C3
,Character,,,,,Tony DeZuniga,"inks, cover inks",WFH,,,,5B55A600-2307-6343-9868-FD9601F817C2
,Character,,,,,Carl Gafford,color,N/A,,,,EF9B0475-F51C-E442-B100-4612594F74FD
"Star-Spangled Kid
(Stargirl; Courtney Whitmore)",Character,"DC Creators Series
(Machinima)",Stars & S.T.R.I.P.E. #0,Jul-99,Y,Geoff Johns,writer,WFH,Y,,,88110C02-F3D2-B643-AA0D-C00ED878CBAF
,Character,,,,,James Robinson,writer,Exclusive,,,,302859F1-5534-C34F-BADB-98E031612216
,Character,,,,,Lee Moder,"pencils, cover pencils",WFH,Y,,,A9672C6F-DDDC-1F4C-A9FA-DEFE80210035
,Character,,,,,Chris Weston,pencils,WFH,,,,C2BD365F-93D7-024A-98E6-DAAF26048111
,Character,,,,,Dan W. Davis,"inks, cover inks",WFH,,,,00FE4AD4-9DA7-814F-B803-9910A08F5607
,Character,,,,,John Stokes,inks,WFH,,,,7CB3B173-7D04-924D-851D-D1A7EF3DA03D
,Character,,,,,Carla Feeny,color,N/A,,,,C146179E-2C14-C54E-8FCA-9D1C9BFCCD77
Stealth,Character,,L.E.G.I.O.N. '89 #1,Feb-89,Y,Keith Giffen,plot,WFH,,,,97851CF9-BE78-B54C-B1EA-957A17F60AC8
,Character,,,,,Alan Grant,dialogue,WFH,,,,EB66DF21-AA36-3848-A9EA-4985B75C0FEB
,Character,,,,,Barry Kitson,pencils,WFH,,,,6B0F608D-EB60-9647-AD18-D356D73AE38D
,Character,,,,,Mike DeCarlo,inks,WFH,,,,5F76CBC5-2A2B-BE4C-987A-5D9444DF7595
,Character,,,,,Al Gordon,cover pencils,WFH,,,,0E2F244B-12A8-0E4E-AC99-684229B51D7A
,Character,,,,,Kevin Maguire,cover inks,WFH,,,,28178C55-C86F-6E40-A707-23D8735DE983
,Character,,,,,Lovern Kindzierski,color,N/A,,,,B7724A7D-5AC1-BD44-AF92-443EC0DABA0D
Steamroller,Character,Arrow 414,Green Lantern #176,May-84,N,Len Wein,writer,WFH,Y,Deceased,,8D0DD55B-0492-5142-A46E-6FD2C42C7F03
,Character,,,,,Dave Gibbons,"pencils, cover",WFH,,,,87BDA251-E44E-834A-81B0-8CEF332206B9
,Character,,,,,Dick Giordano,inks,WFH,,"Giordano was an employee of DC at this time.
Deceased",,DAFF2E77-D593-1B4A-B9A0-072616BC30C1
,Character,,,,,Anthony Tollin,color,Exclusive,,,,3029C7CF-11BB-1040-9217-DF45DCA0D5AD
"Steel
(John Henry Irons)",Character,,"Adventures of Superman #500
""First Sighting: John Henry Irons""",Jun-93,N,Louise Simonson,writer,Continuity,1993,,,A20C0026-1B1F-1649-9ACA-9579569A350C
,Character,,,,,Jon Bogdanove,pencils,Continuity,1993,,,88FF66AE-BB0F-294F-8875-BC68E6D2442C
,Character,,,,,Dennis Janke,inks,Continuity,,,,3C8F5058-7F26-704C-A3C9-9CA64B32C429
,Character,,,,,Tom Grummett,cover pencils,Continuity; WFH,,,,5E2A01E2-A934-9F44-91E4-725924F37527
,Character,,,,,Doug Hazlewood,cover inks,Continuity,,,,43B5B78C-7A67-A040-906A-72252D73CADA
,Character,,,,,Glenn Whitmore,color,N/A,,,,F616151D-ECD0-954C-9F75-1645A9EE8922
Steeleye,Character,"Point Blank
Sleeper",Sleeper #2,Apr-03,N,Ed Brubaker,writer,WFH,,,,BB0E5CC9-A9CA-0E44-B72C-B67991F0E120
,Character,,,,,Sean Phillips,"pencils, inks, cover",WFH,,,,9D989A54-6A65-674A-AAD0-518CBCEE7F71
,Character,,,,,Tony Avina,color,N/A,,,,D7F02AF2-7DFD-724F-9AB9-6E66AEEF395B
,Character,,,,,Randy Mayor,color,N/A,,,,EE01C0F2-5C92-714D-8A28-9A85CB28BB4B
Steppenwolf,Character,,"New Gods #7
""The Pact""",Feb-72,N,Jack Kirby,"writer, pencils, cover pencils",Fourth World Agreement,Y,Deceased,,8354A72A-7CFF-AE4C-B803-23893E4CB6F2
,Character,,,,,Mike Royer,"inks, cover inks",None,,,,A7CB184D-9A02-2444-AC34-2F63BF8B1816
"Sterling Silversmith
(Sterling T. Silversmith)",Character,,Detective Comics #446,Apr-75,N,Len Wein,writer,None,,,,97397791-60BC-F84D-80AC-5F9456C09C8A
,Character,,,,,Jim Aparo,"pencils, inks",None,,,,DAA18A01-8391-274D-B1A1-36E238582196
Steve Lombard,Character,,"Superman #264
""Secret of the Phantom Quarterback""",Jun-73,N,Cary Bates,writer,None,,Wayne approved for TV only,,FBD79943-4E8D-3446-8EC3-292320915764
,Character,,,,,Curt Swan,pencils,None,,Deceased,,51BB349F-638B-AF41-AB15-C73FF4B4F734
,Character,,,,,Murphy Anderson,inks,None,,Deceased,we do have agreements with Murphy Anderson that while not directly on point reflect his awareness/agreement that DC owns all rights in the work he rendered for us ,3B4958E8-6326-974C-AFA9-FFB44931CC75
,Character,,,,,Nick Cardy,cover,None,,Deceased,,F3084306-9540-EB42-AF77-680832B287A9
"Steve Trevor
(Golden Age)",Character,,"All-Star Comics #8
""Introducing Wonder Woman""",Dec-41,N,William Moulton Marston,writer,Marston agreements (7/31/41; 1/15/46; 7/25/51),,Deceased Final agreement is with Estate.,,E226A05F-B0E6-F64A-ACA0-F9B5597DA33E
,Character,,,,,Harry G. Peter,"pencils, inks",Artist,,Deceased,,B36479D0-4195-4543-81D4-9A452A9939E2
,Character,,,,,Everett E. Hibbard,cover,None,,Deceased,,03B9B20C-3415-984C-8734-0747EFDA7137
"Steve Trevor
(Modern Age)",Character,,Wonder Woman #2,Mar-87,Y,Greg Potter,writer,WFH,,,,1087457A-B182-A54E-9AC7-80B4AFDC755E
,Character,,,,,George Perez,"plot, pencils, cover",Continuity,,,,BC93C28B-E70F-5244-AF9F-0240D41290EB
,Character,,,,,Bruce Patterson,inks,WFH,,,,193F32AD-6B4B-A744-8AA1-BC5F36F87461
,Character,,,,,Tatjana Wood,color,N/A,,,,AFFADD64-061A-844B-920E-5318C23B5421
Storm,Character,Necrus,Aquaman #35,Aug-67,N,Bob Haney,writer,Contributor Recognition,"Yes
2014",Deceased Contributor Recognition Agreement is with heirs. (DCBL #182646),,566070A2-FBB3-324C-870F-F2499A51E726
,Character,,,,,"Nicholas Viscardi
(Nick Cardy)","pencils, inks, cover",None,,Deceased,,87626AE7-DF96-BD45-83C2-E2D167372ECD
Strata,Character,,Invasion #2,1988,N,Keith Giffen,plot,WFH,,,,B90C19BF-ADCF-874C-B1B9-14E5DA7335DB
,Character,,,,,Bill Mantlo,dialogue,WFH,,Mantlo is living but brain damaged. His affairs are handled by his brother.,,FA26A9C4-F952-E04F-A905-E7DD5E73C685
,Character,,,,,Todd McFarlane,"pencils, inks",WFH,,,,CF4F348E-2BA8-C048-9EED-3DF592ADE1B2
,Character,,,,,Al Gordon,inks,WFH,,,,5DC43F6E-2741-0645-A1CD-C25C64F7DAB6
,Character,,,,,Josef Rubinstein,"inks, cover inks",WFH,,,,3CADAED4-452D-3E49-A5D0-11CF2D139B09
,Character,,,,,Philip Craig Russell,inks,WFH,,,,C3BF9994-9FF6-EF40-905B-E71CE967D813
,Character,,,,,Bart Sears,cover pencils,WFH,,,,BE5EF52A-723C-8749-886F-FF906EE1ECF0
,Character,,,,,Carl Gafford,color,N/A,,,,F830976C-0CD6-4940-BE6A-FFC531C36810
Street Demonz,Property,Gotham 407,Detective Comics #614,May-90,Y,Alan Grant,writer,WFH,,,,D6B17917-5E24-BB41-B962-D8EE140001E4
,Property,,,,,Norm Breyfogle,"pencils, cover",WFH,,Deceased,,F25153C4-3A84-394D-87AD-031336F1ACAF
,Property,,,,,Steve Mitchell,inks,WFH,,,,2B7F1F4A-D0F7-434C-9554-57A0354F1CCA
,Property,,,,,Adrienne Roy,color,Exclusive,,Deceased,,8454CBBB-89B1-0348-A283-95EA2E9BE64B
Strikeforce Kobra,Property,,"Outsiders #21
""Strike Force Kobra""",Jul-87,N,Mike Barr,writer,Writer,,,,922CBF53-BC0F-A14A-823F-AB051441876C
,Character,,,,,Jim Aparo,"pencils, inks, cover",Artist; WFH,,,,6FDCF775-84CB-F74E-80F7-9696DF3D4487
,Character,,,,,Adrienne Roy,color,N/A,,Deceased,,6CB93840-C34B-1F4D-8EB9-60D150B2495D
"Strix
(Mary Turner)",Character,Birds of Prey,Birds of Prey #9,Jul-12,Y,Duane Swierczynski,writer,WFH,,,,0A27E123-2EE2-F746-BA88-9CA272330910
,Character,,,,,Travel Foreman,pencils,WFH,,,,EEDA4E04-9BCD-8341-8BE9-EE5CE2FC2796
,Character,,,,,Jeffrey C. Huet,inks,WFH,,,,F83663A6-1BF1-9849-A5C6-765559649783
,Character,,,,,Jesus Saiz,cover,WFH,,,,E981FBD0-6ED5-7141-8A3D-E697CD55C462
,Character,,,,,Gabe Eltaeb,color,N/A,,,,1CBF8343-9945-D848-A756-61FA02C8F6DF
Stryker's Island Penitentiary,Location,Supergirl 416,"Superman #9
""To Laugh and Die in Metropolis""",Sep-87,N,John Byrne,"writer, pencils, cover",Continuity Writer; WFH,,,,BA207585-682F-8C4D-A497-EC79F90EFFC1
,Location,,,,,Karl Kesel,inks,WFH,,,,135218AF-8037-4942-8D96-6A90251C6648
,Location,,,,,Tom Ziuko,color,N/A,,,,6CD0E5CE-6D1C-4541-89FC-54ACBC825655
Sumo,Character,,"Batman vol 2 #1
""The Court of Owls, Part One: Knife Trick""",Nov-11,N,Scott Snyder,writer,Exclusive,,,,DCCF8CA4-1F37-3044-9AAA-E7477687D4AE
,Character,,,,,Greg Capullo,pencils,Exclusive,,,,72C130AB-CBBF-4647-88ED-F1FBF11354CA
,Character,,,,,Jonathan Glapion,inks,WFH,,,,92535FCC-15FE-BD44-8FD2-0266B08018E0
Sue Dearbon,Character,Flash 601,"The Flash #119
The Elongated Man's Undersea Trap",Mar-61,N,John Broome,writer,None,,Deceased,,3239F900-F539-894D-9377-9D44EB3CF4CC
,Character,,,,,Carmine Infantino,"pencils, cover pencils",Settlement,,Deceased,,4AF12D1D-F904-234B-A2E6-B6BB1696E682
,Character,,,,,Joe Giella,"inks, cover inks",None,,,,0E054F02-4BA3-A341-A2D0-1DB706D545FE
"Suicide Squad
(Silver Age)",Property,"Suicide Squad
(2016)",The Brave and the Bold #25,Aug-59,Y,Robert Kanigher,writer,N/A,,"Kanigher was an employee of DC from 2/3/47 - 5/31/82.
Deceased",,73305CF3-1119-C743-857B-797BDE9FCF41
,Property,,,,,Ross Andru,"pencils, cover pencils",None,,Deceased,,AF40035B-BF04-D94D-B82C-03EAA9B1C347
,Property,,,,,Mike Esposito,"inks, cover inks",None,,Deceased,,B7A209C1-DCD7-4541-8F84-40C7A9615A8A
"Suicide Squad
(Modern Age; Task Force X)",Property,"Suicide Squad
(2016)",Legends #3,Jan-87,Y,John Ostrander,plot,WFH,,,,FD0F1E5F-D38A-E84E-943E-2D86DA7905DE
,Property,,,,,Len Wein,writer,WFH,,Deceased,,98A7CDA6-F98C-5541-A285-9479A8CDD6B0
,Property,,,,,John Byrne,"pencils, cover",WFH,,,,87F44D96-BCB2-A348-9FE4-790F34AA67CE
,Property,,,,,Karl Kesel,inks,WFH,,,,FDA98CD3-9503-2B42-86DF-BF6CD4B62036
,Property,,,,,Thomas Ziuko,color,N/A,,,,3877E4A3-F788-D347-A8E5-5716C84304D9
Sunderland Corporation,Location,Arrow 607,"Swamp Thing #1
""What Peace There May Be In Silence""",May-82,N,Martin Pasko,writer,None,,,,3B7104A2-5BE7-634D-BBC2-E9953B224AEB
,Location,,,,,Thomas Yeates,"pencils, inks, cover",None,,,,BFCD0FB0-D74C-E04F-9F05-E472F66FB917
,Location,,,,,Tatjana Wood,color,Exclusive,,,,6C767FB3-CF40-7B4A-A5D6-BDC8468FE036
Sundollar,Location,Flash 511,Robin #75,Apr-00,N,Chuck Dixon,writer,WFH,,,,E99A8D5E-A9EF-3942-AC7E-350D42B2D2E4
,Property,,,,,Pete Woods,"pencils, cover pencils",WFH,,,,D6956B41-517B-2D47-9DA7-E0F36A8402FE
,Property,,,,,Jesse Delperdang,"inks, cover inks",WFH,,,,3643508C-C08E-2248-8DD9-0F4F75AEDC64
,Property,,,,,Noelle Giddings,color,N/A,,,,FD336E7B-63BA-D945-BC2B-46794F9AB555
,Property,,,,,Jamison,color,N/A,,,,4745ACF7-997C-F045-A496-B15FD9E8E31D
Sun-Eaters,Property,Supergirl 414,"Adventure Comics #305
""The Secret of the Mystery Legionnaire!""",Feb-63,N,"Jerome ""Jerry"" Siegel",writer,Settlement,,Deceased Settlement is with heirs.,,35955AFB-97A0-6B49-8D28-7364A0D4B5B0
,Property,,,,,John Forte,"pencils, inks",None,,Deceased,,C80593C5-F829-0544-AE6B-2198E5A7FCED
,Property,,,,,Curt Swan,cover pencils,None,,Deceased,,BDA4FED5-CF3C-9147-89A4-7A7A82654454
,Property,,,,,George Klein,cover inks,None,,Deceased,,75B82850-5D6D-EF46-8879-98411ECFE465
"Superboy
(Young Clark Kent)",Character,,"More Fun Comics #101
""The Origin of Superboy""",Jan-45,N,"Jerome ""Jerry"" Siegel",writer,Settlement,,Deceased Settlement is with heirs.,,FD591859-670F-8247-B8A9-59E3425FC42D
,Character,,,,,Joe Shuster,"pencils, inks",Settlement,,Deceased,,B1D8C17C-6F36-FB4C-87B6-73F5290E79AD
,Character,,,,,Maurice Del Bourgo,cover,None,,,,71580F56-E679-7547-B7CA-8D1962B992AC
"Superboy-Prime
(Earth-Prime Kal-El) ",Character,,DC Comics Presents #87,Nov-85,Y,Elliot Maggin,writer,None,,,,348DD817-C388-2D4F-87D7-64A7D5724102
,Character,,,,,Curt Swan,pencils,None,,,,6A6E650E-AF38-4548-AD6A-D0296A42B638
,Character,,,,,Al Williamson,inks,None,,,,85B7DF65-B192-614D-A6C4-F6682ACC0C52
,Character,,,,,Eduardo Barreto,cover,None,,,,C7787A69-4C65-114F-B625-9956EA8218CF
,Character,,,,,Gene D'Angelo,color,N/A,,,,AF43A60E-4445-9548-8519-2B9730AC1CF5
"Superboy
(Conner Kent; Kon-El)",Character,,"Adventures of Superman #500
""First Sighting: Superboy""",Jun-93,N,Karl Kesel,writer,Continuity; WFH,,,,B5B01FD1-DEE7-544E-ABD4-056968EC2196
,Character,,,,,Tom Grummett,"pencils, cover pencils",Continuity; WFH,,,,6F083BEA-5F6A-A346-8882-938647405BC3
,Character,,,,,Doug Hazlewood,"inks, cover inks",Continuity,,,,9BFF30ED-0F14-7A47-89FE-467B5CF30507
,Character,,,,,Glenn Whitmore,color,N/A,,,,614CF533-CA10-CB4C-A5F4-B2C8221CD904
"Superboy
(Jonathan ""Jon"" Lane Kent)",Character,,Superboy #19,Jun-13,N,Scott Lobdell,writer,WFH,,,,574328C7-69EA-C847-A7F6-042B19CA1529
,Character,,,,,Kenneth Rocafort,"pencils, inks, cover",Exclusive,,,,6663E7ED-A0C4-D248-A6A9-2B903872F5F6
,Character,,,,,Kevin Senft,color,N/A,,,,2C13C395-55DC-774A-BEF9-0794C75C8283
"Superboy
(Jonathan ""Jon"" Samuel Kent)",Character,,Convergence: Superman #2,Jul-15,N,Dan Jurgens,"writer, pencils",WFH,,,,10EFBEC6-1AF7-324F-B37F-772F239837A4
,Character,,,,,Norm Rapmund,inks,WFH,,,,9B070AC2-E516-8F4C-8325-85DAE602447A
,Character,,,,,Lee Weeks,cover,WFH,,,,58FDB039-242E-BE4E-9751-4F1F3074FB4D
,Character,,,,,Brad Anderson,color,WFH,,,,F5A964A3-E84D-364C-8B96-AE40D5E36BC5
Super Friends,Property,Flash 422,"Super Friends
""The Power Pirate""",Sep-73,,William Hanna & Joseph Barbera,producers,,,,,3A0724C2-6872-E64F-8750-0BB8D33421D7
Super-Girl,Character,,Superman #123,Aug-58,Y,Otto Binder,writer,None,,Deceased,,FF403182-97D5-6F4E-BFA7-E23CCCAFDE15
,Character,,,,,Dick Sprang,pencils,None,,Deceased,Dick Sprang’s beneficiary is Yavapai Symphony Association. We’ve been paying Yavapai Symphony Association since 2000 for Dick Sprang’s royalties,EF082D30-AC56-CB45-9FDA-3D4931219751
,Character,,,,,Curt Swan,cover pencils,None,,Deceased,,E7EF0A4B-8146-FB4D-8198-09BFDA48D20C
,Character,,,,,Stan Kaye,"inks, cover inks",None,,Deceased,,B8455C51-0B28-B44A-B8B6-EF3E9F0F96D1
"Supergirl
(Kara Zor-El)",Character,,"Action Comics #252
""The Supergirl From Krypton""",May-59,Y,Otto Binder,writer,None,,Deceased,,0C609829-D1DC-024B-937D-807B24F29A8D
,Character,,,,,Al Plastino,"pencils, inks",None,,Deceased,,22A3341A-2B99-474B-8BA9-F47B99A1A9C0
,Character,,,,,Curt Swan,cover pencils,None,,Deceased,,70A28698-926C-6244-ABFD-6E3D65753B5F
,Character,,,,,Stan Kaye,cover inks,None,,Deceased,,E7263030-1921-764E-9420-3235A98059F1
"Supergirl
(Matrix)",Character,,Superman #16,Apr-88,N,John Byrne,"writer, pencils, cover",WFH,,,,7FB4270B-23FD-D249-8F62-960CC16CE2EB
,Character,,,,,Karl Kesel,inks,WFH,,,,0C3FCE11-86A4-4E40-9287-BEC29EB98EFE
,Character,,,,,Thomas Ziuko,color,N/A,,,,93F1E548-6623-9042-8D81-DA4B13CBFFD2
"Supergirl
(Linda Danvers)",Character,,Supergirl #1,Sep-96,Y,Peter David,writer,WFH,,,,B2BF6CF0-1F47-6649-AA3F-AE03138ADB8C
,Character,,,,,Gary Frank,"pencils, cover pencils",WFH,,,,1FB62158-E444-ED48-A149-7C07379F6039
,Character,,,,,Cam Smith,"inks, cover inks",WFH,,,,D569DBD1-C7D0-D14E-A402-2CF2137608CC
,Character,,,,,Gene D'Angelo,color,N/A,,,,9A7BCB45-AC87-2940-92FD-411F630751C1
,Character,,,,,Digital Chameleon,color,N/A,,,,7DE57E19-71F0-E840-9F7B-398E4C8E3DE6
,Character,,,,,Patrick Martin,cover color,N/A,,,,2B733800-AC55-454E-982F-0145E42BA843
"Supergirl
(Cir-El)",Character,,Superman 10-Cent Adventure #1,Mar-03,N,Steven Seagle,writer,Continuity,,,,9D53427E-7E4D-9E41-B97A-D622A1D5F0B3
,Character,,,,,Scott McDaniel,"pencils, cover pencils",Continuity,,,,F53C1679-551B-C148-93F8-3A8C6B0498B0
,Character,,,,,Andy Owens,"inks, cover inks",WFH,,,,7D03D1D5-11D8-FF46-9930-DC79877D6600
,Character,,,,,Richard Horie,color,N/A,,,,D3252FE9-2600-7547-8E3E-9B045D21C6C6
,Character,,,,,Tanya Horie,color,N/A,,,,DC721F20-F050-414E-AAB1-704B885D2684
"Superman
(Clark Kent)",Character,,"Action Comics #1
""Superman, Champion of the Oppressed""",Jun-38,Y,"Jerome ""Jerry"" Siegel",writer,Settlement,2001,Deceased Settlement is with heirs.,,E8C91036-4370-8C42-BF5A-5BB29980EAF8
,Character,,,,,Joseph Shuster,"pencils, inks, cover",Settlement,Y,Deceased,,7B032BCC-EA03-354B-85ED-9F5851984A7A
Susan Williams Jordan,Character,Arrow 503,"Green Lantern #9
""Green Lantern's Brother Act""",Nov-61,N,John Broome,writer,None,,Deceased,,27FF989A-6106-2F44-B827-2755A9A44D74
,Character,,,,,Gil Kane,"pencils, cover pencils",None,,Deceased,,6D8269F9-DB0F-B74C-AE88-243B9C59C484
,Character,,,,,Joe Giella,inks,None,,,,A6419990-79A3-B94A-9344-2AB170E3A0C3
,Character,,,,,Murphy Anderson,cover inks,None,,Deceased,,F782F8A5-0EEB-B443-879F-515688D3719A
"Swamp Thing
(Alex Olsen)",Character,Dark Universe,"House of Secrets #92
""Swamp Thing""",Jun-71,Y,Len Wein,writer,Settlement,2002,Deceased,,49F02A64-60F3-8748-81D4-287DCE0223C1
,Character,,,,,Berni Wrightson,"pencils, inks, cover",Settlement,2002,Deceased,,D4B83D2F-4DF4-154B-BF81-C10CF1A9F7AE
"Swamp Thing
(Alec Holland)",Character,Dark Universe,Swamp Thing #1,Oct-72,Y,Len Wein,writer,Settlement,2002,"Alan Moore, Steven Bissette, and John Totleben also receive equity payments for Alec Holland although they did not work on this first appearance issue and do not receive creator credit.
Deceased",,889F42E3-2069-9940-ADFC-AD4A0054CACC
,Character,,,,,Berni Wrightson,"pencils, inks, cover",Settlement,2002,,,FF47B6FA-5509-2A4F-A281-FFFFD13523C7
"Swamp Thing
(Albert Höllerer)",Character,Dark Universe,Swamp Thing #47,Apr-86,Y,Alan Moore,writer,None,,,,FD9E2282-BF39-714E-9048-F92312442DAC
,Character,,,,,Stan Woch,pencils,None,,,,45777EA4-1862-304F-987C-15D3D69297FB
,Character,,,,,Ron Randall,inks,None,,,,C1407747-E5D2-1749-9935-253F3B318C4E
,Character,,,,,Steven Bissette,cover pencils,None,,,,798888B3-7858-5F41-8541-6F88A34F1583
,Character,,,,,John Totleben,cover inks,None,,,,231DC9B4-5A85-7B47-8AF9-29EED80D813C
,Character,,,,,Tatjana Wood,color,N/A,,,,E2425617-E0C7-E141-8D15-70C99A9F0C18
"Swamp Thing
(Allan Hallman)",Character,Dark Universe,Swamp Thing #102,Dec-90,Y,Doug Wheeler,writer,WFH,,,,A68D133B-B6A0-A846-A200-B4F6F2776EDE
,Character,,,,,Mike Hoffman,pencils,WFH,,,,785F3525-6164-5545-8FD4-09F40C26D11F
,Character,,,,,Peter Gross,inks,WFH,,,,DBFFD135-198F-764F-A254-5FADE3C730A1
,Character,,,,,Simon Bisley,cover,WFH,,,,F5C0ACA7-0FFF-474F-A064-43438F677143
,Character,,,,,Tatjana Wood,color,N/A,,,,463FA306-4692-E34E-AB50-86BEF5EA2D14
"Swamp Thing
(Aaron Hayley)",Character,Dark Universe,Swamp Thing: Roots,1998,Y,John J. Muth,"writer, pencils, inks, color, cover",Prestige,,,,81AB9138-CD88-CD41-8287-BCE21B95F47B
Sweet Tooth,Property,,Sweet Tooth #1,Nov-09,Y,Jeff Lemire,"writer, pencils, inks, cover",Sole Creator/All Rights; Writer-Artist,Y,,,576E63CD-82D6-C647-9D60-938E182B260C
,Property,,,,,Jose Villarrubia,color,N/A,,,,11B672A4-E580-3D4F-8DEF-8485CC691089
"Swift
(Shen Li-Min)",Character,,Stormwatch #28,Sep-95,Y,Jeff Mariotte,writer,None,,,,73111259-52C2-284B-9141-ACAA93759FF4
,Character,,,,,Ron Lim,"pencils, cover",None,,,,2F82B1A1-6FF8-9940-8677-DDBDB356B042
,Character,,,,,Robert Jones,inks,None,,,,3B3A785F-0C23-434B-9C34-2AE2B01C0663
,Character,,,,,Tony Kelly,color,N/A,,,,10FE2F42-A46E-3C4A-97C0-F5C69034BB60
Sword of Rao,Property,"Man of Steel
(2013)",Superman Annual #11,1985,N,Alan Moore,writer,None,,,,D7880D34-E5BF-0C46-9AED-23063D59855E
,Property,,,,,Dave Gibbons,"pencils, inks, cover",WFH,,,,056101DC-1765-5A4E-ADA8-6A41F8EAAA4A
,Property,,,,,Thomas Ziuko,color,N/A,,,,A13E428B-1456-B644-95B3-41330D9929C6
"Syonide
(Black Lightning villain)",Character,Black Lightning 101,Black Lightning #6,Jan-78,Y,Anthony Isabella,writer,Exclusive; Creator Recognition,2016,,,C3E4E87D-A834-DB4D-BAD7-35CA72357B96
,Character,,,,,Trevor Von Eeden,pencils,None,2016,,,9EE4E32B-8184-7744-8F37-4E509D2C9693
,Character,,,,,Vince Colletta,"inks, cover inks",Exclusive,,Deceased,,7C866E83-2A32-344F-BB14-F3D8B84CB771
,Character,,,,,Rich Buckler,cover pencils,None,,,,79F974AA-FBD1-3A4B-A08B-E2EB0010575C
,Character,,,,,Jerry Serpe,color,N/A,,,,612C228C-F2BB-364A-B759-05257FCE4225
"Syonide
(Strike Force Kobra; Outsiders villain)",Character,,Batman & The Outsiders #19,Mar-85,N,Mike W. Barr,writer,Writer Agreement,2006,Character equity agreement acknowledges pre-existing character,,8B2A0241-B814-CC40-9BC0-17697AF4240E
,Character,,,,,Jim Aparo,"pencils, inks, cover",Artist Agreement; Exclusive,,Deceased,,6251A03C-BE53-E849-BD2E-2382D3BACA85
,Character,,,,,Adrienne Roy,color,Exclusive,,Deceased,,9A542734-32B8-9A40-A458-B7991D9A6A2A
"Syonide
(Nikki; Outsiders villain)",Character,,Outisders #16,Mar-95,Y,Mike W. Barr,writer,Writer Agreement,,,,6F024897-9ABF-8E46-BF45-1EAB7BBF2CDB
,Character,,,,,Paul Pelletier,"pencils, cover pencils",Continuity Artist,,,,EB491BDD-ECEF-AE4F-95CB-2933EE0AF8E0
,Character,,,,,Robert Campanella,"inks, cover inks",Continuity Artist,,,,FCAF4C6B-C180-914B-BDC9-BA83F159F586
,Character,,,,,Gene D'Angelo,color,Exclusive,,,,78A03D8E-F092-5C45-B604-ADFE6ED734F0
Syraq,Location,Flash,Detective Comics #590,Sep-88,N,John Wagner,writer,Writer,,Writer agreement is in Warehouse - not in eDocs yet,,09048E31-6107-2441-BAAC-047CAC4C9EF2
,Location,,,,,Alan Grant,writer,WFH; Writer,,Writer agreement is in Warehouse - not in eDocs yet,,EE79B77D-B94E-DE46-9B5B-B8C847655E05
,Location,,,,,Norm Breyfogle,"pencils, inks, cover",WFH; Artist,,"Deceased
Artist agreement is in Warehouse - not in eDocs yet",,7DBD6F78-B1F6-594A-963C-73BF2DAAC7CC
,Location,,,,,Adrienne Roy,color,N/A,,,,820A791C-C5BF-B448-818D-73D812F76692
Takron-Galtos,Location,Supergirl 215,Adventure Comics #359,Aug-67,N,"James ""Jim"" Shooter","writer, layouts",None,,,,F7D55E42-956E-1341-9021-AC7810C054A0
,Location,,,,,Curt Swan,"pencils, cover pencils",None,,Deceased,,FA5D88C9-6A41-514C-97CA-39C1FED18B20
,Location,,,,,George Klein,"inks, cover inks",None,,Deceased,,D994C3A3-2BB6-8741-B469-E512DF5A331B
Talia al Ghul,Character,"The Dark Knight Rises
(2012)","Detective Comics #411
""Into the Den of the Death-Dealers""",May-71,N,Denny O'Neil,writer,Creator Recognition,2012,,,5368D8D6-BD0C-674C-9826-1DD4CE3883CF
,Character,,,,,Bob Brown,pencils,None,,,,B1C28A79-E951-CD47-9388-3F9C02154A98
,Character,,,,,Dick Giordano,inks,N/A,,"Giordano was an employee of DC at this time.
Deceased",,4F578597-3D75-DB4B-8571-08EC0761BE49
,Character,,,,,Neal Adams,cover,Creator Recognition,,,,8F3638F2-4937-2D47-ADA2-992955F7365B
Talon,Character,Gotham 301,Batman #2,Dec-11,N,Scott Snyder,writer,Exclusive; WFH,Y,All WFH Agreements for this issue are numbered incorrectly since they were signed prior to the decision to restart the numbering sequence. Therefore WFH agreements for Batman #715 correspond to Batman #2,,9D6BC9C8-A692-A94F-B709-FFDDD0FF298C
,Character,,,,,Greg Capullo,"pencils, cover",Exclusive; WFH,Y,,,5BC87E2E-9F75-694F-8426-23653DA3AD0D
,Character,,,,,Jonathan Glapion,inks,WFH,,,,2A055C11-1644-AF4D-B209-9D02D3B14922
,Character,,,,,Fco Plascencia,color,N/A,,,,EA6554AD-5AB6-8944-935A-8E087DA978A8
Tamaran,Location,Titans 111,New Teen Titans #3,Jan-81,N,Marv Wolfman,writer,Exclusive,1983,,,967F58BD-D93B-BD4F-B0AA-5E42A78C75BE
,Location,,,,,George Perez,"pencils, cover",Exclusive,1983,,,98E13847-A50A-9044-9B80-24343EDC7CCF
,Location,,,,,Frank Chiaramonte,inks,Exclusive,,Deceased,,0CEF4E16-8187-C14D-BFDE-E89DE0D8B04E
,Location,,,,,Adrienne Roy,color,Exclusive,,Deceased,,75BEA2D0-A89D-F14D-9888-2D54C36C19A7
"TAO
(Tactically Augmented Organism)",Character,"Point Blank
Sleeper",WildC.A.T.S.: Covert Action Teams #21,Jul-95,N,Alan Moore,writer,None,,See also: WildStorm Asset Purchase Agreement,,5879C93B-C037-954E-892B-D9123BBBFE1F
,Character,,,,,Travis Charest,pencils,None,,,,B0F4D518-A7E4-E24F-A940-9811C9A2E8B5
,Character,,,,,Troy Hubbs,"inks, cover inks",None,,,,861FDCB9-AB50-8140-AB60-0BDB7EE5EA53
,Character,,,,,Jim Lee,cover pencils,WildStorm Employment Agreement,,,,9922A594-2764-9947-A78A-BB1A85ADA485
,Character,,,,,Joe Chiodo,color,N/A,,,,5884440F-9FB4-4E4D-9755-1652C1B358ED
,Character,,,,,Martin Jimenez,color,N/A,,,,55C432BE-1FD2-6946-A22B-3B66DF8ACCB1
,Character,,,,,WildStorm FX,color,N/A,,,,6FA844D2-4257-CB4C-B612-8A2CDF734366
"Tar Pit
(Joseph Monteleone)",Character,"Flash 212
(2/2/2016)",Flash #174,Jul-01,Y,Geoff Johns,writer,Exclusive,Y,,,0520FAD8-AA1B-3D42-B352-340DD4BAA40F
,Character,,,,,Scott Kolins,pencils,WFH,Y,,,E595E585-660F-764F-9208-4FC8E406D21B
,Character,,,,,Doug Hazlewood,inks,WFH,,,,BB374081-24DA-4F48-8033-F45206112EEF
,Character,,,,,Brian J. Bolland,cover,WFH,,,,A32CC8BB-ECD6-EB4A-8447-80B11EF7B0FD
,Character,,,,,James Sinclair,color,N/A,,,,AA2AA986-1587-AE49-80F4-7A638016AE03
"Tarantula
(Jonathan Law)",Character,Lego Batman,"Star-Spangled Comics #1
""Ace-Deuce""",Oct-41,N,Mort Weisinger,writer,N/A,,"Weisinger was an employee of DC Comics at this time.
Deceased",,20371371-D944-1B4B-BA81-D73A96AC7813
,Character,,,,,Harold Sharp,"pencils, inks",None,,,,AD6F2BC4-434E-B14C-B07A-74C9C441686C
,Character,,,,,Harold Sherman,cover,None,,,,38C922EE-B81C-F244-AA69-4B4C7A1A8976
"Tarantula
(Catalina Flores)",Character,Lego Batman,Nightwing #71,Sep-02,N,Devin Grayson,writer,WFH,,,,651566F6-5AFC-8E46-9297-14433B6C294D
,Character,,,,,Rick Leonardi,pencils,WFH,,,,AE4B1151-220E-0C42-9376-8B5D679CD64E
,Character,,,,,Jesse Delperdang,inks,WFH,,,,90FAEAAC-E7BF-AE4D-B895-F69A4A40989E
,Character,,,,,Michael Golden,cover,WFH,,,,84317834-9AAD-3A40-8D25-6252D4EFC79B
,Character,,,,,Gregory Wright,color,N/A,,,,7A0CBE62-4120-4C4F-ADC0-E02764FF5A7B
"Tasmanian Devil
(Hugh Dawkins)",Character,"Powerless
(Global Guardians)",Super Friends #7,Aug-77,N,E. Nelson Bridwell,writer,N/A,,"Bridwell was an employee of DC at this time.
Deceased",,ADA8822F-9B34-9947-B37D-91D995F5EE7B
,Character,,,,,Ramona Fradon,"pencils, cover pencils",Exclusive; Creator Recognition,2016,,,2F1555C7-5A22-414A-8D0A-7234616C5490
,Character,,,,,Robert R. Smith,"inks, cover inks",None,,,,FE9EA3D0-83A3-EA48-AC4E-9AB60030691B
"The Tattooed Man
(Abel Tarrant)",Character,Legends 220,"Green Lantern #23
""Threat of the Tattooed Man!""",Sep-63,Y,Gardner F. Fox,writer,Creator Recognition,,Deceased Creator Recognition Agreement is with heirs.,,D668B369-DF21-DE41-B29F-7E4B165D4EFE
,Character,,,,,Gil Kane,"pencils, cover pencils",None,,Deceased,,EAE3C463-DF5F-674A-AEBA-6E55D80F1964
,Character,,,,,Frank Giacoia,inks,None,,Deceased,,17BCE004-5476-E84C-9B33-55A8E601CC1D
,Character,,,,,Joe Giella,inks,None,,,,EECE9473-CD0C-0B47-A867-6CEFE4228A56
,Character,,,,,Murphy Anderson,cover inks,None,,Deceased,,E346A629-ECA3-DC46-9709-4D05C151784F
"The Tattooed Man
(John Oakes)",Character,,Skin Graft: The Adventures of a Tattooed Man #1,Jul-93,Y,Jerry Prosser,writer,WFH,,,,9BE2F738-A225-9246-AE7F-2F05C469C722
,Character,,,,,Warren Pleece,"pencils, inks, color",WFH,,,,4DDF7CEF-007F-2B42-A519-D4A0F7E0FC93
,Character,,,,,Gavin Wilson,cover photographer,WFH,,,,F9089572-D6DD-794F-AC58-3513D03B1F0B
,Character,,,,,Mike Nota,cover model,None,,This information has been provided by the GCD. We do not have agreements with these individuals; we assume they were engaged by the photographer.,,9C1DC8E1-17A1-9242-97B5-CCCA3606FC5F
,Character,,,,,Jonathan Shaw,tattoo artist on cover model,None,,,,664CF968-B0FF-D84A-8AB2-B8756F7E4B7A
,Character,,,,,Richie Montgomery,tattoo artist on cover model,None,,,,FEC04AFE-C9A6-8644-97F8-DDE51C780FBD
"The Tattooed Man
(Mark Richards)",Character,Black Lightning 101,Green Lantern #9,Apr-06,N,Geoff Johns,writer,Exclusive; WFH,,,,845C7F1D-67E8-DA42-8158-AE925F41B7EF
,Character,,,,,Ethan Van Sciver,pencils,WFH,,,,6E8906B3-F4F3-024F-AE05-43017615DB82
,Character,,,,,Prentis Rollins,inks,WFH,,,,8D0F3C7B-783D-4540-980B-B1F8D450193C
,Character,,,,,Simone Bianchi,cover,WFH,,,,A7AF36F4-9B04-F54C-9EE9-F3EDEF5DE4D5
,Character,,,,,"William ""Moose"" Baumann",color,N/A,,,,0A7F406A-A696-2742-B91F-A65CAA98B99D
Tawny Young,Character,Flash 308,Green Lantern #176,May-84,N,Len Wein,writer,WFH,Y,Deceased,,658448D5-B0DF-164A-9AD2-EA94D516DA3C
,Character,,,,,Dave Gibbons,"pencils, cover",WFH,,,,B9F6AA9F-DA70-054D-AFA1-6AE98AE80EC7
,Character,,,,,Dick Giordano,inks,WFH,,"Giordano was an employee of DC at this time.
Deceased",,98130028-99AD-B74C-93C9-02A92DD1E93B
,Character,,,,,Anthony Tollin,color,Exclusive,,,,7A374077-9C67-0B4F-8C91-A6E1AB2E4335
Teekl the Were-Cat,Character,Dark Universe,The Demon #7,Mar-73,N,Jack Kirby,"creator, writer, pencils, cover pencils",1982 Agreement,,Deceased,,0D30AA28-D4F7-3F4C-B672-3B7178B617E3
,Character,,,,,Mike Royer,"inks, cover inks",None,,,,3DFAF402-E1AD-1D4E-A6B8-2AEFFF79D39E
"Teen Titans
(Aqualad, Kid Flash, Robin, Speedy, Wonder Girl)",Property,,The Brave and the Bold #54,Jun-64,Y,Bob Haney,writer,Contributor Recognition,,Deceased Contributor Recognition agreement is with heirs.,,FA80C114-0BC2-DC4A-9D50-FD6709D79AC0
,Property,,,,,Bruno Premiani,"pencils, cover",None,,,,79677A51-DD23-E042-9BA5-182A10C966EE
,Property,,,,,Sheldon Moldoff,inks,None,,,,D2FD9224-5192-2B43-8A19-748D470FE6CE
"New Teen Titans
(Robin, Kid Flash, Raven, Wonder Girl, Cyborg, Beast Boy, Starfire)",Property,,"DC Comics Presents #26
""Where Nightmares Begin""",Oct-80,N,Marv Wolfman,writer,Exclusive,Y,,,315F7D1C-F73F-CB48-8E0F-7EDF12A7A9FE
,Property,,,,,George Perez,pencils,None,Y,,,83BABD81-09A6-D14C-B1D1-9CB49912957C
,Property,,,,,Dick Giordano,inks,Exclusive,,"Giordano may have been an employee of DC at this time.
Deceased",,64ACC16B-ED58-6A46-9A86-346F2D4DB9E4
,Property,,,,,Jim Starlin,cover,None,,,,BED07A05-10F6-8548-AE89-1F40FDC5F82A
,Property,,,,,Adrienne Roy,color,N/A,,Deceased,,86A24190-F5CA-D249-9489-60DEAEEB2396
"Titans
(The Atom, Cody Driscoll, Isaiah Crockett, Audrey Spears, Toni Monetti)",Property,,Teen Titans #1,Oct-96,Y,Dan Jurgens,"writer, pencils, cover pencils",Continuity; WFH,,,,6A077A07-9A81-1E48-B958-B8726D11E733
,Property,,,,,George Perez,"inks, cover inks",WFH,,,,E872979A-3CF2-B448-BF62-8000997FA594
,Property,,,,,Gregory Wright,color,N/A,,,,C82B8BBB-CD1F-134A-AFC9-FB9617B4E638
,Property,,,,,Digital Chameleon,color,N/A,,,,42EA1559-40BC-184D-9356-592EFDFD57D6
"Teen Titans
(Beast Boy, Cyborg, Impulse, Robin, Starfire, Superboy, Wonder Girl)",Property,,Teen Titans #1,Sep-03,Y,Geoff Johns,writer,WFH,,,,F3B89305-2EE4-1F4F-B0B8-4EFEB0D18CEC
,Property,,,,,Mike McKone,"pencils, cover pencils, variant cover pencils",WFH,,,,F964C49A-6744-FF4F-8667-52ADFB953308
,Property,,,,,Marlo Alquiza,"inks, cover inks",WFH,,,,6BD21D88-D77A-9E46-9264-E160F78A8D90
,Property,,,,,Michael Turner,variant cover,WFH,,,,9667E01A-BA4F-A34B-B602-9BEDAFF2DF4A
,Property,,,,,Lary Stucker,variant cover inks,None,,,,03E20C60-3EDF-9E4D-9A78-2D52D1BFB6DA
,Property,,,,,Jeromy Cox,color,N/A,,,,4485F254-E689-D244-82D2-4B0C1287B0FF
Tefé Holland,Character,,Swamp Thing #90,Dec-89,N,Doug Wheeler,writer,WFH,,,,77192698-A40C-424F-B544-E4A8B22F60DC
,Character,,,,,Pat Broderick,pencils,WFH,,,,C10E985A-4335-5F48-ACFF-EAEEE25A0373
,Character,,,,,Alfredo Alcala,inks,WFH,,,,46F0ACB0-26EB-2145-8243-007159C34D39
,Character,,,,,John Totleben,cover,WFH,,,,E910095C-3D93-BB47-99DB-D98DB5A2A20C
,Character,,,,,Tatjana Wood,color,N/A,,,,C85835C8-EEC9-AE40-B616-4C2682E472A6
"Tempest
(Joshua Clay)",Character,,Showcase #94,Feb-89,Y,Paul Kupperberg,writer,None,Y,,,AA6A5203-C00B-774A-A8D3-EFAC4B7165E7
,Character,,,,,Joe Staton,"pencils, inks",Exclusive,Y,,,25C60FCD-FD8E-E44D-83EB-F34095F25A1A
,Character,,,,,Jim Aparo,cover,Exclusive,,,,7CF35FE5-8811-9A48-818A-64387ECACBFB
,Character,,,,,Elizabeth Berube,color,N/A,,,,932D9AA4-1755-AD48-AA55-9A870179839D
"Ten-Eyed Man
(Philip Reardon)",Character,Lego Batman,"Batman #226
""The Man With Ten Eyes""",Nov-70,Y,Frank Robbins,writer,None,,,,D2F83491-F6D7-CB4C-AE6B-74FD7BA97B76
,Character,,,,,"Irving ""Irv"" Novick",pencils,None,,"Novick was an employee of DC Comics from 5/9/67 - 12/28/84.
Deceased",,845D2E47-8C1E-CC4F-8E12-019E85F5FDE2
,Character,,,,,Dick Giordano,"inks, cover inks",N/A,,"Giordano may have been an employee of DC at this time.
Deceased",,FBE628B4-AD39-0E4F-9AA4-61AFCFCD692B
,Character,,,,,Neal Adams,cover pencils,Creator Recognition,,,,4F4F5FA5-5D9E-ED4C-A3F5-83AE5431BD2F
"Terrific Whatzit
(Merton McSnurtle; McSnurtle the Turtle)",Character,Flash 310,"Funny Stuff #1
""The Terrific Whatzit!""",Summer 1944,N,Sheldon Mayer,"writer, cover",None,,"The writer on this work is generally credited as “unknown.” However, the GCD suggests that Mayer may have been the writer, so we include him here to be conservative. Wayne Smith noted that Mayer bio piece in AWODC #5 confirms he was an editor from 1939-1948. Cleared for use in Super Pets film.",,7F178B00-0F9C-8546-9B11-157DA9D5913F
,Character,,,,,Martin Naydel,"pencils, inks",None,,,,152F0717-7A6F-2B45-A185-668E3FC2EA31
Tessa Crowne,Character,,Challengers of the Unknown #1,Aug-04,N,Howard Chaykin,"writer, pencils, inks, cover",WFH,,,,69EBF8FF-2067-2D43-82B8-3AFDB37731D9
,Character,,,,,Rian Hughes,art direction,WFH,,,,BE6F31C8-9BA0-B64E-8ACE-EB4662C681C3
,Character,,,,,Michelle Madsen,color,N/A,,,,4E74C3FE-AEE9-B44D-9698-1DC046BD393A
Tezumak,Character,,JLA vol 1 #66,Jul-02,N,Joe Kelly,writer,Exclusive,,,,593E15BE-331D-7843-B44C-FF6B8F8489CA
,Character,,,,,Doug Mahnke,pencils,WFH,,,,AC5F9398-A2F4-FF4B-B276-00DE6326F3B3
,Character,,,,,Tom Nguyen,inks,WFH,,,,121B74E3-D177-644C-836C-518C4922C8C7
Thanagar,Location,Krypton,Brave & The Bold #34,Feb-61,N,Gardner F. Fox,writer,Creator Recognition,,Deceased Creator recognition agreement with is with heirs.,,ED5FEC51-4474-604E-8350-2F13DA838B17
,Location,,,,,Joe Kubert,"pencils, inks, cover",None,,Deceased,,56BA231A-287F-FD4C-B149-B078903AFA8C
Tharok,Character,,Adventure Comics #352,Jan-67,Y,"James ""Jim"" Shooter",writer,None,,,,365F512B-59B9-0E47-92AE-83F14EEC2EFA
,Character,,,,,Curt Swan,"pencils, cover pencils",None,,Deceased,,5130F63B-A72B-3546-AC95-FF4E37027DC7
,Character,,,,,George Klein,"inks, cover inks",None,,Deceased,,7FFEE01F-58AB-5644-8191-0BC85CBD3C44
Theg Daggle,Character,,Legion of Super-Heroes #8,Jun-90,N,Tom Bierbaum,writer,WFH,,,,F560811B-C2CD-5A4C-9944-7BFDB39E04E6
,Character,,,,,Mary Bierbaum,writer,WFH,,,,AF33DAEA-DCF3-AF48-9500-18F89F554411
,Character,,,,,Keith Giffen,"writer, pencils, cover pencils",WFH,,,,948595FE-D8AB-B045-AAE1-078B2FA6B2B4
,Character,,,,,Chris Sprouse,pencils,WFH,,,,2D1632B3-0E56-4D43-8A92-6C2E3A47094E
,Character,,,,,Al Gordon,"writer, inks, cover inks",WFH,,,,610B874D-3C46-BC44-A730-89AA809ED627
,Character,,,,,Tom McCraw,color,N/A,,,,676B6052-9838-5346-B982-9A243CD84517
"Themyscira
(Paradise Island)",Location,,"as Paradise Island:
All-Star Comics #8
""Introducing Wonder Woman""",Dec-41,N,William Moulton Marston,writer,Marston agreements (7/31/41; 1/15/46; 7/25/51),,Deceased Final agreement is with Estate.,,FD749337-E12C-244A-95C7-ECC91611055A
,Location,,,,,Harry G. Peter,"pencils, inks",Artist,,Deceased,,08C83E1B-EEAE-9F4B-8133-41FA8BBF4CA7
,Location,,,,,Everett E. Hibbard,cover,None,,Deceased,,398F3894-37FD-184B-A8C8-3FAEC98842DC
,Location,,"as Themyscira:
Wonder Woman #1",Feb-87,N,Greg Potter,writer,WFH,,,,47CC4A86-2578-2746-A017-204505D3E352
,Location,,,,,George Perez,"plot, pencils, cover",Continuity,,,,88B430F8-E7D1-5D41-82D6-C119C4F0CE23
,Location,,,,,Bruce Patterson,inks,WFH,,,,4934A807-0261-5D4C-B9DF-15AE2819ABA1
,Location,,,,,Tatjana Wood,color,N/A,,,,D6B18F4F-122C-2040-BB38-9F4707227660
"The Thinker
(Clifford DeVoe)",Character,Flash 402,"All-Flash #12
""Tumble Inn to Trouble""",Fall 1943,N,Gardner F. Fox,writer,Creator Recognition,,Deceased Creator recognition agreement with heirs.,,6F4AF586-48EB-1E4A-9F5D-2BEB2AA7BE51
,Character,,,,,Everett E. Hibbard,"artist, cover",None,,Deceased,,3C0CE700-4BFA-A143-ABC3-9B972B037CAA
"The Thinker
(Cliff Carmichael)",Character,"Suicide Squad
(2016)","as Cliff Carmichael:
Firestorm #1",Mar-78,N,Gerry Conway,writer,Exclusive,1979,,,A9290E3A-CA3A-2A4A-B16B-F3A23DD64CEB
,Character,,,,,Al Milgrom,"pencils, cover",None,1980,,,90225748-442E-6849-BF47-21E3AB8EAA10
,Character,,,,,Klaus Janson,inks,None,,,,8755BF3C-9962-6C47-ADFE-32415797EC87
,Character,,,,,Josef Rubinstein,inks,None,,,,FBD1F2F5-CE37-1742-9EDC-7ECEC92591FA
,Character,,,,,Adrienne Roy,color,N/A,,Deceased,,2A648EEB-8B70-5E44-8D21-2C5D474352E4
,Character,,"as The Thinker:
Firestorm #98",Jun-90,N,John Ostrander,writer,WFH,,,,952961EC-9282-6E46-A2FF-65DBB4A97EA7
,Character,,,,,Tom Mandrake,"pencils, cover",WFH,,,,54B22683-71E8-5547-B22E-A942B72BFAE7
,Character,,,,,Carlos Garzon,inks,WFH,,,,05C94A7A-0D0A-0341-AFD5-B06EF48447BE
,Character,,,,,Nansi Hoolihan,color,N/A,,,,F8FB6D50-92AB-E543-BE8E-A52DDD0F21F8
"The Thinker
(Desmond Connor)",Character,"Suicide Squad
(2016)",Batman: Shadow of the Bat #67,Oct-97,N,Alan Grant,writer,Continuity,,,,EABF92B2-E574-9448-91D2-B662584B5942
,Character,,,,,Norm Breyfogle,pencils,WFH,,Deceased,,4C27E8CE-3110-A840-9913-B4D7E1D60F33
,Character,,,,,Stan Woch,inks,Continuity,,,,7545A072-F2FF-D543-86AC-83039559BA9D
,Character,,,,,Christopher Moeller,cover,WFH,,,,1EA5AA86-D317-434E-9DBB-2E7344F1D723
,Character,,,,,Pamela Rambo,color,N/A,,,,A542CEA8-851A-264D-969C-6F1A8B8FC47A
"The Thinker
(Artificial Intelligence)",Character,"Suicide Squad
(2016)",JSA #9,Apr-00,Y,David Goyer,writer,WFH,,,,60326DA2-C375-9B41-99A0-BE2BA15E73DD
,Character,,,,,Geoff Johns,writer,None,,,,4DE7EFB4-F490-9642-8336-B21DEE41AE3A
,Character,,,,,Stephen Sadowski,pencils,WFH,,,,5AAC7CB6-AC33-F74E-97C9-441C5B8D8E9D
,Character,,,,,"Michael Bair
(Michael Hernandez)",inks,WFH,,,,72D87A7D-A119-4A46-8494-D2EC3F4A7BB6
,Character,,,,,Alan Davis,cover pencils,None,,,,92C510AD-D128-6242-BE6C-9C814EBAD35E
,Character,,,,,Mark Farmer,cover inks,WFH,,,,B1A46106-558A-8044-80CC-4E072F17F2C5
,Character,,,,,John Kalisz,color,N/A,,,,6A195463-7277-1D42-B0BC-8D2B6FB16838
Thomas Wayne,Character,,"Detective Comics #33
""The Batman - How He Came To Be""",Nov-39,N,Bill Finger,writer,Contributor Recognition,Y,Deceased Contributor Recognition Agreement is with heir.,,C96094C5-D822-3645-A0B9-40724B1DE567
,Character,,,,,Bob Kane,"pencils, inks, cover",Services Agreements,Y,Deceased,,26AA8626-F2A7-4540-AB87-D2BBAC0B0629
"Thorn
(Rose Canton)",Character,,"Flash Comics #89
""Introducing the Thorn, the Flash's Newest Opponent""",Nov-47,Y,Robert Kanigher,writer,N/A,,"Kanigher was an employee of DC from 2/3/47 - 5/31/82.
Deceased",,D6E1B109-E197-BF4F-AF08-E312B254B9C6
,Character,,,,,Joe Kubert,"pencils, inks, cover",None,,Deceased,,D9B36FE7-D92E-1747-890B-913BFAA661DC
"Thorn
(Rhosyn ""Rose"" Forrest)",Character,,"Superman's Girl Friend, Lois Lane #105
""Night of the Thorn""",Oct-70,Y,Robert Kanigher,writer,N/A,,"Kanigher was an employee of DC from 2/3/47 - 5/31/82.
Deceased",,16580225-C4D1-1840-A956-FD19FFFA6812
,Character,,,,,Ross Andru,pencils,None,,Deceased,,EB733159-65C4-4440-88F7-85E05A8377B3
,Character,,,,,Mike Esposito,inks,None,,Deceased,,BCABB9A5-E9D9-DF41-A932-F3C7775CC56E
,Character,,,,,Murphy Anderson,cover,None,,Deceased,,A6D67F70-24C5-2244-A3F7-F1E9E88F4A6B
"Thunder
(Gan Williams)",Character,DC Nation Shorts,New Teen Titans #32,Jun-83,Y,Marv Wolfman,writer,Exclusive,1983,,,673A8172-BFC6-9D43-8BA7-02CF2879EF8B
,Character,,,,,George Perez,"pencils, cover",Exclusive,1983,,,57024956-076A-F941-9DED-46E7161AF677
,Character,,,,,Romeo Tanghal,inks,Exclusive,,,,E38B030A-4EF3-F54A-9289-C5982B7D2071
,Character,,,,,Adrienne Roy,color,Exclusive,,Deceased,,6F77D5A9-2AF3-BD42-8F1C-737B1CA2508B
"Thunder
(Anissa Pierce)",Character,DC Nation Shorts,Outsiders #1,Aug-03,Y,Judd Winick,writer,Exclusive,,,,8FFB06C8-D442-BC49-84BB-10C276380B59
,Character,,,,,Tom Raney,"pencils, cover pencils",WFH,,,,792DBB28-96EA-0646-A7C2-0430837AB7D9
,Character,,,,,Scott Hanna,"inks, cover inks",WFH,,,,B56C2679-0EE8-8D49-9CFE-C1E75F131812
,Character,,,,,Gina Going,color,N/A,,,,CBA296B5-B422-6342-87D7-95340EA80E20
"Thunder
(Alexei)",Character,DC Nation Shorts,Teen Titans Annual #1,Jul-12,Y,Tom DeFalco,writer,WFH,,,,ED963182-5EF5-D04C-ACB3-FFEF0BFD55A2
,Character,,,,,Scott Lobdell,writer,WFH,,,,B4CC4030-A9A0-1748-A945-6C7141E5B6D1
,Character,,,,,Brett Booth,"pencils, cover pencils",WFH,,,,0E15A3E7-94FF-AE41-9E12-8B5712A0E8BE
,Character,,,,,Norm Rapmund,inks,WFH,,,,F6A89065-DFF4-D242-AA12-21D910D8FAA3
,Character,,,,,Sal Regla,inks,WFH,,,,68BC4EC0-BEAB-E041-B1D4-923EC034C767
,Character,,,,,John Livesay,inks,WFH,,,,B334312E-D437-2B4C-B012-141142FA3CA8
,Character,,,,,Rob Hunter,cover inks,WFH,,,,2C5EE77F-EB8F-5A42-ADA6-035EC0A14E5A
,Character,,,,,Andrew Dalhouse,color,N/A,,,,4C95D7D0-B159-1F47-8ED2-A26BA16BFF57
Thunderbolt (the genie),Character,Stargirl 201,"Flash Comics #1
""The Kidnapping of Johnny Thunder""",Jan-40,N,John B. Wentworth,writer,Writer-Artist,,"Agreement is undated and untitled
Deceased",Cleared by Wayne Smith on 11/4/20 for character in Stargirl Season 2,D2C09B75-C7C3-7E41-9E8B-EEFEC7D2B980
,Character,,,,,Stan Aschmeier,"pencils, inks",None,,Deceased,,85E6CA15-3F4E-2448-8827-FBEE638302D2
,Character,,,,,Sheldon Moldoff,cover,Writer-Artist,,"Agreement is undated and untitled
Deceased",,31579044-C72D-3343-B467-165C29A1A97E
"Tiger Force
(Mike Tempest)",Character,,Secret Six #1,Apr-68,Y,E. Nelson Bridwell,writer,N/A,,"Bridwell was an employee of DC at this time.
Deceased",,F4B75B1C-0CD7-524B-B7CF-7955E936DD90
,Character,,,,,Frank Springer,"pencils, inks, cover",None,,Deceased,,869EC45B-6E83-4147-8D8C-E243337F0922
"Tigorr
(Taghurrhu; T'ghurrhu)",Character,Krypton,Green Lantern #141,Jun-81,Y,Marv Wolfman,writer,Exclusive,1982,,,B043E101-F21F-9C44-8774-E6EE9A7DDB30
,Character,,,,,Joe Staton,"pencils, inks",Exclusive,1982,,,63D0F1D5-F102-8A47-94BC-8308F658D94C
,Character,,,,,George Perez,cover,None,,,,1AD6F1C4-0A18-2D4C-815A-C1604E07AA98
,Character,,,,,Carl Gafford,color,N/A,,,,BE42E6E8-FD31-C743-937C-4FCAB20CFD84
Tigress,Character,Gotham 201,"Action Comics #1
""The Mystery of the Freight Train Robberies""",Jun-38,N,Fred Guardineer,"writer, pencils, inks",Contributor Recognition,2015,Deceased Contributor Recognition Agreement is with heir.,,466A435D-59B8-5849-96E8-D59102167F18
,Character,,,,,Joe Shuster,cover,Settlement,,Deceased,,A3DC040D-0BD5-914E-BD71-D17710A51AC4
"Tigress
(Paula Brooks; Huntress)",Character,,"Sensation Comics #68
""Wildcat -- Former Crime Fighter""",Aug-47,N,Mort Meskin,"pencils, inks",None,,Deceased,,2412A6E2-81E3-564D-8867-FF0EE667D132
,Character,,,,,Harry G. Peter,cover,Artist,,Deceased,,10DCD801-E5A2-8C4E-8B7D-68E5911362AC
"Tigress
(Artemis Crock)",Character,,"Infinity, Inc. #34",Jan-87,N,Roy Thomas,co-writer,Writer,,,,ED4C5D8E-AB3B-2C4F-A27E-6B9F74800A6F
,Character,,,,,"Dannette ""Dann"" Thomas",co-writer,None,,"We believe that Roy Thomas entered into a separate agreement with Dann Thomas for writing services, but we do not have a copy of it.",,6035948F-3EB3-954F-88D0-33DAE82BABA6
,Character,,,,,Todd McFarlane,"pencils, cover pencils",WFH,,,,396BFC5E-B722-C246-8E2D-F5DA3C7382BC
,Character,,,,,Tony DeZuniga,"inks, cover inks",WFH,,,,23511D5F-3DE6-FE49-B997-70317CDB462F
,Character,,,,,Liz Berube,color,N/A,,,,01BD5AF7-89A9-1B4F-AFA3-A477AA4C70EB
Timandra,Character,Wonder Woman (2017),Wonder Woman #22,Nov-88,N,George Perez,"writer, pencils, cover",Continuity; Exclusive,,,,CAFFE0BE-7AC0-2F40-822E-FA8D222B671A
,Character,,,,,Bob McLeod,inks,WFH,,,,5754276F-0630-2F45-9BAE-AE8DB4F3699B
,Character,,,,,Carl Gafford,color,N/A,,,,6AFBB86F-847E-3B4C-9667-FE0515ED8D78
"Timber Wolf
(Lone Wolf; Brin Londo)",Character,,"Adventure Comics #327
""The Lone Wolf Legionnaire""",Dec-64,Y,Edmond Hamilton,writer,None,,Deceased,,9FFC0E23-33C0-8A48-9270-9A0218CA1C56
,Character,,,,,John Forte,"pencils, inks",None,,Deceased,,D7A7CB90-D21E-6442-A0F1-D945AA8F0D7F
,Character,,,,,Curt Swan,cover pencils,None,,Deceased,,B52D2D5F-F78A-BF49-BC91-08587CA4914C
,Character,,,,,George Klein,cover inks,None,,Deceased,,4CEED6A2-A103-4045-8FB0-8610FD8FEE3C
Timothy Munroe,Character,"Birds of Prey 
(2020)",Gotham Central #32,Aug-05,N,Greg Rucka,writer,WFH,,,,7D8EFB03-44EE-BB4F-A4FF-D386CE81BE7D
,Character,,,,,Steve Lieber,"pencils, inks",WFH,,,,ABBED83F-CDD2-A04B-B74E-B6EB5BDACABF
,Character,,,,,Christopher Brunner,cover pencils,WFH,,,,56A49575-6C0A-564B-8344-ACFAA934C56E
,Character,,,,,Mark Irwin,cover inks,WFH,,,,2876649F-B7B1-5847-9DF8-1CC4FE90B871
,Character,,,,,Lee Loughridge,color,N/A,,,,CFFFD408-5C27-D84A-81A8-59EA3D2CFB49
Tin,Character,,Showcase #37,Mar-62,Y,Robert Kanigher,writer,N/A,,"Kanigher was an employee of DC from 2/3/47 through 5/31/82.
Deceased",,077BBF53-22F6-3A46-8F2B-D4E8294F3BAF
,Character,,,,,Ross Andru,"pencils, cover pencils",None,,Deceased,,28D8335B-4751-C549-B038-6B31E77774BB
,Character,,,,,Mike Esposito,"inks, cover inks",None,,Deceased,,0E8EC24A-4100-C44C-AA3E-2F37ED855774
Tinder-Smith Garden Arena,Location,Supergirl 308,Green Arrow #36,May-04,N,Judd Winick,writer,WFH,,,,E7D925FA-15EA-E14C-90E2-F54D4088E7FC
,Location,,,,,Phil Hester,pencils,WFH,,,,5E14C56B-10A4-964A-98FA-396DE4F5C084
,Location,,,,,Ande Parks,inks,WFH,,,,BA5FCBC0-A275-0E48-AD6F-B37004743DE8
,Location,,,,,Marcos Martin,cover pencils,WFH,,,,258C5B7E-3240-884A-B703-BC05245EED89
,Location,,,,,Alvaro Lopez,cover inks,WFH,,,,C23CC30B-BE20-ED48-AA5B-8A05289C0655
,Location,,,,,Guy Major,color,N/A,,,,F6307714-9C9B-984A-96D3-A5BDA2CACB72
Tobias Whale,Character,,Black Lightning #1,Apr-77,Y,Anthony Isabella,writer,Exclusive; Creator Recognition,2016,,,428FD5B1-986C-A248-9417-E2A9F1D8F351
,Character,,,,,Trevor Von Eeden,pencils,None,2016,,,5DA563CC-4780-1745-8322-ECDA870AACB3
,Character,,,,,Frank Springer,"inks, cover inks",None,,,,A2988F11-ECA6-794E-8CD1-7834A2A42BFD
,Character,,,,,Rich Buckler,cover pencils,None,,,,1B3B758F-6D83-D746-BEB8-79A4B6916B40
,Character,,,,,Liz Berube,color,N/A,,,,59EE5825-A2CB-564D-A77C-2C5F6BA2D37F
"Tokamak
(Henry Hewitt)",Character,"Flash 204
(10/27/2015)",Fury of Firestorm #15,Aug-83,N,Gerry Conway,writer,Writer/Editor,,,,91177FCF-8BB6-4241-AE2A-B1430D92B406
,Character,,,,,Pat Broderick,"pencils, cover pencils",WFH,,,,5A94F6E2-B751-1542-886B-3EA945C50D34
,Character,,,,,"Rodolfo ""Rodin"" Rodriguez",inks,Artist,,,,475302A0-D028-7446-99D7-55963AC8281D
,Character,,,,,Dick Giordano,cover inks,WFH,,"Giordano may have been an employee of DC at this time.
Deceased",,C2EB27E4-B7FE-2E40-B980-EBD12F235389
,Character,,,,,Gene D'Angelo,color,N/A,,,,FF81EDCB-1E4A-0A44-B0D0-C45617EF3900
Tom Curry,Character,,"Adventure Comics #260
""How Aquaman Got His Powers""",May-59,N,Robert Bernstein,writer,None,,"The writer on this work is generally credited as “unknown.” However, several sources suggest that Bernstein may have been the writer, so we include him here to be conservative.
Deceased",,C8BDD763-4B64-FC43-968C-0C841850996F
,Character,,,,,Ramona Fradon,"pencils, inks",Creator Recognition,,,,CAD9B018-F748-764C-A068-8CE4094A5557
,Character,,,,,Curt Swan,cover pencils,None,,Deceased,,16415CE0-0ED6-4B46-B7F7-71975EBE8F84
,Character,,,,,Stan Kaye,cover inks,None,,Deceased,,287A9582-BB53-5847-9B2D-AFC73DB908C6
"Tom Kalmaku
(Pieface)",Character,"Green Lantern
(2011)","Green Lantern #2
""Riddle of the Frozen Ghost Town""",Sep-60,N,John Broome,writer,None,,Deceased,,77A4110A-55F5-B14F-9B07-8D5342712006
,Character,,,,,Gil Kane,"pencils, cover pencils",None,,Deceased,,8E17F126-4920-344B-8A66-FA69C0F68A86
,Character,,,,,Joe Giella,inks,None,,,,0A427AED-E300-F844-8854-C388930DA28B
,Character,,,,,Murphy Anderson,cover inks,None,,Deceased,,439DDF8B-0EB7-634D-B227-987E802FEC88
Tomar-Re,Character,"Green Lantern
(2011)",Green Lantern #6,May-61,Y,John Broome,writer,None,,Deceased,,D0463720-3910-9044-B15C-CE1FB3F3DA85
,Character,,,,,Gil Kane,"pencils, cover",None,,Deceased,,8EBAF1FC-D908-4A43-927B-D39AEB1A0032
,Character,,,,,Joe Giella,inks,None,,,,E24A6F70-2D30-0E49-B5AA-2963FA050DC2
Tony Mantegna,Character,,"Action Comics Weekly #601
""Listening to the Mockingbird""",1988,N,Martin Pasko,writer,WFH,,,,BAB86884-C544-474B-8BAA-557C7DA9B218
,Character,,,,,Dan Spiegle,"pencils, inks",WFH,,,,4CAD91D5-1F0A-8440-B0F8-8D2BF640BFE4
,Character,,,,,Dave Gibbons,cover,WFH,,,,96489AE8-74CA-6B43-ABCF-F7F3F3D9D6D9
,Character,,,,,Carl Gafford,color,N/A,,,,21D7EA8B-E36D-214D-936F-1326F8F2CD3A
Tony Zucco,Character,Titans 107,"Detective Comics #38
""Robin the Boy Wonder""",Apr-40,N,Bill Finger,writer,Contributor Recognition,,Deceased Contributor Recognition Agreement is with heir.,,33314989-5D9C-504C-AF7C-95173C828FB9
,Character,,,,,Bob Kane,"pencils, cover pencils",Services Agreements,,Deceased,,A7EE98E9-483F-2348-881E-1DBA423C0434
,Character,,,,,Jerry Robinson,"inks, cover inks",Settlement,,Deceased,,1DF67DC1-DA30-904A-88E8-7000FE83CF1E
"The Top
(Roscoe Dillon)",Character,Flash 304,"Flash #122
""Beware the Atomic Grenade""",Aug-61,N,John Broome,writer,None,,Deceased,,86112B7F-A44F-854B-9434-D6D77BE03895
,Character,,,,,Carmine Infantino,"pencils, cover pencils",Settlement,2005,Deceased,,8CB5B5A6-138E-5148-9464-823EAF62778A
,Character,,,,,Joe Giella,inks,None,,,,C3AEA021-9B0B-674F-B5AB-42149422B388
,Character,,,,,Murphy Anderson,cover inks,None,,Deceased,,A527900D-0D42-7545-A57A-891F4258DC3B
Topo the Octopus,Character,Necrus,"Adventure Comics Vol 1 #229
""Aquaman's Undersea Partner""",Oct-56,N,None Listed,writer,NA,,,,6D123488-DEFF-2049-BDCC-7CC4FFD217CA
,Character,,,,,Ramona Fradon,"pencils, inks",Creator Recognition,"Yes
2016",(DCBL #225190),,1781DD6A-D07C-B04A-80A1-B5CF2D363219
Tormocks,Property,Supergirl 311,Guy Gardner: Warrior #0,Oct-94,N,"Stephen Scott ""Beau"" Smith",writer,WFH; Continuity,,,,01205F05-C0EA-9048-AD20-91465D18F430
,Property,,,,,Mitch Byrd,pencils,WFH; Continuity,,,,15D3A093-BF53-FA49-8B37-80FCD7C40825
,Property,,,,,Dan Davis,"inks, cover inks",WFH,,,,4AFA895E-056E-8144-B33B-E3F9E2FDF6A8
,Property,,,,,Stu Chaifetz,color,Exclusive,,,,3F9E359E-920F-0F4C-BAF6-79AE1AE42934
"Toymaker
(Cosmo Krank)",Character,Gotham 412,"The Batman Animated Series
""Cash For Toys""",Feb-06,,Stephen Melching,writer,,,,,40A366FB-2189-7E41-AE8C-05625B396336
"The Toyman
(Winslow Schott)",Character,"Suicide Squad
(2016)","Action Comics #64
""The Terrible Toyman""",Sep-43,Y,Don Cameron,writer,None,,"Ghost-writer for Jerry Siegel.
Deceased",,DC5191B0-B1B5-1943-9E8E-E79CE6AC14DC
,Character,,,,,Ed Dobrotka,"pencils, cover",None,,"Ghost-artist for Jerry Siegel.
Deceased",,F1B3DABB-F68C-F14F-91DB-CC6A59A7657B
,Character,,,,,George Roussos,inks,None,,Deceased,,7F6011AA-A96F-084D-B720-E85E4B2B21CD
"The Toyman
(Jack Nimball)",Character,Supergirl 314,"Action Comics #432
""Target of the Toymen""",Feb-74,Y,Cary Bates,writer,None,,,,0AA62004-12E1-0F40-9ED9-B458F28B1CFB
,Character,,,,,Curt Swan,pencils,None,,Deceased,,311B4B69-3E14-F54D-848B-C97EB6222522
,Character,,,,,Murphy Anderson,inks,None,,Deceased,,3A5E0A12-1A39-2A41-97BB-3B3A0E6E66FB
,Character,,,,,"Nicholas Viscardi
(Nick Cardy)",cover,None,,Deceased,,80B38C77-A83C-D449-A026-DA9F25BFD6D4
Traci 13,Character,Traci 13,Superman #189,Feb-03,N,Geoff Johns,writer,WFH,,,,F1245CE7-4E12-9546-B525-E8CB89D28972
,Character,,,,,Pascual Ferry,"pencils, inks",WFH,,,,24461CAD-A656-0142-82BB-9EBC33CEF602
,Character,,,,,Keith Champagne,inks,WFH,,,,833B6903-47E6-0F4F-9BA5-C341AF0068FC
,Character,,,,,John Van Fleet,cover,WFH,,,,4A5097B3-7A05-2A45-A38F-E05C655F2630
,Character,,,,,Tanya Horie,color,N/A,,,,98E6462C-D53E-E148-BC17-6B458EC7E7FC
,Character,,,,,Richard Horie,color,N/A,,,,AB8AEECF-7083-8C42-9DEE-BCD904A394D3
"Trajectory
(Eliza Harmon)",Character,Flash 216,"52 #17
""Last of the Czarnians""",Oct-06,N,Geoff Johns,writer,WFH,,,,E572A8C1-E85F-8340-92AC-B51C9188D60E
,Character,,,,,Grant Morrison,writer,WFH,,,,0DF3473A-FC03-4447-969C-17EF7B8BB28D
,Character,,,,,Greg Rucka,writer,WFH,,,,4AF5DA24-48E1-9848-8488-BD34966A7FE1
,Character,,,,,Mark Waid,writer,WFH,,,,62774D2A-A287-E84F-AF4E-B19533CB61C8
,Character,,,,,Chris Batista,pencils,WFH,,,,E1BE4A3D-C76B-D749-8B7A-C8553328A588
,Character,,,,,Ruy Jose,inks,WFH,,,,233F993E-CF3F-0941-885C-1CE48D1FD6FF
,Character,,,,,Jack Jadson,inks,WFH,,,,AE12CC53-2F99-BB4D-A97A-AB7EAF61281E
,Character,,,,,Jeffrey G. Jones,cover,WFH,,,,34E6952C-F03A-424D-9002-A6B42C07ED97
,Character,,,,,David Baron,color,Exclusive,,,,1EEE136D-A046-C94B-8376-3257385B3A51
Transmatter Cube,Property,Supergirl 209,Justice League of America #107,Sep-73,N,Len Wein,writer,None,,Deceased,,1A3C3C34-5084-9746-8957-41543FF4DDCB
,Property,,,,,Dick Dillin,pencils,None,,Deceased,,0A433BD4-8A55-9049-9B9D-25063D69DFD6
,Property,,,,,Dick Giordano,inks,None,,Deceased,,5B989117-1D11-CC4E-AB28-F04441D4CB46
,Property,,,,,Nick Cardy,cover,None,,Deceased,,2356C906-7307-F64B-A8E0-9F42493EAC71
,Property,,,,,Glynis Wein,color,N/A,,,,18107400-9D82-AA4A-80AA-759339355712
Transmetropolitan,Property,,Transmetropolitan #1,Sep-97,Y,Warren Ellis,writer,Joint Creator/First & Last Rights; Writer; Literary Option,Y,,,6CD22B23-99FC-6142-B270-6BB5DFC78945
,Property,,,,,Darick Robertson,pencils,Joint Creator/First & Last Rights; Artist; WFH,Y,,,DEAC8A2D-B7B0-5B46-A0A6-C7DA1465E2DA
,Property,,,,,Jerome Moore,inks,WFH,,,,5010DE96-BC4E-014F-8431-3694C6A2080B
,Property,,,,,Geofrey Darrow,cover,WFH,,,,80AF033F-5E48-D84F-A976-00E3C879F2A3
,Property,,,,,Nathan Eyring,color,N/A,,,,56B397EC-2D1C-5D46-A088-37D255B4B754
"The Trickster
(James Jesse)",Character,"Flash 117
(3/31/2015)","Flash #113
""Danger in the Air""",Jun-60,Y,John Broome,writer,None,,Deceased,,BA80F910-75DA-FE4C-A557-FCF83D02366F
,Character,,,,,Carmine Infantino,"pencils, cover pencils",Settlement,,Deceased,,E8F78422-EB65-CA44-8622-0BBC3D1BCE00
,Character,,,,,Joe Giella,"inks, cover inks",None,,,,E63F04FF-4DFF-8A4E-AE9F-092A583CCB0E
"The Trickster
(Axel Walker)",Character,"Flash 117
(3/31/2015)",Flash #183,Apr-02,Y,Geoff Johns,writer,WFH,,,,6E8C41BA-1B05-5640-B557-EF699DAA7D71
,Character,,,,,Scott Kolins,pencils,WFH,,,,2AB563DF-7C66-5F41-BF88-EF6A070354D9
,Character,,,,,Doug Hazlewood,inks,WFH,,,,C93953F4-D76F-4242-8968-848CAAE5431E
,Character,,,,,Brian J. Bolland,cover,None,,,,0C1A3ED9-001F-C744-B6F1-BF49C6901D08
,Character,,,,,James Sinclair,color,N/A,,,,696CF127-7F9A-A346-A2FF-7621F1A167E3
Trigate Bridge,Location,Gotham 422,"Gotham City Secret Files #1
(No Man's Land Map)",Apr-00,N,Eliot R. Brown,artist,WFH,,"Although Brown designed the map, the place names were provided to him by the editorial staff of the time. Brown's account is online at http://www.eliotrbrown.com/wp/gotham-city-map.html/",,F9609728-C638-2E44-90A6-96625CA74139
Trigon,Character,,New Teen Titans #4,Feb-81,N,Marv Wolfman,writer,Exclusive,Y,,,D599A34B-98D7-614E-92AF-226D69819088
,Character,,,,,George Perez,"pencils, cover",None,Y,,,33167B6C-B19B-6D40-AB76-D72F5CE2604D
,Character,,,,,Romeo Tanghal,inks,Exclusive,,,,915D5E9C-3FA1-4047-83D3-0C0C0F444BDE
,Character,,,,,Adrienne Roy,color,Exclusive,,Deceased,,5991FF45-42F2-1B43-AA2A-F8139C7F9FE2
Trigona,Character,"Wonder Woman
(2017)",Wonder Woman #0,Oct-94,N,William Messner-Loebs,writer,Continuity,,,,5B4A8A47-62E1-8845-A743-99CE2B73669C
,Character,,,,,"Mike Deodato, Jr.","pencils, inks",WFH,,,,168B8EE5-8873-AA40-9E8F-FFFD64E7AC63
,Character,,,,,Brian Bolland,cover,WFH,,,,B8473432-8107-5D4E-9D03-FA9D8078FF8A
,Character,,,,,Patricia Mulvihill,color,N/A,,,,0A4C66E7-BBF0-CC4F-B9AA-6EC006CD7417
Triple X-Ray,Character,"Point Blank
Sleeper",Sleeper #2,Apr-03,N,Ed Brubaker,writer,WFH,,,,8ED69044-6073-C64A-B075-C3815FA75D31
,Character,,,,,Sean Phillips,"pencils, inks, cover",WFH,,,,5BE92CE5-153B-424D-A543-8697B873CD64
,Character,,,,,Tony Avina,color,N/A,,,,E53A9D19-A14F-D74C-8B91-21B39A67BEB4
,Character,,,,,Randy Mayor,color,N/A,,,,91994848-0AD2-4240-A99B-523A6051DB00
"Triplicate Girl
(Luorno Durgo)",Character,,"Action Comics #276
""Supergirl's Three Super Girl-Friends""",May-61,N,"Jerome ""Jerry"" Siegel",writer,Settlement,,Deceased Settlement is with heirs.,,ECF9EC35-1C29-3A45-A407-11BFD6396A88
,Character,,,,,James (Jim) Mooney,"pencils, inks",None,,Deceased,,1E5B476A-1BFD-BE44-A071-8C28E5BAA564
,Character,,,,,Curt Swan,cover pencils,None,,Deceased,,4A64923F-3E1A-B846-9E04-9CEB90029969
,Character,,,,,Stan Kaye,cover inks,None,,Deceased,,75FD6FB2-56D5-B04D-9E4B-69C548D8A49D
Turbine,Character,"Point Blank
Sleeper",Sleeper #5,Jul-03,N,Ed Brubaker,writer,WFH,,,,EB6ED521-7DDC-E749-85FE-5F143E96C531
,Character,,,,,Sean Phillips,"pencils, inks, cover",WFH,,,,7F2F97FE-4637-9541-9765-F704D4B1A5A1
,Character,,,,,Tony Avina,color,N/A,,,,83A82A01-AD1D-7346-B694-6AB2016B095C
The Turtle,Character,"Flash 210
(1/19/2016)","All-Flash #21
""The Fastest Man Alive vs. The Slowest Man Alive""",Dec-45,Y,Gardner F. Fox,writer,Creator Recognition,,Deceased Creator recognition agreement with is with heirs.,,9F3F3DF6-A27B-FC4C-AD86-9E1AADF5613C
,Character,,,,,Martin Naydel,"pencils, inks, cover",None,,,,66B19220-F679-3741-A13B-641C452AFE86
Turtle-Man,Character,,"Showcase #4
""Mystery of the Human Thunderbolt""",Sep-56,N,Robert Kanigher,writer,N/A,,"Kanigher was an employee of DC from 2/3/47 - 5/31/82.
Deceased",,118F1B1C-7F28-1445-9369-3B0BB4E1A85E
,Character,,,,,Carmine Infantino,"pencils, cover pencils",Settlement,,Deceased,,9B6343A4-EA28-C347-A952-01FCBB35C7E2
,Character,,,,,Joe Kubert,"inks, cover inks",None,,Deceased,,6B0C2BC0-329D-F74A-8108-CED2EC90E6EB
"Tweedledee
(Deever Tweed)",Character,Gotham 304,"Detective Comics #74
""Tweedledum and Tweedledee""",Apr-43,Y,Don Cameron,writer,None,,Deceased,,C565D5A0-2861-D64C-A62C-39467EECF1EC
,Character,,,,,Bob Kane,pencils,Services Agreements,,Deceased,,D6106DB0-0CD1-C44C-800E-766AC93CFDCB
,Character,,,,,Jerry Robinson,"inks, cover",Settlement,,Deceased,,EF017622-DBD2-6E4F-A718-3C4EDCA168A6
"Tweedledum
(Dumfrey Tweed)",Character,Gotham 304,"Detective Comics #74
""Tweedledum and Tweedledee""",Apr-43,Y,Don Cameron,writer,None,,Deceased,,5C087860-37FE-E348-900E-1294990D8DF9
,Character,,,,,Bob Kane,pencils,Services Agreements,,Deceased,,C428545B-FBFA-9A4A-B393-C70789775BE9
,Character,,,,,Jerry Robinson,"inks, cover",Settlement,,Deceased,,FFCB6C77-1A54-DE4F-9BB1-5D53525D3CB0
"Tweedledum
(Dumson Tweed)",Character,Gotham 304,Villains United #5,Nov-05,N,"Tamra L. James
(Gail Simone)",writer,WFH,,,,F9733A0E-FA8F-6F41-9E5E-E5D9FABD4DEA
,Character,,,,,Dale Eaglesham,pencils,WFH,,,,AC40F6B2-84E4-AF46-8A85-2D2BFBBA45B1
,Character,,,,,Wade Von Grawbadger,inks,WFH,,,,A3FBCCEC-B091-EF4D-923F-4D6AD2783136
,Character,,,,,Jeffrey G. Jones,cover,WFH,,,,E2CE024C-E879-FD4D-ADB9-CE497EE4A9EC
,Character,,,,,Sno Cone,color,N/A,,,,AEB93367-C143-5143-B68C-783DED6C1DAA
"Twister
(Theresa Zimmer)",Character,,New Teen Titans #26,Dec-86,Y,Marv Wolfman,writer,Employment,,,,B18BC97D-53A4-7F41-AC9A-FECB276A0376
,Character,,,,,Eduardo Barreto,"pencils, inks",WFH,,,,5DA84E13-7A86-4448-9780-56847379AC40
,Character,,,,,Kerry Gammill,pencils,None,,,,F9E2B759-E8C7-3048-BFB7-BE1C03A56CF7
,Character,,,,,Romeo Tanghal,inks,WFH,,,,6563F44C-7475-6B41-8559-3F1B556BFB12
,Character,,,,,Ed Hannigan,cover pencils,WFH,,,,ADDF5803-2E88-0649-A159-C60FC9EA26AF
,Character,,,,,Steve Lightle,cover inks,WFH,,,,45C270F3-03D0-1B43-9A9D-6D6F408F3685
,Character,,,,,Adrienne Roy,color,N/A,,Deceased,,7EB01E95-C46F-3440-A4D4-4F4C59A3EB85
"Two-Face
(Harvey Dent)",Character,Lego Batman,"Detective Comics #66
""The Crimes of Two-Face""",Aug-42,N,Bob Kane,pencils,Services Agreement,,Deceased,,D9C9BC89-F251-D44F-8665-36701FE49B93
,Character,,,,,Bill Finger,writer,Contributor Recognition,,Deceased Contributor Recognition Agreement is with heir.,,131D3735-EE47-1C4D-88DA-F4989BBD7408
,Character,,,,,Jerry Robinson,"inks, cover",Settlement,,Deceased,,B10BC3E6-69FB-064B-B192-CE52736E4436
Ultraman,Character,,Justice League of America vol 1 #29,Aug-64,N,Gardner Fox,writer,"Creator Recognition, Equity",Y,Based on Superman,,953F4739-899D-FD47-879D-F5062DD71042
,Character,,,,,Mike Sekowsky,pencils,None,,,,6BA181BE-DCF6-F54D-B5D7-DE2D414B5E2D
,Character,,,,,Bernard Sachs,inks,None,,,,7146D7CB-2582-2E41-BFC6-A00455E3C232
Undertaker,Character,"Point Blank
Sleeper",Sleeper #2,Apr-03,N,Ed Brubaker,writer,WFH,,,,B41AB6A9-8B15-1A43-8A6F-6E531677D054
,Character,,,,,Sean Phillips,"pencils, inks, cover",WFH,,,,63161625-8B36-8541-B81A-40576D9B86E3
,Character,,,,,Tony Avina,color,N/A,,,,724147D9-D4DF-454C-98A8-651508451C28
,Character,,,,,Randy Mayor,color,N/A,,,,53361182-3DC5-7247-93BE-2A44E9845EA1
Unity Kincaid,Character,,The Sandman #1,Jan-89,N,Neil Gaiman,writer,WFH,Y,,,18641C75-1384-4A49-8086-2B731F765EE6
,Character,,,,,Sam Kieth,pencils,WFH,,,,52D40529-5A51-B749-B37A-965FB6EE6785
,Character,,,,,Mike Dringenberg,inks,WFH,,,,D44BC4EE-0264-D74C-AF07-D8D7102B5E98
,Character,,,,,Dave McKean,cover,WFH,,,,49F7E576-A199-4F48-8C97-CF7835B7FA25
,Character,,,,,Robbie Busch,color,N/A,,,,95B8EF6A-8E62-844B-BDBF-D7D6A42879BB
Unknown Soldier,Character,,"Our Army At War vol 1 #168
""I Knew the Unknown Soldier""",Jun-66,Y,Robert Kanigher,writer,Employment,,Kanigher was an employee of DC from 2/3/47 through 5/31/82.,,34AB4DC5-C943-F744-B5BB-8F9CB5886A5F
,Character,,,,,Joe Kubert,"pencils, inks",None,,,,C4196A5F-448C-7941-86F8-02500DF4D6CD
"Unknown Soldier
(New Earth)",Character,,Star-Spangled War Stories vol 1 #151,Jul-70,Y,Joe Kubert,"writer, pencils, inks",None,,,,29F0809B-FC05-AC4B-A6F4-C1439FC3207B
Unfollow,Property,,Unfollow #1,Nov-15,Y,Rob Williams,writer,Joint Creator/Rolling Option; Writer,Y,,,133E7F60-B51B-B34C-9941-279121EA349E
,Property,,,,,Michael Dowling,"pencils, inks",Joint Creator/Rolling Option; Artist,Y,,,81A3512E-CD71-7D4A-9599-877D40A2D7FF
,Property,,,,,Andrew Robinson,cover,WFH,,,,4D84EF13-9B58-3949-B43F-4D3B6A0A70A5
,Property,,,,,Quinton Winter,color,WFH,,,,2A6FF44B-2A69-024D-B6D8-33A944235A60
The Un-Men,Property,Dark Universe,Swamp Thing #1,Oct-72,N,Len Wein,writer,Settlement,,Deceased,,F2B1AE60-1CE3-E84A-AD66-8BA0BFA6A461
,Property,,,,,Berni Wrightson,"pencils, inks, cover",Settlement,,Deceased,,BA63395B-2A10-744C-AC7C-25067FBAE9FB
"The Unwritten
f/k/a Faction",Property,,The Unwritten #1,Jul-09,Y,Mike Carey,writer,Joint Creator/All Rights; Writer,Y,,,AF06A38C-725C-7240-B1F4-457670409D06
,Property,,,,,Peter Gross,"pencils, inks",Joint Creator/All Rights; Artist,Y,,,E6A3B225-823F-BC4F-81BC-A48169E61CDA
,Property,,,,,Yuko Shimizu,cover,WFH,,,,0CCF1E94-8977-6F4A-A1B1-D8534FB3A3FE
,Property,,,,,Chris Chuckry,color,N/A,,,,E717DCBB-0AE0-534D-8439-3DD5C217AD40
Upside-Down Man,Character,,Justice League Dark vol 2 #1,Sep-18,N,James Tynion IV,writer,WFH,,,,DA8C5DB3-EC41-774D-B3F4-E23BB24D8DE4
,Character,,,,,Alvaro Martinez,pencils,WFH,,,,B3C45931-60D3-FC40-A187-54F29F22E462
,Character,,,,,Raul Fernandez,inks,WFH,,,,5550203D-761D-8F48-96E4-F3DD992D874F
,Character,,,,,Brad Anderson,color,WFH,,,,92EBC55B-C8CE-534E-92E9-751454CB36B6
Uri Kasokav,Character,"Point Blank
Sleeper",Sleeper #4,Jun-03,N,Ed Brubaker,writer,WFH,,,,8333A263-1C4E-784A-A000-EE9B992729F8
,Character,,,,,Sean Phillips,"pencils, inks, cover",WFH,,,,17E7BB47-395A-8544-BEA4-5586A39FA481
,Character,,,,,Tony Avina,color,N/A,,,,C6E6AA7A-1723-BE41-AD02-D917B8B3D810
Urrika,Location,Supergirl 309,Krypton Chronicles #1,Sep-81,N,E. Nelson Bridwell,writer,N/A,,"Bridwell was an employee of DC at this time.
Deceased",,056C5682-318E-DF4A-9D9D-F573C41E3F0C
,Location,,,,,Curt Swan,pencils,Exclusive,,Deceased,,5CC45892-4F84-0747-A306-835F4543CF71
,Location,,,,,Frank Chiaramonte,inks,Exclusive,,Deceased,,8F228085-8EBF-4C45-98CC-7E25ABC951BF
,Location,,,,,Rich Buckler,cover pencils,Exclusive,,,,20802697-81CE-1F4D-ADDC-17A4B4F16AB5
,Location,,,,,Dick Giordano,cover inks,Exclusive,,"Giordano may have been an employee of DC at this time.
Deceased",,652992AD-5607-1C41-A517-EC1C5618A182
,Location,,,,,Carl Gafford,color,N/A,,,,32745311-DC1C-C244-AF3C-F10B6747BCC8
"Valentina Vostok
(Negative Woman; White Queen)",Character,Legends 104,Showcase #94,Sep-77,Y,Paul Kupperberg,writer,None,Y,,,08D2E253-ECCF-E74F-B650-9D136B9D1B8F
,Character,,,,,Joe Staton,"pencils, inks",Exclusive,Y,,,0E802D0A-9AC3-3245-A5DD-0CC92F963A84
,Character,,,,,Liz Berube,color,N/A,,,,089A9940-79C3-3E4E-AE74-543750E6A7E3
,Character,,,,,Jim Aparo,cover,Exclusive,,Deceased,,76877127-4BCC-164E-9800-7EDBBB95601F
Validus,Character,,Adventure Comics #352,Jan-67,Y,"James ""Jim"" Shooter",writer,None,,,,3F2C1EDC-F3C7-F742-8133-DBAD3E75BDB4
,Character,,,,,Curt Swan,"pencils, cover pencils",None,,Deceased,,8426D033-A5C2-3B42-9411-25AC61609B0C
,Character,,,,,George Klein,"inks, cover inks",None,,Deceased,,26FC0A0D-4BAC-D34A-A8DA-5AFD6433C61C
Valley of Juru,Location,Supergirl 309,DC Comics Presents #97,Sep-86,N,Steve Gerber,writer,WFH,,,,89E3269F-6372-B340-B3C1-06C551EC350D
,Location,,,,,Rick Veitch,"pencils, cover pencils",WFH,,,,06037AF4-6846-4142-8B9F-8B879883A399
,Location,,,,,Bob Smith,"inks, cover inks",WFH,,,,BEEF58A1-51DE-1842-8EE3-B6EA864C2E50
,Location,,,,,Gene D'Angelo,color,N/A,,,,3A83A748-1950-284A-A017-27B6BF7FB7DB
Van Horn Industries,Location,Arrow 508,Deathstroke the Terminator Annual #2,1993,N,Len Wein,writer,WFH,,Deceased,,D13D98F3-D951-1C48-A81E-96606190CC75
,Location,,,,,Steve Erwin,"pencils, cover pencils",Artist; WFH,,,,C876336A-5E67-F343-AE77-7DFAA91FB440
,Location,,,,,Will Blyberg,"inks, cover inks",WFH,,,,ED6F0087-FF03-6F43-9808-7D1656CDC35C
,Location,,,,,Brian Garvey,inks,WFH,,,,72A0E2F1-2DAA-FE49-90B9-21209259312D
,Location,,,,,Jeff Brennan,inks,WFH,,,,8B894B6B-2645-DA4F-91D7-F99C9BBBD159
,Location,,,,,John Statema,inks,WFH,,,,06278CB2-A697-B34B-B018-EA405A8DAF2C
,Location,,,,,Dave Simons,inks,WFH,,,,97D72123-827A-A34E-B1EC-7BD7C038E0FB
,Location,,,,,Tom McCraw,color,Exclusive,,,,D5092549-F0F0-5749-871A-FEA66A3FB1AE
Van Kull Prison,Location,,The Power Company: Bork #1,Mar-02,N,Kurt Busiek,writer,Writer,,,,10F6591C-8CBE-2E4F-80B7-81D39B0E322A
,Location,,,,,Kieron Dwyer,"pencils, inks",WFH,,,,521C92AC-0BE6-BD48-9604-EEE9077AE7EB
,Location,,,,,Carla Feeny,color,WFH,,,,8C98D5ED-E929-054D-8A8E-DED5CB131281
"Vandal Savage
(Vandar Adg)",Character,Arrow 408,"Green Lantern Quarterly #10
""The Man Who Wanted The World""",Dec-43,Y,Alfred Bester,writer,None,,Deceased,,FDDF60E4-55AE-A846-9F75-C8265C38F56B
,Character,,,,,Martin Nodell,"pencils, inks",Settlement,,Deceased,,55B71970-7572-3344-976F-42A394F73CC2
,Character,,,,,Irwin Hasen,cover,None,,,,343310A2-84AB-104F-8AFC-EFDC0D7FE0DE
Vandermeer Steel,Location,Flash 420,Firestorm: The Nuclear Man #86,Jun-89,N,John Ostrander,writer,None,,We have located  WFH agreements for Ostrander's run on Firestorm including #85 & #88. We also have a continuity agreement for issues #88-99.,,C7D011C4-A538-7749-A16B-98BC6882FB10
,Location,,,,,Tom Mandrake,"pencils, inks, cover",WFH,,,,23F83F8D-A897-F24B-9C3E-25A11C99F8DE
,Location,,,,,Nansi Hoolahan,color,N/A,,,,AEC08F20-3BA6-2E43-82FF-19EBD6209C1A
Vanderveer Wayne,Character,,"Batman #148
""The Boy Who Was Robin""",Jun-62,N,Bill Finger,writer,Contributor Recognition,,Deceased Contributor Recognition Agreement is with heir.,,771CA38C-FE22-9848-99DA-32EA112F9B46
,Character,,,,,Sheldon Moldoff,"pencils, cover",None,,"Deceased
Per the library and Wayne Smith (Corp. Legal), please check to see if Bob Kane should also be included in credits.",,A581B0EF-D37B-304E-8490-F9291E07B9E6
,Character,,,,,Stan Starkman,inks,None,,Deceased,,57EA81C9-F613-1342-9A2A-03931B531C3E
Vanessa van Helsing,Character,Night Force,"New Teen Titans #21
""Night Force""",Jul-82,N,Marv Wolfman,writer,Writer,,,,E6A23F48-24D6-0943-A177-1BCDFCC536E8
,Character,,,,,Eugene Colan,"pencils, cover pencils",Exclusive,,Deceased,,15E073F4-D853-3549-A4DF-EC76F93443AA
,Character,,,,,Robert L. Smith,"inks, cover inks",None,,,,04B83A8F-8715-A84F-9F43-EAF27C17B743
,Character,,,,,Michele Wolfman,color,N/A,,,,76151968-E4C8-E64F-B49F-1EBE6A1A96BA
Vanishing Point,Location,Legends 114,Adventures of Superman #476,Mar-91,N,Dan Jurgens,"writer, pencils, cover pencils",WFH,,,,CD65C494-1190-E545-A41E-C24007B3701B
,Location,,,,,Brett Breeding,inks,WFH,,,,0763025D-2215-4442-8203-FCE3F09CF239
,Location,,,,,Art Thibert,cover inks,WFH,,,,593D5FD7-A4D4-E54E-A166-50CEE808C6FD
,Location,,,,,Glenn Whitmore,color,N/A,,,,9122ACAC-9E95-5245-B920-4BBEF1D712A8
Vasily Kosov,Character,,Detective Comics #742,Mar-00,N,Greg Rucka,writer,WFH,,,,8FEDC853-8465-A441-8B8E-4ED852E0E39A
,Character,,,,,Shawn Martinbrough,pencils,WFH,,,,31E3EFD6-2F1D-E147-BD18-744E8BCEBC84
,Character,,,,,Steve Mitchell,inks,WFH,,,,9B745325-E131-BA4C-A71D-E076F317B186
Velocity 9,Property,"Flash 208
(12/1/2015)","Flash #12
""Velocity 9""",May-88,N,Mike Baron,writer,WFH,,,,83965D9E-85FA-C045-A4E7-A44B075523E3
,Property,,,,,Michael T. Collins,"pencils, cover pencils",WFH,,,,25139D8C-5C8E-9E4E-B9AA-DFB90F684A59
,Property,,,,,Larry Mahlstedt,"inks, cover inks",WFH,,,,4A38F113-0C4C-784E-9553-B756F2C38F2C
,Property,,,,,Michele Wolfman,color,Exclusive,,,,DBFD43B9-0D80-D44A-8646-857EC51F83F6
Venelia,Character,"Wonder Woman
(2017)",Wonder Woman #91,Nov-94,N,William Messner-Loebs,writer,Continuity,,,,8927445D-C7EA-544D-B337-CDC4C16ECC98
,Character,,,,,"Mike Deodato, Jr.","pencils, inks",WFH,,,,CFB249A9-CAD2-654D-BB77-B127975540DD
,Character,,,,,Brian Bolland,cover,WFH,,,,0BF2CB6A-CC2F-2E48-BF85-F9910FC2F1F8
,Character,,,,,Patricia Mulvihill,color,N/A,,,,E4873142-B642-5C45-BC26-08617DC694AB
"Ventriloquist
(Shauna Belzer)",Character,,Batgirl vol 4 #20,Jul-13,Y,Gail Simone,writer,WFH,,,,37CAC714-9EB2-F547-9367-2A5D9E02225C
,Character,,,,,Daniel Sampere,pencils,WFH,,,,0661CAF9-5BF6-2E47-B3FF-70B4E02C591C
,Character,,,,,Carlos Rodriguez,pencils,WFH,,,,80EDE2B3-A435-0945-9F47-A3CB5B7E58DE
,Character,,,,,Jonathan Glapion,inks,WFH,,,,20A6176E-7F85-9C4A-8440-ADFF49EBA983
,Character,,,,,Vincent Cifuentes,inks,WFH,,,,421BE55D-3F47-A741-BFF7-A0E89F452051
"The Ventriloquist
(Arnold Wesker; Scarface)",Character,Lego Batman,Detective Comics #583,Feb-88,N,John Wagner,writer,Writer,Y,,,DD2F4615-5C2C-D344-BE24-D7A9A8129B6A
,Character,,,,,Alan Grant,writer,Writer,Y,,,D45E7545-77C6-FF47-ACAA-C60A734D246D
,Character,,,,,Norm Breyfogle,pencils,WFH,1993,Deceased,,BADD8A9A-5730-B949-9C69-8F8D40059710
,Character,,,,,Kim DeMulder,inks,WFH,,,,4F73F468-E77B-5246-87D4-90C8907D836E
,Character,,,,,Mike Mignola,cover,None,,,,7FF6386F-F2AA-BE43-B789-4B3FA119E0F1
,Character,,,,,Adrienne Roy,color,N/A,,Deceased,,361C9D7F-2046-CE44-BA23-EDA02F734BF9
Veronica Dale,Character,Flash 415,Green Arrow #97,Jun-95,N,Chuck Dixon,writer,Continuity Writer,2014,,,C7E32E37-DAF8-8D4A-88A2-E914A428AA41
,Character,,,,,Rodolfo Damaggio,"pencils, cover pencils",WFH,,Character equity agreement sent in 2014; never signed.,,DFBE16BA-3F82-E94D-94B4-4F25187E01B7
,Character,,,,,Gerry Fernandez,inks,WFH,,,,5809AE14-9E90-984D-908E-A67D6E477B22
,Character,,,,,Frank McLaughlin,inks,WFH,,Deceased,,F6F5AC13-11E3-EC4D-AEAA-A405727B3427
,Character,,,,,Rob Leigh,inks,WFH,,,,D0D884A5-572C-C24C-9051-5A95F1464C93
,Character,,,,,Klaus Janson,cover inks,WFH,,,,6261791D-CA5D-434A-B944-71EDCA4DC6BA
,Character,,,,,Lee Loughridge,color,N/A,,,,F82D4E5D-389D-CC46-AB10-188AA015E5E7
Veronica St. James,Character,"Point Blank
Sleeper",Sleeper #6,Aug-03,N,Ed Brubaker,writer,WFH,,,,F55D116B-CAE4-674B-AD2B-7A8792B1A9DD
,Character,,,,,Sean Phillips,"pencils, inks, cover",WFH,,,,86D4FFC2-661E-DB4C-BB38-1DFCF58E8A43
,Character,,,,,Tony Avina,color,N/A,,,,769DA2E4-59AA-AB41-AA89-276D20BEC944
Vesper Fairchild,Character,,Batman #540,Mar-97,N,Doug Moench,writer,,,,,9D556889-BCAF-7C49-BF0D-AB09B6EEAC7D
,Character,,,,,Kelley Jones,pencils,,,,,50F3D8D3-82A3-F145-B17A-A17251A25BC3
,Character,,,,,John Beatty,inks,,,,,24DBFEF7-8B70-1847-89D6-2C14756595DA
,Character,,,,,Gregory Wright,color,,,,,77965AB7-FE9A-964B-ABB9-64D8103FD0AC
"Vibe
(Paco Ramone)",Character,,Justice League of America Annual #2,Oct-84,Y,Gerry Conway,writer,WFH,2013,,,8E9DC7B5-A3D6-A74E-ADD6-03EBB6D390B8
,Character,,,,,Chuck Patton,"pencils, cover pencils",WFH,2013,,,6D206547-78BF-AC4A-AE34-D6ABC660016B
,Character,,,,,Dave Hunt,inks,WFH,,,,320D268A-8838-5046-991D-3F9ABF39BEBF
,Character,,,,,Dick Giordano,cover inks,None,,"Giordano may have been an employee of DC at this time.
Deceased",,8E0C1EB9-130C-FC4F-A5F0-932FCEEB22F3
,Character,,,,,Carl Gafford,color,N/A,,,,614EFE44-482E-9641-91C8-778530F28254
"Vibe
(Francisco ""Cisco"" Ramon)",Character,,The New 52: FCBD Special Edition,Jun-12,N,Geoff Johns,writer,WFH; Exclusive,,,,86846F4A-B1CE-D94C-9A7F-21F14F56B1B5
,Character,,,,,Kenneth Rocafort,"pencils, inks",WFH,,,,2A048224-7A58-8540-AE72-A6D30A4C587D
,Character,,,,,Gene Ha,"pencils, inks",WFH,,,,B674C800-2F82-2944-92E0-146B5BC9E70C
,Character,,,,,Jim Lee,"pencils, cover pencils",Firewall Agreement,,,,D158AC9D-516E-C842-926F-EB26345C7AE0
,Character,,,,,Ivan Reis,pencils,WFH,,,,BECDC713-7E37-EE41-A27D-AC8D47B64599
,Character,,,,,Scott Williams,"inks, cover inks",WFH,,,,4341EF4D-D445-E745-AEF9-71DE7C8BF99F
,Character,,,,,Kevin Senft,digital inks,WFH,,,,9AFDE2C9-9B78-B34A-AF73-EFE6384D0254
,Character,,,,,Joe Prado,finishes over layouts,WFH,,,,9D3D4BDD-B768-BB4F-9221-A0B66BD41F4C
,Character,,,,,Rod Reis,color,N/A,,,,E3132086-71A0-674E-A18D-A6A8AC0839DA
,Character,,,,,Art Lyon,color,N/A,,,,488BD85F-2A7A-1D4B-BF28-B069B3ADF402
,Character,,,,,Alex Sinclair,color,Exclusive,,,,4BF4D5A4-D8A0-8B4F-834D-E47B50F8A827
Vic Sommers,Character,,"Action Comics Weekly #601
""Listening to the Mockingbird""",1988,N,Martin Pasko,writer,WFH,,,,897C4C38-4720-1E43-BB8B-464475CFACF3
,Character,,,,,Dan Spiegle,"pencils, inks",WFH,,,,D9B294C5-A072-FC46-8202-80854EE3FA43
,Character,,,,,Dave Gibbons,cover,WFH,,,,2233F8D3-A1D7-E745-8010-BE3E48416782
,Character,,,,,Carl Gafford,color,N/A,,,,85F45945-BECB-9547-8986-00A5876F012A
Vicki Vale,Character,Gotham 301,"Batman #49
""The Scoop of the Century""",Oct-48,N,Bill Finger,writer,Contributor Recognition,,Deceased Contributor Recognition Agreement is with heir.,,F1982B19-E6E8-3540-A0E2-FB5CF5A9F0B3
,Character,,,,,Lew Sayre Schwartz,pencils,None,,"Deceased
Schwartz's 2010 equity agreement for Deadshot acknowledges that all his services on Batman were WFH, regardless of whether he was employed by DC or Bob Kane.",,8BE642FF-9983-D94F-A65E-9850120EC274
,Character,,,,,Bob Kane,"pencils, cover pencils",Services Agreements,,Deceased,,6B24DDFA-5FCF-1040-AB46-F0B581C1A883
,Character,,,,,Charles Paris,"inks, cover inks",None,,Deceased,,A0E45C91-7485-AA40-A556-E3754F39617D
"Victor Zsasz
(Mr. Zsasz)",Character,Lego Batman,Batman: Shadow of the Bat #1,Jun-92,N,Alan Grant,writer,WFH,Y,,,0263FBBF-8D6F-D747-BEC7-7ED626462DDD
,Character,,,,,Norm Breyfogle,"pencils, inks",WFH,2013,Deceased,,9C4EA570-237C-D04A-81FF-2C0CF22A8A58
,Character,,,,,"Brian Stelfreeze
(Jefferson Mitchell)",cover,WFH,,,,10EDB230-2950-B243-93E3-39E76DF7A7F9
,Character,,,,,Adrienne Roy,color,Exclusive,,Deceased,,D730C21D-00F8-7146-B81B-5C8C9AD39E12
"Vigilante
(Greg Sanders)",Character,,"Action Comics #42
""The Origin of the Vigilante""",Nov-41,N,Mort Weisinger,writer,N/A,,"Weisinger may have been an employee of DC at this time.
Deceased",,40918938-94AA-374B-928F-F71969034F83
,Character,,,,,Mort Meskin,"pencils, inks",None,,Deceased,,AFA9EFC6-341B-8B45-942D-82475E7D2127
,Character,,,,,Fred Ray,cover,None,,Deceased,,94E3B2C9-E9E4-DF49-9FB0-DFDA03A235C4
"Vigilante
(Adrian Chase)",Character,Arrow 503,"as Adrian Chase:
New Teen Titans #23",Sep-82,N,Marv Wolfman,writer,Writer Services,Y,,,A44FEF0D-E194-7147-AE7D-9DB0320FEDFB
,Character,,,,,George Perez,"pencils, cover pencils",Exclusive,Y,,,0D739B7B-C0CB-2C47-9812-670DEF43EF66
,Character,,,,,Romeo Tanghal,inks,Exclusive,,,,63DA9577-A6B1-2C47-BF10-C7BADFB74C51
,Character,,,,,Dick Giordano,cover inks,N/A,,"Giordano may have been an employee of DC at this time.
Deceased",,8BF18BB9-3F31-5F4D-B145-21ABF2B88457
,Character,,,,,Carl Gafford,color,N/A,,,,BB88A816-388A-7F44-B6F4-C4C3258B6F81
,Character,,"as Vigilante:
New Teen Titans Annual #2",Aug-83,Y,Marv Wolfman,writer,Writer Services; WFH,,,,02262666-38DE-8B45-9189-6D198C6CF787
,Character,,,,,George Perez,"plot, pencils, cover",Exclusive,,,,4F7E08B0-7F25-014B-AEF2-06A1AEF30DE9
,Character,,,,,Pablo Marcos,inks,Exclusive; WFH,,,,976413D1-A665-F040-8B95-30B4CBC5BA81
,Character,,,,,Adrienne Roy,color,Exclusive,,,,B5E63952-B9C1-2F4D-9DB0-1F3555BF70F9
"Vixen
(Mari Jiwe McCabe)",Character,Legends 201,"Cancelled Comic Cavalcade #2
""The Vixen is a Lady Fox!""
(Not released to the general public)",Fall 1978,N,Gerry Conway,writer,WFH,1985,,,1CE023F2-764A-D740-9B7C-7F26A7D24357
,Character,,,,,Carla Conway,writer,None,,,,5930C725-F84D-A74F-8FDC-BE59CF8F7148
,Character,,,,,Robert Oksner,pencils,WFH,1985,,,2A5A1DA0-B048-754C-ADF7-6A7F4360F61D
,Character,,,,,Vincent Colletta,inks,WFH,,,,93B2133E-69D6-DE49-9578-5DBADBF5477B
,Character,,,,,Alex Saviuk,cover,None,,,,782E82D4-1157-084E-AB72-0D3034A7D29B
,Character,,,,,Cornelia Adams,color,N/A,,,,8C8FA9EC-2CD8-204B-B608-0B995255D938
,Character,,"First public release:
Action Comics #521
""The Deadly Rampage of the Lady Fox""",Jul-81,Y,Gerry Conway,writer,Exclusive,1985,,,FABA0377-CDB5-9844-B99B-16DDD85AA917
,Character,,,,,Curt Swan,pencils,Exclusive,,,,3856300A-E861-B846-A02F-98417345CFCC
,Character,,,,,Frank Chiaramonte,inks,Exclusive,,,,030F3E57-B550-D249-B8E2-5E3CA418DD45
,Character,,,,,Ross Andru,cover pencils,None,,,,8AF31165-9FF0-6648-AB78-E4E22F6F61AE
,Character,,,,,Dick Giordano,cover inks,Exclusive,,,,1E04569D-DC5E-234C-8372-4069EDF2C6A8
,Character,,,,,Gene D'Angelo,color,N/A,,,,CAA43D9F-7C27-0348-B870-9C07D1F986F3
Void,Character,"Point Blank
Sleeper",WildC.A.T.S.: Covert Action Teams #1,Aug-92,Y,Jim Lee,"writer, pencils, cover pencils",WildStorm Employment Agreement,,See also: WildStorm Asset Purchase Agreement,,51C2B0FB-461D-8742-9BC0-54F6B82374B4
,Character,,,,,Brandon Choi,writer,WildStorm WFH Acknowledgement,,,,995BA615-C2F3-624C-B7A3-8B90D3005C23
,Character,,,,,Scott Williams,"inks, cover inks",WildStorm WFH Acknowledgement,,,,B09314FD-7578-F142-90A6-A014B5ADDB94
,Character,,,,,Joe Rosas,color,N/A,,,,CF04EC61-3C16-1842-8F50-8AAA82A5324D
"Voodoo
(Priscilla Kitaen)",Character,"Point Blank
Sleeper",WildC.A.T.S.: Covert Action Teams #1,Aug-92,Y,Jim Lee,"writer, pencils, cover pencils",WildStorm Employment Agreement,,See also: WildStorm Asset Purchase Agreement,,7157910E-F193-6645-A047-35AA7CEFD0CD
,Character,,,,,Brandon Choi,writer,WildStorm WFH Acknowledgement,,,,CD2A48BF-1934-3148-AD14-D0F381779CEE
,Character,,,,,Scott Williams,"inks, cover inks",WildStorm WFH Acknowledgement,,,,D8CADA59-9F04-724D-9B4A-17A4DA945AB6
,Character,,,,,Joe Rosas,color,N/A,,,,5E9BAE90-E7A0-824E-ACAB-AA5275BF7D6D
Voorl,Location,Krypton,Omega Men #7,Feb-16,N,Tom King,writer,WFH,,,,D8250A3B-B257-094A-8FC2-9CBD7D5BBD46
,Location,,,,,Barnaby Bagenda,pencils,WFH,,,,911AF392-671D-DC42-AB90-BD97B9D34BF9
,Location,,,,,Ig Guara,inks,WFH,,,,64964B7C-2537-1F47-8B43-71F1096B528A
,Location,,,,,Trevor Hutchinson,cover,WFH,,,,231B5976-167E-404F-862F-3AB7E145DBE8
,Location,,,,,"Romulo Fajardo, Jr",color,WFH,,,,BD4FD4E2-5013-D34A-B7AF-E6372A640E8B
"Vril Dox
(Brainiac-2)",Character,,Superman #167,Feb-64,N,Edmond Hamilton,writer,None,,Deceased,,3E7B8CC8-4968-3742-B97F-9EC37F4C38B3
,Character,,,,,Cary Bates,writer,None,,,,610B0D7F-D81C-0541-BF4C-0A58ECA26448
,Character,,,,,Curt Swan,"pencils, cover pencils",None,,Deceased,,06E86BD1-0523-1448-BFD4-7C943E294610
,Character,,,,,George Klein,"inks, cover inks",None,,Deceased,,95F2F5D1-0723-0445-8D84-88F86A48E5C1
"Vril Dox II
(Dox)",Character,,Invasion #1,1988,N,Keith Giffen,plot,WFH,,,,84C693D6-BA9F-7043-8204-9327DD4CEDD8
,Character,,,,,Bill Mantlo,dialogue,WFH,,Mantlo is living but brain damaged. His affairs are handled by his brother.,,614E7FB1-9B7F-0A4E-9C37-F3E2D5EC31CC
,Character,,,,,Todd McFarlane,"pencils, inks, cover",WFH,,,,B079B802-6E52-9C4F-B9D3-4E349156CFB9
,Character,,,,,Al Gordon,inks,WFH,,,,70AC7063-0169-774C-AF37-B02301181378
,Character,,,,,Josef Rubinstein,inks,WFH,,,,33E905F6-6F77-6644-9B5E-7F9B6B8594A8
,Character,,,,,Philip Craig Russell,inks,WFH,,,,801594D5-9674-6A4D-9754-0C3FBF420FCA
,Character,,,,,Carl Gafford,color,N/A,,,,A278B146-FC30-2545-953B-CA20EB6B7607
Vuldarians,Property,"Supergirl 116
(3/14/2016)",Guy Gardner: Warrior #0,Oct-94,Y,Beau Smith,writer,WFH,,,,523F51F9-9959-E144-9D26-E8C87F9EE337
,Property,,,,,Mitch Byrd,pencils,WFH,,,,A72D2A9C-6B4B-4540-B1BC-753BC7768DA9
,Property,,,,,Dan W. Davis,"inks, cover",WFH,,,,E7AAB76D-826F-F347-9578-60B7FE6925BC
,Property,,,,,Stuart Chaifetz,color,Exclusive,,,,03775F5C-C79E-9649-ABD7-0814D82DFE07
"Vulko
(Nuidis Vulko)",Character,,Brave and the Bold #73,Aug-67,N,Bob Haney,writer,Contributor Recognition,2014,Deceased Contributor Recognition Agreement is with heirs.,,36012B8C-2006-8940-9D39-17EB9E12B515
,Character,,,,,Howard Purcell,pencils,None,,Deceased,,3C18DA17-8DE8-7342-8F7E-2CBC2C120969
,Character,,,,,Sal Trapani,inks,None,,Deceased,,4E377FAD-36AA-234E-B706-D3E99161AFFE
,Character,,,,,Carmine Infantino,cover pencils,Settlement,,,,A84BDF5B-89BD-8747-8ACE-DAEDBFC5E422
,Character,,,,,Charles Cuidera,cover inks,None,,Deceased,,43BA910F-C715-6E4A-8239-92F2E46C86BA
"Wallace ""Wally"" Sage",Character,Doom Patrol 113,Doom Patrol #38,Nov-90,N,Grant Morrison,writer,Writer; WFH,2010,,,355D48B5-7D59-C64C-A4A6-ADE8FA5AD32A
,Character,,,,,Richard Case,pencils,Continuity Artist,,(Agreement is in warehouse box 699835717 & not scanned),,0BFD9B07-E4FE-144D-B2C9-87AF43970CF1
,Character,,,,,Mark McKenna,inks,Continuity Artist,,(Agreement is in warehouse box 699835357 & not scanned),,E499DBA5-763A-7B42-8B2F-7D3B7AC4FB2E
,Character,,,,,Simon Bisley,cover,WFH,,,,0954E43A-5623-404D-B809-82FF5BEA2835
,Character,,,,,Daniel Vozzo,color,N/A,,,,171A471B-D221-DD4F-8181-B68B7C24E5E4
"Walter Mark ""Professor"" Haley",Character,,Showcase #6,Jan-57,Y,Dave Wood,co-writer,None,,Deceased,,FBCE6562-18FC-8D40-A206-DE976AE9AD45
,Character,,,,,Jack Kirby,"co-writer, pencils, cover",None,,Deceased,,BFA57041-899A-954B-B8AA-BFCE142979BF
,Character,,,,,Rosalind Kirby,inks,None,,Deceased,,35E4BA0B-6991-8547-808D-A0D25851992D
Walt Trigger,Character,,"All-Star Western #58
""Two-Fisted Justice!""",Apr-51,N,Robert Kanigher,writer,None,,"Kanigher was an employee of DC from 2/3/47 - 5/31/82.
Deceased",,9F06BA44-7D13-8647-8B5A-9C938F7A54A9
,Character,,,,,Carmine Infantino,pencils,Settlement,,Deceased,,1AE3E0DB-0185-D34A-9E3B-DF1929FD8317
,Character,,,,,Joe Giella,inks,None,,,,B3525FEA-2E9C-984B-ABAC-5B74589C79A4
,Character,,,,,Gil Kane,cover pencils,None,,Deceased,,599054A0-CB10-564B-B81A-B50D03BCEFA1
,Character,,,,,Frank Giacoia,cover inks,None,,Deceased,,EA46270A-9BF5-3846-979D-2B57516F324C
The War That Time Forgot,Property,,"Star-Spangled War Stories #90
""Island of Armored Giants""",Apr-60,Y,Robert Kanigher,writer,N/A,,"Kanigher was an employee of DC between 2/3/47-5/31/82.
Deceased",,6C1A667F-A084-0949-B90C-B4008B05D0C6
,Property,,,,,Ross Andru,"pencils, cover pencils",None,,Deceased,,25AE7EE9-455E-654B-95CA-D5699471D003
,Property,,,,,Mike Esposito,"inks, cover inks",None,,Deceased,,65FC2894-AC44-6145-B94F-2E4661710B25
"Warlord
(Travis Morgan)",Character,,1st Issue Special #8,Nov-75,Y,Mike Grell,"writer, pencils, inks, cover",None,Y,,,C15237B0-9F09-2748-A101-297AF525EEF2
"Warp
(Emil LaSalle)",Character,,New Teen Titans #14,Dec-81,N,Marv Wolfman,writer,Exclusive,1983,,,0EF97ADD-388E-CF4D-91CA-E002D8D499D1
,Character,,,,,George Perez,"pencils, cover pencils",None,1983,,,AB086F11-BEB0-5546-B0D0-6C2829AED429
,Character,,,,,Romeo Tanghal,inks,Exclusive,,,,BBA85332-9347-C444-87C6-309014C8818C
,Character,,,,,Dick Giordano,cover inks,Exclusive,,"Giordano may have been an employee of DC at this time.
Deceased",,94E3BCAD-8CF5-824A-82BA-E4094A748E1B
,Character,,,,,Adrienne Roy,color,N/A,,Deceased,,86FBF32A-B050-AB4E-975D-8C2188743F31
Warrant,Character,,Suicide Squad vol 4 #24,Dec-13,Y,Matt Kindt,writer,WFH,,,,24039A95-E646-F444-B5F7-B55456AF5ACE
,Character,,,,,Patrick Zircher,"pencils, inks",WFH,,,,4D882D42-543D-7743-A230-DC21E4927F38
"Warriors
(Manhattan)",Location,Arrow 510,Guy Gardner: Warrior #25,Nov-94,N,"Stephen Scott ""Beau"" Smith",writer,Continuity,,,,D83C8818-925D-EE44-9FF0-1A737A10E976
,Location,,,,,Mitch Byrd,"pencils, cover pencils",Continuity,,,,D91B32BC-C2D9-5343-9073-8AEE3209F565
,Location,,,,,Dan W. Davis,"inks, cover inks",WFH,,,,D101E205-0E38-1F40-A532-EB5D88BCA369
,Location,,,,,Stuart Chaifetz,color,Exclusive,,,,DE64AD37-1811-5648-80BC-59161BB9B0C2
"Warriors
(Oa)",Location,Arrow 510,Green Lantern Corps #20,Mar-08,N,Peter Tomasi,writer,WFH,,,,E9B63367-031F-D04A-B362-7CA75C2CA044
,Location,,,,,Patrick Gleason,"pencils, cover pencils",WFH,,,,E0E79927-7EA9-7B43-9073-3DAC6B16BB31
,Location,,,,,Carlos Magno,pencils,WFH,,,,10D9CC61-F51C-7544-80ED-C91DC4AB5999
,Location,,,,,Prentis Rollins,"inks, cover inks",WFH,,,,57C06A6E-69A5-3740-A54B-BEE12C5C84AB
,Location,,,,,Tom Nguyen,inks,WFH,,,,C03684AF-013A-7D43-895F-1EF26BAE7F4E
,Location,,,,,Drew Geraci,inks,WFH,,,,D07AD5EC-1AAD-7B45-B7E5-FBD2D296B1DC
,Location,,,,,Rodney Ramos,inks,WFH,,,,86EF1FFF-4EFB-EE4F-AA2B-59AEE735DEA3
,Location,,,,,Rebecca L. Buchman,inks,WFH,,,,8D8B3F64-2B63-164B-A317-B3FC41904B2A
,Location,,,,,Guy Major,color,N/A,,,,C2D91F2A-7BBB-2445-88E7-00942D746100
"Warriors
(Australia)",Location,Arrow 510,Flashpoint: The World of Flashpoint #2,Sep-11,N,Rex Ogle,writer,None,,Ogle may have been an employee of DC at this time.,,B9A60899-3143-5048-9FDE-70A36146717F
,Location,,,,,Eduardo Francisco,"pencils, inks",WFH,,,,387C0FFA-3236-DE44-9466-9B75456D5C70
,Location,,,,,Brett Booth,cover pencils,WFH,,,,8391F894-E572-1449-B363-544C2D0D6BD4
,Location,,,,,Norman Rapmund,cover inks,WFH,,,,D253F678-2C31-F44C-BC87-0744D3E9C243
,Location,,,,,Stefani Rennee,color,N/A,,,,4B9B1673-111B-F24E-88B8-3F50464FEBCC
Warworld,Location,Krypton,"DC Comics Presents #27
""The Key that Unlocked Chaos!""",Nov-80,N,Len Wein,writer,None,2005,"Character equity agreement references the wrong first appearance issue.
Deceased",,8BC2E7C2-2D10-294C-87F2-82DBBA03B256
,Location,,,,,Jim Starlin,"pencils, cover",None,,,,70B48082-0CCB-2341-93A2-E89B3CAF420A
,Location,,,,,Dick Giordano,inks,Exclusive,,"Giordano may have been an employee of DC at this time.
Deceased",,4D553FE8-4501-EA4F-97B9-E8DB928E60D2
,Location,,,,,Frank McLaughlin,inks,Exclusive,,Deceased,,B9C7DAC5-5935-1A4A-8DA4-4D6C1D8E895F
,Location,,,,,Jerry Serpe,color,N/A,,Deceased,,8D8F15ED-A187-D443-9013-BEC2EB6DD61B
Watchmen,Property,,Watchmen #1,Sep-86,Y,Alan Moore,writer,Writer,Y,See 8/21/07 agreement in which Moore assigns any character equity payments owed him for the feature film to Dave Gibbons.,,679AEA03-2430-6347-A16B-4CE60E60295C
,Property,,,,,Dave Gibbons,"pencils, inks, cover",Artist,Y,,,0B2A1E95-2607-A14F-8093-34793FA1C3CD
,Property,,,,,John Higgins,color,N/A,,,,E905E93A-1275-8E4F-954B-900FFAAA4768
"Waverider
(Matthew Ryder)",Character,Arrow 508,Armageddon 2001 #1,May-91,Y,Archie Goodwin,writer,Writer; WFH,Y,,,E184DA0E-875B-A740-854F-BA93A5728A21
,Character,,,,,Dan Jurgens,"pencils, cover pencils",Artist; WFH,Y,,,9E60DE72-E23C-9D4A-8279-EEDB2A47323D
,Character,,,,,Dick Giordano,inks,WFH,,"Giordano may have been an employee of DC at this time.
Deceased",,2E426D97-FB62-2541-A5AF-42486D7729CC
,Character,,,,,Terry Austin,cover inks,WFH,,,,6EB65C84-12E6-9C44-A7C2-1781D5D97847
,Character,,,,,Anthony Tollin,color,N/A,,,,0CA24E28-21A9-BA49-BE2C-5B2103452DC7
Wayne Enterprises,Location,Powerless 101,"The Brave & The Bold #113
""The 50 Story Killer!""",Jul-74,N,Bob Haney,writer,Contributor Recognition,,Deceased Contributor Recognition agreement is with heirs.,,FBC51343-F106-D442-94BF-94B592B2E164
,Location,,,,,Jim Aparo,"pencils, inks, cover",None,,"We have located exclusive artist agreements for Aparo beginning in 1976.
Deceased",,59B72309-6DB0-5C4C-9365-0B905B5F17B1
,Location,,,,,Joe Kubert,cover,None,,Deceased,,5C9AE8A5-DF63-8E4A-A8A1-317A8D04FB4E
,Location,,,,,George Papp,cover,None,,Deceased,,96EA2C38-7F0C-4A4E-A034-73870F7C4400
Wayne Manor,Location,,"Detective Comics #28
""Frenchy Blake's Jewel Gang""",Jun-39,N,Bill Finger,writer,Contributor Recognition,,Deceased Contributor Recognition Agreement is with heir.,,44B2EB2C-97C8-B744-8CE1-87CB79EF21E6
,Location,,,,,Bob Kane,"pencils,inks",Services Agreement,,Deceased,,BCF0B4FB-50F8-0E47-B2FA-BD0E00143C6E
,Location,,,,,Fred Guardineer,cover,Contributor Recognition,,Deceased Contributor Recognition Agreement is with heir.,,38785A5A-9944-9340-933D-22314A79ADB2
Wayne Tarrant,Character,,"Fury of Firestorm #24
""Blue Devil""",Jun-84,N,Gary Cohn,writer,Writer,1982,,,CA422E48-56EA-984D-B705-E1CA3E1269E1
,Character,,,,,Dan Mishkin,writer,Writer,1982,,,9C554607-6C4C-5E4B-87B3-A50C0C229A91
,Character,,,,,Paris Cullins,pencils,Artist,1982,,,50E8F15C-1D79-4D46-BD35-6EFDAC33A967
,Character,,,,,Pablo Marcos,inks,None,,,,6A0E6D82-A5DB-BB47-997A-663EC240992F
,Character,,,,,Rafael Kayanan,cover pencils,WFH,,,,EF940FC3-DDF9-B340-BA94-A83B490887F5
,Character,,,,,Sal Amendola,cover inks,None,,"WFH agreement has been located for Amendola's cover inks on Fury of Firestorm #23. However, since Amendola did not provide inking services for that issue, it is possible that this WFH agreement may cover services on Fury of Firestorm #24.",,5D4D3098-803B-0245-A62C-3F1A2E375733
,Character,,,,,Robert LeRose,color,N/A,,,,E49D7F72-57DF-E94D-9244-18F7FE5B8F85
Wayne Trigger,Character,,"All-Star Western #58
""Two-Fisted Justice!""",Apr-51,N,Robert Kanigher,writer,None,,"Kanigher was an employee of DC from 2/3/47 - 5/31/82.
Deceased",,72DD8B34-EF72-DC43-90C6-342C667E9993
,Character,,,,,Carmine Infantino,pencils,Settlement,,Deceased,,FB25D20C-91F0-F34F-B82A-65A477468EBB
,Character,,,,,Joe Giella,inks,None,,,,AF124B57-2DA1-9047-88AB-CFB65736D0BF
,Character,,,,,Gil Kane,cover pencils,None,,Deceased,,885F8E0E-BC60-4640-9B16-AA2760FB3CAA
,Character,,,,,Frank Giacoia,cover inks,None,,Deceased,,275844B7-F3D0-A642-A20D-67343075493E
Weasel,Character,,"Star-Spangled Comics #21
""Pop Goes the Weasel""",Jul-43,N,"Harold ""Hal"" Sherman","pencils, inks",None,,Deceased,,135FA414-F48F-E944-975C-F8C3EB7777A8
,Character,,,,,Fred Ray,cover,None,,Deceased,,AB815414-D6BE-AE42-B0C4-AB5AB2736B1C
"The Weasel
(John Monroe)",Character,Suicide Squad 2,The Fury of Firestorm #38,Aug-85,Y,Gerry Conway,writer,Continuity Writer,,,,E586D803-C412-9448-9F27-5EBAC7901934
,Character,,,,,Rafael Kayanan,"pencils, cover",WFH,,,,C56C64B6-2424-1F49-A7C6-2558BBFA9F2A
,Character,,,,,Ian Akin,inks,WFH,,,,99744A38-FA4B-E843-ABA3-1733A70AC543
,Character,,,,,Brian Garvey,inks,None,,Garvey's work-for-hire agreement for issue #39 has been located.,,81A4F02C-0ECF-FF44-B7C6-347334759C8E
,Character,,,,,Nansi Hoolahan,color,N/A,,,,B11BD866-69AD-E542-B79B-C3A880FB36C9
"The Weasel
(Daniel ""Danny"" Weaver)",Character,,Batgirl #7,May-12,N,"Tamra L. James
(Gail Simone)",writer,WFH,,,,7F319D53-F7B7-A54F-A590-41D55D29F874
,Character,,,,,Adrian Syaf,"pencils, cover pencils",WFH,,,,48CBF20A-1E18-7A4E-8F9E-1118BAB0BC8C
,Character,,,,,Alitha Martinez,pencils,WFH,,,,433017C2-2BB5-4D49-9980-C8683A93AAA5
,Character,,,,,Vicente Cifuentes,"inks, cover inks",WFH,,,,88BA370E-BB20-C84B-9AED-325FDC890E72
,Character,,,,,Ulises Arreola,color,N/A,,,,4489DE44-CEA4-EA4E-BE7A-9FF1F91BC485
Weather Witch,Character,Flash 507,Gotham Underground #3,Feb-08,N,Frank Tieri,writer,WFH,,,,B3AFC158-A9BD-1F4C-B074-4EEF885C0BD9
,Character,,,,,Jim Calafiore,"pencils, cover",WFH,,,,7B67A517-1E03-A540-BC7D-867D9EAE216C
,Character,,,,,Jack Purcell,inks,WFH,,,,5F7698D5-A81C-F449-A42A-C19640F05A1F
,Character,,,,,Brian Reber,color,N/A,,,,E548CD85-7BE5-BC4C-B9E0-EE6670EFDA3B
"Weather Wizard
(Mark Mardon)",Character,"Flash 101
(10/7/2014)","Flash #110
""The Challenge of the Weather Wizard""",Dec-59,Y,John Broome,writer,None,,Deceased,,A934BC0D-071C-7149-8208-7CBB6D9CD05F
,Character,,,,,Carmine Infantino,"pencils, cover pencils",Settlement,2005,Deceased,,2AB00F12-EFB0-9D44-A9AF-6566F80805F2
,Character,,,,,Murphy Anderson,inks,None,,Deceased,,DB004491-3669-304C-AE4C-B0C815571BC9
,Character,,,,,Joe Giella,cover inks,None,,,,4AD70D06-41CA-3743-9295-3C4EAB94EBA7
Wegthor,Location,Krypton,"Adventure Comics #289
""Clark Kent's Super-Father!""",Oct-61,N,Robert Bernstein,writer,None,,Deceased,,2BF40A95-4972-7043-815C-0E2E0D2363F1
,Location,,,,,George Papp,"pencils, inks",None,,Deceased,,E01506F1-A7E1-B847-B868-893CF78951A0
,Location,,,,,Curt Swan,cover pencils,None,,Deceased,,B6DCDD3B-EE9B-2649-94EA-88C164358B93
,Location,,,,,Stan Kaye,cover inks,None,,Deceased,,6FE1B2A6-52C4-D140-AF3A-401673D64292
Wendi Harris Tyler,Character,Stargirl 105,Showcase #56,Jun-65,N,Gardner Fox,writer,Creator Recognition,,Deceased Creator recognition agreement is with heirs.,,77BCDAB9-A75A-E448-9E32-664652E77467
,Character,,,,,Murphy Anderson,"pencils, inks, cover",None,,Deceased,,6ED0E2A0-83F8-3E48-9F06-A0B3DFA35FAB
Westward Bridge,Location,Gotham 418,"Gotham City Secret Files #1
(No Man's Land Map)",Apr-00,N,Eliot R. Brown,artist,WFH,,"Although Brown designed the map, the place names were provided to him by the editorial staff of the time. Brown's account is online at http://www.eliotrbrown.com/wp/gotham-city-map.html/",,E7F75D5D-DBA8-C24C-9093-007B2EA5A30F
The Whisper Gang,Property,Gotham 310,Batman #3,Jan-12,N,Scott Snyder,writer,Exclusive; WFH,,"All WFH Agreements for this issue are numbered incorrectly since they were signed prior to the decision to restart the numbering sequence. Therefore WFH agreements for Batman #716 correspond to Batman #3
Character equity agreement has been sent to Snyder",,7B6179ED-71FF-814B-A3F6-F9FAF7259817
,Property,,,,,Greg Capullo,pencils,Exclusive; WFH,2016,,,E2DE4351-4E01-8842-B275-E15576ECE870
,Property,,,,,Jonathan Glapion,inks,WFH,,,,861E398D-A408-E142-B17B-CC623FD4578C
,Property,,,,,Fco Plascencia,color,N/A,,,,75E11AAC-186D-F04A-9C70-40CBB4F3D4AD
"White Canary
(Sara Lance)",Character,,Birds of Prey vol 2  #1,Jul-10,N,Gail Simone,writer,WFH,,,,D1058E68-DF04-EA42-B920-1B605EEDEDDE
,Character,,,,,Ed Benes,"pencils, inks",WFH,,,,28A59F18-C482-5F49-B5D7-CE0CDA23F2DF
White Martians,Property,"Supergirl 111
(1/25/2016)",JLA #1,Jan-97,N,Grant Morrison,writer,WFH,,,,5145BB4C-5EBB-A745-BDD1-127740F39FC1
,Property,,,,,Howard Porter,"pencils, cover pencils",WFH,,,,D491A43C-8AD2-B940-8A7C-7FD033CAED5E
,Property,,,,,John Dell III,"inks, cover inks",WFH,,,,BEBA86DB-C9A3-3C4A-826A-04E0C8DB43A5
,Property,,,,,Pat Garrahy,color,N/A,,,,40554A55-20D6-EC48-921F-F5D78FFA0CB7
Whitey the Wino,Character,"Point Blank
Sleeper",Point Blank #1,Oct-02,N,Ed Brubaker,writer,WFH,,,,F237F7BD-3603-DF47-BCAE-818B9185B6C6
,Character,,,,,Colin Wilson,"pencils, inks, variant cover",WFH,,,,1EEB5630-5B65-0546-8BA9-D992C54685E4
,Character,,,,,Simon Bisley,cover,WFH,,,,7BBE5A59-96E3-4842-9794-B304BD95248F
,Character,,,,,Janet Gale,color,N/A,,,,88606A11-3308-3E42-BCB4-6EEE54DDFBFB
"Wild Dog
(Jack Wheeler)",Character,Arrow 501,Wild Dog #1,Sep-87,Y,Max Allan Collins,writer,Writer; WFH,Y,,,A5B79B72-86A3-E041-AA9A-57B39A5356E2
,Character,,,,,Terry Beatty,"pencils, cover pencils",Artist; WFH,Y,,,1804B8BE-9822-1942-9805-524F5665659F
,Character,,,,,Dick Giordano,"inks, cover inks",WFH,,"Deceased
Giordano may have been an employee of DC at this time.",,EA7A91BD-B0CD-AC48-888F-9D4366F707BE
,Character,,,,,Michele Wolfman,color,Exclusive,,,,56B80915-2693-0741-A4A5-4776DB87EE41
"Wild Huntsman
(Albrecht von Mannheim)",Character,"Powerless
(Global Guardians)","Super Friends #45
""The Man Who Collected Villains""",Jun-81,Y,E. Nelson Bridwell,writer,N/A,,"Bridwell was an employee of DC at this time.
Deceased",,123F9C89-955F-F845-8F15-3E4FA8A6453D
,Character,,,,,Romeo Tanghal,pencils,Exclusive,,,,D05D195D-03F8-5C41-9CB5-07588A046467
,Character,,,,,Vince Colletta,inks,Exclusive,,Deceased,,4C125E3A-FC62-EB4C-8A7B-BA837DAA6BF1
,Character,,,,,Kurt Schaffenberger,cover pencils,Exclusive,,Deceased,,8602BB95-EA46-6041-8ED1-61082816D33C
,Character,,,,,Robert R. Smith,cover inks,None,,,,B31FEAEC-786B-3841-9F04-B120403548FD
,Character,,,,,Jerry Serpe,color,N/A,,Deceased,,FFDA125E-D2C2-B346-8154-CEFF00AB3C08
"Wildcat
(Ted Grant)",Character,,"Sensation Comics #1
""This is the Story of Wildcat""",Jan-42,N,Bill Finger,writer,Writer,,Deceased Contributor Agreement is with heir.,,28977F94-A78E-3A44-AD64-A15ED0281E56
,Character,,,,,Irwin Hasen,"pencils, inks",Writer-Artist,,,,522766FE-00F2-6E49-9942-9290DDD1AFAE
,Character,,,,,Harry G. Peter,cover,None,,Deceased,,4210EB07-D4FE-8C4F-A04B-4962D216F8B8
"Wildcat
(Yolanda Montez)",Character,,"Infinity, Inc. #12",Mar-85,N,Todd McFarlane,co-creator,,1985,,,AEED133E-5BE2-FD49-9C95-88EB1E9F65A0
,Character,,,,,Roy Thomas,co-writer,Writer,1985,,,8E90DA6F-C93E-A542-89D3-C585FFE40EF3
,Character,,,,,"Dannette ""Dann"" Thomas",co-writer,None,,"We believe that Roy Thomas entered into a separate agreement with Dann Thomas for writing services, but we do not have a copy of it.",,04AB5F02-AFE9-E842-B441-936F10A06617
,Character,,,,,Don Newton,pencils,None,,Deceased,,A5C2DEFA-8CF6-5840-B9F1-49447C47755A
,Character,,,,,Tim Burgard,pencils,None,,,,4E3AE466-78BB-1147-9DBC-E4698ED6948F
,Character,,,,,Josef Rubinstein,inks,None,,,,8A18CD51-EA27-2E43-A81C-04E17ED25E93
,Character,,,,,Tony DeZuniga,inks,None,,,,B3D8E0F7-4673-3641-A844-82D0CC22A874
,Character,,,,,Jerry Ordway,cover,None,,,,6D0B5D92-8383-F746-B691-60DF5F1DB198
,Character,,,,,Adrienne Roy,color,Exclusive,,Deceased,,568A4D9F-1DF5-4B41-B76D-39E77966E534
,Character,,,,,Anthony Tollin,color,Exclusive,,,,4D530034-0328-E24D-AF85-EB8652CE3C4E
"Wildcat
(Hector Ramirez)",Character,,Batman/Wildcat #1,Apr-97,Y,Chuck Dixon,writer,WFH,,,,029764D3-042C-2947-9172-1583F8967CCF
,Character,,,,,Beau Smith,writer,WFH,,,,0D45B16A-22EB-C741-A693-A48C33AD1BFB
,Character,,,,,Sergio Cariello,pencils,WFH,,,,0BD20743-5DAB-F147-A920-A08D10AD05C0
,Character,,,,,Art Thibert,"inks, cover inks",WFH,,,,6CDCBAB0-4D91-C14E-9577-655A2A6E11D3
,Character,,,,,Tony S. Daniel,cover pencils,WFH,,,,87DFDA91-7F11-5B4B-8CC4-7FA8DBE07974
,Character,,,,,Jason Wright,color,N/A,,,,CE7A388D-A0CB-C542-99BB-BE7C785FF102
"Wildcat
(Tom Bronson)",Character,,Justice Society of America #1,Feb-07,Y,Geoff Johns,writer,WFH,,,,5E7F05CF-65AE-E84C-95A5-D8854922F29C
,Character,,,,,Dale Eaglesham,pencils,WFH,,,,D420B3D2-C9F9-3E48-9F4B-C18DA4FEB67A
,Character,,,,,Art Thibert,inks,WFH,,,,70BAB15A-9093-C440-A420-FBC2FFDDB9DF
,Character,,,,,Alex Ross,cover,WFH,,,,9C820210-AC3F-DC46-9E13-BF680428664B
,Character,,,,,Jeromy Cox,color,N/A,,,,7E21AF72-30E1-5745-A19A-F3F1864D1CAB
Wildcats,Property,"Point Blank
Sleeper",WildC.A.T.S.: Covert Action Teams #1,Aug-92,Y,Jim Lee,"writer, pencils, cover pencils",WildStorm Employment Agreement,,See also: WildStorm Asset Purchase Agreement,,53D804D4-509A-A443-8523-478FF8BDE8F4
,Property,,,,,Brandon Choi,writer,WildStorm WFH Acknowledgement,,,,FBAD96C6-1DAC-2F42-A1B3-2E107BEC15B3
,Property,,,,,Scott Williams,"inks, cover inks",WildStorm WFH Acknowledgement,,,,8A1A2DF8-39EE-0145-85F6-4195BC2D300D
,Property,,,,,Joe Rosas,color,N/A,,,,0C22C4E2-8291-034C-A77D-C1B3B970E27D
"Wildman
(Harold Shapiro)",Character,,"Our Army At War #113
""Eyes of a Blind Gunner""",Dec-61,Y,Robert Kanigher,writer,N/A,,"Kanigher was an employee of DC from 2/3/47 - 5/31/82.
Deceased",,620B51DC-8A51-5D46-AD5F-90BAD2B3405D
,Character,,,,,Joe Kubert,"pencils, inks, cover",None,,Deceased,,4BCA508F-075A-A543-BE08-2DE74C928E67
"Wildman
(Justice League villain)",Character,,Justice League Task Force #9,Feb-94,N,"Joseph Loeb III
(Jeph Loeb)",writer,WFH,,,,D99B8A4B-72B6-294C-9087-626B6E8E712B
,Character,,,,,Greg LaRocque,pencils,WFH,,,,5B8112D9-630B-A749-AF2D-B7B68E1FC6A9
,Character,,,,,Kevin Conrad,inks,WFH,,,,B692479A-E1AA-5A4A-B4BB-8F8D5C133732
,Character,,,,,Sal Velluto,cover pencils,None,,,,1BEC7AC0-0B34-854A-96CD-E046079CD54D
,Character,,,,,Jeff Albrecht,cover inks,WFH,,,,4B3F5972-0357-9649-B30F-4BD97F9C7249
,Character,,,,,Glenn Whitmore,color,,,,,E635625C-876E-D544-825C-1230DD113766
Williard Walter Wiggins,Character,,"The Flash #117
""Here Comes Captain Boomerang""",Dec-60,N,John Broome,writer,None,,Deceased,,E99ED37F-3DB4-3A49-8BB7-79C88AC5C89A
,Character,,,,,Carmine Infantino,"pencils, cover pencils",Settlement,,Deceased,,B63A1384-E3E4-684A-BF2F-C1EF9E80EF6D
,Character,,,,,Murphy Anderson,inks,None,,Deceased,,E0C9D7E1-D4E5-6344-9C9B-57D412BE21CF
,Character,,,,,Joe Giella,cover inks,None,,,,F0A458B8-823D-7E4E-81AA-29DCF90BBF3B
W.W. Wiggins Game Company,Location,Supergirl 314,"The Flash #117
""Here Comes Captain Boomerang""",Dec-60,N,John Broome,writer,None,,Deceased,,E49ACD7D-6D53-A446-9B57-673AA42F79BC
,Location,,,,,Carmine Infantino,"pencils, cover pencils",Settlement,,Deceased,,B385B379-856B-5A46-BD70-E47BEC2BEE26
,Location,,,,,Murphy Anderson,inks,None,,Deceased,,6155F577-9EF5-1040-9872-667A55B967F1
,Location,,,,,Joe Giella,cover inks,None,,,,4D8C9449-9A01-CF49-902D-E7AB79D0CAC9
"William ""Bill"" Henderson
(Inspector Henderson)",Character,Black Lightning 101,Adventures of Superman Radio Show,UNKNOWN,,,,,,,,68FDEB8B-E54F-A149-BCBE-B6F1B1563590
,Character,,"in comics:
Action Comics #440
""The Man Who Betrayed Krypton!""",Oct-74,N,Elliot S. Maggin,writer,None,,,,9E15F5A0-6386-8C46-949E-AC2C036446E0
,Character,,,,,Curt Swan,pencils,None,,Deceased,,C9782051-C4AD-EE4D-8232-7D965658A8AF
,Character,,,,,Bob Oksner,inks,None,,Deceased,,8CBFFF43-7CB5-8A4F-9B45-C32F85049555
,Character,,,,,Nick Cardy,cover,None,,Deceased,,24E2C0DD-4199-D343-A8A9-695F8E2CC746
Winema Wazzo,Character,,"pre-Zero Hour:
Secret Origins #42
""Bad, Bad, Bad, Bad Boys""",Jul-89,N,Tom Bierbaum,writer,None,,,,E2CAB6B1-3419-AD49-A6AC-91D19FD13ED3
,Character,,,,,Mary Bierbaum,writer,None,,,,9EE1E22B-AA87-7A45-9C58-8CBFFE33F446
,Character,,,,,Dave Cockrum,pencils,None,,,,28A8BC3E-DBC3-FE41-AEB2-AEDBAA1BD029
,Character,,,,,Larry Mahlstedt,inks,WFH,,,,FBEA9C5E-3359-3348-B27A-3B5C960B30AB
,Character,,,,,Jim Sanders,inks,WFH,,,,5A712934-5B2A-5A45-8598-4B388BE5A437
,Character,,,,,Dick Giordano,cover pencils,WFH,,"Giordano may have been an employee of DC at this time.
Deceased ",,0EDCC938-3F3C-EC44-8D91-9470A8F01A72
,Character,,,,,Karl Kesel,cover inks,WFH,,,,332C4945-2372-3E40-A65A-B8232306AEDB
,Character,,,,,Tom McCraw,color,N/A,,,,C8F5A3AC-16A1-DF44-B7A7-39EA48ECA807
,Character,,"post-Zero Hour:
Legionnaires #0",Oct-94,N,Tom McCraw,"writer, color",WFH,,,,5B4575F0-7878-784F-BB31-EE56558DF420
,Character,,,,,Mark Waid,writer,WFH,,,,9BF627FD-FE61-FB48-A562-9F41D1163739
,Character,,,,,Jeffrey Moy,"pencils, cover pencils",WFH,,,,007ED3CB-1AC3-8E4E-810E-9DBB8EA68D0B
,Character,,,,,Ron Boyd,inks,WFH,,,,488AE47A-2752-A748-B6DE-9175DE0C577C
,Character,,,,,Karl Story,cover inks,WFH,,,,1BAEF3DD-EAB6-E34A-AB59-ACDEEC34399A
Winged Victory,Character,Stargirl 104,"Adventure Comics #66
""The Shining Knight""",Sep-41,N,Henry Lynne Perkins,writer,None,,Cleared by Wayne Smith for Stargirl TV series.,,104E55A4-5A98-5E41-A925-78E7360CDBE7
,Character,,,,,Creig Flessel,"pencils, inks",None,,Deceased,,61D4094C-C7DC-4A46-8BB1-79CB6871D3BF
,Character,,,,,Jack Burnley,cover,None,,Deceased,,E55F1A67-8B21-D74E-A96A-4E85E199879B
Wise Fools,Character,,"Showcase '96 #4
""Day & Night, Night & Bright Part One""",Apr-96,N,James Robinson,writer,WFH,,,,034A5F8B-0BB5-9240-9354-DFCDE800F291
,Character,,,,,Matthew Dow Smith,"pencils, inks",WFH,,,,331A8C57-B1B5-FC47-A34E-D72A55C155CF
,Character,,,,,Lee Weeks,cover,WFH,,,,3A78332E-4F95-EB41-9C09-B741E89D702D
,Character,,,,,Melissa Edwards,color,N/A,,,,128E73D0-F856-A345-8669-24764C3C4AE0
"The Wizard
(William Zard)",Character,Stargirl 101,"All-Star Comics #34
""The Wiles of the Wizard!""
(This story is told in 7 chapters, all written by Fox and drawn by different artists. The Wizard appears in all chapters.)",Apr-47,Y,Gardner F. Fox,writer,Creator Recognition,,"Deceased 
Creator recognition agreement is with heirs.",,7FFE6377-CBCE-4D41-9DC8-963219A26E14
,Character,,,,,Irwin Hasen,"pencils, inks, cover (Introduction; Conclusion)",None,,Deceased,,4CBCDF13-5C65-6845-9FA6-C0C53095ABDC
,Character,,,,,Joe Kubert,"pencils, inks (Ch. 1)",None,,Deceased,,32836982-7978-D34E-A00B-7ED6DEA81580
,Character,,,,,"Francis ""Frank"" Harry","pencils, inks (Ch. 2)",None,,,,A55245AE-4369-E84F-B623-6143F26D834C
,Character,,,,,Lee Elias,"pencils, inks (Ch. 3)",None,,Deceased,,E422AE30-635E-6B44-ADD2-4BD1E02BC598
,Character,,,,,Harry Lampert,"pencils, inks (Ch. 4)",None,,Deceased,,0113ECA5-37C2-CC41-BE41-C106E85A24EE
,Character,,,,,Paul Reinman,"pencils, inks (Ch. 5)",None,,Deceased,,9EEC3B7E-9F13-2F4A-BE3B-CBBEAC7F381F
"Wolf Spider
(Evan Blake)",Character,Batwoman 205,Batwoman vol 2 #26,Feb-14,,Marc Andreyko,writer,WFH,,,,8571E952-938F-674C-B73D-5D74E7A7AFF8
,Character,,,,,Jeremy Haun,"pencils, inks",WFH,,,,DE1D2154-33EF-104A-A3E9-0BBD75966C87
"Wonder Girl
(Donna Troy)",Character,,The Brave and the Bold #60,Jun-65,Y,Bob Haney,writer,Contributor Recognition,,"Deceased 
Contributor Recognition Agreement is with heir.",,4662F357-9FFB-E64B-83EB-240513594955
,Character,,,,,Bruno Premiani,"pencils, inks",None,,Deceased,,825CCFF5-F64E-D34A-888E-0A536BFE4D01
,Character,,,,,"Nicholas Viscardi
(Nick Cardy)",cover,None,,Deceased,,1EABC183-809B-A64C-A520-18F4159BE89C
"Wonder Girl
(Cassandra Sandsmark)",Character,,Wonder Woman #105,Jan-96,N,John Byrne,"writer, pencils, inks, cover",Continuity,,,,64B12B78-3366-0C48-B5F6-CC952A4F5FEA
,Character,,,,,Patricia Mulvihill,color,N/A,,,,9EBBD240-5656-C94D-AA68-880A726881CA
"The Wonder Twins
(Zan & Jayna)",Character,,"The All-New Super Friends Hour
""Joy Ride""",Sep-77,,"William Hanna 
Joseph Barbera",producers,,,,,0946408D-8897-3E44-B504-B75336B9772E
,Character,,"in DC Comics:
Super Friends #7",Oct-77,Y,E. Nelson Bridwell,writer,N/A,,"Bridwell was an employee of DC at this time.
Deceased",,57ED329F-CD9F-4D4C-B9B1-59BD82D46570
,Character,,,,,Ramona Fradon,"pencils, cover pencils",Exclusive; Creator Recognition,,,,758B9DB7-7B5C-A042-A74D-85A138F9B4DE
,Character,,,,,Robert R. Smith,"inks, cover inks",None,,,,6C9D0C1C-241C-6B4D-8709-5D94EC4EEA12
"Wonder Woman
(Princess Diana of Themyscira; Diana Prince)",Character,,"All-Star Comics #8
""Introducing Wonder Woman""",Dec-41,N,William Moulton Marston,writer,Marston agreements (7/31/41; 1/15/46; 7/25/51),,Deceased Final agreement is with Estate.,,0B0916E3-54C4-9E46-A8E2-C96E8464A1A3
,Character,,,,,Harry G. Peter,"pencils, inks",Artist,,Deceased,,0392AA84-F42D-9B42-9FCA-FD0E4079484B
,Character,,,,,Everett E. Hibbard,cover,None,,Deceased,,8ECB74D7-7402-C943-819D-939085F27FA0
The Writer,Character,"Suicide Squad
(2019)",Animal Man #10,Feb-89,N,Grant Morrison,writer,WFH,,,,CB9C8150-7C56-BF4A-99CB-D7834EF1314E
,Character,,,,,Chas Truog,"pencils, cover pencils",WFH,,,,787E7479-3622-0646-97BF-2BF2B8CC7A2E
,Character,,,,,Mark McKenna,"inks, cover inks",None,,,,5C73CD63-F411-6D4D-9A17-4A4C02BD37E4
Xudarians,Property,Supergirl 213,Green Lantern #6,May-61,Y,John Broome,writer,None,,Deceased,,58B7F726-7E73-594C-8258-8342FE0EA5A6
,Property,,,,,Gil Kane,"pencils, cover",None,,Deceased,,C68234E8-1E32-344C-B230-4E09856DCCF8
,Property,,,,,Joe Giella,inks,None,,,,796F8D34-B37E-3D47-87C5-2E7B9D3FF788
Yoshio Natsume,Character,Flash 518,Hacker Files #1,Aug-92,Y,Lewis Shiner,writer,"Writer-Creator, WFH",1989,,,7698418B-7207-A848-99FE-3A0C09E747F3
,Character,,,,,Tom Sutton,pencils,WFH,1992,,,61B57218-E2C5-AF49-B3D7-F1693AD0354D
,Character,,,,,Mark Buckingham,inks,WFH,,,,E65FD176-0490-474F-9215-7E6E27FC9B83
,Character,,,,,Tom Canty,cover,WFH,,,,C4A9F033-891F-B941-868A-EC0DC0DD10AB
,Character,,,,,Lovern Kindzierski,color,N/A,,,,B431E608-AA69-EC49-B7C2-516611C1160C
Yvonne,Character,"Point Blank
Sleeper",Point Blank #1,Oct-02,N,Ed Brubaker,writer,WFH,,,,CC1EFC12-C3C6-104A-B6E6-6D26DF5DF67B
,Character,,,,,Colin Wilson,"pencils, inks, variant cover",WFH,,,,6FDCB49A-7ACE-EB43-937F-506BF76B4A6B
,Character,,,,,Simon Bisley,cover,WFH,,,,C298F562-829E-6548-989E-9B33AE37D1A1
,Character,,,,,Janet Gale,color,N/A,,,,BA73EE9C-6A97-8F41-9BDF-32E49337A831
Zack Dyamond,Character,,Challengers of the Unknown #1,Aug-04,Y,Howard Chaykin,"writer, pencils, inks, cover",WFH,,,,560CE455-5350-7B48-8BDD-6FD017CA9E81
,Character,,,,,Rian Hughes,art direction,WFH,,,,A13A69C0-447F-AB4D-A48B-A1F50F711A4C
,Character,,,,,Michelle Madsen,color,N/A,,,,7FDC38C0-BA80-B545-9481-EFD61C189AB8
"Zambesi
Note: This refers to the fictional country in Africa, not the real-life Zambezi River.",Location,Legends 203,Swamp Thing Annual #3,1987,N,Rick Veitch,"writer, pencils",WFH,,,,7EF0AC66-F926-3B49-942A-BCB7D94C9545
,Location,,,,,Shawn McManus,pencils,WFH,,,,49CC2BAF-DC45-8941-B3E0-453EF524A42E
,Location,,,,,Jim Fern,pencils,WFH,,,,FF72C51D-26B7-4F44-96E3-04C052C883BC
,Location,,,,,Stan Woch,pencils,WFH,,,,F6EE6B2A-BFEA-5540-A0C4-AE07884EC151
,Location,,,,,Thomas Yeates,inks,WFH,,,,F246455B-579A-4247-BE42-F7555E23BAA7
,Location,,,,,Brian J. Bolland,cover,WFH,,,,49BB563D-4D7B-E64D-9D16-CE9A5B4C3295
,Location,,,,,Adrienne Roy,color,N/A,,,,9E47D131-7243-F743-BB01-35DF723A0EE5
Zandia,Location,Arrow 619,New Teen Titans #14,Dec-81,N,Marv Wolfman,writer,Exclusive,,,,68A5F99B-BC74-8746-812E-43EBDF9D8661
,Location,,,,,George Perez,"pencils, cover pencils",None,,Perez has an equity agreement for characters that appear in this issue which confirms this work was done as WFH.,,7B2309E2-5697-4E40-85A8-05EC849BA7B4
,Location,,,,,Romeo Tanghal,inks,Exclusive,,,,C690E971-FEAF-B14F-8B26-8B3EF2563DAF
,Location,,,,,Dick Giordano,cover inks,Exclusive,,"Giordano may have been an employee of DC at this time.
Deceased",,ED6E4AFF-12EC-6A40-91CC-5DBDD64DC5C3
,Location,,,,,Adrienne Roy,color,N/A,,Deceased,,D29BD970-78E4-994C-8D9F-A5ED2794B580
Zatanna Zatara,Character,Gotham Girls,"Hawkman #4
""The Girl Who Split in Two""",Oct-64,N,Gardner F. Fox,writer,Creator Recognition,2009,Deceased Creator recognition agreement with is with heirs.,,DCAE7739-919A-9D41-8D22-1F097EC32003
,Character,,,,,Murphy Anderson,artist,None,2011,Deceased,,CD405235-D140-1343-8FD7-39BB0B29776A
"Zatara
(Giovanni ""John"" Zatara)",Character,Dark Universe,"Action Comics #1
""The Mystery of the Freight Train Robberies""",Jun-38,N,Fred Guardineer,"writer, pencils, inks",Contributor Recognition,2015,Deceased Contributor Recognition Agreement is with heir.,,042C9FAA-EC3A-5844-B16C-BA5577AB81EA
,Character,,,,,Joe Shuster,cover,Settlement,,Deceased,,22BE30CD-0D29-374A-AF8B-DC5885186C9D
Zauriel,Character,,JLA #6,Jun-97,N,Grant Morrison,writer,Continuity,Y,,,902749BC-9A96-EC4B-961D-72AB88087C7C
,Character,,,,,Howard Porter,"pencils, cover pencils",Continuity,,,,AA8358DF-F0FA-CC45-87E3-1C0858D572B6
,Character,,,,,John Dell III,"inks, cover inks",Continuity,,,,C698382B-E52E-DC4A-874F-4E183A857D24
,Character,,,,,Heroic Age,color,N/A,,,,57869CAB-200B-7840-954A-A4A40C0E6251
,Character,,,,,Pat Garrahy,color,N/A,,,,0ED3069D-5E78-BC4D-ABBA-1FC72B93A7A9
"Zealot
(Lady Zannah)",Character,"Point Blank
Sleeper",WildC.A.T.S.: Covert Action Teams #1,Aug-92,Y,Jim Lee,"writer, pencils, cover pencils",WildStorm Employment Agreement,,See also: WildStorm Asset Purchase Agreement,,C1498A6C-D824-1A4F-B544-373FBC699818
,Character,,,,,Brandon Choi,writer,WildStorm WFH Acknowledgement,,,,89760B15-884B-374F-8E49-1627A616A26D
,Character,,,,,Scott Williams,"inks, cover inks",WildStorm WFH Acknowledgement,,,,C47A6081-082D-3342-8A68-4828D5760A2A
,Character,,,,,Joe Rosas,color,N/A,,,,BAACCAF9-37F9-C441-9543-6FA7A4A39424
"Zebra-Man
(Jacob Baker)",Character,Lego Batman,"Detective Comics #275
""The Zebra Batman""",Jan-60,Y,Bill Finger,writer,Contributor Recognition,,Deceased Contributor Recognition Agreement is with heir.,,295EF609-3041-894C-A201-59434B27E268
,Character,,,,,Sheldon Moldoff,"pencils, cover",None,,"Deceased
Per the library and Wayne Smith (Corp. Legal), please check to see if Bob Kane should also be included in credits.",,E03A71BE-CBF6-2245-A87F-562D9CE4F103
,Character,,,,,Charles Paris,inks,None,,Deceased,,51E268B2-72C0-0040-AB81-C15379F914ED
"Zebra Man II
(Strikeforce Kobra)",Character,Lego Batman,"Outsiders #21
""Strike Force Kobra""",Jul-87,N,Mike Barr,writer,Writer,,,,D101AA27-23AD-A24E-999E-8683FD6AF15F
,Character,,,,,Jim Aparo,"pencils, inks, cover",Artist; WFH,,,,C86EAF93-0C06-CD4F-8F76-757873011E76
,Character,,,,,Adrienne Roy,color,N/A,,Deceased,,8624FD42-322C-CE4D-8A6A-54D9314C02DE
"Zed
(Mary Martin)",Character,,Hellblazer #4,Apr-88,N,Jamie Delano,writer,WFH,1987,,,3E3E0DCD-B0B6-3848-96A3-49873E5C9CD6
,Character,,,,,John Ridgway,"pencils, inks",WFH,1987,,,3E29C6F4-C509-8941-9B39-BF7A973CCE71
,Character,,,,,Dave McKean,cover,WFH,,,,A9A7CD25-118E-6E46-BA44-5A30D2CE0138
,Character,,,,,Lovern Kindzierski,color,N/A,,,,D6EC48FA-8D2D-D144-80AF-E0662D515CFE
Zeta ,Character,,"Batman Beyond Animated Series
""Zeta""",Apr-00,,,,,,,"DC owns all rights
See DCBL 270972 and 270973",EF1D266D-56DE-A646-BFC9-02532912C2D4
,Character,,,,,,,,,,,82335702-93C9-B74C-A8B1-4E2B6E52A987
Zeta-Beam,Property,Krypton,"Showcase #17
""Secret of the Eternal City""",Nov-58,Y,Gardner F. Fox,writer,Creator Recognition,,Deceased Creator recognition agreement with is with heirs.,,D087B2E0-8AED-AB47-A04D-71399FB8C4FF
,Property,,,,,Mike Sekowsky,pencils,None,,Deceased,,380877E8-C28A-6448-85A9-739D453B93E0
,Property,,,,,Frank Giacoia,inks,None,,Deceased,,E1A2597F-38D8-E848-A4F6-B80A337B68BA
,Property,,,,,Gil Kane,cover,None,,Deceased,,ECB76CFE-4B8B-D743-BA45-6458EFE6CFA5
"Zeus
(Golden Age)",Character,"Justice League
(2017)","Superman #28
""Stand-In for Hercules""",May-44,N,"Jerome ""Jerry"" Siegel",writer,Continuity; Settlement,,Deceased Settlement is with heirs.,,12FADD99-9523-C941-B235-025376C829A7
,Character,,,,,Ian Yarbrough,pencils,None,,,,C60BC942-5110-2145-8B29-E5F1744AA68D
,Character,,,,,George Roussos,inks,None,,Deceased,,7B42D7F2-9C28-704D-8EA3-958C5DF2C485
,Character,,,,,Wayne Boring,cover pencils,None,,Deceased,,4BC1BC27-F2A0-FF4C-B046-F91DDF8187EE
,Character,,,,,Stan Kaye,cover inks,None,,Deceased,,2D42BB2B-2AC8-5D49-B9B1-31581B03554C
"Zeus
(Shazam)",Character,,"in Fawcett Comics:
America's Greatest Comics #5
""The Lost Lightning""",Dec-42,,Dave Berg,"writer, pencils, inks",,,"DC does not have a copy of this comic so this appearance cannot be confirmed.
See also: License agreement with Fawcett Publications",,553A1A69-61F8-B547-A6FC-BDE110BBE880
,Character,,,,,C.C. Beck,cover pencils,,,,,469DB41A-12E4-0E49-BE56-0A3DE775A16B
,Character,,,,,Pete Costanza,cover inks,,,,,2934E361-34F3-5043-A0FE-1967F2A4A7D3
,Character,,"in DC Comics:
Shazam #26",Nov-76,N,E. Nelson Bridwell,writer,N/A,,"Bridwell was an employee of DC at this time.
Deceased",,58964C31-72AC-264C-B298-6A402C196CDE
,Character,,,,,Kurt Schaffenberger,"pencils, inks, cover inks",N/A,,"Schaffenberger was an employee of DC at this time.
Deceased",,3B3939A7-7D3A-1640-818D-AB7978A00661
,Character,,,,,Ernie Chan,cover pencils,None,,Deceased,,FC01FFBC-7E0E-E84C-871E-E687D9670D82
"Zeus
(Post-Crisis)",Character,"Justice League
(2017)",Wonder Woman #1,Feb-87,N,Greg Potter,writer,WFH; Development,,,,00157553-CFB6-6D41-918F-A4F617CB80BC
,Character,,,,,George Perez,"plot, pencil, cover",Continuity,,,,294CCF3E-E9E1-474D-89E0-9D619086BEC2
,Character,,,,,Bruce Patterson,inks,WFH,,,,F59D42BC-540F-754D-9E4E-FA98BFC55CF1
,Character,,,,,Tatjana Wood,color,N/A,,,,0CCBF92A-5C6F-7F49-961E-F8140F4C463F
"Zeus
(Kingdom Come; The Quintessence)",Character,,Kingdom Come #3,Jul-96,N,Mark Waid,writer,Writer,,,,54908853-11B7-8943-B550-F942C28DACF8
,Character,,,,,Alex Ross,all art incl. cover,Artist,,,,8323AD77-CA5E-1F41-8EDE-B54D9122D068
"Zeus
(New 52; Zeke)",Character,"Justice League
(2017)",Wonder Woman #3,Jan-12,N,Brian Azzarello,writer,WFH,,,,9DC6D832-6C73-484F-9CB9-612E20C414CE
,Character,,,,,Cliff Chiang,"pencils, inks, cover",WFH,,,,97B7752B-B16C-A744-BC15-D463D2C16A97
,Character,,,,,Matthew Wilson,color,N/A,,,,8E69ACC1-46BF-B74D-A867-97A863938FA0
Zhay Daggle,Character,,Legion of Super-Heroes #8,Jun-90,N,Tom Bierbaum,writer,WFH,,,,1C8D19DF-03E0-024C-B898-91FB56163A6B
,Character,,,,,Mary Bierbaum,writer,WFH,,,,2951B226-97D1-3744-93B7-DD84B76C3A69
,Character,,,,,Keith Giffen,"writer, pencils, cover pencils",WFH,,,,947703F3-16A9-584D-B0B8-9424E5B3952B
,Character,,,,,Chris Sprouse,pencils,WFH,,,,AB6DE21D-E1BB-FA48-B045-E4125CC8894B
,Character,,,,,Al Gordon,"writer, inks, cover inks",WFH,,,,71BA15C2-22CC-8749-BADC-FF015F916343
,Character,,,,,Tom McCraw,color,N/A,,,,BD4E249F-3EC3-B74B-877D-C1980960A600
"Zod
(Dru-Zod)",Character,Lego Batman,"Adventure Comics #283
""The Phantom Superboy""",Apr-61,N,Robert Bernstein,writer,None,,Deceased,,36F7FDEE-E59F-9043-9818-C96FA8537EA7
,Character,,,,,George Papp,"pencils, inks",None,,Deceased,,80482924-1E58-8D43-8849-5957EC2E80FA
,Character,,,,,Curt Swan,cover pencils,None,,Deceased,,72A30AA4-03AA-E84A-ACB8-730BF83C1C7E
,Character,,,,,Stan Kaye,cover inks,None,,Deceased,,9DC40BC4-1E6A-7F47-A728-248B42F88074
Zodiac Master,Character,Lego Batman,"Detective Comics #323
""The Zodiac Master""",Jan-64,Y,Dave Wood,writer,None,,Deceased,,B4E3F0DE-5827-FB4C-A529-A24872378BB8
,Character,,,,,Sheldon Moldoff,"pencils, cover",None,,"Deceased
Per the library and Wayne Smith (Corp. Legal), please check to see if Bob Kane should also be included in credits.",,1799E9DE-4C60-6D48-A602-8AC8B893AD90
,Character,,,,,Charles Paris,inks,None,,Deceased,,3BA55FEB-FBB2-B147-841C-60B9603283CE
"Zoe Torres
(Zoe Lawton)",Character,,Deadshot #1,Feb-05,N,Christos N. Gage,writer,WFH,,,,9CF62C00-FB9C-8743-B205-9C41A6CF8F49
,Character,,,,,Steven Cummings,pencils,WFH,,,,E54E55F7-9174-2742-8AC7-09135C2C063D
,Character,,,,,Jimmy Palmiotti,inks,WFH,,,,2B2C8522-6870-BC48-9B9F-110AE930B8A6
,Character,,,,,Mike Zeck,cover pencils,WFH,,,,DCEA29CD-0F3E-6442-A4B0-81DD8656D990
,Character,,,,,Jerry Ordway,cover inks,WFH,,,,684A327E-B116-9543-AE30-7811D284707A
,Character,,,,,James Sinclair,color,N/A,,,,63BEC813-C80B-8349-AA8B-7CC7EAAC4A8B
Zoltof,Character,"Point Blank
Sleeper",Point Blank #1,Oct-02,N,Ed Brubaker,writer,WFH,,,,3F29BCF2-AD2C-B14E-BCEB-9C84DEF4608D
,Character,,,,,Colin Wilson,"pencils, inks, variant cover",WFH,,,,7C53FFFC-FCD6-0541-AA91-607393278B6B
,Character,,,,,Simon Bisley,cover,WFH,,,,7251765B-EDC7-834D-ABB2-65EF44866F86
,Character,,,,,Janet Gale,color,N/A,,,,98231721-289A-8E4C-8B77-593D3E2D121A
Zook,Character,,"Detective Comics #311
Martian Manhunter: ""The Invaders from the Space Warp""",Jan-63,N,Jack Miller,writer,None,,Miller was an employee at the time.,Cleared by Jay for Creative for use as Featured Character in Space Cabbie Series 03/23/21,6FCD8020-1082-EA41-88B0-407B3BEE675F
,Character,,,,,Joe Certa,"pencils, inks",Creator Recognition,,,,B3D9DAFB-354A-8544-87FD-FB6D3DF25CD1
"Zoom
(Hunter Zolomon)",Character,"Flash 201
(10/6/2015)","as Hunter Zolomon:
The Flash: Secret Files and Origins #3
""Rogues""",Nov-01,N,Geoff Johns,writer,WFH,,,,3EE99472-C0D8-FD43-B521-A3B21C5491E2
,Character,,,,,Scott Kolins,"pencils, cover",WFH,,,,34F21107-D4C0-4148-953D-3FA28CA3A48F
,Character,,,,,"Jose Marzan, Jr.",inks,WFH,,,,DCCDAFA1-73BB-A44A-8663-C43CBF226469
,Character,,,,,Digital Chameleon,color,N/A,,,,6DA27C45-46EB-694E-8438-AA2761BE95BD
,Character,,,,,Tom McCraw,color,N/A,,,,AAD460D1-42AC-3C4D-8E64-BEEFED1A179D
,Character,,"as Zoom:
The Flash #197",Jun-03,Y,Geoff Johns,writer,Exclusive,,"We have WFH agreements for Johns' entire run on Flash (#164-225) EXCEPT #174, 195-197.",,3EF3BA75-9A66-4949-89DA-B46A5F839A09
,Character,,,,,Scott Kolins,"pencils, cover",WFH,,,,DCC72E89-E413-7849-89B6-6A4D160B2922
,Character,,,,,Doug Hazlewood,inks,WFH,,,,D4565CA0-306B-314F-B4CF-41ED623C5E51
,Character,,,,,James Sinclair,color,N/A,,,,95D46FE1-F1EB-BE43-A38C-461E3521E725
"Agatha Zorbatos
(Warden Agatha Zorbatos)",Character,,Batman vol 4 #23.4: Bane,Nov-13,N,Peter Tomasi,writer,WFH,,,,E4E0A5FF-B28A-6342-8E33-79EC350690A0
,Character,,,,,Graham Nolan,"pencils, inks",WFH,,,,0A41DE5A-188A-E145-BF27-145DF142B969
Zor-El,Character,"Supergirl 113
(2/8/2016)","Action Comics #252
""The Supergirl From Krypton""",May-59,N,Otto Binder,writer,None,,Deceased,,8769FE64-D903-AB40-ABB1-B9D24BE4C802
,Character,,,,,Al Plastino,"pencils, inks",None,,Deceased,,3A16756D-AAFA-364B-878C-45AB9276A872
,Character,,,,,Curt Swan,cover pencils,None,,Deceased,,D1D67ED0-9C8A-9740-AA7B-9A0286A630ED
,Character,,,,,Stan Kaye,cover inks,None,,Deceased,,9D5F9054-582D-D547-90C8-DFA8A03D9A07
Kord Omniversal Research and Development Industries,Location,,,,,,,,,,,B89ABED4-A1F1-5C4E-ACFF-8C1614EACCA6
Chaos Crystal,Property,,,,,,,,,,,85ED91B7-48C0-F74C-A192-A35452777AB7
"Black Condor
(Richard Grey, Jr.)",Character,,,,,,,,,,,FF5933DC-39F5-EE47-8BF7-B6A03B94C535
"Black Condor
(Ryan Kendall)",Character,,,,,,,,,,,9C53FB1D-5FB2-834F-9A58-2CC889356A26
"Black Condor
(John Trujillo)",Character,The Ray (WBA),Uncle Sam and the Freedom Fighters #3,Nov-06,Y,Justin Gray,co-writer,WFH,,,,298B928E-DF55-8943-B2C5-9DC03541009E
,Character,,,,,Jimmy Palmiotti,co-writer,WFH,,,,4DE62608-A8B9-D340-919A-3EC86B6268F7
,Character,,,,,Daniel Acuña,"pencils, inks, cover, color",WFH,,,,6E673FB6-696D-1C40-A70C-1DB87C37271C
Black Zero,Character,,Superman #205,Mar-64,,,,,,,,72A49DBB-F316-5941-9EF8-0FB9F38D134B
"Black Zero
(Superboy Clone)",Character,,Superboy #62,Apr-95,,,,,,,,C0BD045E-15A8-F443-A101-B52716A7FC83
Black Zero Virus,Property,,Superman Plus Legion of Super-Heroes #1,,,,,,,,,9604C5E0-B731-CA4F-824B-E304B33A58DD
"Metropolis Monarchs
(Basketball team)",Property,,Superman Inc.,Nov-99,N,Steve Vance,writer,,,,,9CD0955E-08B0-F149-99B9-DFAB85F0E7D2
,Property,,,,,Jose Luis Garcia-Lopez,"pencils, cover pencils",,,,,A4B3D48A-38DB-BD4F-9525-558067CB2478
,Property,,,,,Mark Farmer,inks,,,,,36BE445A-F883-E54B-BCD1-C4E9C135F19F
,Property,,,,,Kevin Nowlan,cover inks,,,,,941F5C97-5397-E941-B44C-E445EBD3789B
,Property,,,,,Dave Stewart,color,N/A,,,,6729E993-F292-3A47-9A2F-36E50227C743
Legion Flight Ring,Property,,Adventure Comics #329,Feb-65,N,,,,,,,88D13FA8-86BD-4747-AD7B-8E90A80496D5
Coluans,Property,,Action Comics #216,May-56,,,,,,,,B12A7035-752A-3F4E-A3D0-068D016B6BC2
"Red Death
(Spy Smasher villain)",Character,,"in Fawcett Comics:
Spy Smasher #2
""The Red Death""",Dec-41,N,Manly Wade Wellman,writer,,,,,46506A17-B814-5D43-91EB-DDB458B983FC
,Character,,,,,Charles Sultan,"pencils, inks, cover",,,,,B9AA17A4-FFC8-CF49-A8BE-514376BEDD0B
"Red Death
(Harold Kramer)",Character,,"Adventure Comics #479
""The Red Death""",Mar-81,N,Russell Frakes,creator,,,All heroes & villains in the Dial H series were submitted by readers who signed waivers. Check warehouse box #699835830,,FC6C1CB2-32E4-7B4D-8FB0-B199795118A9
,Character,,,,,Marv Wolfman,writer,,,,,FA0B5AEB-54A4-D243-87A2-95608B4690B1
,Character,,,,,Carmine Infantino,"pencils, cover pencils",,,,,173607D6-5912-1944-A3C9-D63D79BB98F6
,Character,,,,,Dennis Janke,inks,,,,,72F15F5E-F9CE-3645-8B1F-884269029A84
,Character,,,,,Bob Smith,cover inks,,,,,49CCD47D-791A-4049-9143-E5ABA2403667
"Red Death
(Khund)",Character,,Superboy & the Ravers #1,Sep-96,N,Karl Kesel,writer,,,,,9C234B8E-3919-CF4E-AF28-48006893B310
,Character,,,,,Steve Mattson,writer,,,,,A271612F-263F-7743-9228-1FE142167C1F
,Character,,,,,Paul Pelletier,"pencils, cover pencils",,,,,F5EEA24C-7AB4-E840-B4E5-8662237719D8
,Character,,,,,Dan Davis,"inks, cover inks",,,,,06CC3E3E-9013-FF46-A56B-72A4D7DF789F
,Character,,,,,John Kalisz,color,,,,,0A83555A-DB80-D64B-8373-CBA939E10253
"Red Death
(Dark Multiverse)",Character,Flash 512,Dark Days: The Casting #1,Sep-17,N,Scott Snyder,writer,Exclusive; WFH,,,,9D062ED6-CAAB-8C40-9F0D-1B32E942C0F1
,Character,,,,,James Tynion IV,writer,Exclusive; WFH,,,,699F021A-4064-6345-90F6-A85EE5007748
,Character,,,,,Jim Lee,"pencils, cover pencils",Firewall Services Agreement,,,,5551D038-9806-1A40-AD7B-7CA6236D0877
,Character,,,,,Andy Kubert,"pencils, variant cover",WFH,,,,4A77AD0F-DB06-3145-86F5-E04E990137D3
,Character,,,,,"John Romita, Jr.","pencils, variant cover pencils",WFH,,,,27D0D139-DCE3-FE45-8AF1-33756D23DADC
,Character,,,,,Scott Williams,"inks, cover inks",WFH,,,,2598C7EF-A1AB-2941-A703-63507B0FFD46
,Character,,,,,Klaus Janson,inks,WFH,,,,251BE75C-740D-E94F-8F74-D740FA93E145
,Character,,,,,Danny Miki,"inks, variant cover inks",WFH,,,,54609BD5-03D8-B345-8048-9AFEDEC8F1B4
,Character,,,,,Alex Sinclair,color,Exclusive; WFH,,,,4BDB9E1A-ED45-2346-8A1F-9B4D2C06FBA9
,Character,,,,,Jeremiah Skipper,color,WFH,,,,D943271A-ABF7-EA47-8743-570034014DD3
"Rhea
(Mythological figure. See also: Lodestone; Queen Rhea)",Character,,New Teen Titans #11,Aug-85,N,Marv Wolfman,writer,,,,,6E2B217D-63A4-7A48-8B32-21C283F7BAD3
,Character,,,,,Jose Luis Garcia-Lopez,pencils,,,,,8782129F-25B9-C843-A0EF-3244424EC711
,Character,,,,,Romeo Tanghal,inks,,,,,0385F9C6-A975-404F-9F42-77272D11AECF
,Character,,,,,Eduardo Barreto,cover,,,,,C63ED16D-8B47-4146-8678-8C44E6CD685B
,Character,,,,,Adrienne Roy,color,Exclusive,,Deceased,,9F2533AA-710F-4748-B7ED-0561066DFA7F
Tad Trigger,Character,,Detective Comics #667,,,,,,,,,71519227-BE18-5A46-82AC-99FAF5A6E620
Tom Trigger,Character,,,,,,,,,,,82D2AD1B-0BE6-784B-B34B-842EBB9CCD94
"Super-Chief
(Saganowahna; Flying Stag)",Character,,"All-Star Western #117
""The Crowning of Super-Chief!""",Feb-61,N,Gardner Fox,writer,Creator Recognition,,Deceased Creator Recognition Agreement is with heirs.,,1CB53BAD-0758-A544-846C-0D303A04F984
,Character,,,,,Carmine Infantino,"pencils, inks",Settlement,,Deceased,,B09B514A-7348-3145-9C4D-C55D0DC7B132
,Character,,,,,Gil Kane,cover pencils,None,,Deceased,,D0EF5A98-413F-B546-A5BB-CDF20F56FA20
,Character,,,,,Joe Giella,cover inks,None,,,,EF0102C7-DEE5-E646-BD6F-B4216024DBD2
"Super-Chief
(Saganowahna; Jon Standing Bear)",Character,,,,,,,,,,,ABF9D52B-1DA0-384B-83DA-9D5F0546C239
"Batwing
(David Zavimbe)",Character,,Batman Incorporated #5,,,,,,,,,E0791599-7F56-254F-A3EF-5FEFFF599409
Batcave,Location,,"as The Bat's Cave:
Batman tv serial",,,,,,,,,4978D0CA-4B90-4840-94E8-FF0302806A3D
Excelsior Academy,Location,,"Smallville 319
""Wither""",,,,,,,,,A30558B3-BD7D-574D-89BB-02CCB4FD5D3D
"Fred Farrell, Jr.
(Fireman Farrell; 
Chief Farrell)",Character,,"""The School for Smoke-Eaters"" 
Showcase #1",Mar-56,Y,Arnold Drake,writer,None,,Deceased,,4B012031-4E67-514C-9E92-6667A7A9E352
,Character,,,,,John Prentice,"pencils, inks, cover",None,,Deceased,,284B2E0C-38C4-9340-BCAC-750E01B6FF0E
