Property Character Location Other,Project Requested,First appearance:,,Appears On Cover? (Y/N),Talent:,,,,Talent/Agreement  Notes,Rights/Additional Notes,VALIDATED,,,,,,,,,,,,,,,,,,,,,,,,,,,,,,,,,,,,,,
,,Issue,Date,,Name,Service,Agreement Type,Equity,,,,,,,,,,,,,,,,,,,,,,,,,,,,,,,,,,,,,,,,,
100 Bullets,,100 Bullets #1,Aug-1999,Y,Brian Azzarello,writer,Sole Creator/All Rights; Writer,1998,Assignment agreement between Azzarello & Risso (sharing creator credit),,,,,,,,,,,,,,,,,,,,,,,,,,,,,,,,,,,,,,,,
,,,,,Eduardo Risso,"pencils, inks",WFH,1998,,,,,,,,,,,,,,,,,,,,,,,,,,,,,,,,,,,,,,,,,
,,,,,Dave Johnson,cover,WFH,,,,,,,,,,,,,,,,,,,,,,,,,,,,,,,,,,,,,,,,,,
,,,,,Grant Goleash,color,N/A,,,,,,,,,,,,,,,,,,,,,,,,,,,,,,,,,,,,,,,,,,
"The 1000
(The 10; The 100)",Black Lightning 101,"Superman's Girl-Friend, Lois Lane #105
""Death House Honeymoon""",Oct-1970,N,Robert Kanigher,writer,N/A,,"Kanigher was an employee of DC from 2/3/47 through 5/31/82.
Deceased",,,,,,,,,,,,,,,,,,,,,,,,,,,,,,,,,,,,,,,,
,,,,,Ross Andru,pencils,None,,Deceased,,,,,,,,,,,,,,,,,,,,,,,,,,,,,,,,,,,,,,,,
,,,,,Art Saaf,pencils,None,,Deceased,,,,,,,,,,,,,,,,,,,,,,,,,,,,,,,,,,,,,,,,
,,,,,Mike Esposito,inks,None,,Deceased,,,,,,,,,,,,,,,,,,,,,,,,,,,,,,,,,,,,,,,,
,,,,,Curt Swan,cover pencils,None,,Deceased,,,,,,,,,,,,,,,,,,,,,,,,,,,,,,,,,,,,,,,,
,,,,,Murphy Anderson,cover inks,None,,Deceased,,,,,,,,,,,,,,,,,,,,,,,,,,,,,,,,,,,,,,,,
Aaron Cash,Lego Batman,Arkham Asylum: Living Hell #1,Jul-2003,N,Dan Slott,writer,WFH,,Character Equity agreement sent.,,,,,,,,,,,,,,,,,,,,,,,,,,,,,,,,,,,,,,,,
,,,,,Ryan Sook,"pencils, inks",WFH,2017,"Sook signed a WFH agreement for the cover of this issue; however, Powell clearly did the artwork. We do have WFH for Powell for issues #2-6.",,,,,,,,,,,,,,,,,,,,,,,,,,,,,,,,,,,,,,,,
,,,,,Eric Powell,cover,None,,,,,,,,,,,,,,,,,,,,,,,,,,,,,,,,,,,,,,,,,,
,,,,,Lee Loughridge,color,N/A,,,,,,,,,,,,,,,,,,,,,,,,,,,,,,,,,,,,,,,,,,
Abel,,DC Special #4,Jul-1969,N,Joe Orlando,"writer, pencils, inks, editor",None,,Deceased,,,,,,,,,,,,,,,,,,,,,,,,,,,,,,,,,,,,,,,,
,,,,,Bob Haney,writer,Contributor Recognition,2014,Deceased Contributor Recognition agreement is with heirs.,,,,,,,,,,,,,,,,,,,,,,,,,,,,,,,,,,,,,,,,
,,,,,Jack Sparling,"pencils, inks",None,,Deceased,,,,,,,,,,,,,,,,,,,,,,,,,,,,,,,,,,,,,,,,
,,,,,Neal Adams,cover,Creator Recognition,,,,,,,,,,,,,,,,,,,,,,,,,,,,,,,,,,,,,,,,,,
"Abigail Arcane Cable Holland
(Abby)",Dark Universe,Swamp Thing #3,Feb-1973,Y,Len Wein,writer,Settlement,2002,Deceased,,,,,,,,,,,,,,,,,,,,,,,,,,,,,,,,,,,,,,,,
,,,,,Berni Wrightson,"pencils, inks, cover",Settlement,2002,Deceased,,,,,,,,,,,,,,,,,,,,,,,,,,,,,,,,,,,,,,,,
Abin Sur,"Green Lantern
(2011)","Showcase #22
""SOS Green Lantern""",Sep-1959,N,John Broome,writer,None,,Deceased,,,,,,,,,,,,,,,,,,,,,,,,,,,,,,,,,,,,,,,,
,,,,,Gil Kane,pencils; cover,None,,Deceased,,,,,,,,,,,,,,,,,,,,,,,,,,,,,,,,,,,,,,,,
,,,,,Murphy Anderson,inks,None,,Deceased,,,,,,,,,,,,,,,,,,,,,,,,,,,,,,,,,,,,,,,,
"Abra Kadabra
(Citizen Abra; Dr. Petrou; Professor Zoom)",Flash 304,"Flash #128
""The Case of the Real-Gone Flash""",May-1962,N,John Broome,writer,None,,Deceased,,,,,,,,,,,,,,,,,,,,,,,,,,,,,,,,,,,,,,,,
,,,,,Carmine Infantino,"pencils, cover pencils",Settlement,2005,Deceased,,,,,,,,,,,,,,,,,,,,,,,,,,,,,,,,,,,,,,,,
,,,,,Joe Giella,"inks, cover inks",None,,,,,,,,,,,,,,,,,,,,,,,,,,,,,,,,,,,,,,,,,,
Acantha,"Wonder Woman
(2017)",Wonder Woman #10,Nov-1987,N,George Perez,"plot, pencils, cover",Continuity,,,,,,,,,,,,,,,,,,,,,,,,,,,,,,,,,,,,,,,,,,
,,,,,Len Wein,script,WFH,,Deceased,,,,,,,,,,,,,,,,,,,,,,,,,,,,,,,,,,,,,,,,
,,,,,Bruce Patterson,inks,WFH,,,,,,,,,,,,,,,,,,,,,,,,,,,,,,,,,,,,,,,,,,
,,,,,Carl Gafford,color,N/A,,,,,,,,,,,,,,,,,,,,,,,,,,,,,,,,,,,,,,,,,,
Accelerated Man,Flash 314,"The Multiversity Guidebook #1
""Earth 19""",Mar-2015,N,Grant Morrison,writer,WFH,,,,,,,,,,,,,,,,,,,,,,,,,,,,,,,,,,,,,,,,,,
,,,,,Giuseppe Camuncoli,pencils,WFH,,,,,,,,,,,,,,,,,,,,,,,,,,,,,,,,,,,,,,,,,,
,,,,,Richard Friend,inks,WFH,,,,,,,,,,,,,,,,,,,,,,,,,,,,,,,,,,,,,,,,,,
,,,,,Rian Hughes,cover,WFH,,,,,,,,,,,,,,,,,,,,,,,,,,,,,,,,,,,,,,,,,,
,,,,,Nathan Fairbarn,color,WFH,,,,,,,,,,,,,,,,,,,,,,,,,,,,,,,,,,,,,,,,,,
Ace Chemical Processing Plant,"Flash 219
(4/26/2016)","Detective Comics #168
""The Man Behind The Red Hood!""",Feb-1951,N,Bill Finger,writer,Contributor Recognition,,Deceased Contributor Recognition Agreement is with heir.,,,,,,,,,,,,,,,,,,,,,,,,,,,,,,,,,,,,,,,,
,,,,,Lew Sayre Schwartz,"pencils, cover pencils",None,,"Deceased
Schwartz's 2010 equity agreement for Deadshot acknowledges that all his services on Batman were WFH, regardless of whether he was employed by DC or Bob Kane.",,,,,,,,,,,,,,,,,,,,,,,,,,,,,,,,,,,,,,,,
,,,,,George Roussos,inks,None,,Deceased,,,,,,,,,,,,,,,,,,,,,,,,,,,,,,,,,,,,,,,,
,,,,,Charles Paris,cover inks,None,,Deceased,,,,,,,,,,,,,,,,,,,,,,,,,,,,,,,,,,,,,,,,
Ace the Bat-Hound,Lego Justice League - Flashpoint,"Batman #92
""Ace the Bat-Hound!""",Jun-1955,Y,Bill Finger,writer,Contributor Recognition,,Deceased Contributor Recognition Agreement is with heir.,,,,,,,,,,,,,,,,,,,,,,,,,,,,,,,,,,,,,,,,
,,,,,Sheldon Moldoff,pencils,None,,"Deceased
Per the library and Wayne Smith (Corp. Legal), please check to see if Bob Kane should also be included in credits.",,,,,,,,,,,,,,,,,,,,,,,,,,,,,,,,,,,,,,,,
,,,,,Stan Kaye,inks,None,,Deceased,,,,,,,,,,,,,,,,,,,,,,,,,,,,,,,,,,,,,,,,
,,,,,"James Winslow ""Win"" Mortimer",cover,None,,Deceased,,,,,,,,,,,,,,,,,,,,,,,,,,,,,,,,,,,,,,,,
"Acid Master
(Philip Master)",Flash 516,"Action Comics #348
""Clark Kent, Fighting Federal Agent!""",Mar-1967,Y,Jim Shooter,writer,None,,,,,,,,,,,,,,,,,,,,,,,,,,,,,,,,,,,,,,,,,,
,,,,,Wayne Boring,"pencils, inks",None,,Deceased,,,,,,,,,,,,,,,,,,,,,,,,,,,,,,,,,,,,,,,,
,,,,,Curt Swan,cover pencils,None,,Deceased,,,,,,,,,,,,,,,,,,,,,,,,,,,,,,,,,,,,,,,,
,,,,,George Klein,cover inks,None,,Deceased,,,,,,,,,,,,,,,,,,,,,,,,,,,,,,,,,,,,,,,,
"Acrata
(Andrea Rojas)",Supergirl Season 5,Superman Annual #12,Aug-2000,Y,Oscar Pinto,writer,WFH,,,,,,,,,,,,,,,,,,,,,,,,,,,,,,,,,,,,,,,,,,
,,,,,Francisco Haghenbeck,writer,WFH,,,,,,,,,,,,,,,,,,,,,,,,,,,,,,,,,,,,,,,,,,
,,,,,Brian K. Vaughan,writer,WFH,,,,,,,,,,,,,,,,,,,,,,,,,,,,,,,,,,,,,,,,,,
,,,,,Carlo Barberi,pencils,WFH,,,,,,,,,,,,,,,,,,,,,,,,,,,,,,,,,,,,,,,,,,
,,,,,Marlo Alquiza,inks,WFH,,,,,,,,,,,,,,,,,,,,,,,,,,,,,,,,,,,,,,,,,,
,,,,,Juan Vlasco Hernandez,inks,WFH,,,,,,,,,,,,,,,,,,,,,,,,,,,,,,,,,,,,,,,,,,
,,,,,Humberto Ramos,cover pencils,WFH,,,,,,,,,,,,,,,,,,,,,,,,,,,,,,,,,,,,,,,,,,
,,,,,Wayne Faucher,cover inks,WFH,,,,,,,,,,,,,,,,,,,,,,,,,,,,,,,,,,,,,,,,,,
,,,,,Rob Schwager,color,N/A,,,,,,,,,,,,,,,,,,,,,,,,,,,,,,,,,,,,,,,,,,
"Adam Fells 
(Geomancer)","Flash 213
(2/9/2016)",JSA #5,Dec-1999,N,David S. Goyer,Writer,WFH,,,,,,,,,,,,,,,,,,,,,,,,,,,,,,,,,,,,,,,,,,
,,,,,James Robinson,Writer,WFH; Exclusive,,,,,,,,,,,,,,,,,,,,,,,,,,,,,,,,,,,,,,,,,,
,,,,,Derec Aucoin,Pencils,WFH,,,,,,,,,,,,,,,,,,,,,,,,,,,,,,,,,,,,,,,,,,
,,,,,"Michael Bair
(Michael Hernandez)",Inks,WFH,,,,,,,,,,,,,,,,,,,,,,,,,,,,,,,,,,,,,,,,,,
,,,,,John Kalisz,Color,N/A,,,,,,,,,,,,,,,,,,,,,,,,,,,,,,,,,,,,,,,,,,
,,,,,Alan Davis,Cover Pencils,WFH,,,,,,,,,,,,,,,,,,,,,,,,,,,,,,,,,,,,,,,,,,
,,,,,Mark Farmer,Cover Inks,WFH,,,,,,,,,,,,,,,,,,,,,,,,,,,,,,,,,,,,,,,,,,
Adam Grant,Supergirl 111,Adventures of Superman #429,Jun-1987,Y,Marv Wolfman,writer,WFH,,Character equity agreement sent. (5/31/16),,,,,,,,,,,,,,,,,,,,,,,,,,,,,,,,,,,,,,,,
,,,,,Jerry Ordway,"pencils, inks, cover",WFH,2016,,,,,,,,,,,,,,,,,,,,,,,,,,,,,,,,,,,,,,,,,
,,,,,Thomas Ziuko,color,N/A,,,,,,,,,,,,,,,,,,,,,,,,,,,,,,,,,,,,,,,,,,
Adam Strange,,"Showcase #17
""Secret of the Eternal City""",Nov-1958,Y,Gardner F. Fox,writer,Creator Recognition,2009,Deceased Creator recognition agreement with is with heirs.,,,,,,,,,,,,,,,,,,,,,,,,,,,,,,,,,,,,,,,,
,,,,,Mike Sekowsky,pencils,None,,Deceased,,,,,,,,,,,,,,,,,,,,,,,,,,,,,,,,,,,,,,,,
,,,,,Frank Giacoia,inks,None,,Deceased,,,,,,,,,,,,,,,,,,,,,,,,,,,,,,,,,,,,,,,,
,,,,,Gil Kane,cover,None,,Deceased,,,,,,,,,,,,,,,,,,,,,,,,,,,,,,,,,,,,,,,,
Aella,"Wonder Woman
(2017)",Wonder Woman #1,Feb-1987,N,Greg Potter,writer,WFH,,,,,,,,,,,,,,,,,,,,,,,,,,,,,,,,,,,,,,,,,,
,,,,,George Perez,"plot, pencils, cover",Continuity,,,,,,,,,,,,,,,,,,,,,,,,,,,,,,,,,,,,,,,,,,
,,,,,Bruce Patterson,inks,WFH,,,,,,,,,,,,,,,,,,,,,,,,,,,,,,,,,,,,,,,,,,
,,,,,Tatjana Wood,color,N/A,,,,,,,,,,,,,,,,,,,,,,,,,,,,,,,,,,,,,,,,,,
Agent Goyer,"Point Blank
Sleeper",Sleeper: Season 2 #2,Sep-2004,N,Ed Brubaker,writer,WFH,,,,,,,,,,,,,,,,,,,,,,,,,,,,,,,,,,,,,,,,,,
,,,,,Sean Phillips,"pencils, inks, cover",WFH,,,,,,,,,,,,,,,,,,,,,,,,,,,,,,,,,,,,,,,,,,
,,,,,Carrie Strachan,color,N/A,,,,,,,,,,,,,,,,,,,,,,,,,,,,,,,,,,,,,,,,,,
Agent Lee Caruthers,"Point Blank
Sleeper",Sleeper #8,Oct-2003,N,Ed Brubaker,writer,WFH,,,,,,,,,,,,,,,,,,,,,,,,,,,,,,,,,,,,,,,,,,
,,,,,Sean Phillips,"pencils, inks, cover",WFH,,,,,,,,,,,,,,,,,,,,,,,,,,,,,,,,,,,,,,,,,,
,,,,,Tony Avina,color,N/A,,,,,,,,,,,,,,,,,,,,,,,,,,,,,,,,,,,,,,,,,,
"Agent Liberty
(Ben Lockwood)",Supergirl 402,Superman #60,Oct-1991,N,Dan Jurgens,"writer, pencils, cover pencils",Continuity; WFH,,,,,,,,,,,,,,,,,,,,,,,,,,,,,,,,,,,,,,,,,,
,,,,,Eduardo Barreto,"pencils, inks",WFH,,,,,,,,,,,,,,,,,,,,,,,,,,,,,,,,,,,,,,,,,,
,,,,,Brett Breeding,cover inks,WFH,,,,,,,,,,,,,,,,,,,,,,,,,,,,,,,,,,,,,,,,,,
,,,,,Glenn Whitmore,color,Exclusive,,,,,,,,,,,,,,,,,,,,,,,,,,,,,,,,,,,,,,,,,,
Ahk-Ton,,"The Brave and the Bold #57
First appearance but in hieroglyphics",Jan-1964,N,Bob Haney,writer,Contributor Recognition,,"Deceased. While not expressly referenced in the agreement, the agreement does cover all characters whether referenced or not. Agreement is with heirs.",,,,,,,,,,,,,,,,,,,,,,,,,,,,,,,,,,,,,,,,
,,,,,Ramona Fradon,pencils,Contributor Recognition,,"While not expressly referenced in the agreement, the agreement does cover all characters whether referenced or not.",,,,,,,,,,,,,,,,,,,,,,,,,,,,,,,,,,,,,,,,
,,,,,Charles Paris,inks,None,,,,,,,,,,,,,,,,,,,,,,,,,,,,,,,,,,,,,,,,,,
,,"Batman and the Outsiders #17
First appearance as an actual character",Jan-1984,N,Mike Barr,writer,Writer Agreement,,,,,,,,,,,,,,,,,,,,,,,,,,,,,,,,,,,,,,,,,,
,,,,,Jim Aparo,"pencils, inks",Artist Services Agreement,,"The Agreement is for ""The Outsiders"".",,,,,,,,,,,,,,,,,,,,,,,,,,,,,,,,,,,,,,,,
Alan St. James,"Point Blank
Sleeper",Sleeper #6,Aug-2003,N,Ed Brubaker,writer,WFH,,,,,,,,,,,,,,,,,,,,,,,,,,,,,,,,,,,,,,,,,,
,,,,,Sean Phillips,"pencils, inks, cover",WFH,,,,,,,,,,,,,,,,,,,,,,,,,,,,,,,,,,,,,,,,,,
,,,,,Tony Avina,color,N/A,,,,,,,,,,,,,,,,,,,,,,,,,,,,,,,,,,,,,,,,,,
Alanna,Krypton,"Showcase #17
""Secret of the Eternal City""",Nov-1958,Y,Gardner F. Fox,writer,Creator Recognition,,Deceased. Creator recognition agreement with is with heirs.,,,,,,,,,,,,,,,,,,,,,,,,,,,,,,,,,,,,,,,,
,,,,,Mike Sekowsky,pencils,None,,Deceased,,,,,,,,,,,,,,,,,,,,,,,,,,,,,,,,,,,,,,,,
,,,,,Frank Giacoia,inks,None,,Deceased,,,,,,,,,,,,,,,,,,,,,,,,,,,,,,,,,,,,,,,,
,,,,,Gil Kane,cover,None,,Deceased,,,,,,,,,,,,,,,,,,,,,,,,,,,,,,,,,,,,,,,,
Albert Michaels,,Superman #303,Sep-1976,N,Gerry Conway,writer,,,,,,,,,,,,,,,,,,,,,,,,,,,,,,,,,,,,,,,,,,,
,,,,,Curt Swan,pencils,,,,,,,,,,,,,,,,,,,,,,,,,,,,,,,,,,,,,,,,,,,
,,,,,Bob Oskner,color,,,,,,,,,,,,,,,,,,,,,,,,,,,,,,,,,,,,,,,,,,,
Aldo,"Point Blank
Sleeper",Sleeper: Season 2 #4,Nov-2004,N,Ed Brubaker,writer,WFH,,,,,,,,,,,,,,,,,,,,,,,,,,,,,,,,,,,,,,,,,,
,,,,,Sean Phillips,"pencils, inks, cover",WFH,,,,,,,,,,,,,,,,,,,,,,,,,,,,,,,,,,,,,,,,,,
,,,,,Carrie Strachan,color,N/A,,,,,,,,,,,,,,,,,,,,,,,,,,,,,,,,,,,,,,,,,,
Alex Logue,Legends 504,Hellblazer #11,Nov-1988,N,Jamie Delano,writer,WFH,,,,,,,,,,,,,,,,,,,,,,,,,,,,,,,,,,,,,,,,,,
,,,,,Richard Piers Rayner,pencils,WFH,,,,,,,,,,,,,,,,,,,,,,,,,,,,,,,,,,,,,,,,,,
,,,,,Mark Buckingham,inks,WFH,,,,,,,,,,,,,,,,,,,,,,,,,,,,,,,,,,,,,,,,,,
Alexander Quirk,Flash 420,Hawk & Dove #1,Nov-2011,N,Sterling Gates,writer,WFH,,,,,,,,,,,,,,,,,,,,,,,,,,,,,,,,,,,,,,,,,,
,,,,,Rob Liefeld,"pencils, inks, cover",WFH,,,,,,,,,,,,,,,,,,,,,,,,,,,,,,,,,,,,,,,,,,
,,,,,Matt Yackey,color,N/A,,,,,,,,,,,,,,,,,,,,,,,,,,,,,,,,,,,,,,,,,,
Alfred E. Neuman,,"The MAD Reader
(Ballantine Books)",1954,Y,Harvey Kurtzman,editor,None,,"Per J. Ficarra - Kurtzman claimed & named the character; however Alfred did not become the official ""mascot"" of MAD until Kurtzman's departure from the magazine.",,,,,,,,,,,,,,,,,,,,,,,,,,,,,,,,,,,,,,,,
,,"MAD Debut:
MAD Magazine #21",Mar-1955,Y,Harvey Kurtzman,editor,None,,Per J. Ficarra - No artist created the cover image for this issue. It was created with pick up clip art.,,,,,,,,,,,,,,,,,,,,,,,,,,,,,,,,,,,,,,,,
,,"Full appearance (face & name):
MAD Magazine #30",Nov-1956,Y,Norman Mingo,artist,None,,Deceased,,,,,,,,,,,,,,,,,,,,,,,,,,,,,,,,,,,,,,,,
"Alfred Pennyworth
(Alfred Beagle)",,"Batman #16
""Here Comes Alfred""",Apr-1943,N,Don Cameron,writer,None,,Deceased,,,,,,,,,,,,,,,,,,,,,,,,,,,,,,,,,,,,,,,,
,,,,,Bob Kane,pencils,Services Agreements,,Deceased,,,,,,,,,,,,,,,,,,,,,,,,,,,,,,,,,,,,,,,,
,,,,,Jerry Robinson,"inks, cover",Settlement,,Deceased,,,,,,,,,,,,,,,,,,,,,,,,,,,,,,,,,,,,,,,,
Alice Dee,Gotham 303,Batman: The Dark Knight #17,Apr-2013,N,Gregg Hurwitz,writer,WFH,,,,,,,,,,,,,,,,,,,,,,,,,,,,,,,,,,,,,,,,,,
,,,,,Ethan Van Sciver,"pencils, inks, cover",WFH,,,,,,,,,,,,,,,,,,,,,,,,,,,,,,,,,,,,,,,,,,
,,,,,Brian Miller,color,N/A,,,,,,,,,,,,,,,,,,,,,,,,,,,,,,,,,,,,,,,,,,
Alice Pleasance,Gotham 303,"Batman: The Animated Series
""Mad as a Hatter""",Oct-1992,,Paul Dini,writer,,,,,,,,,,,,,,,,,,,,,,,,,,,,,,,,,,,,,,,,,,,
,,Batman & Robin Adventures #17,Apr-1997,N,Paul Dini,plot,WFH,,,,,,,,,,,,,,,,,,,,,,,,,,,,,,,,,,,,,,,,,,
,,,,,Ty Templeton,"script, cover pencils",WFH,,,,,,,,,,,,,,,,,,,,,,,,,,,,,,,,,,,,,,,,,,
,,,,,Joe Staton,pencils,WFH,,,,,,,,,,,,,,,,,,,,,,,,,,,,,,,,,,,,,,,,,,
,,,,,Rick Burchett,"inks, cover inks",WFH,,,,,,,,,,,,,,,,,,,,,,,,,,,,,,,,,,,,,,,,,,
,,,,,Linda Medley,color,N/A,,,,,,,,,,,,,,,,,,,,,,,,,,,,,,,,,,,,,,,,,,
All-Beard,,Seven Soldiers: The Manhattan Guardian #1,May-2005,N,Grant Morrison,Writer,WFH; Exclusive,2007,,,,,,,,,,,,,,,,,,,,,,,,,,,,,,,,,,,,,,,,,
,,,,,Cameron Stewart,"Pencils, Inks, Cover",WFH,,,,,,,,,,,,,,,,,,,,,,,,,,,,,,,,,,,,,,,,,,
,,,,,"William ""Moose"" Baumann",Color,N/A,,,,,,,,,,,,,,,,,,,,,,,,,,,,,,,,,,,,,,,,,,
Allegra Garcia,Flash 602,"Titans Volume 2 #28
Family Runion Part 1",Dec-2010,N,Eric Wallace,Writer,WFH,,,,,,,,,,,,,,,,,,,,,,,,,,,,,,,,,,,,,,,,,,
,,,,,Fabrizio Fiorentino,"Pencils, Inks",WFH,,,,,,,,,,,,,,,,,,,,,,,,,,,,,,,,,,,,,,,,,,
,,,,,Cliff Richards,"Pencils, Inks",WFH,,,,,,,,,,,,,,,,,,,,,,,,,,,,,,,,,,,,,,,,,,
Allen Phaedon,,Firestorm #14,Aug-2005,N,Stuart Moore,writer,WFH,,,,,,,,,,,,,,,,,,,,,,,,,,,,,,,,,,,,,,,,,,
,,,,,Jamal Igle,pencils,WFH,,,,,,,,,,,,,,,,,,,,,,,,,,,,,,,,,,,,,,,,,,
,,,,,Rob Stull,inks,WFH,,,,,,,,,,,,,,,,,,,,,,,,,,,,,,,,,,,,,,,,,,
,,,,,Matt Haley,cover,WFH,,,,,,,,,,,,,,,,,,,,,,,,,,,,,,,,,,,,,,,,,,
,,,,,Chris Sotomayor,color,N/A,,,,,,,,,,,,,,,,,,,,,,,,,,,,,,,,,,,,,,,,,,
"Allura In-Ze
(Silver Age)",,"Action Comics #252
""The Supergirl From Krypton""",May-1959,N,Otto Binder,writer,None,,Deceased,,,,,,,,,,,,,,,,,,,,,,,,,,,,,,,,,,,,,,,,
,,,,,Al Plastino,"pencils, inks",None,,Deceased,,,,,,,,,,,,,,,,,,,,,,,,,,,,,,,,,,,,,,,,
,,,,,Curt Swan,cover pencils,None,,Deceased,,,,,,,,,,,,,,,,,,,,,,,,,,,,,,,,,,,,,,,,
,,,,,Stan Kaye,cover inks,None,,Deceased,,,,,,,,,,,,,,,,,,,,,,,,,,,,,,,,,,,,,,,,
Alura In-Ze,,Superman/Batman #9,Jun-2004,N,Jeph Loeb,writer,WFH,,,,,,,,,,,,,,,,,,,,,,,,,,,,,,,,,,,,,,,,,,
,,,,,Michael Turner,"pencils, inks, cover",Continuity Artist,,,,,,,,,,,,,,,,,,,,,,,,,,,,,,,,,,,,,,,,,,
,,,,,Peter Steigerwald,color,N/A,,,,,,,,,,,,,,,,,,,,,,,,,,,,,,,,,,,,,,,,,,
Alvin Pierce,Black Lightning 105,Black Lightning #6,Jan-1978,Y,Anthony Isabella,writer,Exclusive; Creator Recognition,2016,,,,,,,,,,,,,,,,,,,,,,,,,,,,,,,,,,,,,,,,,
,,,,,Trevor Von Eeden,pencils,None,2016,,,,,,,,,,,,,,,,,,,,,,,,,,,,,,,,,,,,,,,,,
,,,,,Vince Colletta,"inks, cover inks",Exclusive,,Deceased,,,,,,,,,,,,,,,,,,,,,,,,,,,,,,,,,,,,,,,,
,,,,,Rich Buckler,cover pencils,None,,,,,,,,,,,,,,,,,,,,,,,,,,,,,,,,,,,,,,,,,,
,,,,,Jerry Serpe,color,N/A,,,,,,,,,,,,,,,,,,,,,,,,,,,,,,,,,,,,,,,,,,
AmerTek Industries,"Flash
(2018)",Steel #1,Feb-1994,N,Jon Bogdanove,"writer, cover pencils",Continuity; Exclusive,,,,,,,,,,,,,,,,,,,,,,,,,,,,,,,,,,,,,,,,,,
,,,,,Louise Simonson,writer,Continuity,,,,,,,,,,,,,,,,,,,,,,,,,,,,,,,,,,,,,,,,,,
,,,,,Chris Batista,pencils,WFH,,,,,,,,,,,,,,,,,,,,,,,,,,,,,,,,,,,,,,,,,,
,,,,,Rich Faber,inks,WFH,,,,,,,,,,,,,,,,,,,,,,,,,,,,,,,,,,,,,,,,,,
,,,,,Dennis Janke,cover inks,None,,,,,,,,,,,,,,,,,,,,,,,,,,,,,,,,,,,,,,,,,,
,,,,,Gina Going-Raney,color,N/A,,,,,,,,,,,,,,,,,,,,,,,,,,,,,,,,,,,,,,,,,,
Almerac,"Supergirl 119
(4/11/2016)",Action Comics #645,Sep-1989,N,Roger Stern,writer,WFH,Y,,,,,,,,,,,,,,,,,,,,,,,,,,,,,,,,,,,,,,,,,
,,,,,George Perez,"writer, pencils, cover",WFH,Y,,,,,,,,,,,,,,,,,,,,,,,,,,,,,,,,,,,,,,,,,
,,,,,Brett Breeding,inks,WFH,,,,,,,,,,,,,,,,,,,,,,,,,,,,,,,,,,,,,,,,,,
,,,,,Glenn Whitmore,color,N/A,,,,,,,,,,,,,,,,,,,,,,,,,,,,,,,,,,,,,,,,,,
Amalak,Supergirl 217,Superman #190,Oct-1966,N,Jim Shooter,writer,None,,,,,,,,,,,,,,,,,,,,,,,,,,,,,,,,,,,,,,,,,,
,,,,,Wayne Boring,"pencils, inks",None,,Deceased,,,,,,,,,,,,,,,,,,,,,,,,,,,,,,,,,,,,,,,,
,,,,,Curt Swan,cover pencils,None,,Deceased,,,,,,,,,,,,,,,,,,,,,,,,,,,,,,,,,,,,,,,,
,,,,,George Klein,cover inks,None,,Deceased,,,,,,,,,,,,,,,,,,,,,,,,,,,,,,,,,,,,,,,,
Amanda Waller,"Suicide Squad
(2016)","Legends #1
""Once Upon A Time""",Nov-1986,N,John Ostrander,plot,WFH,2004,,,,,,,,,,,,,,,,,,,,,,,,,,,,,,,,,,,,,,,,,
,,,,,Len Wein,dialogue,WFH,,Deceased,,,,,,,,,,,,,,,,,,,,,,,,,,,,,,,,,,,,,,,,
,,,,,John Byrne,"pencils, cover",Continuity; WFH,,Character equity agreement sent; never signed.,,,,,,,,,,,,,,,,,,,,,,,,,,,,,,,,,,,,,,,,
,,,,,Karl Kesel,inks,WFH,,,,,,,,,,,,,,,,,,,,,,,,,,,,,,,,,,,,,,,,,,
,,,,,Thomas Ziuko,color,N/A,,,,,,,,,,,,,,,,,,,,,,,,,,,,,,,,,,,,,,,,,,
Amandiel,"Lucifer 101
(1/25/2016)",Sandman Presents: Lucifer #1,Mar-1999,N,Mike Carey,writer,WFH,,,,,,,,,,,,,,,,,,,,,,,,,,,,,,,,,,,,,,,,,,
,,,,,Scott Hampton,"pencils, inks, cover",WFH,,,,,,,,,,,,,,,,,,,,,,,,,,,,,,,,,,,,,,,,,,
,,,,,Todd Klein,color,N/A,,,,,,,,,,,,,,,,,,,,,,,,,,,,,,,,,,,,,,,,,,
Amanita,,Green Lantern #20,Jan-1992,N,Gerard Jones,writer,Continuity,,DC no longer has an active relationship with Jones due to criminal conviction.,,,,,,,,,,,,,,,,,,,,,,,,,,,,,,,,,,,,,,,,
,,,,,Pat Broderick,"pencils, cover",WFH,,,,,,,,,,,,,,,,,,,,,,,,,,,,,,,,,,,,,,,,,,
,,,,,Romeo Tanghal,inks,WFH,,,,,,,,,,,,,,,,,,,,,,,,,,,,,,,,,,,,,,,,,,
,,,,,Anthony Tollin,color,N/A,,,,,,,,,,,,,,,,,,,,,,,,,,,,,,,,,,,,,,,,,,
Amazo,Arrow 709,Brave & the Bold #30,Jun-1960,Y,Gardner F. Fox,writer,Creator Recognition,,Deceased Creator recognition agreement is with heirs.,,,,,,,,,,,,,,,,,,,,,,,,,,,,,,,,,,,,,,,,
,,,,,Mike Sekowsky,"pencils, cover pencils",None,,Deceased,,,,,,,,,,,,,,,,,,,,,,,,,,,,,,,,,,,,,,,,
,,,,,Bernard Sachs,inks,None,,Deceased,,,,,,,,,,,,,,,,,,,,,,,,,,,,,,,,,,,,,,,,
,,,,,Murphy Anderson,cover inks,None,,Deceased,,,,,,,,,,,,,,,,,,,,,,,,,,,,,,,,,,,,,,,,
Ambush Bug,"Flash 207
(11/17/2015)",DC Comics Presents #52,Dec-1982,N,Paul Kupperberg,writer,Exclusive; WFH Acknowledgment,,,,,,,,,,,,,,,,,,,,,,,,,,,,,,,,,,,,,,,,,,
,,,,,Keith Giffen,"pencils, cover pencils",Creative Contributor,Y,,,,,,,,,,,,,,,,,,,,,,,,,,,,,,,,,,,,,,,,,
,,,,,Sal Trapani,inks,None,,,,,,,,,,,,,,,,,,,,,,,,,,,,,,,,,,,,,,,,,,
,,,,,Dick Giordano,cover inks,N/A,,"Giordano may have been an employee of DC at this time.
Deceased",,,,,,,,,,,,,,,,,,,,,,,,,,,,,,,,,,,,,,,,
,,,,,Gene D'Angelo,color,N/A,,,,,,,,,,,,,,,,,,,,,,,,,,,,,,,,,,,,,,,,,,
"American Security Agency
(A.S.A.)",Black Lightning 105,Batman & the Outsiders Annual #1,1984,N,Mike W. Barr,writer,Writer,,,,,,,,,,,,,,,,,,,,,,,,,,,,,,,,,,,,,,,,,,
,,,,,Jerome Moore,pencils,WFH,,,,,,,,,,,,,,,,,,,,,,,,,,,,,,,,,,,,,,,,,,
,,,,,Alex Saviuk,pencils,WFH,,,,,,,,,,,,,,,,,,,,,,,,,,,,,,,,,,,,,,,,,,
,,,,,Jan Duursema,pencils,WFH,,,,,,,,,,,,,,,,,,,,,,,,,,,,,,,,,,,,,,,,,,
,,,,,Rick Hoberg,pencils,WFH,,,,,,,,,,,,,,,,,,,,,,,,,,,,,,,,,,,,,,,,,,
,,,,,Jim Aparo,"inks, cover inks",Artist; WFH,,Deceased,,,,,,,,,,,,,,,,,,,,,,,,,,,,,,,,,,,,,,,,
,,,,,Frank Miller,cover pencils,WFH,,,,,,,,,,,,,,,,,,,,,,,,,,,,,,,,,,,,,,,,,,
,,,,,Adrienne Roy,color,Exclusive,,Deceased,,,,,,,,,,,,,,,,,,,,,,,,,,,,,,,,,,,,,,,,
"American Virgin
f/k/a Virgin",,American Virgin #1,May-2006,Y,Steve Seagle,writer,Joint Creator/First & Last Rights; Writer,2004,This property reverted to the creators in 2013. The property and all associated characters are not available for use.,,,,,,,,,,,,,,,,,,,,,,,,,,,,,,,,,,,,,,,,
,,,,,Rebecca Cloonan,"pencils, inks",Joint Creator/First & Last Rights; Artist,2005,,,,,,,,,,,,,,,,,,,,,,,,,,,,,,,,,,,,,,,,,
,,,,,Brian Miller,color,N/A,,,,,,,,,,,,,,,,,,,,,,,,,,,,,,,,,,,,,,,,,,
,,,,,"Vincent Deighan
(Frank Quitely)",cover,WFH,,,,,,,,,,,,,,,,,,,,,,,,,,,,,,,,,,,,,,,,,,
"Amethyst
(Amy Winston; Amaya; Amethyst, Princess of Gemworld )",,"Legion of Super-Heroes #298
""Duel in Dark Magic""",Apr-1983,N,Gary Cohn,writer,WFH,1981,,,,,,,,,,,,,,,,,,,,,,,,,,,,,,,,,,,,,,,,,
,,,,,Dan Mishkin,writer,WFH,1981,,,,,,,,,,,,,,,,,,,,,,,,,,,,,,,,,,,,,,,,,
,,,,,Ernie Colon,"pencils, inks",WFH,1983,,,,,,,,,,,,,,,,,,,,,,,,,,,,,,,,,,,,,,,,,
,,,,,Thomas Ziuko,color,N/A,,,,,,,,,,,,,,,,,,,,,,,,,,,,,,,,,,,,,,,,,,
,,,,,Keith Giffen,cover pencils,WFH,,,,,,,,,,,,,,,,,,,,,,,,,,,,,,,,,,,,,,,,,,
,,,,,Larry Mahlstedt,cover inks,WFH,,,,,,,,,,,,,,,,,,,,,,,,,,,,,,,,,,,,,,,,,,
"Amon Tomaz
(Osiris)",,"Teen Titans #38
First Appearance -  in a Photo marked ""Osiris""",Sep-2006,N,Geoff Johns,writer,WFH,,,,,,,,,,,,,,,,,,,,,,,,,,,,,,,,,,,,,,,,,,
,,,,,Carlos Ferreira,pencils,WFH,,,,,,,,,,,,,,,,,,,,,,,,,,,,,,,,,,,,,,,,,,
,,,,,Art Thibert,inks,WFH,,,,,,,,,,,,,,,,,,,,,,,,,,,,,,,,,,,,,,,,,,
,,,,,Drew Geraci,inks,WFH,,,,,,,,,,,,,,,,,,,,,,,,,,,,,,,,,,,,,,,,,,
,,"52 #23
First appearance as an actual character",Dec-2006,N,Geoff Johns,writer,WFH,,,,,,,,,,,,,,,,,,,,,,,,,,,,,,,,,,,,,,,,,,
,,,,,Grant Morrison,writer,WFH,,,,,,,,,,,,,,,,,,,,,,,,,,,,,,,,,,,,,,,,,,
,,,,,Greg Rucka,writer,WFH,,,,,,,,,,,,,,,,,,,,,,,,,,,,,,,,,,,,,,,,,,
,,,,,Mark Waid,writer,WFH,,,,,,,,,,,,,,,,,,,,,,,,,,,,,,,,,,,,,,,,,,
,,,,,Keith Giffen,pencils,Continuity,,,,,,,,,,,,,,,,,,,,,,,,,,,,,,,,,,,,,,,,,,
,,,,,Drew Johnson,pencils,WFH,,,,,,,,,,,,,,,,,,,,,,,,,,,,,,,,,,,,,,,,,,
,,,,,Ray Snyder,inks,WFH,,,,,,,,,,,,,,,,,,,,,,,,,,,,,,,,,,,,,,,,,,
Amos Fortune,,Justice League of America #6,Sep-1961,Y,Gardner F. Fox,,Creator Recognition,2009,Deceased Creator recognition agreement with heirs.,,,,,,,,,,,,,,,,,,,,,,,,,,,,,,,,,,,,,,,,
,,,,,Mike Sekowsky,"pencils, cover pencils",None,,Deceased,,,,,,,,,,,,,,,,,,,,,,,,,,,,,,,,,,,,,,,,
,,,,,Bernard Sachs,inks,None,,Deceased,,,,,,,,,,,,,,,,,,,,,,,,,,,,,,,,,,,,,,,,
,,,,,Murphy Anderson,cover inks,None,,Deceased,,,,,,,,,,,,,,,,,,,,,,,,,,,,,,,,,,,,,,,,
Amos Fortune Casino,Flash 403,"Justice League Animated Series
""Wild Cards""",Dec-2003,,Stan Berkowitz,writer,,,,,,,,,,,,,,,,,,,,,,,,,,,,,,,,,,,,,,,,,,,
,,,,,Dwayne McDuffie,writer,,,Deceased,,,,,,,,,,,,,,,,,,,,,,,,,,,,,,,,,,,,,,,,
Amy Rohrbach,Titans 101,Nightwing #48,Oct-2000,N,Chuck Dixon,writer,WFH,,Character equity agreement sent in 2014; not returned,,,,,,,,,,,,,,,,,,,,,,,,,,,,,,,,,,,,,,,,
,,,,,Greg Land,"pencils, cover pencils",WFH.,2014,,,,,,,,,,,,,,,,,,,,,,,,,,,,,,,,,,,,,,,,,
,,,,,Jose Marzan Jr.,inks,WFH,,,,,,,,,,,,,,,,,,,,,,,,,,,,,,,,,,,,,,,,,,
,,,,,Karl Story,cover inks,WFH,,,,,,,,,,,,,,,,,,,,,,,,,,,,,,,,,,,,,,,,,,
,,,,,Patricia Mulvihill,color,Exclusive,,,,,,,,,,,,,,,,,,,,,,,,,,,,,,,,,,,,,,,,,,
"Amygdala
(Aaron Helzinger)","Gotham 201
(9/21/2015)",Batman: Shadow of the Bat #3,Aug-1992,N,Alan Grant,writer,WFH,2016,,,,,,,,,,,,,,,,,,,,,,,,,,,,,,,,,,,,,,,,,
,,,,,Norm Breyfogle,"pencils, inks",None,,"Deceased
Character equity agreement sent. (5/31/16)
Breyfogle's WFH agreements for Shadow of the Bat #1 &2 have been located.  UPDATE: Located Continuity Artist Agreement for Breyfogle for this title dated January 31, 1992 (DCBL#222424) that was terminated on March 1, 1993 (DCBL#222423)",,,,,,,,,,,,,,,,,,,,,,,,,,,,,,,,,,,,,,,,
,,,,,"Jefferson Mitchell
(Brian Stelfreeze)",cover,WFH,,,,,,,,,,,,,,,,,,,,,,,,,,,,,,,,,,,,,,,,,,
,,,,,Adrienne Roy,color,Exclusive,,Deceased,,,,,,,,,,,,,,,,,,,,,,,,,,,,,,,,,,,,,,,,
"Anarky
(Lonnie Machlan)",Arrow 402,Detective Comics #608,Nov-1989,Y,Alan Grant,writer,WFH,2013,,,,,,,,,,,,,,,,,,,,,,,,,,,,,,,,,,,,,,,,,
,,,,,Norm Breyfogle,"pencils, cover",WFH; Continuity,2013,Deceased,,,,,,,,,,,,,,,,,,,,,,,,,,,,,,,,,,,,,,,,
,,,,,Steve Mitchell,inks,WFH,,,,,,,,,,,,,,,,,,,,,,,,,,,,,,,,,,,,,,,,,,
,,,,,Adrienne Roy,color,Exclusive,,Deceased,,,,,,,,,,,,,,,,,,,,,,,,,,,,,,,,,,,,,,,,
"Anarky
(Samuel Young)",,Detective Comics #30,Jun-2014,N,Francis Manapul,"writer, pencils, inks, cover",WFH,,,,,,,,,,,,,,,,,,,,,,,,,,,,,,,,,,,,,,,,,,
,,,,,Brian Buccellato,"writer, color",WFH,,,,,,,,,,,,,,,,,,,,,,,,,,,,,,,,,,,,,,,,,,
"Andre
(Iron Face; The Man in the Iron Mask; M'sieu Machine)",,"in Quality Comics:
Military Comics #2
""The Coward Dies Twice""",Sep-1941,N,Will Eisner,writer,None,,See Quality Comics purchase agreements dated 7/26/56 & 8/1/67.,,,,,,,,,,,,,,,,,,,,,,,,,,,,,,,,,,,,,,,,
,,,,,Charles Cuidera,"pencils, inks, cover",None,,,,,,,,,,,,,,,,,,,,,,,,,,,,,,,,,,,,,,,,,,
,,,,,Bill Smith,cover,None,,,,,,,,,,,,,,,,,,,,,,,,,,,,,,,,,,,,,,,,,,
,,"in DC Comics:
Blackhawk #108",Jan-1957,N,Dick Dillin,"pencils, cover pencils",None,,Deceased,,,,,,,,,,,,,,,,,,,,,,,,,,,,,,,,,,,,,,,,
,,,,,Charles Cuidera,"inks, cover inks",None,,,,,,,,,,,,,,,,,,,,,,,,,,,,,,,,,,,,,,,,,,
Andre Blanc-Dumont,,Blackhawk #1,Mar-1989,N,Howard Chaykin,"writer, pencils, inks, cover",,,,,,,,,,,,,,,,,,,,,,,,,,,,,,,,,,,,,,,,,,,
,,,,,Steve Oliff,color,N/A,,,,,,,,,,,,,,,,,,,,,,,,,,,,,,,,,,,,,,,,,,
Andrew Lincoln,,Blackhawks #1,Nov-2011,Y,Mike Costa,writer,WFH,,,,,,,,,,,,,,,,,,,,,,,,,,,,,,,,,,,,,,,,,,
,,,,,Graham Nolan,pencils,WFH,,,,,,,,,,,,,,,,,,,,,,,,,,,,,,,,,,,,,,,,,,
,,,,,Ken Lashley,"pencils, inks, cover",WFH,,,,,,,,,,,,,,,,,,,,,,,,,,,,,,,,,,,,,,,,,,
,,,,,Guy Major,color,Exclusive,,,,,,,,,,,,,,,,,,,,,,,,,,,,,,,,,,,,,,,,,,
"Andromache
(Majestrix)","Justice League
(2017)",WildC.A.T.S Trilogy #2,Sep-1993,N,Brandon Choi,writer,WFH Acknowledgment,,See also: Aegis Entertainment Purchase Agreement,,,,,,,,,,,,,,,,,,,,,,,,,,,,,,,,,,,,,,,,
,,,,,Dafydd Wyn,writer,None,,,,,,,,,,,,,,,,,,,,,,,,,,,,,,,,,,,,,,,,,,
,,,,,Jae Lee,"pencils, inks, cover",None,,,,,,,,,,,,,,,,,,,,,,,,,,,,,,,,,,,,,,,,,,
,,,,,Joe Chiodo,color,N/A,,,,,,,,,,,,,,,,,,,,,,,,,,,,,,,,,,,,,,,,,,
Angel & The Ape,,"Showcase vol 1 #77
""Angel and the Ape"" ",Sep-1968,Y,E. Nelson Bridwell,writer,N/A,,"Bridwell was an employee of DC at this time (from 1/13/1964-1/23/1987).
Deceased (January 1987)","1 active heir, which has been receiving royalty payments: Marie O’Brien (Heir to the Estate of E. Nelson Bridwell)",,,,,,,,,,,,,,,,,,,,,,,,,,,,,,,,,,,,,,,
,,,,,Bob Oksner,"pencils, cover ",None,,Deceased (February 2007),"3 active heirs, which have been receiving royalty payments.",,,,,,,,,,,,,,,,,,,,,,,,,,,,,,,,,,,,,,,
,,,,,"Philip Eustice ""Tex"" Blaisdell","inks, cover",None,,Deceased (March 1999),,,,,,,,,,,,,,,,,,,,,,,,,,,,,,,,,,,,,,,,
"Animal Man
(Buddy Baker)",Dark Universe,"Strange Adventures #180
""I Was The Man With Animal Powers""",Sep-1965,Y,Dave Wood,writer,None,,Deceased,,,,,,,,,,,,,,,,,,,,,,,,,,,,,,,,,,,,,,,,
,,,,,Carmine Infantino,"pencils, cover",Settlement,,Deceased,,,,,,,,,,,,,,,,,,,,,,,,,,,,,,,,,,,,,,,,
,,,,,George Roussos,inks,None,,Deceased,,,,,,,,,,,,,,,,,,,,,,,,,,,,,,,,,,,,,,,,
"Animal-Vegetable-Mineral Man
(Sven Larsen)",Doom Patrol 106,"Doom Patrol #89
""The Animal Vegetable Mineral Menace""",Aug-1964,Y,Arnold Drake,writer,None,2006,Deceased,,,,,,,,,,,,,,,,,,,,,,,,,,,,,,,,,,,,,,,,
,,,,,Bruno Premiani,"pencils, inks",None,,Deceased,,,,,,,,,,,,,,,,,,,,,,,,,,,,,,,,,,,,,,,,
,,,,,Bob Brown,cover,None,,,,,,,,,,,,,,,,,,,,,,,,,,,,,,,,,,,,,,,,,,
Anndranna,Supergirl 204,"Strange Adventures #143
""The Face In The Atom Bomb Cloud!""",Aug-1962,Y,Gardner Fox,writer,Creator Recognition,,Deceased Creator Recognition agreement is with heirs.,,,,,,,,,,,,,,,,,,,,,,,,,,,,,,,,,,,,,,,,
,,,,,Murphy Anderson,"pencils, inks, cover",None,,Deceased,,,,,,,,,,,,,,,,,,,,,,,,,,,,,,,,,,,,,,,,
Ant Farm,Doom Patrol 111,"Frankenstein, Agent of S.H.A.D.E. #1
""War of the Monsters Pt. 1: Monster Town, USA""",Nov-2011,N,Jeff Lemire,writer,WFH,,,,,,,,,,,,,,,,,,,,,,,,,,,,,,,,,,,,,,,,,,
,,,,,Alberto Ponticelli,"pencils, inks",WFH,,,,,,,,,,,,,,,,,,,,,,,,,,,,,,,,,,,,,,,,,,
,,,,,J.G. Jones,cover,WFH,,,,,,,,,,,,,,,,,,,,,,,,,,,,,,,,,,,,,,,,,,
,,,,,Jose Villarrubia,color,N/A,,,,,,,,,,,,,,,,,,,,,,,,,,,,,,,,,,,,,,,,,,
Anti-Monitor,DC Super Hero Girls,Crisis on Infinite Earths #2,May-1985,N,Marv Wolfman,writer,Writer/Editor,2004,,,,,,,,,,,,,,,,,,,,,,,,,,,,,,,,,,,,,,,,,
,,,,,George Perez,"pencils, cover",Exclusive,2004,,,,,,,,,,,,,,,,,,,,,,,,,,,,,,,,,,,,,,,,,
,,,,,Dick Giordano,inks,None,,"Giordano may have been an employee of DC at this time.
Deceased",,,,,,,,,,,,,,,,,,,,,,,,,,,,,,,,,,,,,,,,
,,,,,Anthony Tollin,color,Exclusive,,,,,,,,,,,,,,,,,,,,,,,,,,,,,,,,,,,,,,,,,,
"Antiope
(Pre-Crisis)","Wonder Woman
(2017)","Wonder Woman #312
""Escape""",Feb-1984,N,Dan Mishkin,writer,WFH,,,,,,,,,,,,,,,,,,,,,,,,,,,,,,,,,,,,,,,,,,
,,,,,Don Heck,"pencils, inks",WFH,,Deceased,,,,,,,,,,,,,,,,,,,,,,,,,,,,,,,,,,,,,,,,
,,,,,Gil Kane,cover,WFH,,Deceased,,,,,,,,,,,,,,,,,,,,,,,,,,,,,,,,,,,,,,,,
,,,,,Nansi Hoolihan,color,N/A,,,,,,,,,,,,,,,,,,,,,,,,,,,,,,,,,,,,,,,,,,
"Antiope
(Post-Crisis)","Wonder Woman
(2017)",Wonder Woman #1,Feb-1987,N,Greg Potter,writer,WFH,,,,,,,,,,,,,,,,,,,,,,,,,,,,,,,,,,,,,,,,,,
,,,,,George Perez,"plot, pencils, cover",Continuity,,,,,,,,,,,,,,,,,,,,,,,,,,,,,,,,,,,,,,,,,,
,,,,,Bruce Patterson,inks,WFH,,,,,,,,,,,,,,,,,,,,,,,,,,,,,,,,,,,,,,,,,,
,,,,,Tatjana Wood,color,N/A,,,,,,,,,,,,,,,,,,,,,,,,,,,,,,,,,,,,,,,,,,
Anton Arcane,,Swamp Thing #1,Oct-1972,N,Len Wein,writer,Settlement,2009,Deceased,,,,,,,,,,,,,,,,,,,,,,,,,,,,,,,,,,,,,,,,
,,,,,Berni Wrightson,"pencils, inks, cover",Settlement,2009,Deceased,,,,,,,,,,,,,,,,,,,,,,,,,,,,,,,,,,,,,,,,
Anton Greeva,"Point Blank
Sleeper",Sleeper #5,Jul-2003,N,Ed Brubaker,writer,WFH,,,,,,,,,,,,,,,,,,,,,,,,,,,,,,,,,,,,,,,,,,
,,,,,Sean Phillips,"pencils, inks, cover",WFH,,,,,,,,,,,,,,,,,,,,,,,,,,,,,,,,,,,,,,,,,,
,,,,,Tony Avina,color,N/A,,,,,,,,,,,,,,,,,,,,,,,,,,,,,,,,,,,,,,,,,,
Anton Slater,Flash 410,The Flash #337,Sep-1984,N,Cary Bates,writer,Exclusive,,,,,,,,,,,,,,,,,,,,,,,,,,,,,,,,,,,,,,,,,,
,,,,,Carmine Infantino,"pencils, cover pencils",Settlement; WFH,,Deceased,,,,,,,,,,,,,,,,,,,,,,,,,,,,,,,,,,,,,,,,
,,,,,Frank McLaughlin,inks,Exclusive; WFH,,Deceased,,,,,,,,,,,,,,,,,,,,,,,,,,,,,,,,,,,,,,,,
,,,,,Klaus Janson,cover inks,WFH,,,,,,,,,,,,,,,,,,,,,,,,,,,,,,,,,,,,,,,,,,
,,,,,Carl Gafford,color,N/A,,,,,,,,,,,,,,,,,,,,,,,,,,,,,,,,,,,,,,,,,,
Anthro,,"Showcase vol 1 #74
Anthro: ""It Could Be You""",May-1968,Y,"Howard ""Howie"" Post","writer, pencils, inks, cover ",None,,Deceased (May 2010),No known active heirs and no royalty payments have been maid.,,,,,,,,,,,,,,,,,,,,,,,,,,,,,,,,,,,,,,,
Aphrodite,"Wonder Woman
(2017)","All-Star Comics #8
""Introducing Wonder Woman""",Dec-1941,N,William Moulton Marston,writer,Marston agreements (7/31/41; 1/15/46; 7/25/51),,Deceased Final agreement is with Estate.,,,,,,,,,,,,,,,,,,,,,,,,,,,,,,,,,,,,,,,,
,,,,,Harry G. Peter,"pencils, inks",Artist,,Deceased,,,,,,,,,,,,,,,,,,,,,,,,,,,,,,,,,,,,,,,,
,,,,,Everett E. Hibbard,cover,None,,Deceased,,,,,,,,,,,,,,,,,,,,,,,,,,,,,,,,,,,,,,,,
Apokolips,Justice League (2017),New Gods #1,Mar-1971,N,Jack Kirby,"writer, pencils, cover pencils",Fourth World Agreement,1982,Deceased,,,,,,,,,,,,,,,,,,,,,,,,,,,,,,,,,,,,,,,,
,,,,,Vince Colletta,inks,None,,Deceased,,,,,,,,,,,,,,,,,,,,,,,,,,,,,,,,,,,,,,,,
,,,,,Frank Giacoia,cover inks,None,,Deceased,,,,,,,,,,,,,,,,,,,,,,,,,,,,,,,,,,,,,,,,
"Apollo
(Phoebus Apollo)","Wonder Woman
(2017)","Golden Age:
All-Star Comics #8
""Introducing Wonder Woman""",Dec-1941,N,William Moulton Marston,writer,Marston agreements (7/31/41; 1/15/46; 7/25/51),,Deceased Final agreement is with Estate.,,,,,,,,,,,,,,,,,,,,,,,,,,,,,,,,,,,,,,,,
,,,,,Harry G. Peter,"pencils, inks",Artist,,Deceased,,,,,,,,,,,,,,,,,,,,,,,,,,,,,,,,,,,,,,,,
,,,,,Everett E. Hibbard,cover,None,,Deceased,,,,,,,,,,,,,,,,,,,,,,,,,,,,,,,,,,,,,,,,
,,"New 52:
Wonder Woman #1",Nov-2011,N,Brian Azzarello,writer,WFH,,,,,,,,,,,,,,,,,,,,,,,,,,,,,,,,,,,,,,,,,,
,,,,,Cliff Wu Chiang,"pencils, inks, cover",WFH,,,,,,,,,,,,,,,,,,,,,,,,,,,,,,,,,,,,,,,,,,
,,,,,Matthew Wilson,color,N/A,,,,,,,,,,,,,,,,,,,,,,,,,,,,,,,,,,,,,,,,,,
Apollo,,Stormwatch #4,Feb-1998,Y,Warren Ellis,writer,None,,,,,,,,,,,,,,,,,,,,,,,,,,,,,,,,,,,,,,,,,,
,,,,,Bryan Hitch,"pencils, cover",None,,,,,,,,,,,,,,,,,,,,,,,,,,,,,,,,,,,,,,,,,,
,,,,,Paul Neary,inks,None,,,,,,,,,,,,,,,,,,,,,,,,,,,,,,,,,,,,,,,,,,
,,,,,Laura Depuy Martin,color,N/A,,,,,,,,,,,,,,,,,,,,,,,,,,,,,,,,,,,,,,,,,,
"Aqualad
(Garth; Tempest)",,"as Aqualad:
Adventure Comics #269
""The Kid From Atlantis""",Feb-1960,N,Robert Bernstein,writer,None,,Deceased,,,,,,,,,,,,,,,,,,,,,,,,,,,,,,,,,,,,,,,,
,,,,,Ramona Fradon,"pencils, inks",Creator Recognition,,,,,,,,,,,,,,,,,,,,,,,,,,,,,,,,,,,,,,,,,,
,,,,,Curt Swan,cover pencils,None,,Deceased,,,,,,,,,,,,,,,,,,,,,,,,,,,,,,,,,,,,,,,,
,,,,,Sheldon Moldoff,cover inks,None,,Deceased,,,,,,,,,,,,,,,,,,,,,,,,,,,,,,,,,,,,,,,,
,,"as Tempest:
Tempest #1",Nov-1996,Y,Phil Jimenez,"writer, pencils, cover pencils",WFH,,,,,,,,,,,,,,,,,,,,,,,,,,,,,,,,,,,,,,,,,,
,,,,,John Stokes,"inks, cover inks",WFH,,,,,,,,,,,,,,,,,,,,,,,,,,,,,,,,,,,,,,,,,,
,,,,,Carla Feeny,N/A,,,,,,,,,,,,,,,,,,,,,,,,,,,,,,,,,,,,,,,,,,,
"Aquaman
(Golden Age)",,"More Fun Comics #73
""The Submarine Strikes""",Nov-1941,N,Mort Weisinger,writer,None,,"Weisinger was an employee of DC at this time.
Deceased",,,,,,,,,,,,,,,,,,,,,,,,,,,,,,,,,,,,,,,,
,,,,,Paul Norris,"pencils, inks",Settlement,2002,Deceased,,,,,,,,,,,,,,,,,,,,,,,,,,,,,,,,,,,,,,,,
,,,,,Howard Sherman,cover,None,,,,,,,,,,,,,,,,,,,,,,,,,,,,,,,,,,,,,,,,,,
"Aquaman
(Arthur Curry; Orin; Silver Age)",,"Adventure Comics #260
""How Aquaman Got His Powers""",May-1959,N,Robert Bernstein,writer,None,,"The writer on this work is generally credited as “unknown.” However, several sources suggest that Bernstein may have been the writer, so we include him here to be conservative.
Deceased",,,,,,,,,,,,,,,,,,,,,,,,,,,,,,,,,,,,,,,,
,,,,,Ramona Fradon,"pencils, inks",Creator Recognition,,,,,,,,,,,,,,,,,,,,,,,,,,,,,,,,,,,,,,,,,,
,,,,,Curt Swan,cover pencils,None,,Deceased,,,,,,,,,,,,,,,,,,,,,,,,,,,,,,,,,,,,,,,,
,,,,,Stan Kaye,cover inks,None,,Deceased,,,,,,,,,,,,,,,,,,,,,,,,,,,,,,,,,,,,,,,,
"Aquaman
(Arthur Joseph Curry)",,Aquaman: Sword of Atlantis #40,May-2006,Y,Kurt Busiek,writer,WFH,,,,,,,,,,,,,,,,,,,,,,,,,,,,,,,,,,,,,,,,,,
,,,,,Jackson Guice,"pencils, inks, cover",WFH,,,,,,,,,,,,,,,,,,,,,,,,,,,,,,,,,,,,,,,,,,
,,,,,Ian Churchill,cover (variant),Exclusive,,,,,,,,,,,,,,,,,,,,,,,,,,,,,,,,,,,,,,,,,,
,,,,,Daniel Brown,color,N/A,,,,,,,,,,,,,,,,,,,,,,,,,,,,,,,,,,,,,,,,,,
Area 10,,Area 10 HC,2010,Y,Christos N. Gage,writer,Joint Creator/All Rights; Writer,2006,This property reverted to the creators in 2016. The property and all associated characters are not available for use.,,,,,,,,,,,,,,,,,,,,,,,,,,,,,,,,,,,,,,,,
,,,,,Chris Samnee,"pencils, inks",Joint Creator/All Rights; Artist,2006,,,,,,,,,,,,,,,,,,,,,,,,,,,,,,,,,,,,,,,,,
,,,,,Lee Bermejo,cover,WFH,,,,,,,,,,,,,,,,,,,,,,,,,,,,,,,,,,,,,,,,,,
"Ares
(Mars; Pre-Crisis)",,"Wonder Woman #1
""The Origin of Wonder Woman""",Summer 1942,N,William Moulton Marston,writer,Marston agreements (7/31/41; 1/15/46; 7/25/51),,Deceased Final agreement is with Estate.,,,,,,,,,,,,,,,,,,,,,,,,,,,,,,,,,,,,,,,,
,,,,,Harry G. Peter,"pencils, inks, cover",Artist,,Deceased,,,,,,,,,,,,,,,,,,,,,,,,,,,,,,,,,,,,,,,,
"Ares
(Post-Crisis)",,Wonder Woman #1,Feb-1987,N,Greg Potter,writer,WFH,,,,,,,,,,,,,,,,,,,,,,,,,,,,,,,,,,,,,,,,,,
,,,,,George Perez,"plot, pencils, cover",Continuity,,,,,,,,,,,,,,,,,,,,,,,,,,,,,,,,,,,,,,,,,,
,,,,,Bruce Patterson,inks,WFH,,,,,,,,,,,,,,,,,,,,,,,,,,,,,,,,,,,,,,,,,,
,,,,,Tatjana Wood,color,N/A,,,,,,,,,,,,,,,,,,,,,,,,,,,,,,,,,,,,,,,,,,
"A.R.G.U.S.
(Advanced Research Group Uniting Super-Humans)",Legends 112,"Justice League #7
""The Villain's Journey Prologue""",May-2012,N,Geoff Johns,writer,WFH,,,,,,,,,,,,,,,,,,,,,,,,,,,,,,,,,,,,,,,,,,
,,,,,Gene Ha,"pencils, inks",WFH,,,,,,,,,,,,,,,,,,,,,,,,,,,,,,,,,,,,,,,,,,
,,,,,Jim Lee,cover pencils,Firewall Agreement,,,,,,,,,,,,,,,,,,,,,,,,,,,,,,,,,,,,,,,,,,
,,,,,Scott Williams,cover inks,WFH,,,,,,,,,,,,,,,,,,,,,,,,,,,,,,,,,,,,,,,,,,
,,,,,Gary Frank,cover (variant),WFH,,,,,,,,,,,,,,,,,,,,,,,,,,,,,,,,,,,,,,,,,,
,,,,,Art Lyon,color,N/A,,,,,,,,,,,,,,,,,,,,,,,,,,,,,,,,,,,,,,,,,,
Arkham Asylum,"Justice League
(2017)","Batman #258
""The Threat of the Two-Headed Coin""",Sep-1974,N,Dennis O'Neil,writer,Creator Recognition,,,,,,,,,,,,,,,,,,,,,,,,,,,,,,,,,,,,,,,,,,
,,,,,Irv Novick,pencils,None,,Deceased,,,,,,,,,,,,,,,,,,,,,,,,,,,,,,,,,,,,,,,,
,,,,,Dick Giordano,inks,None,,Deceased,,,,,,,,,,,,,,,,,,,,,,,,,,,,,,,,,,,,,,,,
,,,,,"Nicholas Viscardi
(Nick Cardy)",cover,None,,Deceased,,,,,,,,,,,,,,,,,,,,,,,,,,,,,,,,,,,,,,,,
"Arlene Luthor
(Mother of Lex Luthor; Arlene Thorul; Letitia Luthor; Lillian Luthor)",,"as Arlene Thorul/Arlene Luthor:
Superman's Girl Friend, Lois Lane #23
""The Curse of Lena Thorul""",Feb-1961,N,"Jerome ""Jerry"" Siegel",writer,Settlement,,Deceased Settlement is with heirs.,,,,,,,,,,,,,,,,,,,,,,,,,,,,,,,,,,,,,,,,
,,,,,Kurt Schaffenberger,"pencils, inks",None,,"Schaffenberger may have been an employee of DC at this time.
Deceased",,,,,,,,,,,,,,,,,,,,,,,,,,,,,,,,,,,,,,,,
,,,,,Curt Swan,cover pencils,None,,Deceased,,,,,,,,,,,,,,,,,,,,,,,,,,,,,,,,,,,,,,,,
,,,,,Stan Kaye,cover inks,None,,Deceased,,,,,,,,,,,,,,,,,,,,,,,,,,,,,,,,,,,,,,,,
,,"as Letitia Luthor:
Lex Luthor: The Unauthorized Biography OGN",1989,N,"James D. ""Hud"" Hudnall",writer,Writer,,,,,,,,,,,,,,,,,,,,,,,,,,,,,,,,,,,,,,,,,,
,,,,,Eduardo Barreto,"pencils, inks",Artist,,,,,,,,,,,,,,,,,,,,,,,,,,,,,,,,,,,,,,,,,,
,,,,,Eric Peterson,cover,None,,,,,,,,,,,,,,,,,,,,,,,,,,,,,,,,,,,,,,,,,,
,,,,,Adam Kubert,color,N/A,,,,,,,,,,,,,,,,,,,,,,,,,,,,,,,,,,,,,,,,,,
,Supergirl 201,"as Lillian Luthor:
Smallville
""Memoria""",Apr-2004,,"Alfred Gough, Miles Millar",writers,,,,,,,,,,,,,,,,,,,,,,,,,,,,,,,,,,,,,,,,,,,
"Arm-Fall-Off-Boy
(Floyd Belkin; Splitter)",Suicide Squad 2,"as Arm-Fall-Off-Boy:
Secret Origins #46
""The Little Clubhouse That Could""",Dec-1989,N,Gerard Jones,writer,WFH,,DC no longer has an active relationship with Jones due to criminal conviction.,,,,,,,,,,,,,,,,,,,,,,,,,,,,,,,,,,,,,,,,
,,,,,Curt Swan,pencils,WFH,,Deceased,,,,,,,,,,,,,,,,,,,,,,,,,,,,,,,,,,,,,,,,
,,,,,Ty Templeton,inks,WFH,,,,,,,,,,,,,,,,,,,,,,,,,,,,,,,,,,,,,,,,,,
,,,,,Eliot Brown,cover,WFH,,,,,,,,,,,,,,,,,,,,,,,,,,,,,,,,,,,,,,,,,,
,,,,,Tom McCraw,color,N/A,,,,,,,,,,,,,,,,,,,,,,,,,,,,,,,,,,,,,,,,,,
,,"as Floyd Belkin/Splitter:
Legionnaires #43",Dec-1996,N,Roger Stern,writer,WFH,,,,,,,,,,,,,,,,,,,,,,,,,,,,,,,,,,,,,,,,,,
,,,,,Tom McCraw,"writer, color",WFH; Exclusive,,,,,,,,,,,,,,,,,,,,,,,,,,,,,,,,,,,,,,,,,,
,,,,,Jeffrey Moy,"pencils, cover pencils",Continuity Artist; WFH,,,,,,,,,,,,,,,,,,,,,,,,,,,,,,,,,,,,,,,,,,
,,,,,W.C. Carani,"inks, covver inks",WFH,,,,,,,,,,,,,,,,,,,,,,,,,,,,,,,,,,,,,,,,,,
,,,,,Philip Moy,inks,WFH,,,,,,,,,,,,,,,,,,,,,,,,,,,,,,,,,,,,,,,,,,
"Armando Ramone
(Reverb; Hardline)","Flash 213
(2/9/2016)","as Armando Ramone:
Justice League of America #233",Dec-1984,N,Gerry Conway,writer,WFH; Exclusive,,,,,,,,,,,,,,,,,,,,,,,,,,,,,,,,,,,,,,,,,,
,,,,,Chuck Patton,"pencils, cover pencils",WFH; Exclusive,,,,,,,,,,,,,,,,,,,,,,,,,,,,,,,,,,,,,,,,,,
,,,,,Bill Anderson,inks,None,,,,,,,,,,,,,,,,,,,,,,,,,,,,,,,,,,,,,,,,,,
,,,,,Gene D'Angelo,color,N/A,,,,,,,,,,,,,,,,,,,,,,,,,,,,,,,,,,,,,,,,,,
,,,,,Dick Giordano,cover inks,N/A,,"Giordano was an employee of DC at this time.
Deceased",,,,,,,,,,,,,,,,,,,,,,,,,,,,,,,,,,,,,,,,
,,"as Reverb: 
Justice League Quarterly #1",Dec-1990,Y,Keith Giffen,plot,WFH,,,,,,,,,,,,,,,,,,,,,,,,,,,,,,,,,,,,,,,,,,
,,,,,John Mark DeMatteis,script,WFH,,,,,,,,,,,,,,,,,,,,,,,,,,,,,,,,,,,,,,,,,,
,,,,,Chris Sprouse,"pencils, cover inks",WFH,,,,,,,,,,,,,,,,,,,,,,,,,,,,,,,,,,,,,,,,,,
,,,,,Bruce Patterson,inks,WFH,,,,,,,,,,,,,,,,,,,,,,,,,,,,,,,,,,,,,,,,,,
,,,,,Adam Hughes,cover pencils,None,,,,,,,,,,,,,,,,,,,,,,,,,,,,,,,,,,,,,,,,,,
,,,,,Gene D'Angelo,color,Exclusive,,,,,,,,,,,,,,,,,,,,,,,,,,,,,,,,,,,,,,,,,,
"Armando Ramon
(Rupture)","Flash 220
(5/3/2016)","as Armando Ramon:
Justice League of America's Vibe #1",Apr-2013,N,Geoff Johns,writer,WFH,,,,,,,,,,,,,,,,,,,,,,,,,,,,,,,,,,,,,,,,,,
,,,,,Andrew Kreisberg,writer,WFH,,,,,,,,,,,,,,,,,,,,,,,,,,,,,,,,,,,,,,,,,,
,,,,,Pete Woods,pencils,WFH,,,,,,,,,,,,,,,,,,,,,,,,,,,,,,,,,,,,,,,,,,
,,,,,Sean Parsons,inks,WFH,,,,,,,,,,,,,,,,,,,,,,,,,,,,,,,,,,,,,,,,,,
,,,,,David Finch,cover,WFH,,,,,,,,,,,,,,,,,,,,,,,,,,,,,,,,,,,,,,,,,,
,,,,,Brad Anderson,color,N/A,,,,,,,,,,,,,,,,,,,,,,,,,,,,,,,,,,,,,,,,,,
,,"as Rupture:
Justice League of America's Vibe #6",Sep-2013,Y,Sterling Gates,writer,WFH,,,,,,,,,,,,,,,,,,,,,,,,,,,,,,,,,,,,,,,,,,
,,,,,Pete Woods,pencils,WFH,,,,,,,,,,,,,,,,,,,,,,,,,,,,,,,,,,,,,,,,,,
,,,,,Sean Parsons,inks,WFH,,,,,,,,,,,,,,,,,,,,,,,,,,,,,,,,,,,,,,,,,,
,,,,,Brett Booth,cover pencils,WFH,,,,,,,,,,,,,,,,,,,,,,,,,,,,,,,,,,,,,,,,,,
,,,,,Norman Rapmund,cover inks,WFH,,,,,,,,,,,,,,,,,,,,,,,,,,,,,,,,,,,,,,,,,,
,,,,,Brad Anderson,color,N/A,,,,,,,,,,,,,,,,,,,,,,,,,,,,,,,,,,,,,,,,,,
Armek,Supergirl 211,JLA #1,Jan-1997,N,Grant Morrison,writer,WFH,,,,,,,,,,,,,,,,,,,,,,,,,,,,,,,,,,,,,,,,,,
,,,,,Howard Porter,"pencils, cover pencils",WFH,,,,,,,,,,,,,,,,,,,,,,,,,,,,,,,,,,,,,,,,,,
,,,,,John Dell III,"inks, cover inks",WFH,,,,,,,,,,,,,,,,,,,,,,,,,,,,,,,,,,,,,,,,,,
,,,,,Pat Garrahy,color,N/A,,,,,,,,,,,,,,,,,,,,,,,,,,,,,,,,,,,,,,,,,,
Arnold Beech,Arrow 506,"Detective Comics #221
""The Human Geiger Counter""",Jul-1955,N,Ruben Moreira,"pencils, inks",None,,Deceased,,,,,,,,,,,,,,,,,,,,,,,,,,,,,,,,,,,,,,,,
,,,,,J. Winslow Mortimer,cover,None,,Deceased,,,,,,,,,,,,,,,,,,,,,,,,,,,,,,,,,,,,,,,,
"Arrowette
(Miss Arrowette; Bonnie King)",,"World's Finest #113
""The Amazing Miss Arrowette""",Nov-1960,N,Dave Wood,writer,None,,Deceased,,,,,,,,,,,,,,,,,,,,,,,,,,,,,,,,,,,,,,,,
,,,,,Lee Elias,"pencils, inks",None,,,,,,,,,,,,,,,,,,,,,,,,,,,,,,,,,,,,,,,,,,
,,,,,Curt Swan,cover pencils,None,,Deceased,,,,,,,,,,,,,,,,,,,,,,,,,,,,,,,,,,,,,,,,
,,,,,Stan Kaye,cover inks,None,,Deceased,,,,,,,,,,,,,,,,,,,,,,,,,,,,,,,,,,,,,,,,
"Arrowette
(Suzanne ""Cissy"" King-Jones)",Young Justice,Impulse #28,Aug-1997,Y,Tom Peyer,writer,WFH,,,,,,,,,,,,,,,,,,,,,,,,,,,,,,,,,,,,,,,,,,
,,,,,Sal Buscema,pencils,WFH,,,,,,,,,,,,,,,,,,,,,,,,,,,,,,,,,,,,,,,,,,
,,,,,Craig Rousseau,pencils,WFH,,,,,,,,,,,,,,,,,,,,,,,,,,,,,,,,,,,,,,,,,,
,,,,,Barbara Kaalberg,inks,WFH,,,,,,,,,,,,,,,,,,,,,,,,,,,,,,,,,,,,,,,,,,
,,,,,Keith Champagne,inks,WFH,,,,,,,,,,,,,,,,,,,,,,,,,,,,,,,,,,,,,,,,,,
,,,,,Jeff Matsuda,cover pencils,WFH,,,,,,,,,,,,,,,,,,,,,,,,,,,,,,,,,,,,,,,,,,
,,,,,Wayne Faucher,cover inks,WFH,,,,,,,,,,,,,,,,,,,,,,,,,,,,,,,,,,,,,,,,,,
,,,,,Tom McCraw,color,Exclusive,,,,,,,,,,,,,,,,,,,,,,,,,,,,,,,,,,,,,,,,,,
Artemis,"Wonder Woman
(2017)","Wonder Woman #298
""Catacombs""",Dec-1982,N,Dan Mishkin,writer,None,,WFH for WW #299 has been located.,,,,,,,,,,,,,,,,,,,,,,,,,,,,,,,,,,,,,,,,
,,,,,Eugene Colan,pencils,Exclusive,,Deceased,,,,,,,,,,,,,,,,,,,,,,,,,,,,,,,,,,,,,,,,
,,,,,Frank McLaughlin,inks,Artist,,,,,,,,,,,,,,,,,,,,,,,,,,,,,,,,,,,,,,,,,,
,,,,,Frank Miller,cover pencils,None,,,,,,,,,,,,,,,,,,,,,,,,,,,,,,,,,,,,,,,,,,
,,,,,Dick Giordano,cover inks,N/A,,"WFH for WW#299 has been located.
Giordano may have been an employee of DC at this time.
Deceased",,,,,,,,,,,,,,,,,,,,,,,,,,,,,,,,,,,,,,,,
,,,,,Carl Gafford,color,N/A,,,,,,,,,,,,,,,,,,,,,,,,,,,,,,,,,,,,,,,,,,
Artemis of Bana-Mighdall,"Wonder Woman
(2017)",Wonder Woman #90,Sep-1994,N,William Messner-Loebs,writer,Continuity,,,,,,,,,,,,,,,,,,,,,,,,,,,,,,,,,,,,,,,,,,
,,,,,Mike Deodato Jr.,"pencils, inks",WFH,,,,,,,,,,,,,,,,,,,,,,,,,,,,,,,,,,,,,,,,,,
,,,,,Brian Bolland,cover,WFH,,,,,,,,,,,,,,,,,,,,,,,,,,,,,,,,,,,,,,,,,,
,,,,,Patricia Mulvihill,color,N/A,,,,,,,,,,,,,,,,,,,,,,,,,,,,,,,,,,,,,,,,,,
Artemiz,,Suicide Squad #35,Nov-1989,N,John Ostrander,writer,WFH,,,,,,,,,,,,,,,,,,,,,,,,,,,,,,,,,,,,,,,,,,
,,,,,Luke McDonnell,"pencils, cover pencils",WFH,,,,,,,,,,,,,,,,,,,,,,,,,,,,,,,,,,,,,,,,,,
,,,,,Geof Isherwood,inks,WFH,,,,,,,,,,,,,,,,,,,,,,,,,,,,,,,,,,,,,,,,,,
,,,,,Karl Kesel,cover inks,WFH,,,,,,,,,,,,,,,,,,,,,,,,,,,,,,,,,,,,,,,,,,
,,,,,Carl Gafford,color,N/A,,,,,,,,,,,,,,,,,,,,,,,,,,,,,,,,,,,,,,,,,,
"Arthur Curry Jr. 
(Arthur Curry III; Aquababy)",Necrus,Aquaman Vol 1 #23,Oct-1965,Y,None Listed,writer,NA,,,,,,,,,,,,,,,,,,,,,,,,,,,,,,,,,,,,,,,,,,
,,,,,"Nicholas Viscardi
(Nick Cardy)","pencils, inks, cover",None,,,,,,,,,,,,,,,,,,,,,,,,,,,,,,,,,,,,,,,,,,
"Asa
(Nightmare Nurse; Alice Winter)",,The Phantom Stranger vol 4 #8,Jul-2013,N,J.M. DeMatteis,writer,"WFH, Equity",Y,,,,,,,,,,,,,,,,,,,,,,,,,,,,,,,,,,,,,,,,,
,,,,,Dan DiDio,writer,Employee,,,,,,,,,,,,,,,,,,,,,,,,,,,,,,,,,,,,,,,,,,
,,,,,Philip Tan,pencils,"WFH, Equity",Y,,,,,,,,,,,,,,,,,,,,,,,,,,,,,,,,,,,,,,,,,
,,,,,Jason Paz,inks,WFH,,,,,,,,,,,,,,,,,,,,,,,,,,,,,,,,,,,,,,,,,,
Ashley Zolomon,"Flash 218
(4/19/2016)",Flash #197,Jun-2003,N,Geoff Johns,writer,Exclusive,,"We have WFH agreements for Johns' entire run on Flash (#164-225) EXCEPT #174, 195-197.",,,,,,,,,,,,,,,,,,,,,,,,,,,,,,,,,,,,,,,,
,,,,,Scott Kolins,"pencils, cover",WFH,,,,,,,,,,,,,,,,,,,,,,,,,,,,,,,,,,,,,,,,,,
,,,,,Doug Hazlewood,inks,WFH,,,,,,,,,,,,,,,,,,,,,,,,,,,,,,,,,,,,,,,,,,
,,,,,James Sinclair,color,N/A,,,,,,,,,,,,,,,,,,,,,,,,,,,,,,,,,,,,,,,,,,
Atlanna,,"Adventure Comics #260
""How Aquaman Got His Powers""",May-1959,N,Robert Bernstein,writer,None,,"The writer on this work is generally credited as “unknown.” However, several sources suggest that Bernstein may have been the writer, so we include him here to be conservative.
Deceased",,,,,,,,,,,,,,,,,,,,,,,,,,,,,,,,,,,,,,,,
,,,,,Ramona Fradon,"pencils, inks",Creator Recognition,2016,,,,,,,,,,,,,,,,,,,,,,,,,,,,,,,,,,,,,,,,,
,,,,,Curt Swan,cover pencils,None,,Deceased,,,,,,,,,,,,,,,,,,,,,,,,,,,,,,,,,,,,,,,,
,,,,,Stan Kaye,cover inks,None,,Deceased,,,,,,,,,,,,,,,,,,,,,,,,,,,,,,,,,,,,,,,,
"The Atom
(Al Pratt)",,"All-American Comics #19
""Introducing the Mighty Atom""",Oct-1940,N,William O'Connor,writer,WFH,,,,,,,,,,,,,,,,,,,,,,,,,,,,,,,,,,,,,,,,,,
,,,,,Bernard Flinton,pencils,WFH,,,,,,,,,,,,,,,,,,,,,,,,,,,,,,,,,,,,,,,,,,
,,,,,Leonard Sansone,inks,None,,,,,,,,,,,,,,,,,,,,,,,,,,,,,,,,,,,,,,,,,,
,,,,,Sheldon Moldoff,cover,None,,"Untitled & undated agreement from the 1940s exists.
Deceased",,,,,,,,,,,,,,,,,,,,,,,,,,,,,,,,,,,,,,,,
"The Atom
(Ray Palmer)","Arrow 301
(10/8/2014)","Showcase #34
""Birth of the Atom""",Sep-1961,Y,Gardner F. Fox,writer,Creator Recognition,2009,Deceased Creator recognition agreement with heirs.,,,,,,,,,,,,,,,,,,,,,,,,,,,,,,,,,,,,,,,,
,,,,,Gil Kane,"pencils, cover",None,,Deceased,,,,,,,,,,,,,,,,,,,,,,,,,,,,,,,,,,,,,,,,
,,,,,Murphy Anderson,inks,None,,Deceased,,,,,,,,,,,,,,,,,,,,,,,,,,,,,,,,,,,,,,,,
"The Atom
(Adam Cray)",,Suicide Squad #44,Aug-1990,N,David DeVries,writer,None,,,,,,,,,,,,,,,,,,,,,,,,,,,,,,,,,,,,,,,,,,
,,,,,John Ostrander,writer,WFH,,,,,,,,,,,,,,,,,,,,,,,,,,,,,,,,,,,,,,,,,,
,,,,,Luke McDonnell,"pencils, inks, cover pencils",WFH,,,,,,,,,,,,,,,,,,,,,,,,,,,,,,,,,,,,,,,,,,
,,,,,Carl Gafford,color,N/A,,,,,,,,,,,,,,,,,,,,,,,,,,,,,,,,,,,,,,,,,,
,,,,,Geof Isherwood,cover inks,WFH,,,,,,,,,,,,,,,,,,,,,,,,,,,,,,,,,,,,,,,,,,
"The Atom
(Ryan Choi)","Justice League
(2017)","DCU: Brave New World #1
""Handle of the Teacup""",Aug-2006,Y,Grant Morrison,character design,WFH (Buyout),,Morrison designed the character but other commitments prohibited him from working on this issue,,,,,,,,,,,,,,,,,,,,,,,,,,,,,,,,,,,,,,,,
,,,,,"Tamra L. James
(Gail Simone)",writer,WFH,,,,,,,,,,,,,,,,,,,,,,,,,,,,,,,,,,,,,,,,,,
,,,,,John Byrne,pencils,WFH,,,,,,,,,,,,,,,,,,,,,,,,,,,,,,,,,,,,,,,,,,
,,,,,Trevor Scott,inks,None,,,,,,,,,,,,,,,,,,,,,,,,,,,,,,,,,,,,,,,,,,
,,,,,Ariel Olivetti,cover,WFH,,,,,,,,,,,,,,,,,,,,,,,,,,,,,,,,,,,,,,,,,,
,,,,,Alex Bleyaert,color,N/A,,,,,,,,,,,,,,,,,,,,,,,,,,,,,,,,,,,,,,,,,,
"Atom Smasher
(Albert Rothstein; Nuklon)","Flash 201
(10/6/2015)",All-Star Squadron #25,Sep-1983,Y,Roy Thomas,writer,Exclusive,2004,,,,,,,,,,,,,,,,,,,,,,,,,,,,,,,,,,,,,,,,,
,,,,,"Jeremiah ""Jerry"" Ordway","pencils, cover",WFH,2004,,,,,,,,,,,,,,,,,,,,,,,,,,,,,,,,,,,,,,,,,
,,,,,Mike Machlan,inks,WFH,2004,,,,,,,,,,,,,,,,,,,,,,,,,,,,,,,,,,,,,,,,,
,,,,,Gene D'Angelo,color,N/A,,,,,,,,,,,,,,,,,,,,,,,,,,,,,,,,,,,,,,,,,,
"Atom Smasher
(Manfred Mota; Fusionn)",,Flash Special #1,1990,N,Mark Waid,writer,WFH,,,,,,,,,,,,,,,,,,,,,,,,,,,,,,,,,,,,,,,,,,
,,,,,Len Strazewski,writer,WFH,,,,,,,,,,,,,,,,,,,,,,,,,,,,,,,,,,,,,,,,,,
,,,,,Gerard Jones,writer,WFH,,DC no longer has an active relationship with Jones due to criminal conviction.,,,,,,,,,,,,,,,,,,,,,,,,,,,,,,,,,,,,,,,,
,,,,,William Messner-Loebs,writer,WFH,,,,,,,,,,,,,,,,,,,,,,,,,,,,,,,,,,,,,,,,,,
,,,,,Mike Parobeck,pencils,WFH,,,,,,,,,,,,,,,,,,,,,,,,,,,,,,,,,,,,,,,,,,
,,,,,"Irving ""Irv"" Novick",pencils,WFH,,Deceased,,,,,,,,,,,,,,,,,,,,,,,,,,,,,,,,,,,,,,,,
,,,,,Carmine Infantino,pencils,WFH,,Deceased,,,,,,,,,,,,,,,,,,,,,,,,,,,,,,,,,,,,,,,,
,,,,,Grant Miehm,pencils,WFH,,,,,,,,,,,,,,,,,,,,,,,,,,,,,,,,,,,,,,,,,,
,,,,,"Jose Marzan, Jr.",inks,WFH,,,,,,,,,,,,,,,,,,,,,,,,,,,,,,,,,,,,,,,,,,
,,,,,Dick Giordano,inks,WFH,,"Giordano may have been an employee of DC at this time.
Deceased",,,,,,,,,,,,,,,,,,,,,,,,,,,,,,,,,,,,,,,,
,,,,,Josef Rubinstein,inks,WFH,,,,,,,,,,,,,,,,,,,,,,,,,,,,,,,,,,,,,,,,,,
,,,,,Timothy Dzon,inks,WFH,,,,,,,,,,,,,,,,,,,,,,,,,,,,,,,,,,,,,,,,,,
,,,,,Joe Kubert,cover,WFH,,Deceased,,,,,,,,,,,,,,,,,,,,,,,,,,,,,,,,,,,,,,,,
,,,,,Glenn Whitmore,color,N/A,,,,,,,,,,,,,,,,,,,,,,,,,,,,,,,,,,,,,,,,,,
Atomic Knight,,"Strange Adventures #117
""The Rise of the Atomic Knights""",Jun-1960,N,John Broome,writer,None,,Deceased,,,,,,,,,,,,,,,,,,,,,,,,,,,,,,,,,,,,,,,,
,,,,,Murphy Anderson,"pencils, inks, cover inks",None,,Deceased,,,,,,,,,,,,,,,,,,,,,,,,,,,,,,,,,,,,,,,,
,,,,,Gil Kane,cover pencils,,,Deceased,,,,,,,,,,,,,,,,,,,,,,,,,,,,,,,,,,,,,,,,
Atomic Skull ,,Superman #323,May-1978,Y,Marty Pasko,writer,Exclusive,,,,,,,,,,,,,,,,,,,,,,,,,,,,,,,,,,,,,,,,,,
,,,,,Curt Swan,pencils,Exclusive,,,,,,,,,,,,,,,,,,,,,,,,,,,,,,,,,,,,,,,,,,
,,,,,Dan Adkins,inks,,,Exclusive Agreement expired 12/31/1977,,,,,,,,,,,,,,,,,,,,,,,,,,,,,,,,,,,,,,,,
"Atomica
(Rhonda Pineda; Atom)",,Aquaman vol 7 #16,Mar-2013,Y,Geoff Johns,writer,WFH,,,,,,,,,,,,,,,,,,,,,,,,,,,,,,,,,,,,,,,,,,
,,,,,Paul Pelletier,"pencils, cover",WFH,,,,,,,,,,,,,,,,,,,,,,,,,,,,,,,,,,,,,,,,,,
,,,,,Sean Parsons,inks,WFH,,,,,,,,,,,,,,,,,,,,,,,,,,,,,,,,,,,,,,,,,,
Atrocitus,Lego Aquaman,Green Lantern #25,Jan-2008,N,Geoff Johns,writer,Exclusive; WFH,2009,,,,,,,,,,,,,,,,,,,,,,,,,,,,,,,,,,,,,,,,,
,,,,,Ivan Reis,"pencils, inks, cover pencils",Exclusive; WFH,,,,,,,,,,,,,,,,,,,,,,,,,,,,,,,,,,,,,,,,,,
,,,,,Ethan Van Sciver,"pencils, inks",Exclusive; WFH,2009,,,,,,,,,,,,,,,,,,,,,,,,,,,,,,,,,,,,,,,,,
,,,,,Oclair Albert,"inks, cover inks",WFH,,,,,,,,,,,,,,,,,,,,,,,,,,,,,,,,,,,,,,,,,,
,,,,,Julio Ferreira,inks,WFH,,,,,,,,,,,,,,,,,,,,,,,,,,,,,,,,,,,,,,,,,,
,,,,,"William ""Moose"" Baumann",color,N/A,,,,,,,,,,,,,,,,,,,,,,,,,,,,,,,,,,,,,,,,,,
,,,,,Rod Reis,color,N/A,,,,,,,,,,,,,,,,,,,,,,,,,,,,,,,,,,,,,,,,,,
Attila,,Blackhawks #1,Nov-2011,Y,Mike Costa,writer,WFH,,,,,,,,,,,,,,,,,,,,,,,,,,,,,,,,,,,,,,,,,,
,,,,,Graham Nolan,pencils,WFH,,,,,,,,,,,,,,,,,,,,,,,,,,,,,,,,,,,,,,,,,,
,,,,,Ken Lashley,"pencils, inks, cover",WFH,,,,,,,,,,,,,,,,,,,,,,,,,,,,,,,,,,,,,,,,,,
,,,,,Guy Major,color,Exclusive,,,,,,,,,,,,,,,,,,,,,,,,,,,,,,,,,,,,,,,,,,
The Authority,,The Authority #1,May-1999,Y,Warren Ellis,writer,None,,"WFH agreements located for issues 4, 6-12.","Per note from Jay Kogan: The Authority as a Property is clear, but use of two members of the team that joined the roster in Issue #18 may trigger the Disney lien on Gen13 properties – Freefall and Rainmaker. Further investigation would be needed for use of these characters.",,,,,,,,,,,,,,,,,,,,,,,,,,,,,,,,,,,,,,,
,,,,,Bryan Hitch,"pencils, cover pencils",None,,WFH agreements located for issues 2-12.,,,,,,,,,,,,,,,,,,,,,,,,,,,,,,,,,,,,,,,,
,,,,,Paul Neary,"inks, cover inks",None,,WFH agreements located for issues 2-12.,,,,,,,,,,,,,,,,,,,,,,,,,,,,,,,,,,,,,,,,
,,,,,Laura Depuy Martin,color,N/A,,,,,,,,,,,,,,,,,,,,,,,,,,,,,,,,,,,,,,,,,,
Avery Carlton Sunderland,Swamp Thing 101,"The Saga of the Swamp Thing #6
""Sins on the Water""",Oct-1982,N,Martin Pasko,writer,None,,,,,,,,,,,,,,,,,,,,,,,,,,,,,,,,,,,,,,,,,,
,,,,,Thomas Yeates,"pencils, inks, cover",None,,,,,,,,,,,,,,,,,,,,,,,,,,,,,,,,,,,,,,,,,,
,,,,,Tatjana Wood,color,Exclusive,,,,,,,,,,,,,,,,,,,,,,,,,,,,,,,,,,,,,,,,,,
Azarath,,New Teen Titans #1,Nov-1980,N,Marv Wolfman,writer,Exclusive,1983,,,,,,,,,,,,,,,,,,,,,,,,,,,,,,,,,,,,,,,,,
,,,,,George Perez,"pencils, cover pencils",None,1983,,,,,,,,,,,,,,,,,,,,,,,,,,,,,,,,,,,,,,,,,
,,,,,Romeo Tanghal,inks,Exclusive,,,,,,,,,,,,,,,,,,,,,,,,,,,,,,,,,,,,,,,,,,
,,,,,Dick Giordano,cover inks,Exclusive,,"Giordano may have been an employee of DC at this time.
Deceased",,,,,,,,,,,,,,,,,,,,,,,,,,,,,,,,,,,,,,,,
,,,,,Adrienne Roy,color,N/A,,Deceased,,,,,,,,,,,,,,,,,,,,,,,,,,,,,,,,,,,,,,,,
"Azucar 
(Veronica Lopez)","Suicide Squad
(2019)",Suicide Squad Most Wanted: El Diablo and Boomerang #2,Nov-2016,N,Jai Nitz,writer,WFH,,,,,,,,,,,,,,,,,,,,,,,,,,,,,,,,,,,,,,,,,,
,,,,,Cliff Richards,pencils,WFH,,,,,,,,,,,,,,,,,,,,,,,,,,,,,,,,,,,,,,,,,,
,,,,,Cliff Richards,inks,WFH,,,,,,,,,,,,,,,,,,,,,,,,,,,,,,,,,,,,,,,,,,
"Backlash
(Marc Slayton)","Point Blank
Sleeper",Stormwatch #3,Jul-1993,Y,Jim Lee,"writer, cover pencils",WildStorm Employment Agreement,Y,"Booth & Lee are credited with the co-creator of Backlash; however Booth's first work on this series was in Stormwatch #0 (Aug. 93)

See also: WildStorm Asset Purchase Agreement",,,,,,,,,,,,,,,,,,,,,,,,,,,,,,,,,,,,,,,,
,,,,,Brett Booth,co-creator,WildStorm WFH Acknowledgement,2009,,,,,,,,,,,,,,,,,,,,,,,,,,,,,,,,,,,,,,,,,
,,,,,Brandon Choi,writer,WildStorm WFH Acknowledgement,,,,,,,,,,,,,,,,,,,,,,,,,,,,,,,,,,,,,,,,,,
,,,,,Scott Clark,pencils,WFH,,,,,,,,,,,,,,,,,,,,,,,,,,,,,,,,,,,,,,,,,,
,,,,,Trevor Scott,"inks, cover inks",WildStorm WFH Acknowledgement,,,,,,,,,,,,,,,,,,,,,,,,,,,,,,,,,,,,,,,,,,
,,,,,Chameleon Prime,color,N/A,,,,,,,,,,,,,,,,,,,,,,,,,,,,,,,,,,,,,,,,,,
,,,,,"Paige Apfelbaum
(Paige King)",color,N/A,,,,,,,,,,,,,,,,,,,,,,,,,,,,,,,,,,,,,,,,,,
,,,,,Joe Chiodo,color,N/A,,,,,,,,,,,,,,,,,,,,,,,,,,,,,,,,,,,,,,,,,,
,,,,,Wendy Fouts,color,N/A,,,,,,,,,,,,,,,,,,,,,,,,,,,,,,,,,,,,,,,,,,
Badhnisia,Flash,"Flash Comics #1
""The Kidnapping of Johnny Thunder""",Jan-1940,N,John B. Wentworth,writer,Writer-Artist,,"Agreement is undated and untitled
Deceased",,,,,,,,,,,,,,,,,,,,,,,,,,,,,,,,,,,,,,,,
,,,,,Stan Aschmeier,"pencils, inks",None,,Deceased,,,,,,,,,,,,,,,,,,,,,,,,,,,,,,,,,,,,,,,,
,,,,,Sheldon Moldoff,cover,Writer-Artist,,"Agreement is undated and untitled
Deceased",,,,,,,,,,,,,,,,,,,,,,,,,,,,,,,,,,,,,,,,
Balloon Man,,Metal Men #24,Feb-1967,Y,Robert Kanigher,writer,N/A,,"Kanigher was an employee of DC from 2/3/47 - 5/31/82.
Deceased",,,,,,,,,,,,,,,,,,,,,,,,,,,,,,,,,,,,,,,,
,,,,,Ross Andru,"pencils, cover pencils",None,,Deceased,,,,,,,,,,,,,,,,,,,,,,,,,,,,,,,,,,,,,,,,
,,,,,Mike Esposito,"inks, cover inks",None,,Deceased,,,,,,,,,,,,,,,,,,,,,,,,,,,,,,,,,,,,,,,,
Bane,"Suicide Squad
(2016)","Batman: Vengeance of the Bane #1
(initially created to appear in Batman #489 - 2/93)",Jan-1993,Y,Doug Moench,creator,None,1993,Moench contributed to Batman #489. We have a WFH for him for that issue.,,,,,,,,,,,,,,,,,,,,,,,,,,,,,,,,,,,,,,,,
,,,,,Chuck Dixon,"creator, writer",WFH; Settlement,1993,,,,,,,,,,,,,,,,,,,,,,,,,,,,,,,,,,,,,,,,,
,,,,,Graham Nolan,"creator, pencils",WFH; Settlement,1993,,,,,,,,,,,,,,,,,,,,,,,,,,,,,,,,,,,,,,,,,
,,,,,Eduardo Barretto,inks,WFH,,,,,,,,,,,,,,,,,,,,,,,,,,,,,,,,,,,,,,,,,,
,,,,,Glenn Fabry,cover,WFH,,,,,,,,,,,,,,,,,,,,,,,,,,,,,,,,,,,,,,,,,,
,,,,,Adrienne Roy,color,Exclusive,,Deceased,,,,,,,,,,,,,,,,,,,,,,,,,,,,,,,,,,,,,,,,
Barbara Whitmore,Stargirl 101,Stars & S.T.R.I.P.E. #0,Jul-1999,N,Geoff Johns,writer,WFH,,,,,,,,,,,,,,,,,,,,,,,,,,,,,,,,,,,,,,,,,,
,,,,,James Robinson,writer,Exclusive,,,,,,,,,,,,,,,,,,,,,,,,,,,,,,,,,,,,,,,,,,
,,,,,Lee Moder,"pencils, cover pencils",WFH,,,,,,,,,,,,,,,,,,,,,,,,,,,,,,,,,,,,,,,,,,
,,,,,Chris Weston,pencils,WFH,,,,,,,,,,,,,,,,,,,,,,,,,,,,,,,,,,,,,,,,,,
,,,,,Dan W. Davis,"inks, cover inks",WFH,,,,,,,,,,,,,,,,,,,,,,,,,,,,,,,,,,,,,,,,,,
,,,,,John Stokes,inks,WFH,,,,,,,,,,,,,,,,,,,,,,,,,,,,,,,,,,,,,,,,,,
,,,,,Carla Feeny,color,N/A,,,,,,,,,,,,,,,,,,,,,,,,,,,,,,,,,,,,,,,,,,
"Barbary Ghost
(Yanmei Tsen)",,"All-Star Western #4
""The Barbary Ghost Part 1""",Feb-2012,N,James Palmiotti,writer,WFH,2011,,,,,,,,,,,,,,,,,,,,,,,,,,,,,,,,,,,,,,,,,
,,,,,Justin Gray,writer,WFH,2011,,,,,,,,,,,,,,,,,,,,,,,,,,,,,,,,,,,,,,,,,
,,,,,Phil Winslade,"pencils, inks",WFH,,Equity agreement sent; unsigned,,,,,,,,,,,,,,,,,,,,,,,,,,,,,,,,,,,,,,,,
,,,,,Jose Ladronn,cover,WFH,,,,,,,,,,,,,,,,,,,,,,,,,,,,,,,,,,,,,,,,,,
,,,,,Dominic Regan,color,N/A,,,,,,,,,,,,,,,,,,,,,,,,,,,,,,,,,,,,,,,,,,
Barney Sands,,The Flash #248 ,Apr-1977,N,Cary Bates,writer,None,,,,,,,,,,,,,,,,,,,,,,,,,,,,,,,,,,,,,,,,,,
,,,,,"Irving ""Irv"" Novick",pencils,None,,,,,,,,,,,,,,,,,,,,,,,,,,,,,,,,,,,,,,,,,,
,,,,,Frank McLaughlin,inks,Exclusive,,,,,,,,,,,,,,,,,,,,,,,,,,,,,,,,,,,,,,,,,,
"Baron Bedlam 
(Frederick DeLamb)",,Batman and the Outsiders #1,Aug-1983,N,Mike W. Barr,writer,Writer; Joint Creator,2006,,,,,,,,,,,,,,,,,,,,,,,,,,,,,,,,,,,,,,,,,
,,,,,James Aparo,"pencils, inks",Artist; Joint Creator,1991,,,,,,,,,,,,,,,,,,,,,,,,,,,,,,,,,,,,,,,,,
,,,,,Adrienne Roy,color,Exclusive,,,,,,,,,,,,,,,,,,,,,,,,,,,,,,,,,,,,,,,,,,
"Baron Reiter
(Baron Blitzkrieg)","Arrow 402
(10/14/2015)","World's Finest Comics #246
""The Baron's Name is Blitzkrieg""",Sep-1977,N,Gerry Conway,writer,Exclusive,,,,,,,,,,,,,,,,,,,,,,,,,,,,,,,,,,,,,,,,,,
,,,,,Don Heck,pencils,Exclusive,,Deceased,,,,,,,,,,,,,,,,,,,,,,,,,,,,,,,,,,,,,,,,
,,,,,Vince Colletta,inks,Exclusive,,,,,,,,,,,,,,,,,,,,,,,,,,,,,,,,,,,,,,,,,,
,,,,,Neal Adams,cover,Creator Recognition,,,,,,,,,,,,,,,,,,,,,,,,,,,,,,,,,,,,,,,,,,
Baron Winters,Night Force,"New Teen Titans #21
""Night Force""",Jul-1982,N,Marv Wolfman,writer,Writer,,,,,,,,,,,,,,,,,,,,,,,,,,,,,,,,,,,,,,,,,,
,,,,,Eugene Colan,"pencils, cover pencils",Exclusive,,Deceased,,,,,,,,,,,,,,,,,,,,,,,,,,,,,,,,,,,,,,,,
,,,,,Robert L. Smith,"inks, cover inks",None,,,,,,,,,,,,,,,,,,,,,,,,,,,,,,,,,,,,,,,,,,
,,,,,Michele Wolfman,color,N/A,,,,,,,,,,,,,,,,,,,,,,,,,,,,,,,,,,,,,,,,,,
Baroness Blitzkrieg,The Ray (WBA),Justice Society of America #2,Mar-2007,N,Geoff Johns,writer,WFH; Exclusive,,,,,,,,,,,,,,,,,,,,,,,,,,,,,,,,,,,,,,,,,,
,,,,,Dale Eaglesham,pencils,WFH; Exclusive,,,,,,,,,,,,,,,,,,,,,,,,,,,,,,,,,,,,,,,,,,
,,,,,Ruy Jose,inks,WFH; Exclusive,,,,,,,,,,,,,,,,,,,,,,,,,,,,,,,,,,,,,,,,,,
,,,,,Alex Ross,"painted artwork, cover",WFH,,,,,,,,,,,,,,,,,,,,,,,,,,,,,,,,,,,,,,,,,,
,,,,,Jeromy Cox,color,N/A,,,,,,,,,,,,,,,,,,,,,,,,,,,,,,,,,,,,,,,,,,
"Barrage
(Phillip Karnowsky)",Supergirl 207,"Superman Annual #2
""Love's Labors...""",1988,N,John Byrne,"writer, pencils, inks",WFH,,,,,,,,,,,,,,,,,,,,,,,,,,,,,,,,,,,,,,,,,,
,,,,,Ron Frenz,cover pencils,WFH,,,,,,,,,,,,,,,,,,,,,,,,,,,,,,,,,,,,,,,,,,
,,,,,Brett Breeding,cover inks,WFH,,,,,,,,,,,,,,,,,,,,,,,,,,,,,,,,,,,,,,,,,,
,,,,,Shelly Eiber,color,N/A,,,,,,,,,,,,,,,,,,,,,,,,,,,,,,,,,,,,,,,,,,
"Barrage
(Doom Patrol)",,Doom Patrol #1,Aug-2004,N,John Byrne,"writer, pencils, cover",WFH,,,,,,,,,,,,,,,,,,,,,,,,,,,,,,,,,,,,,,,,,,
,,,,,Doug Hazlewood,inks,WFH,,,,,,,,,,,,,,,,,,,,,,,,,,,,,,,,,,,,,,,,,,
,,,,,Alex Bleyaert,color,N/A,,,,,,,,,,,,,,,,,,,,,,,,,,,,,,,,,,,,,,,,,,
"Bradley ""Bash"" Bashford",,"Superboy #157
""Get Lost, Superboy… Who Needs You?""",Jun-1969,Y,Frank Robbins,writer,None,,Deceased,,,,,,,,,,,,,,,,,,,,,,,,,,,,,,,,,,,,,,,,
,,,,,Bob Brown,pencils,None,,Deceased,,,,,,,,,,,,,,,,,,,,,,,,,,,,,,,,,,,,,,,,
,,,,,Wally Wood,inks,None,,Deceased,,,,,,,,,,,,,,,,,,,,,,,,,,,,,,,,,,,,,,,,
,,,,,Neal Adams,cover,Contributor Recognition,,,,,,,,,,,,,,,,,,,,,,,,,,,,,,,,,,,,,,,,,,
Bat Tank,,Batman: The Dark Knight Returns #2,Apr-1986,N,Frank Miller,"writer, pencils",Graphic Novel Agreement,,DCBL #4960,,,,,,,,,,,,,,,,,,,,,,,,,,,,,,,,,,,,,,,,
"Batgirl
(Betty Kane)",Gotham Girls,"Batman #139
""Bat-Girl""",Apr-1961,Y,Bob Kane,creator,Services Agreements,Y,Deceased,,,,,,,,,,,,,,,,,,,,,,,,,,,,,,,,,,,,,,,,
,,,,,Bill Finger,writer,Contributor Recognition,,Deceased Contributor Recognition Agreement is with heir.,,,,,,,,,,,,,,,,,,,,,,,,,,,,,,,,,,,,,,,,
,,,,,Sheldon Mayer,"pencils, cover",None,,Deceased,,,,,,,,,,,,,,,,,,,,,,,,,,,,,,,,,,,,,,,,
,,,,,Charles Paris,inks,None,,Deceased,,,,,,,,,,,,,,,,,,,,,,,,,,,,,,,,,,,,,,,,
"Batgirl
(Barbara Gordon)",Gotham Girls,"as Batgirl:
Detective Comics #359
""The Million Dollar Debut of Batgirl""",Jan-1967,Y,Gardner F. Fox,writer,Creator Recognition,,Deceased Creator recognition agreement with is with heirs.,,,,,,,,,,,,,,,,,,,,,,,,,,,,,,,,,,,,,,,,
,,,,,Carmine Infantino,"pencils, cover pencils",Settlement,,Deceased,,,,,,,,,,,,,,,,,,,,,,,,,,,,,,,,,,,,,,,,
,,,,,Sidney Greene,inks,None,,Deceased,,,,,,,,,,,,,,,,,,,,,,,,,,,,,,,,,,,,,,,,
,,,,,Murphy Anderson,cover inks,None,,Deceased,,,,,,,,,,,,,,,,,,,,,,,,,,,,,,,,,,,,,,,,
,,"as Oracle:
Suicide Squad #23",Jan-1989,N,John Ostrander,writer,WFH,,Yale was Ostrander's wife & co-writer. We credit her for writing but all payment went to John. She is deceased & John is the executor of her estate.,,,,,,,,,,,,,,,,,,,,,,,,,,,,,,,,,,,,,,,,
,,,,,Kim Yale,writer,None,,,,,,,,,,,,,,,,,,,,,,,,,,,,,,,,,,,,,,,,,,
,,,,,Luke McDonnell,"pencils, cover pencils",WFH,,,,,,,,,,,,,,,,,,,,,,,,,,,,,,,,,,,,,,,,,,
,,,,,Karl Kesel,"inks, cover inks",WFH,,,,,,,,,,,,,,,,,,,,,,,,,,,,,,,,,,,,,,,,,,
,,,,,Carl Gafford,color,N/A,,,,,,,,,,,,,,,,,,,,,,,,,,,,,,,,,,,,,,,,,,
"Batgirl
(Stephanie Brown; Spoiler; Robin)",Gotham Girls,"as Spoiler:
Detective Comics #647",Aug-1992,N,Chuck Dixon,writer,WFH,1994,,,,,,,,,,,,,,,,,,,,,,,,,,,,,,,,,,,,,,,,,
,,,,,Tom Lyle,pencils,WFH,1994,,,,,,,,,,,,,,,,,,,,,,,,,,,,,,,,,,,,,,,,,
,,,,,Scott Hanna,inks,WFH,,,,,,,,,,,,,,,,,,,,,,,,,,,,,,,,,,,,,,,,,,
,,,,,Matt Wagner,cover,WFH,,,,,,,,,,,,,,,,,,,,,,,,,,,,,,,,,,,,,,,,,,
,,,,,Adrienne Roy,color,Exclusive,,Deceased,,,,,,,,,,,,,,,,,,,,,,,,,,,,,,,,,,,,,,,,
,,"as Robin:
Robin #126",Jul-2004,Y,Bill Willingham,writer,WFH,,,,,,,,,,,,,,,,,,,,,,,,,,,,,,,,,,,,,,,,,,
,,,,,Damion Scott,"pencils, inks, cover",WFH,,,,,,,,,,,,,,,,,,,,,,,,,,,,,,,,,,,,,,,,,,
,,,,,Guy Major,color,N/A,,,,,,,,,,,,,,,,,,,,,,,,,,,,,,,,,,,,,,,,,,
,,"as Batgirl:
Batgirl #4",Jan-2010,Y,Bryan Q. Miller,writer,WFH,,,,,,,,,,,,,,,,,,,,,,,,,,,,,,,,,,,,,,,,,,
,,,,,Tim Levins,pencils,WFH,,,,,,,,,,,,,,,,,,,,,,,,,,,,,,,,,,,,,,,,,,
,,,,,Lee Garbett,pencils,WFH,,,,,,,,,,,,,,,,,,,,,,,,,,,,,,,,,,,,,,,,,,
,,,,,Dan W. Davis,inks,WFH,,,,,,,,,,,,,,,,,,,,,,,,,,,,,,,,,,,,,,,,,,
,,,,,Aaron Sowd,inks,WFH,,,,,,,,,,,,,,,,,,,,,,,,,,,,,,,,,,,,,,,,,,
,,,,,Trevor Scott,inks,WFH,,,,,,,,,,,,,,,,,,,,,,,,,,,,,,,,,,,,,,,,,,
,,,,,Phil Noto,cover,WFH,,,,,,,,,,,,,,,,,,,,,,,,,,,,,,,,,,,,,,,,,,
,,,,,Guy Major,color,N/A,,,,,,,,,,,,,,,,,,,,,,,,,,,,,,,,,,,,,,,,,,
"Batgirl
(Helena Bertinelli; The Huntress)
This applies to Helena Bertinelli only. For Earth-2 Huntress, see Helena Wayne.",Gotham Girls,"as Huntress:
Huntress #1",Apr-1989,Y,Joey Cavalieri,writer,WFH,,,,,,,,,,,,,,,,,,,,,,,,,,,,,,,,,,,,,,,,,,
,,,,,Joe Staton,"pencils, cover pencils",WFH,,,,,,,,,,,,,,,,,,,,,,,,,,,,,,,,,,,,,,,,,,
,,,,,Bruce Patterson,"inks, cover inks",Exclusive,,,,,,,,,,,,,,,,,,,,,,,,,,,,,,,,,,,,,,,,,,
,,,,,Dick Giordano,inks,N/A,,"Giordano may have been an employee of DC at this time.
Deceased",,,,,,,,,,,,,,,,,,,,,,,,,,,,,,,,,,,,,,,,
,,,,,Nansi Hoolihan,color,N/A,,,,,,,,,,,,,,,,,,,,,,,,,,,,,,,,,,,,,,,,,,
,,"as Batgirl:
Batman: Shadow of the Bat #83",Mar-1999,Y,Bob Gale,writer,WFH,,,,,,,,,,,,,,,,,,,,,,,,,,,,,,,,,,,,,,,,,,
,,,,,Alex Maleev,pencils,WFH,,,,,,,,,,,,,,,,,,,,,,,,,,,,,,,,,,,,,,,,,,
,,,,,Wayne Faucher,inks,WFH,,,,,,,,,,,,,,,,,,,,,,,,,,,,,,,,,,,,,,,,,,
,,,,,Tony Harris,cover pencils,WFH,,,,,,,,,,,,,,,,,,,,,,,,,,,,,,,,,,,,,,,,,,
,,,,,Jim Royal,cover inks,WFH,,,,,,,,,,,,,,,,,,,,,,,,,,,,,,,,,,,,,,,,,,
,,,,,Matt Hollingsworth,color,N/A,,,,,,,,,,,,,,,,,,,,,,,,,,,,,,,,,,,,,,,,,,
"Batgirl
(Cassandra Cain)",Gotham Girls,Batman #567,Jul-1999,Y,Kelley Puckett,writer,WFH,,,,,,,,,,,,,,,,,,,,,,,,,,,,,,,,,,,,,,,,,,
,,,,,Damion Scott,"pencils, cover pencils",WFH,,,,,,,,,,,,,,,,,,,,,,,,,,,,,,,,,,,,,,,,,,
,,,,,John Floyd,inks,WFH,,,,,,,,,,,,,,,,,,,,,,,,,,,,,,,,,,,,,,,,,,
,,,,,Robert Campanella,cover inks,WFH,,,,,,,,,,,,,,,,,,,,,,,,,,,,,,,,,,,,,,,,,,
,,,,,Gregory Wright,color,N/A,,,,,,,,,,,,,,,,,,,,,,,,,,,,,,,,,,,,,,,,,,
"Batman
(Bruce Wayne)",,"Detective Comics #27
""The Case of the Chemical Syndicate""",May-1939,Y,Bill Finger,writer,Contributor Recognition,Y,Deceased Contributor Recognition Agreement is with heir.,,,,,,,,,,,,,,,,,,,,,,,,,,,,,,,,,,,,,,,,
,,,,,Bob Kane,"pencils, inks, cover",Services Agreements,Y,Deceased,,,,,,,,,,,,,,,,,,,,,,,,,,,,,,,,,,,,,,,,
Bat Signal,Gotham 422,"Detective Comics #60
""The Case of the Costume-Clad Killers""",Feb-1942,N,Jack Schiff,writer,N/A,,"Schiff may have been an employee of DC at this time.
Deceased",,,,,,,,,,,,,,,,,,,,,,,,,,,,,,,,,,,,,,,,
,,,,,Bob Kane,pencils,Services Agreements,,Deceased,,,,,,,,,,,,,,,,,,,,,,,,,,,,,,,,,,,,,,,,
,,,,,Jerry Robinson,"inks, cover",Settlement,,Deceased,,,,,,,,,,,,,,,,,,,,,,,,,,,,,,,,,,,,,,,,
,,,,,George Roussos,inks,None,,Deceased,,,,,,,,,,,,,,,,,,,,,,,,,,,,,,,,,,,,,,,,
"Batwing
(Lucas ""Luke"" Fox)",Batwoman 101,Batwing #19,Jun-2013,Y,Justin Gray,writer,WFH,,,,,,,,,,,,,,,,,,,,,,,,,,,,,,,,,,,,,,,,,,
,,,,,Jimmy Palmiotti,writer,WFH,,,,,,,,,,,,,,,,,,,,,,,,,,,,,,,,,,,,,,,,,,
,,,,,Eduardo Pansica,pencils,WFH,,,,,,,,,,,,,,,,,,,,,,,,,,,,,,,,,,,,,,,,,,
,,,,,Julio Ferreira,inks,WFH,,,,,,,,,,,,,,,,,,,,,,,,,,,,,,,,,,,,,,,,,,
,,,,,Fabrizio Fiorentino,cover,WFH,,,,,,,,,,,,,,,,,,,,,,,,,,,,,,,,,,,,,,,,,,
,,,,,Jason Wright,color,N/A,,,,,,,,,,,,,,,,,,,,,,,,,,,,,,,,,,,,,,,,,,
"Batwoman
(Katherine ""Kathy"" Kane)",,"Detective Comics #233
""The Batwoman""",Jul-1956,Y,Edmond Hamilton,writer,None,,Deceased,,,,,,,,,,,,,,,,,,,,,,,,,,,,,,,,,,,,,,,,
,,,,,Sheldon Moldoff,"pencils, cover",None,,Deceased,,,,,,,,,,,,,,,,,,,,,,,,,,,,,,,,,,,,,,,,
,,,,,Stan Kaye,inks,None,,Deceased,,,,,,,,,,,,,,,,,,,,,,,,,,,,,,,,,,,,,,,,
"Batwoman
(Katherine ""Kate"" Kane)",Arrow 709,52 #7,Aug-2006,N,Geoff Johns,writer,Exclusive; Continuity; WFH,,,,,,,,,,,,,,,,,,,,,,,,,,,,,,,,,,,,,,,,,,
,,,,,Grant Morrison,writer,Continuity; WFH,,,,,,,,,,,,,,,,,,,,,,,,,,,,,,,,,,,,,,,,,,
,,,,,Greg Rucka,writer,Continuity; WFH,,,,,,,,,,,,,,,,,,,,,,,,,,,,,,,,,,,,,,,,,,
,,,,,Mark Waid,writer,Continuity; WFH,,,,,,,,,,,,,,,,,,,,,,,,,,,,,,,,,,,,,,,,,,
,,,,,Keith Giffen,pencils,Continuity,,,,,,,,,,,,,,,,,,,,,,,,,,,,,,,,,,,,,,,,,,
,,,,,Ken Lashley,"pencils, inks",WFH,,,,,,,,,,,,,,,,,,,,,,,,,,,,,,,,,,,,,,,,,,
,,,,,J.G. Jones,cover,WFH,,,,,,,,,,,,,,,,,,,,,,,,,,,,,,,,,,,,,,,,,,
,,,,,Alex Sinclair,color,Exclusive,,,,,,,,,,,,,,,,,,,,,,,,,,,,,,,,,,,,,,,,,,
Bialya,,Justice League vol 1  #2,June-1987,,Keith Giffen,writer,WFH,,,,,,,,,,,,,,,,,,,,,,,,,,,,,,,,,,,,,,,,,,
,,,,,J.M. DeMatteis,writer,WFH,,,,,,,,,,,,,,,,,,,,,,,,,,,,,,,,,,,,,,,,,,
,,,,,Kevin Maguire,pencils,WFH,,,,,,,,,,,,,,,,,,,,,,,,,,,,,,,,,,,,,,,,,,
,,,,,Al Gordon,inks,WFH,,,,,,,,,,,,,,,,,,,,,,,,,,,,,,,,,,,,,,,,,,
B'dg,,Green Lantern #4,Oct-2005,N,Geoff Johns,writer,Exclusive; WFH,,,,,,,,,,,,,,,,,,,,,,,,,,,,,,,,,,,,,,,,,,
,,,,,Ethan Van Sciver,"pencils, inks, cover",Exclusive; WFH,,,,,,,,,,,,,,,,,,,,,,,,,,,,,,,,,,,,,,,,,,
,,,,,"William ""Moose"" Baumann",color,N/A,,,,,,,,,,,,,,,,,,,,,,,,,,,,,,,,,,,,,,,,,,
"Beard Hunter
(Ernest Franklin)",Doom Patrol 110,Doom Patrol #45,Jun-1991,Y,Grant Morrison,writer,Writer,2010,,,,,,,,,,,,,,,,,,,,,,,,,,,,,,,,,,,,,,,,,
,,,,,Vincent Giarrano,pencils,WFH,,,,,,,,,,,,,,,,,,,,,,,,,,,,,,,,,,,,,,,,,,
,,,,,Malcolm Jones III,inks,WFH,,,,,,,,,,,,,,,,,,,,,,,,,,,,,,,,,,,,,,,,,,
,,,,,Simon Bisley,cover,WFH,,,,,,,,,,,,,,,,,,,,,,,,,,,,,,,,,,,,,,,,,,
,,,,,Daniel Vozzo,color,N/A,,,,,,,,,,,,,,,,,,,,,,,,,,,,,,,,,,,,,,,,,,
"Beast Boy
(Garfield ""Gar"" Logan; Changeling)",,"as Beast-Boy:
Doom Patrol #99
""The Beast-Boy""",Nov-1965,Y,Arnold Drake,writer,Equity,2006,Deceased,,,,,,,,,,,,,,,,,,,,,,,,,,,,,,,,,,,,,,,,
,,,,,Bob Brown,"pencils, inks, cover",None,,Deceased,,,,,,,,,,,,,,,,,,,,,,,,,,,,,,,,,,,,,,,,
,,"as Changeling:
DC Comics Presents #26
""Where Nightmares Begin""",Oct-1980,N,Marv Wolfman,writer,Exclusive,,,,,,,,,,,,,,,,,,,,,,,,,,,,,,,,,,,,,,,,,,
,,,,,George Perez,pencils,None,,,,,,,,,,,,,,,,,,,,,,,,,,,,,,,,,,,,,,,,,,
,,,,,Dick Giordano,inks,Exclusive,,"Giordano may have been an employee of DC at this time.
Deceased",,,,,,,,,,,,,,,,,,,,,,,,,,,,,,,,,,,,,,,,
,,,,,Jim Starlin,cover,None,,,,,,,,,,,,,,,,,,,,,,,,,,,,,,,,,,,,,,,,,,
,,,,,Adrienne Roy,color,N/A,,Deceased,,,,,,,,,,,,,,,,,,,,,,,,,,,,,,,,,,,,,,,,
"Beatriz da Costa
(Green Fury; Green Flame; Fire)",Powerless 110,"as Green Fury:
Super Friends #25",Oct-1979,N,E. Nelson Bridwell,writer,N/A,,"Bridwell was an employee of DC at this time (from 1/13/1964-1/23/1987).
Deceased",,,,,,,,,,,,,,,,,,,,,,,,,,,,,,,,,,,,,,,,
,,,,,Ramona Fradon,"pencils, cover pencils",Exclusive; Creator Recognition (DCBL 225190),2016,,,,,,,,,,,,,,,,,,,,,,,,,,,,,,,,,,,,,,,,,
,,,,,Robert R. Smith,"inks, cover inks",None,,,,,,,,,,,,,,,,,,,,,,,,,,,,,,,,,,,,,,,,,,
,,,,,Gene D'Angelo,color,N/A,,,,,,,,,,,,,,,,,,,,,,,,,,,,,,,,,,,,,,,,,,
Before Watchmen: The Comedian,,"Before Watchmen: Comedian #1
""Smile""",Aug-2012,Y,Brian Azzarello,writer,WFH,,,,,,,,,,,,,,,,,,,,,,,,,,,,,,,,,,,,,,,,,,
,,,,,Jeffrey G. Jones,"pencils, inks, cover",WFH,,,,,,,,,,,,,,,,,,,,,,,,,,,,,,,,,,,,,,,,,,
,,,,,Eduardo Risso,variant cover,WFH,,,,,,,,,,,,,,,,,,,,,,,,,,,,,,,,,,,,,,,,,,
,,,,,Jim Lee,variant cover pencils,Firewall,,,,,,,,,,,,,,,,,,,,,,,,,,,,,,,,,,,,,,,,,,
,,,,,Scott Williams,variant cover inks,WFH,,,,,,,,,,,,,,,,,,,,,,,,,,,,,,,,,,,,,,,,,,
,,,,,Alex Sinclair,color,Exclusive,,,,,,,,,,,,,,,,,,,,,,,,,,,,,,,,,,,,,,,,,,
Before Watchmen: The Crimson Corsair,,"Before Watchmen: Minutemen #1
""The Curse of the Crimson Corsair: The Devil in the Deep…! Part One""",Aug-2012,N,Len Wein,writer,WFH,,Deceased,,,,,,,,,,,,,,,,,,,,,,,,,,,,,,,,,,,,,,,,
,,,,,John Higgins,"pencils, inks, color",WFH,,,,,,,,,,,,,,,,,,,,,,,,,,,,,,,,,,,,,,,,,,
,,,,,Darwyn Cooke,cover,WFH,,,,,,,,,,,,,,,,,,,,,,,,,,,,,,,,,,,,,,,,,,
,,,,,Michael Golden,variant cover,WFH,,,,,,,,,,,,,,,,,,,,,,,,,,,,,,,,,,,,,,,,,,
,,,,,Jim Lee,variant cover pencils,Firewall,,,,,,,,,,,,,,,,,,,,,,,,,,,,,,,,,,,,,,,,,,
,,,,,Scott Williams,variant cover inks,WFH,,,,,,,,,,,,,,,,,,,,,,,,,,,,,,,,,,,,,,,,,,
,,,,,Alex Sinclair,variant cover color,Exclusive,,,,,,,,,,,,,,,,,,,,,,,,,,,,,,,,,,,,,,,,,,
Before Watchmen: Dollar Bill,,Before Watchmen: Dollar Bill,Mar-2013,Y,Len Wein,writer,WFH,,Deceased,,,,,,,,,,,,,,,,,,,,,,,,,,,,,,,,,,,,,,,,
,,,,,Steve Rude,"pencils, inks, cover",WFH,,,,,,,,,,,,,,,,,,,,,,,,,,,,,,,,,,,,,,,,,,
,,,,,Darwyn Cooke,variant cover,WFH,,,,,,,,,,,,,,,,,,,,,,,,,,,,,,,,,,,,,,,,,,
,,,,,Jim Lee,variant cover pencils,Firewall,,,,,,,,,,,,,,,,,,,,,,,,,,,,,,,,,,,,,,,,,,
,,,,,Scott Williams,variant cover inks,WFH,,,,,,,,,,,,,,,,,,,,,,,,,,,,,,,,,,,,,,,,,,
,,,,,Glenn Whitmore,color,N/A,,,,,,,,,,,,,,,,,,,,,,,,,,,,,,,,,,,,,,,,,,
,,,,,Alex Sinclair,variant cover color,Exclusive,,,,,,,,,,,,,,,,,,,,,,,,,,,,,,,,,,,,,,,,,,
Before Watchmen: Dr. Manhattan,,"Before Watchmen: Dr. Manhattan #1
""What's in the Box?""",Oct-2012,Y,J. Michael Straczynski,writer,WFH,,,,,,,,,,,,,,,,,,,,,,,,,,,,,,,,,,,,,,,,,,
,,,,,Adam Hughes,"pencils, inks, cover",WFH,,,,,,,,,,,,,,,,,,,,,,,,,,,,,,,,,,,,,,,,,,
,,,,,Paul Pope,variant cover,WFH,,,,,,,,,,,,,,,,,,,,,,,,,,,,,,,,,,,,,,,,,,
,,,,,Jim Lee,variant cover pencils,Firewall,,,,,,,,,,,,,,,,,,,,,,,,,,,,,,,,,,,,,,,,,,
,,,,,Scott Williams,variant cover inks,WFH,,,,,,,,,,,,,,,,,,,,,,,,,,,,,,,,,,,,,,,,,,
,,,,,Laura Martin,color,N/A,,,,,,,,,,,,,,,,,,,,,,,,,,,,,,,,,,,,,,,,,,
,,,,,Lovern Kindzierski,variant cover color,N/A,,,,,,,,,,,,,,,,,,,,,,,,,,,,,,,,,,,,,,,,,,
,,,,,Alex Sinclair,variant cover color,Exclusive,,,,,,,,,,,,,,,,,,,,,,,,,,,,,,,,,,,,,,,,,,
Before Watchmen: Minutemen,,"Before Watchmen: Minutemen #1
""The Minutemen: The Minute of Truth Chapter One: Eight Minutes""",Aug-2012,Y,Darwyn Cooke,"writer, pencils, inks, cover",WFH,,,,,,,,,,,,,,,,,,,,,,,,,,,,,,,,,,,,,,,,,,
,,,,,Michael Golden,variant cover,WFH,,,,,,,,,,,,,,,,,,,,,,,,,,,,,,,,,,,,,,,,,,
,,,,,Jim Lee,variant cover pencils,Firewall,,,,,,,,,,,,,,,,,,,,,,,,,,,,,,,,,,,,,,,,,,
,,,,,Scott Williams,variant cover inks,WFH,,,,,,,,,,,,,,,,,,,,,,,,,,,,,,,,,,,,,,,,,,
,,,,,Phil Noto,color,N/A,,,,,,,,,,,,,,,,,,,,,,,,,,,,,,,,,,,,,,,,,,
,,,,,Alex Sinclair,variant cover color,Exclusive,,,,,,,,,,,,,,,,,,,,,,,,,,,,,,,,,,,,,,,,,,
Before Watchmen: Moloch,,"Before Watchmen: Moloch #1
""Forgive Me Father, For I Have Sinned""",Jan-2013,Y,J. Michael Straczynski,writer,WFH,,,,,,,,,,,,,,,,,,,,,,,,,,,,,,,,,,,,,,,,,,
,,,,,Eduardo Risso,"pencils, inks, cover",WFH,,,,,,,,,,,,,,,,,,,,,,,,,,,,,,,,,,,,,,,,,,
,,,,,Matt Wagner,variant cover,WFH,,,,,,,,,,,,,,,,,,,,,,,,,,,,,,,,,,,,,,,,,,
,,,,,Jim Lee,variant cover pencils,Firewall,,,,,,,,,,,,,,,,,,,,,,,,,,,,,,,,,,,,,,,,,,
,,,,,Scott Williams,variant cover inks,WFH,,,,,,,,,,,,,,,,,,,,,,,,,,,,,,,,,,,,,,,,,,
,,,,,Patricia Mulvihill,color,N/A,,,,,,,,,,,,,,,,,,,,,,,,,,,,,,,,,,,,,,,,,,
,,,,,Brennan Wagner,variant cover color,N/A,,,,,,,,,,,,,,,,,,,,,,,,,,,,,,,,,,,,,,,,,,
,,,,,Alex Sinclair,variant cover color,N/A,,,,,,,,,,,,,,,,,,,,,,,,,,,,,,,,,,,,,,,,,,
Before Watchmen: Nite Owl,,"Before Watchmen: Nite Owl #1
""No Such Thing as a Free Lunch""",Aug-2012,Y,J. Michael Straczynski,writer,WFH,,,,,,,,,,,,,,,,,,,,,,,,,,,,,,,,,,,,,,,,,,
,,,,,Andy Kubert,"pencils, cover pencils",WFH,,,,,,,,,,,,,,,,,,,,,,,,,,,,,,,,,,,,,,,,,,
,,,,,Joe Kubert,"inks, cover inks",WFH,,Deceased,,,,,,,,,,,,,,,,,,,,,,,,,,,,,,,,,,,,,,,,
,,,,,Kevin Nowlan,variant cover,WFH,,,,,,,,,,,,,,,,,,,,,,,,,,,,,,,,,,,,,,,,,,
,,,,,Jim Lee,variant cover pencils,Firewall,,,,,,,,,,,,,,,,,,,,,,,,,,,,,,,,,,,,,,,,,,
,,,,,Scott Williams,variant cover inks,WFH,,,,,,,,,,,,,,,,,,,,,,,,,,,,,,,,,,,,,,,,,,
,,,,,Brad Anderson,color,N/A,,,,,,,,,,,,,,,,,,,,,,,,,,,,,,,,,,,,,,,,,,
,,,,,Alex Sinclair,variant cover color,Exclusive,,,,,,,,,,,,,,,,,,,,,,,,,,,,,,,,,,,,,,,,,,
Before Watchmen: Ozymandias,,"Before Watchmen: Ozymandias #1
""I Met a Traveler…!""",Sep-2012,Y,Len Wein,writer,WFH,,Deceased,,,,,,,,,,,,,,,,,,,,,,,,,,,,,,,,,,,,,,,,
,,,,,Jae Lee,"pencils, inks, cover",WFH,,,,,,,,,,,,,,,,,,,,,,,,,,,,,,,,,,,,,,,,,,
,,,,,Phil Jimenez,variant cover,WFH,,,,,,,,,,,,,,,,,,,,,,,,,,,,,,,,,,,,,,,,,,
,,,,,Jim Lee,variant cover pencils,Firewall,,,,,,,,,,,,,,,,,,,,,,,,,,,,,,,,,,,,,,,,,,
,,,,,Scott Williams,variant cover inks,WFH,,,,,,,,,,,,,,,,,,,,,,,,,,,,,,,,,,,,,,,,,,
,,,,,Joo Y. Lee,color,Exclusive,,,,,,,,,,,,,,,,,,,,,,,,,,,,,,,,,,,,,,,,,,
,,,,,Alex Sinclair,variant cover color,Exclusive,,,,,,,,,,,,,,,,,,,,,,,,,,,,,,,,,,,,,,,,,,
,,,,,"Romulo Fajardo, Jr.",variant cover color,N/A,,,,,,,,,,,,,,,,,,,,,,,,,,,,,,,,,,,,,,,,,,
Before Watchmen: Rorschach,,"Before Watchmen: Rorschach #1
""damn town""",Oct-2012,Y,Brian Azzarello,writer,WFH,,,,,,,,,,,,,,,,,,,,,,,,,,,,,,,,,,,,,,,,,,
,,,,,Lee Bermejo,"pencils, inks, cover",WFH,,,,,,,,,,,,,,,,,,,,,,,,,,,,,,,,,,,,,,,,,,
,,,,,Jim Steranko,variant cover,WFH,,,,,,,,,,,,,,,,,,,,,,,,,,,,,,,,,,,,,,,,,,
,,,,,Jim Lee,variant cover pencils,Firewall,,,,,,,,,,,,,,,,,,,,,,,,,,,,,,,,,,,,,,,,,,
,,,,,Scott Williams,variant cover inks,WFH,,,,,,,,,,,,,,,,,,,,,,,,,,,,,,,,,,,,,,,,,,
,,,,,Barbara Ciardo,color,N/A,,,,,,,,,,,,,,,,,,,,,,,,,,,,,,,,,,,,,,,,,,
,,,,,Alex Sinclair,variant cover color,Exclusive,,,,,,,,,,,,,,,,,,,,,,,,,,,,,,,,,,,,,,,,,,
Before Watchmen: Silk Spectre,,"Before Watchmen: Silk Spectre #1
""Mean Goodbye""",Aug-2012,Y,Amanda Conner,"writer, pencils, inks, cover",WFH,,,,,,,,,,,,,,,,,,,,,,,,,,,,,,,,,,,,,,,,,,
,,,,,Darwyn Cooke,writer,WFH,,,,,,,,,,,,,,,,,,,,,,,,,,,,,,,,,,,,,,,,,,
,,,,,Dave Johnson,variant cover,None,,,,,,,,,,,,,,,,,,,,,,,,,,,,,,,,,,,,,,,,,,
,,,,,Jim Lee,variant cover pencils,Firewall,,,,,,,,,,,,,,,,,,,,,,,,,,,,,,,,,,,,,,,,,,
,,,,,Scott Williams,variant cover inks,WFH,,,,,,,,,,,,,,,,,,,,,,,,,,,,,,,,,,,,,,,,,,
,,,,,Paul Mounts,color,N/A,,,,,,,,,,,,,,,,,,,,,,,,,,,,,,,,,,,,,,,,,,
,,,,,Alex Sinclair,variant cover color,Exclusive,,,,,,,,,,,,,,,,,,,,,,,,,,,,,,,,,,,,,,,,,,
Bernardo Rojas,Supergirl 506,Superman Annual #12,Aug-2000,N,Oscar Pinto,writer,WFH,,,,,,,,,,,,,,,,,,,,,,,,,,,,,,,,,,,,,,,,,,
,,,,,Francisco Haghenbeck,writer,WFH,,,,,,,,,,,,,,,,,,,,,,,,,,,,,,,,,,,,,,,,,,
,,,,,Brian K. Vaughan,writer,WFH,,,,,,,,,,,,,,,,,,,,,,,,,,,,,,,,,,,,,,,,,,
,,,,,Carlo Barberi,pencils,WFH,,,,,,,,,,,,,,,,,,,,,,,,,,,,,,,,,,,,,,,,,,
,,,,,Marlo Alquiza,inks,WFH,,,,,,,,,,,,,,,,,,,,,,,,,,,,,,,,,,,,,,,,,,
,,,,,Juan Vlasco,inks,WFH,,,,,,,,,,,,,,,,,,,,,,,,,,,,,,,,,,,,,,,,,,
The Bertinelli Family,"Birds of Prey 
(2020)",Huntress #1,Apr-1989,N,Joey Cavalieri,writer,WFH,,,,,,,,,,,,,,,,,,,,,,,,,,,,,,,,,,,,,,,,,,
,,,,,Joe Staton,"pencils, cover pencils",WFH,,,,,,,,,,,,,,,,,,,,,,,,,,,,,,,,,,,,,,,,,,
,,,,,Bruce Patterson,"inks, cover inks",Exclusive,,,,,,,,,,,,,,,,,,,,,,,,,,,,,,,,,,,,,,,,,,
,,,,,Dick Giordano,inks,N/A,,"Giordano may have been an employee of DC at this time.
Deceased",,,,,,,,,,,,,,,,,,,,,,,,,,,,,,,,,,,,,,,,
,,,,,Nansi Hoolihan,color,N/A,,,,,,,,,,,,,,,,,,,,,,,,,,,,,,,,,,,,,,,,,,
Bethany Snow,,New Teen Titans #22,Aug-1982,N,Marv Wolfman,writer,Exclusive,1983,,,,,,,,,,,,,,,,,,,,,,,,,,,,,,,,,,,,,,,,,
,,,,,George Perez,"pencils, cover pencils",Exclusive,1983,,,,,,,,,,,,,,,,,,,,,,,,,,,,,,,,,,,,,,,,,
,,,,,Romeo Tanghal,"inks, cover inks",Exclusive,,,,,,,,,,,,,,,,,,,,,,,,,,,,,,,,,,,,,,,,,,
,,,,,Adrienne Roy,color,Exclusive,,Deceased,,,,,,,,,,,,,,,,,,,,,,,,,,,,,,,,,,,,,,,,
Bibbo Bibbowski,,Adventures of Superman #428,May-1987,N,Marv Wolfman,writer,"Continuity, WFH",1993,,,,,,,,,,,,,,,,,,,,,,,,,,,,,,,,,,,,,,,,,
,,,,,Jerry Ordway,"pencils, inks, cover",WFH,1993,,,,,,,,,,,,,,,,,,,,,,,,,,,,,,,,,,,,,,,,,
,,,,,Tom Ziuko,color,N/A,,,,,,,,,,,,,,,,,,,,,,,,,,,,,,,,,,,,,,,,,,
"Big Bang
(Crisis on Infinite Earths Version)",Legends 501,"in DC Comics:
Crisis on Infinite Earths #1",Apr-1985,Y,Marv Wolfman,writer,Writer-Editor,,,,,,,,,,,,,,,,,,,,,,,,,,,,,,,,,,,,,,,,,,
,,,,,Len Wein,plot,None,,Deceased,,,,,,,,,,,,,,,,,,,,,,,,,,,,,,,,,,,,,,,,
,,,,,Robert Greenberger,plot,None,,,,,,,,,,,,,,,,,,,,,,,,,,,,,,,,,,,,,,,,,,
,,,,,George Perez,"pencils, cover",Exclusive,,,,,,,,,,,,,,,,,,,,,,,,,,,,,,,,,,,,,,,,,,
,,,,,Dick Giordano,inks,N/A,,"Giordano was an employee of DC at this time.
Deceased",,,,,,,,,,,,,,,,,,,,,,,,,,,,,,,,,,,,,,,,
,,,,,Anthony Tollin,color,N/A,,,,,,,,,,,,,,,,,,,,,,,,,,,,,,,,,,,,,,,,,,
Big Barda,DC Super Hero Girls,"Mister Miracle #4
""The Closing Jaws of Death!""

",Oct-1971,N,Jack Kirby,"writer, pencils, cover pencils",Fourth World Agreement,1982,Deceased,,,,,,,,,,,,,,,,,,,,,,,,,,,,,,,,,,,,,,,,
,,,,,Vince Colletta,"inks, cover inks",None,,Deceased,,,,,,,,,,,,,,,,,,,,,,,,,,,,,,,,,,,,,,,,
Big Belly Burger,Supergirl 501,Adventures of Superman #441,Jun-1988,N,John Byrne,writer,WFH,,,,,,,,,,,,,,,,,,,,,,,,,,,,,,,,,,,,,,,,,,
,,,,,Jerry Ordway,penicls,WFH,,,,,,,,,,,,,,,,,,,,,,,,,,,,,,,,,,,,,,,,,,
,,,,,Dennis Janke,inks,WFH,,,,,,,,,,,,,,,,,,,,,,,,,,,,,,,,,,,,,,,,,,
"Big Sir
(Dufus P. Ratchet)",Flash 411,The Flash #338,Oct-1984,Y,Cary Bates,writer,Writer-Editor,,,,,,,,,,,,,,,,,,,,,,,,,,,,,,,,,,,,,,,,,,
,,,,,Carmine Infantino,"pencils, cover pencils",WFH,,Deceased,,,,,,,,,,,,,,,,,,,,,,,,,,,,,,,,,,,,,,,,
,,,,,Frank McLaughlin,inks,Artist,,Deceased,,,,,,,,,,,,,,,,,,,,,,,,,,,,,,,,,,,,,,,,
,,,,,Klaus Janson,cover inks,WFH,,,,,,,,,,,,,,,,,,,,,,,,,,,,,,,,,,,,,,,,,,
,,,,,Carl Gafford,color,N/A,,,,,,,,,,,,,,,,,,,,,,,,,,,,,,,,,,,,,,,,,,
"Biomax
(Jack Spheer)",Supergirl 218,Power Company #6,Sep-2002,N,Kurt Busiek,writer,Writer,,,,,,,,,,,,,,,,,,,,,,,,,,,,,,,,,,,,,,,,,,
,,,,,Tom Grummett,"pencils, cover pencils",Artist; WFH,,,,,,,,,,,,,,,,,,,,,,,,,,,,,,,,,,,,,,,,,,
,,,,,Yanick Paquette,pencils,WFH,,,,,,,,,,,,,,,,,,,,,,,,,,,,,,,,,,,,,,,,,,
,,,,,Prentis Rollins,inks,WFH,,,,,,,,,,,,,,,,,,,,,,,,,,,,,,,,,,,,,,,,,,
,,,,,"Michael Bair
(Michael Hernandez)",cover inks,WFH,,,,,,,,,,,,,,,,,,,,,,,,,,,,,,,,,,,,,,,,,,
,,,,,Alex Sinclair,color,N/A,,,,,,,,,,,,,,,,,,,,,,,,,,,,,,,,,,,,,,,,,,
Biomax Process,Supergirl 218,Power Company #6,Sep-2002,N,Kurt Busiek,writer,Writer,,,,,,,,,,,,,,,,,,,,,,,,,,,,,,,,,,,,,,,,,,
,,,,,Tom Grummett,"pencils, cover pencils",Artist; WFH,,,,,,,,,,,,,,,,,,,,,,,,,,,,,,,,,,,,,,,,,,
,,,,,Yanick Paquette,pencils,WFH,,,,,,,,,,,,,,,,,,,,,,,,,,,,,,,,,,,,,,,,,,
,,,,,Prentis Rollins,inks,WFH,,,,,,,,,,,,,,,,,,,,,,,,,,,,,,,,,,,,,,,,,,
,,,,,"Michael Bair
(Michael Hernandez)",cover inks,WFH,,,,,,,,,,,,,,,,,,,,,,,,,,,,,,,,,,,,,,,,,,
,,,,,Alex Sinclair,color,N/A,,,,,,,,,,,,,,,,,,,,,,,,,,,,,,,,,,,,,,,,,,
Biospheer Technologies,Supergirl 218,Power Company #6,Sep-2002,N,Kurt Busiek,writer,Writer,,,,,,,,,,,,,,,,,,,,,,,,,,,,,,,,,,,,,,,,,,
,,,,,Tom Grummett,"pencils, cover pencils",Artist; WFH,,,,,,,,,,,,,,,,,,,,,,,,,,,,,,,,,,,,,,,,,,
,,,,,Yanick Paquette,pencils,WFH,,,,,,,,,,,,,,,,,,,,,,,,,,,,,,,,,,,,,,,,,,
,,,,,Prentis Rollins,inks,WFH,,,,,,,,,,,,,,,,,,,,,,,,,,,,,,,,,,,,,,,,,,
,,,,,"Michael Bair
(Michael Hernandez)",cover inks,WFH,,,,,,,,,,,,,,,,,,,,,,,,,,,,,,,,,,,,,,,,,,
,,,,,Alex Sinclair,color,N/A,,,,,,,,,,,,,,,,,,,,,,,,,,,,,,,,,,,,,,,,,,
"Bizarro
(Superboy Clone)",,Superboy #68,Oct-1958,Y,Otto Binder,writer,None,,Deceased,,,,,,,,,,,,,,,,,,,,,,,,,,,,,,,,,,,,,,,,
,,,,,George Papp,"pencils, inks",None,,Deceased,,,,,,,,,,,,,,,,,,,,,,,,,,,,,,,,,,,,,,,,
,,,,,Curt Swan,cover pencils,None,,Deceased,,,,,,,,,,,,,,,,,,,,,,,,,,,,,,,,,,,,,,,,
,,,,,Stan Kaye,cover inks,None,,Deceased,,,,,,,,,,,,,,,,,,,,,,,,,,,,,,,,,,,,,,,,
"Bizarro
(Superman Clone)",,Action Comics #254,Jul-1959,Y,Otto Binder,writer,None,,Deceased,,,,,,,,,,,,,,,,,,,,,,,,,,,,,,,,,,,,,,,,
,,,,,Al Plastino,"pencils, inks",None,,Deceased,,,,,,,,,,,,,,,,,,,,,,,,,,,,,,,,,,,,,,,,
,,,,,Curt Swan,cover pencils,None,,Deceased,,,,,,,,,,,,,,,,,,,,,,,,,,,,,,,,,,,,,,,,
,,,,,Stan Kaye,cover inks,None,,Deceased,,,,,,,,,,,,,,,,,,,,,,,,,,,,,,,,,,,,,,,,
"Bizarro
(Project: Changeling)",,Man of Steel #5,Dec-1986,Y,John Byrne,"writer, pencils, cover",WFH,,,,,,,,,,,,,,,,,,,,,,,,,,,,,,,,,,,,,,,,,,
,,,,,Dick Giordano,inks,N/A,,"Giordano was an employee of DC at this time.
Deceased",,,,,,,,,,,,,,,,,,,,,,,,,,,,,,,,,,,,,,,,
,,,,,Thomas Ziuko,color,N/A,,,,,,,,,,,,,,,,,,,,,,,,,,,,,,,,,,,,,,,,,,
"Bizarro
(Bizarro No. 1)",,Superman #160,Sep-2000,Y,Jeph Loeb,writer,Continuity,,,,,,,,,,,,,,,,,,,,,,,,,,,,,,,,,,,,,,,,,,
,,,,,Ed McGuinness,"pencils, cover pencils",Continuity,,,,,,,,,,,,,,,,,,,,,,,,,,,,,,,,,,,,,,,,,,
,,,,,Cam Smith,"inks, cover inks",WFH,,,,,,,,,,,,,,,,,,,,,,,,,,,,,,,,,,,,,,,,,,
,,,,,Richard & Tanya Horie,color,N/A,,,,,,,,,,,,,,,,,,,,,,,,,,,,,,,,,,,,,,,,,,
"Bizarro
(Last Son)",,Action Comics #845,Jan-2007,Y,Geoff Johns,writer,WFH,,,,,,,,,,,,,,,,,,,,,,,,,,,,,,,,,,,,,,,,,,
,,,,,Richard Donner,writer,Continuity,,,,,,,,,,,,,,,,,,,,,,,,,,,,,,,,,,,,,,,,,,
,,,,,Adam Kubert,"pencils, inks, cover",WFH,,,,,,,,,,,,,,,,,,,,,,,,,,,,,,,,,,,,,,,,,,
,,,,,Dave Stewart,color,N/A,,,,,,,,,,,,,,,,,,,,,,,,,,,,,,,,,,,,,,,,,,
"Bizarro
(New 52: Subject B-0)",,Superman #23.1,Nov-2013,Y,Sholly Fisch,writer,WFH,,,,,,,,,,,,,,,,,,,,,,,,,,,,,,,,,,,,,,,,,,
,,,,,Jeff Johnson,pencils,WFH,,,,,,,,,,,,,,,,,,,,,,,,,,,,,,,,,,,,,,,,,,
,,,,,Andy Smith,inks,WFH,,,,,,,,,,,,,,,,,,,,,,,,,,,,,,,,,,,,,,,,,,
,,,,,Javier Mena Guerrero,color,N/A,,,,,,,,,,,,,,,,,,,,,,,,,,,,,,,,,,,,,,,,,,
,,,,,Jordie Bellaire,color,N/A,,,,,,,,,,,,,,,,,,,,,,,,,,,,,,,,,,,,,,,,,,
,,,,,Aaron Kuder,cover,WFH,,,,,,,,,,,,,,,,,,,,,,,,,,,,,,,,,,,,,,,,,,
Bizarro-Doomsday,,Action Comics #856,Nov-2007,Y,Geoff Johns,writer,WFH,,,,,,,,,,,,,,,,,,,,,,,,,,,,,,,,,,,,,,,,,,
,,,,,Richard Donner,writer,Continuity,,,,,,,,,,,,,,,,,,,,,,,,,,,,,,,,,,,,,,,,,,
,,,,,Eric Powell,"pencils, inks, cover",WFH,,,,,,,,,,,,,,,,,,,,,,,,,,,,,,,,,,,,,,,,,,
Bizarro Supergirl,Supergirl 112,Superman #140,Oct-1960,N,Otto Binder,writer,None,,Deceased,,,,,,,,,,,,,,,,,,,,,,,,,,,,,,,,,,,,,,,,
,,,,,Wayne Boring,pencils,None,,Deceased,,,,,,,,,,,,,,,,,,,,,,,,,,,,,,,,,,,,,,,,
,,,,,Stan Kaye,"inks, cover inks",None,,Deceased,,,,,,,,,,,,,,,,,,,,,,,,,,,,,,,,,,,,,,,,
,,,,,Curt Swan,cover pencils,None,,Deceased,,,,,,,,,,,,,,,,,,,,,,,,,,,,,,,,,,,,,,,,
"Black Adam
(Teth-Adam)",Shazam,"in Fawcett Comics:
The Marvel Family #1
""The Mighty Marvels Join Forces""",Dec-1945,N,Otto Binder,writer,None,,See also: Fawcett Purchase Agreements,,,,,,,,,,,,,,,,,,,,,,,,,,,,,,,,,,,,,,,,
,,,,,"Charles Clarence ""C.C."" Beck","pencils, inks, cover pencils",None,,,,,,,,,,,,,,,,,,,,,,,,,,,,,,,,,,,,,,,,,,
,,,,,Pete Costanza,cover inks,None,,,,,,,,,,,,,,,,,,,,,,,,,,,,,,,,,,,,,,,,,,
,,"in DC Comics:
Shazam #28",Mar-1977,Y,E. Nelson Bridwell,writer,N/A,,"Bridwell was an employee of DC at this time.
Deceased",,,,,,,,,,,,,,,,,,,,,,,,,,,,,,,,,,,,,,,,
,,,,,Kurt Schaffenberger,"pencils, inks, cover",N/A,,"Schaffenberger was an employee of DC at this time.
Deceased",,,,,,,,,,,,,,,,,,,,,,,,,,,,,,,,,,,,,,,,
Black Arrow,The Ray (WBA),"Adventure Comics #143
""The Arrow Raiders Strike""",Aug-1949,N,Otto Binder,writer,None,,Deceased,,,,,,,,,,,,,,,,,,,,,,,,,,,,,,,,,,,,,,,,
,,,,,George Papp,"pencils, inks",None,,Deceased,,,,,,,,,,,,,,,,,,,,,,,,,,,,,,,,,,,,,,,,
,,,,,John Sikela,cover pencils,None,,Deceased,,,,,,,,,,,,,,,,,,,,,,,,,,,,,,,,,,,,,,,,
,,,,,Ed Dobrotka,cover inks,None,,,,,,,,,,,,,,,,,,,,,,,,,,,,,,,,,,,,,,,,,,
"Black Bison
(John Ravenhair; Black-Cloud-In-Morning)",Flash 406,Fury of Firestorm #1,Jun-1982,Y,Gerry Conway,writer,Exclusive,1979,,,,,,,,,,,,,,,,,,,,,,,,,,,,,,,,,,,,,,,,,
,,,,,Pat Broderick,"pencils, cover pencils",Exclusive,,,,,,,,,,,,,,,,,,,,,,,,,,,,,,,,,,,,,,,,,,
,,,,,"Rodolfo ""Rodin"" Rodriguez",inks,None,,,,,,,,,,,,,,,,,,,,,,,,,,,,,,,,,,,,,,,,,,
,,,,,Dick Giordano,cover inks,N/A,,"Giordano may have been an employee of DC at this time.
Deceased",,,,,,,,,,,,,,,,,,,,,,,,,,,,,,,,,,,,,,,,
,,,,,Gene D'Angelo,color,N/A,,,,,,,,,,,,,,,,,,,,,,,,,,,,,,,,,,,,,,,,,,
"Black Canary
(Dinah Laurel Drake)",,"Flash Comics #86
""The Black Canary""",Aug-1947,N,Robert Kanigher,writer,N/A,,"Kanigher was an employee of DC between 2/3/47-5/31/82.
Deceased",,,,,,,,,,,,,,,,,,,,,,,,,,,,,,,,,,,,,,,,
,,,,,Carmine Infantino,pencils,Settlement,,Deceased,,,,,,,,,,,,,,,,,,,,,,,,,,,,,,,,,,,,,,,,
,,,,,Joe Giella,inks,None,,,,,,,,,,,,,,,,,,,,,,,,,,,,,,,,,,,,,,,,,,
,,,,,Lee Elias,cover pencils,None,,,,,,,,,,,,,,,,,,,,,,,,,,,,,,,,,,,,,,,,,,
,,,,,Joe Kubert,cover inks,None,,Deceased,,,,,,,,,,,,,,,,,,,,,,,,,,,,,,,,,,,,,,,,
"Black Canary
(Dinah Laurel Lance)",,Justice League of America #219,Oct-1983,N,Roy Thomas,writer,Exclusive,,,,,,,,,,,,,,,,,,,,,,,,,,,,,,,,,,,,,,,,,,
,,,,,Gerry Conway,writer,Exclusive,,,,,,,,,,,,,,,,,,,,,,,,,,,,,,,,,,,,,,,,,,
,,,,,Chuck Patton,pencils,WFH,,,,,,,,,,,,,,,,,,,,,,,,,,,,,,,,,,,,,,,,,,
,,,,,Romeo Tanghal,inks,Exclusive,,,,,,,,,,,,,,,,,,,,,,,,,,,,,,,,,,,,,,,,,,
,,,,,George Perez,cover,WFH,,,,,,,,,,,,,,,,,,,,,,,,,,,,,,,,,,,,,,,,,,
,,,,,Gene D'Angelo,color,N/A,,,,,,,,,,,,,,,,,,,,,,,,,,,,,,,,,,,,,,,,,,
Black Flash,"Flash 223
(5/24/2016)",Flash #138,Jun-1998,N,Grant Morrison,writer,WFH,,,,,,,,,,,,,,,,,,,,,,,,,,,,,,,,,,,,,,,,,,
,,,,,Mark Millar,writer,WFH,,,,,,,,,,,,,,,,,,,,,,,,,,,,,,,,,,,,,,,,,,
,,,,,Ron Wagner,pencils,WFH,,,,,,,,,,,,,,,,,,,,,,,,,,,,,,,,,,,,,,,,,,
,,,,,John Nyberg,inks,WFH,,,,,,,,,,,,,,,,,,,,,,,,,,,,,,,,,,,,,,,,,,
,,,,,Steve Lightle,cover,WFH,,,,,,,,,,,,,,,,,,,,,,,,,,,,,,,,,,,,,,,,,,
,,,,,Tom McCraw,color,N/A,,,,,,,,,,,,,,,,,,,,,,,,,,,,,,,,,,,,,,,,,,
Black Hole,,The Flash vol. 5 #1,Aug-2016,N,Joshua Williamson,writer,WFH,,,,,,,,,,,,,,,,,,,,,,,,,,,,,,,,,,,,,,,,,,
,,,,,Carmine Di Giandomenico,"pencils, inks",WFH,,,,,,,,,,,,,,,,,,,,,,,,,,,,,,,,,,,,,,,,,,
"Black Lightning
(Jefferson Pierce)","DC Nation ""Thunder & Lightning"" Shorts",Black Lightning #1,Apr-1977,Y,Anthony Isabella,writer,Exclusive; Creator Recognition,"1979
1991
2016",,,,,,,,,,,,,,,,,,,,,,,,,,,,,,,,,,,,,,,,,
,,,,,Trevor Von Eeden,pencils,None,"1981
1991",,,,,,,,,,,,,,,,,,,,,,,,,,,,,,,,,,,,,,,,,
,,,,,Frank Springer,"inks, cover inks",None,,Deceased,,,,,,,,,,,,,,,,,,,,,,,,,,,,,,,,,,,,,,,,
,,,,,Rich Buckler,cover pencils,None,,,,,,,,,,,,,,,,,,,,,,,,,,,,,,,,,,,,,,,,,,
,,,,,Liz Berube,color,N/A,,,,,,,,,,,,,,,,,,,,,,,,,,,,,,,,,,,,,,,,,,
Black Manta,,Aquaman #35,Sep-1967,Y,Bob Haney,writer,Contributor Recognition,2014,Deceased Contributor Recognition Agreement is with heirs.,,,,,,,,,,,,,,,,,,,,,,,,,,,,,,,,,,,,,,,,
,,,,,"Nicholas Viscardi
(Nick Cardy)","pencils, inks, cover",None,,Deceased,,,,,,,,,,,,,,,,,,,,,,,,,,,,,,,,,,,,,,,,
"Black Mask
(Roman Sionis)","Gotham 108
(11/10/2014)",Batman #386,Aug-1985,Y,Doug Moench,writer,WFH,2011,,,,,,,,,,,,,,,,,,,,,,,,,,,,,,,,,,,,,,,,,
,,,,,Tom Mandrake,"pencils, inks, cover",WFH,2011,,,,,,,,,,,,,,,,,,,,,,,,,,,,,,,,,,,,,,,,,
,,,,,Adrienne Roy,color,Exclusive,,Deceased,,,,,,,,,,,,,,,,,,,,,,,,,,,,,,,,,,,,,,,,
"Black Mask
(Jeremiah Arkham)",,Batman: Shadow of the Bat #1,Jun-1992,N,Alan Grant,writer,WFH,,,,,,,,,,,,,,,,,,,,,,,,,,,,,,,,,,,,,,,,,,
,,,,,Norm Breyfogle,"pencils, inks",WFH,,Deceased,,,,,,,,,,,,,,,,,,,,,,,,,,,,,,,,,,,,,,,,
,,,,,"Jefferson Mitchell
(Brian Stelfreeze)",cover,WFH,,,,,,,,,,,,,,,,,,,,,,,,,,,,,,,,,,,,,,,,,,
,,,,,Adrienne Roy,color,Exclusive,,Deceased,,,,,,,,,,,,,,,,,,,,,,,,,,,,,,,,,,,,,,,,
Black Mercy,Krypton,Superman Annual #11,1985,Y,Alan Moore,writer,None,,,,,,,,,,,,,,,,,,,,,,,,,,,,,,,,,,,,,,,,,,
,,,,,Dave Gibbons,"pencils, inks, cover",None,,,,,,,,,,,,,,,,,,,,,,,,,,,,,,,,,,,,,,,,,,
,,,,,Tom Ziuko,color,N/A,,,,,,,,,,,,,,,,,,,,,,,,,,,,,,,,,,,,,,,,,,
"Black Orchid
(Susan Linden-Thorne)",,Adventure Comics #428,Jul-1973,Y,Sheldon Mayer,writer,None,,Deceased,,,,,,,,,,,,,,,,,,,,,,,,,,,,,,,,,,,,,,,,
,,,,,Tony DeZuniga,"pencils, inks",Exclusive,,Deceased,,,,,,,,,,,,,,,,,,,,,,,,,,,,,,,,,,,,,,,,
,,,,,Robert Oksner,cover,None,,Deceased,,,,,,,,,,,,,,,,,,,,,,,,,,,,,,,,,,,,,,,,
"Black Orchid
(Flora Black)",,Black Orchid #1,Nov-1988,Y,Neil Gaiman,writer,Writer,,,,,,,,,,,,,,,,,,,,,,,,,,,,,,,,,,,,,,,,,,
,,,,,Dave McKean,"pencils, inks, cover",Artist; Color Artist,,,,,,,,,,,,,,,,,,,,,,,,,,,,,,,,,,,,,,,,,,
"Black Orchid
(Alba Garcia)",Dark Universe,Justice League Dark #9,Jul-2012,Y,Jeff Lemire,writer,WFH,,,,,,,,,,,,,,,,,,,,,,,,,,,,,,,,,,,,,,,,,,
,,,,,Mikel Janin Ardanaz,"pencils, inks",WFH,,,,,,,,,,,,,,,,,,,,,,,,,,,,,,,,,,,,,,,,,,
,,,,,Ryan Sook,cover,WFH,,,,,,,,,,,,,,,,,,,,,,,,,,,,,,,,,,,,,,,,,,
,,,,,Ulises Arreola,color,N/A,,,,,,,,,,,,,,,,,,,,,,,,,,,,,,,,,,,,,,,,,,
"Black Pirate
(Jon Valor)",Legends 107,"Action Comics #23
""Dead Men Tell No Tales""",Apr-1940,N,Sheldon Moldoff,"pencils, inks",None,,"An undated, untitled agreement with Moldoff from the 1940s has been located.
Deceased",,,,,,,,,,,,,,,,,,,,,,,,,,,,,,,,,,,,,,,,
,,,,,Joe Shuster,cover pencils,Settlement,,Deceased,,,,,,,,,,,,,,,,,,,,,,,,,,,,,,,,,,,,,,,,
,,,,,Paul Cassidy,cover inks,None,,,,,,,,,,,,,,,,,,,,,,,,,,,,,,,,,,,,,,,,,,
Black Superman Suit,,Superman: The Man of Steel vol 1 #25,Sept-1993,Y,Louise Simonson,writer,Continuity Writer Agreement,,,,,,,,,,,,,,,,,,,,,,,,,,,,,,,,,,,,,,,,,,
,,,,,Jon Bogdanove,pencils,Artist Agreement,,,,,,,,,,,,,,,,,,,,,,,,,,,,,,,,,,,,,,,,,,
Black Zero Organization,Krypton,World of Krypton #2,Jan-1988,N,John Byrne,"writer, cover pencils",WFH,,,,,,,,,,,,,,,,,,,,,,,,,,,,,,,,,,,,,,,,,,
,,,,,Mike Mignola,pencils,WFH,,,,,,,,,,,,,,,,,,,,,,,,,,,,,,,,,,,,,,,,,,
,,,,,Rick Bryant,inks,WFH,,,,,,,,,,,,,,,,,,,,,,,,,,,,,,,,,,,,,,,,,,
,,,,,Walt Simonson,cover inks,WFH,,,,,,,,,,,,,,,,,,,,,,,,,,,,,,,,,,,,,,,,,,
,,,,,Petra Scotese,color,N/A,,,,,,,,,,,,,,,,,,,,,,,,,,,,,,,,,,,,,,,,,,
Blackbriar Thorn,,DC Comics Presents #66,Feb-1984,N,Len Wein,writer,None,1995,Deceased,,,,,,,,,,,,,,,,,,,,,,,,,,,,,,,,,,,,,,,,
,,,,,Joe Kubert,pencils,WFH,,,,,,,,,,,,,,,,,,,,,,,,,,,,,,,,,,,,,,,,,,
"Blackfire
(Komand'r)",Titans 213, New Teen Titans #22,Aug-1982,Y,Marv Wolfman,Writer,,,,,,,,,,,,,,,,,,,,,,,,,,,,,,,,,,,,,,,,,,,
,,,,,George Perez,Pencils,,,,,,,,,,,,,,,,,,,,,,,,,,,,,,,,,,,,,,,,,,,
,,,,,Romeo Tanghal,Inks,,,,,,,,,,,,,,,,,,,,,,,,,,,,,,,,,,,,,,,,,,,
Blackgate Penitentiary,Arrow 709,Detective Comics #629,May-1991,N,Peter Milligan,writer,WFH,,,,,,,,,,,,,,,,,,,,,,,,,,,,,,,,,,,,,,,,,,
,,,,,Jim Aparo,pencils,Continuity Artist,,Deceased,,,,,,,,,,,,,,,,,,,,,,,,,,,,,,,,,,,,,,,,
,,,,,Steve Leialoha,inks,WFH,,,,,,,,,,,,,,,,,,,,,,,,,,,,,,,,,,,,,,,,,,
,,,,,Michael Golden,cover,None,,"There is a 1990 ""Batman Inventory"" WFH agreement with Michael Golden that describes ""Batman on Building SpireStatue of Justice"" which matches this cover.",,,,,,,,,,,,,,,,,,,,,,,,,,,,,,,,,,,,,,,,
,,,,,Adrienne Roy,color,Exclusive,,Deceased,,,,,,,,,,,,,,,,,,,,,,,,,,,,,,,,,,,,,,,,
"Blackguard
(Richard ""Dick"" Hertz)",Suicide Squad 2,Booster Gold #1,Feb-1986,Y,Dan Jurgens,"writer, pencils, cover",Writer-Artist,1985,,,,,,,,,,,,,,,,,,,,,,,,,,,,,,,,,,,,,,,,,
,,,,,Mike DeCarlo,inks,Artist (unsigned),,DeCarlo never signed this agreement. We have work-for-hire agreements with him starting with Booster Gold #6.,,,,,,,,,,,,,,,,,,,,,,,,,,,,,,,,,,,,,,,,
,,,,,Tom Ziuko,color,N/A,,,,,,,,,,,,,,,,,,,,,,,,,,,,,,,,,,,,,,,,,,
"Blackhawk
(Bartholomew ""Bart"" Hawk; The Big Eye; The Question Mark)",,"in Quality Comics:
Military Comics #1
""The Origin of Blackhawk""",Aug-1941,Y,Will Eisner,"writer, cover pencils",None,,See Quality Comics purchase agreements dated 7/26/56 & 8/1/67.,,,,,,,,,,,,,,,,,,,,,,,,,,,,,,,,,,,,,,,,
,,,,,Charles Cuidera,"pencils, inks",None,,,,,,,,,,,,,,,,,,,,,,,,,,,,,,,,,,,,,,,,,,
,,,,,Gill Fox,cover inks,None,,,,,,,,,,,,,,,,,,,,,,,,,,,,,,,,,,,,,,,,,,
,,"in DC Comics:
Blackhawk #108",Jan-1957,Y,Dick Dillin,"pencils, cover pencils",None,,Deceased,,,,,,,,,,,,,,,,,,,,,,,,,,,,,,,,,,,,,,,,
,,,,,Charles Cuidera,"inks, cover inks",None,,,,,,,,,,,,,,,,,,,,,,,,,,,,,,,,,,,,,,,,,,
"Blackhawk
(Janos Prohaska)",,Blackhawk #1,Mar-1989,Y,Howard Chaykin,"writer, pencils, inks, cover",,,,,,,,,,,,,,,,,,,,,,,,,,,,,,,,,,,,,,,,,,,
,,,,,Steve Oliff,color,N/A,,,,,,,,,,,,,,,,,,,,,,,,,,,,,,,,,,,,,,,,,,
Blackhawk Island,Flash 422,"in Quality Comics:
Military Comics #1
""The Origin of Blackhawk""",Aug-1941,N,Will Eisner,"writer, cover pencils",None,,See Quality Comics purchase agreements dated 7/26/56 & 8/1/67.,,,,,,,,,,,,,,,,,,,,,,,,,,,,,,,,,,,,,,,,
,,,,,Charles Cuidera,"pencils, inks",None,,,,,,,,,,,,,,,,,,,,,,,,,,,,,,,,,,,,,,,,,,
,,,,,Gill Fox,cover inks,None,,,,,,,,,,,,,,,,,,,,,,,,,,,,,,,,,,,,,,,,,,
,,"in DC Comics:
Blackhawk #109",Feb-1957,Y,Dick Dillin,"pencils, cover pencils",None,,Deceased,,,,,,,,,,,,,,,,,,,,,,,,,,,,,,,,,,,,,,,,
,,,,,Charles Cuidera,"inks, cover inks",None,,,,,,,,,,,,,,,,,,,,,,,,,,,,,,,,,,,,,,,,,,
Blackhawk Squad,"Arrow 405
(11/4/2015)","in Quality Comics:
Military Comics #1
""The Origin of Blackhawk""",Aug-1941,Y,Will Eisner,"writer, cover pencils",None,,See Quality Comics purchase agreements dated 7/26/56 & 8/1/67.,,,,,,,,,,,,,,,,,,,,,,,,,,,,,,,,,,,,,,,,
,,,,,Charles Cuidera,"pencils, inks",None,,,,,,,,,,,,,,,,,,,,,,,,,,,,,,,,,,,,,,,,,,
,,,,,Gill Fox,cover inks,None,,,,,,,,,,,,,,,,,,,,,,,,,,,,,,,,,,,,,,,,,,
,,"in DC Comics:
Blackhawk #108",Jan-1957,Y,Dick Dillin,"pencils, cover pencils",None,,Deceased,,,,,,,,,,,,,,,,,,,,,,,,,,,,,,,,,,,,,,,,
,,,,,Charles Cuidera,"inks, cover inks",None,,,,,,,,,,,,,,,,,,,,,,,,,,,,,,,,,,,,,,,,,,
The Blackout Gang,Arrow 715,"Detective Comics #400
""Challenge of the Man-Bat""",Jun-1970,Y,Frank Robbins,writer,None,,,,,,,,,,,,,,,,,,,,,,,,,,,,,,,,,,,,,,,,,,
,,,,,Neal Adams,"pencils, cover",Creative Contributor,,,,,,,,,,,,,,,,,,,,,,,,,,,,,,,,,,,,,,,,,,
,,,,,Dick Giordano,inks,N/A,,"Giordano may have been an employee of DC at this time.
Deceased",,,,,,,,,,,,,,,,,,,,,,,,,,,,,,,,,,,,,,,,
"Blacksmith
(Amunet Black)",Flash 401,Flash: Iron Heights,2001,N,Geoff Johns,writer,Prestige Writer,,,,,,,,,,,,,,,,,,,,,,,,,,,,,,,,,,,,,,,,,,
,,,,,Ethan Van Sciver,"pencils, cover pencils",Prestige Artist,,,,,,,,,,,,,,,,,,,,,,,,,,,,,,,,,,,,,,,,,,
,,,,,Prentis Rollins,"inks, cover inks",Prestige Artist,,,,,,,,,,,,,,,,,,,,,,,,,,,,,,,,,,,,,,,,,,
,,,,,Chris Chuckry,color,Color Artist,,,,,,,,,,,,,,,,,,,,,,,,,,,,,,,,,,,,,,,,,,
Blackwolf,"Point Blank
Sleeper",Sleeper: Season 2 #1,Aug-2004,N,Ed Brubaker,writer,WFH,,,,,,,,,,,,,,,,,,,,,,,,,,,,,,,,,,,,,,,,,,
,,,,,Sean Phillips,"pencils, inks, cover",WFH,,,,,,,,,,,,,,,,,,,,,,,,,,,,,,,,,,,,,,,,,,
,,,,,Alex Sinclair,color,N/A,,,,,,,,,,,,,,,,,,,,,,,,,,,,,,,,,,,,,,,,,,
,,,,,Carrie Strachan,color,N/A,,,,,,,,,,,,,,,,,,,,,,,,,,,,,,,,,,,,,,,,,,
The Blazing Infernos,Arrow 704,"Green Lantern #100
""Beware the Blazing Inferno""",Jan-1978,N,Elliot S. Maggin,writer,None,,,,,,,,,,,,,,,,,,,,,,,,,,,,,,,,,,,,,,,,,,
,,,,,Mike Grell,"pencils,, cover",Exclusive,,,,,,,,,,,,,,,,,,,,,,,,,,,,,,,,,,,,,,,,,,
,,,,,Vince Colletta,inks,Exclusive,,Deceased,,,,,,,,,,,,,,,,,,,,,,,,,,,,,,,,,,,,,,,,
,,,,,Anthony Tollin,color,N/A,,,,,,,,,,,,,,,,,,,,,,,,,,,,,,,,,,,,,,,,,,
Bleez,DC Super Hero Girls,Final Crisis: Rage of the Red Lanterns #1,Dec-2008,N,Geoff Johns,writer,Exclusive; WFH,2010,,,,,,,,,,,,,,,,,,,,,,,,,,,,,,,,,,,,,,,,,
,,,,,"Shannon ""Shane"" Davis","pencils, cover pencils",WFH,2010,,,,,,,,,,,,,,,,,,,,,,,,,,,,,,,,,,,,,,,,,
,,,,,Sandra Hope Archer,"inks, cover inks",None,,,,,,,,,,,,,,,,,,,,,,,,,,,,,,,,,,,,,,,,,,
,,,,,Nei Ruffino,color,N/A,,,,,,,,,,,,,,,,,,,,,,,,,,,,,,,,,,,,,,,,,,
"Blight
(Chris Esperanza)",,Justice League Dark #24,Dec-2013,N,J.M. DeMatteis,writer,WFH,Y,,,,,,,,,,,,,,,,,,,,,,,,,,,,,,,,,,,,,,,,,
,,,,,David Komlos (Ray Fawkes),writer,WFH,Y,,,,,,,,,,,,,,,,,,,,,,,,,,,,,,,,,,,,,,,,,
,,,,,Mikel Janin  ,"pencils, inks",WFH,Y,,,,,,,,,,,,,,,,,,,,,,,,,,,,,,,,,,,,,,,,,
"Block
(Human Block)",Flash 502,"DC Sneak Peek: The Flash #1
(8-page preview for The Flash #41)",May-2015,N,Van Jensen,writer,WFH,,,,,,,,,,,,,,,,,,,,,,,,,,,,,,,,,,,,,,,,,,
,,,,,Robert Venditti-Kramer,writer,None,,"Venditti did not write for this 8-page preview. However, he is credited on the book and he co-wrote subsequent issues of this story arc with Jensen so it seems likely that he contributed to the creation of this character. We have WFH agreements for Venditti for issues #30-52.",,,,,,,,,,,,,,,,,,,,,,,,,,,,,,,,,,,,,,,,
,,,,,Brett Booth,"pencils, cover pencils",WFH,,,,,,,,,,,,,,,,,,,,,,,,,,,,,,,,,,,,,,,,,,
,,,,,Norman Rapmund,"inks, cover inks",WFH,,,,,,,,,,,,,,,,,,,,,,,,,,,,,,,,,,,,,,,,,,
,,,,,Andrew Dalhouse,color,N/A,,,,,,,,,,,,,,,,,,,,,,,,,,,,,,,,,,,,,,,,,,
"Blockbuster I
(Mark Desmond)","Suicide Squad
(2016)","Detective Comics #345
""The Blockbuster Invasion of Gotham City""",Nov-1965,N,Gardner F. Fox,writer,Creator Recognition,,Deceased Creator recognition agreement with is with heirs.,,,,,,,,,,,,,,,,,,,,,,,,,,,,,,,,,,,,,,,,
,,,,,Carmine Infantino,"pencils, cover pencils",Settlement,,Deceased,,,,,,,,,,,,,,,,,,,,,,,,,,,,,,,,,,,,,,,,
,,,,,Joe Giella,"inks, cover inks",None,,,,,,,,,,,,,,,,,,,,,,,,,,,,,,,,,,,,,,,,,,
"Blockbuster II
(Roland Desmond)","Suicide Squad
(2016)","as Roland Desmond:
Detective Comics #345
""The Blockbuster Invasion of Gotham City""",Nov-1965,N,Gardner F. Fox,writer,Creator Recognition,,Deceased Creator recognition agreement with is with heirs.,,,,,,,,,,,,,,,,,,,,,,,,,,,,,,,,,,,,,,,,
,,,,,Carmine Infantino,"pencils, cover pencils",Settlement,,Deceased,,,,,,,,,,,,,,,,,,,,,,,,,,,,,,,,,,,,,,,,
,,,,,Joe Giella,"inks, cover inks",None,,,,,,,,,,,,,,,,,,,,,,,,,,,,,,,,,,,,,,,,,,
,,"as Blockbuster:
Starman #9",Apr-1989,Y,Roger Stern,writer,WFH,,,,,,,,,,,,,,,,,,,,,,,,,,,,,,,,,,,,,,,,,,
,,,,,Tom Lyle,"pencils, cover",WFH,,,,,,,,,,,,,,,,,,,,,,,,,,,,,,,,,,,,,,,,,,
,,,,,Bob Smith,"inks, cover inks",None,,,,,,,,,,,,,,,,,,,,,,,,,,,,,,,,,,,,,,,,,,
,,,,,Julianna Ferriter,color,N/A,,,,,,,,,,,,,,,,,,,,,,,,,,,,,,,,,,,,,,,,,,
Blockbuster III,"Suicide Squad
(2016)",52 #21,Sep-2006,N,Geoff Johns,plot,WFH,,,,,,,,,,,,,,,,,,,,,,,,,,,,,,,,,,,,,,,,,,
,,,,,Grant Morrison,plot,WFH,,,,,,,,,,,,,,,,,,,,,,,,,,,,,,,,,,,,,,,,,,
,,,,,Greg Rucka,plot,WFH,,,,,,,,,,,,,,,,,,,,,,,,,,,,,,,,,,,,,,,,,,
,,,,,Mark Waid,writer,WFH,,,,,,,,,,,,,,,,,,,,,,,,,,,,,,,,,,,,,,,,,,
,,,,,Joe Bennett,pencils,WFH,,,,,,,,,,,,,,,,,,,,,,,,,,,,,,,,,,,,,,,,,,
,,,,,Jack Jadson,inks,WFH,,,,,,,,,,,,,,,,,,,,,,,,,,,,,,,,,,,,,,,,,,
,,,,,J.G. Jones,cover,WFH,,,,,,,,,,,,,,,,,,,,,,,,,,,,,,,,,,,,,,,,,,
,,,,,David Baron,color,Exclusive,,,,,,,,,,,,,,,,,,,,,,,,,,,,,,,,,,,,,,,,,,
"Blockbuster IV
(female)",Arrow 713,Superman #689,Aug-2009,N,James Robinson,writer,WFH,,,,,,,,,,,,,,,,,,,,,,,,,,,,,,,,,,,,,,,,,,
,,,,,Renato Guedes Correa,pencils,WFH,,,,,,,,,,,,,,,,,,,,,,,,,,,,,,,,,,,,,,,,,,
,,,,,Jose Wilson Magalhaes,inks,WFH,,,,,,,,,,,,,,,,,,,,,,,,,,,,,,,,,,,,,,,,,,
,,,,,Andrew Robinson,cover,WFH,,,,,,,,,,,,,,,,,,,,,,,,,,,,,,,,,,,,,,,,,,
,,,,,David Curiel,color,N/A,,,,,,,,,,,,,,,,,,,,,,,,,,,,,,,,,,,,,,,,,,
Blood and Water,,Blood and Water #1,May-2003,Y,Judd Winick,writer,Joint Creator/First & Last Rights; Writer,2001,DC passed on its right to first negotiation in 2003.,,,,,,,,,,,,,,,,,,,,,,,,,,,,,,,,,,,,,,,,
,,,,,Tomm Coker,"pencils, inks",Joint Creator/First & Last Rights; Artist,2001,,,,,,,,,,,,,,,,,,,,,,,,,,,,,,,,,,,,,,,,,
,,,,,Brian Bolland,cover,WFH,,,,,,,,,,,,,,,,,,,,,,,,,,,,,,,,,,,,,,,,,,
,,,,,Jason Wright,color,N/A,,,,,,,,,,,,,,,,,,,,,,,,,,,,,,,,,,,,,,,,,,
"Bloodsport
(Robert DuBois)",Supergirl 301,Superman #4,Apr-1987,Y,John Byrne,"writer, pencils, cover",Continuity Writer; WFH,,,,,,,,,,,,,,,,,,,,,,,,,,,,,,,,,,,,,,,,,,
,,,,,Karl Kesel,inks,Continuity Writer; WFH,,,,,,,,,,,,,,,,,,,,,,,,,,,,,,,,,,,,,,,,,,
,,,,,Anthony Tollin,color,N/A,,,,,,,,,,,,,,,,,,,,,,,,,,,,,,,,,,,,,,,,,,
"Bloodsport
(Alexander Trent)",,Adventures of Superman #507,Dec-1993,Y,Karl Kesel,"writer, cover inks",Continuity Writer; WFH,,,,,,,,,,,,,,,,,,,,,,,,,,,,,,,,,,,,,,,,,,
,,,,,Barry Kitson,"pencils, cover pencils",Continuity Artist,,,,,,,,,,,,,,,,,,,,,,,,,,,,,,,,,,,,,,,,,,
,,,,,Ray McCarthy,inks,Continuity Artist,,,,,,,,,,,,,,,,,,,,,,,,,,,,,,,,,,,,,,,,,,
,,,,,Glenn Whitmore,color,Exclusive,,,,,,,,,,,,,,,,,,,,,,,,,,,,,,,,,,,,,,,,,,
Bloodsport III,,Superman #652,Jul-2006,Y,Kurt Busiek,writer,WFH,,,,,,,,,,,,,,,,,,,,,,,,,,,,,,,,,,,,,,,,,,
,,,,,Geoff Johns,writer,Exclusive; WFH,,,,,,,,,,,,,,,,,,,,,,,,,,,,,,,,,,,,,,,,,,
,,,,,Pete Woods,"pencils, inks",WFH,,,,,,,,,,,,,,,,,,,,,,,,,,,,,,,,,,,,,,,,,,
,,,,,Terry Dodson,cover pencils,WFH,,,,,,,,,,,,,,,,,,,,,,,,,,,,,,,,,,,,,,,,,,
,,,,,Rachel Dodson,cover inks,WFH,,,,,,,,,,,,,,,,,,,,,,,,,,,,,,,,,,,,,,,,,,
,,,,,Brad Anderson,color,N/A,,,,,,,,,,,,,,,,,,,,,,,,,,,,,,,,,,,,,,,,,,
"Blue Beetle
(Dan Garrett)",,"in Fox Features Syndicate:
Mystery Men Comics #1
""Blue Beetle""",Aug-1939,N,Will Eisner,writer,None,,See Charlton Comics purchase agreement dated 4/22/1983.,,,,,,,,,,,,,,,,,,,,,,,,,,,,,,,,,,,,,,,,
,,,,,"Charles Nicholas Wojtkowski
(Charles Nicholas)","pencils, inks",None,,,,,,,,,,,,,,,,,,,,,,,,,,,,,,,,,,,,,,,,,,
,,,,,Lou Fine,cover,None,,,,,,,,,,,,,,,,,,,,,,,,,,,,,,,,,,,,,,,,,,
"Blue Beetle
(Ted Kord)",,"in Charlton Comics:
Captain Atom #83
""The New Blue Beetle""",Nov-1966,Y,Steve Ditko,"plot, pencils, inks, cover pencils",Creator Recognition,2017,,,,,,,,,,,,,,,,,,,,,,,,,,,,,,,,,,,,,,,,,
,,,,,Gary Friedrich,dialogue,None,,,,,,,,,,,,,,,,,,,,,,,,,,,,,,,,,,,,,,,,,,
,,,,,Rocco Mastroserio,cover inks,None,,,,,,,,,,,,,,,,,,,,,,,,,,,,,,,,,,,,,,,,,,
,,"in DC Comics:
Crisis on Infinite Earths #1",Apr-1985,Y,Marv Wolfman,writer,Writer-Editor,,,,,,,,,,,,,,,,,,,,,,,,,,,,,,,,,,,,,,,,,,
,,,,,Len Wein,plot,None,,Deceased,,,,,,,,,,,,,,,,,,,,,,,,,,,,,,,,,,,,,,,,
,,,,,Robert Greenberger,plot,None,,,,,,,,,,,,,,,,,,,,,,,,,,,,,,,,,,,,,,,,,,
,,,,,George Perez,"pencils, cover",Exclusive,,,,,,,,,,,,,,,,,,,,,,,,,,,,,,,,,,,,,,,,,,
,,,,,Dick Giordano,inks,N/A,,"Giordano was an employee of DC at this time.
Deceased",,,,,,,,,,,,,,,,,,,,,,,,,,,,,,,,,,,,,,,,
,,,,,Anthony Tollin,color,N/A,,,,,,,,,,,,,,,,,,,,,,,,,,,,,,,,,,,,,,,,,,
"Blue Beetle
(Jaime Reyes)",,Infinite Crisis #5,Apr-2006,Y,Geoff Johns,writer,WFH; Consultant; Exclusive,,,,,,,,,,,,,,,,,,,,,,,,,,,,,,,,,,,,,,,,,,
,,,,,Phil Jimenez,pencils,WFH; Exclusive,,,,,,,,,,,,,,,,,,,,,,,,,,,,,,,,,,,,,,,,,,
,,,,,Jerry Ordway,"pencils, inks",WFH; Exclusive,,,,,,,,,,,,,,,,,,,,,,,,,,,,,,,,,,,,,,,,,,
,,,,,Ivan Reis,pencils,WFH; Exclusive,,,,,,,,,,,,,,,,,,,,,,,,,,,,,,,,,,,,,,,,,,
,,,,,Andy Lanning,inks,WFH,,,,,,,,,,,,,,,,,,,,,,,,,,,,,,,,,,,,,,,,,,
,,,,,Art Thibert,inks,WFH; Exclusive,,,,,,,,,,,,,,,,,,,,,,,,,,,,,,,,,,,,,,,,,,
,,,,,Jim Lee,cover pencils,Firewall,,,,,,,,,,,,,,,,,,,,,,,,,,,,,,,,,,,,,,,,,,
,,,,,Scott Williams,cover inks,None,,,,,,,,,,,,,,,,,,,,,,,,,,,,,,,,,,,,,,,,,,
,,,,,Jeromy Cox,color,N/A,,,,,,,,,,,,,,,,,,,,,,,,,,,,,,,,,,,,,,,,,,
,,,,,Guy Major,color,N/A,,,,,,,,,,,,,,,,,,,,,,,,,,,,,,,,,,,,,,,,,,
,,,,,Rod Reis,color,N/A,,,,,,,,,,,,,,,,,,,,,,,,,,,,,,,,,,,,,,,,,,
"Bluebird
(Harper Row)",,Batman #1,Nov-2011,N,Scott Snyder,writer,Exclusive; WFH,2012,All WFH Agreements for this issue are numbered incorrectly since they were signed prior to the decision to restart the numbering sequence. Therefore WFH agreements for Batman #714 correspond to Batman #1,,,,,,,,,,,,,,,,,,,,,,,,,,,,,,,,,,,,,,,,
,,,,,Greg Capullo,"pencils, cover",Exclusive; WFH,2012,,,,,,,,,,,,,,,,,,,,,,,,,,,,,,,,,,,,,,,,,
,,,,,Jonathan Glapion,inks,WFH,,,,,,,,,,,,,,,,,,,,,,,,,,,,,,,,,,,,,,,,,,
,,,,,Fco Plascencia,color,N/A,,,,,,,,,,,,,,,,,,,,,,,,,,,,,,,,,,,,,,,,,,
"Blue Devil
(Daniel Cassidy)",Dark Universe,"Fury of Firestorm #24
""Blue Devil""",Jun-1984,Y,Gary Cohn,writer,Writer,1982,,,,,,,,,,,,,,,,,,,,,,,,,,,,,,,,,,,,,,,,,
,,,,,Dan Mishkin,writer,Writer,1982,,,,,,,,,,,,,,,,,,,,,,,,,,,,,,,,,,,,,,,,,
,,,,,Paris Cullins,pencils,Artist,1982,,,,,,,,,,,,,,,,,,,,,,,,,,,,,,,,,,,,,,,,,
,,,,,Pablo Marcos,inks,None,,,,,,,,,,,,,,,,,,,,,,,,,,,,,,,,,,,,,,,,,,
,,,,,Rafael Kayanan,cover pencils,WFH,,,,,,,,,,,,,,,,,,,,,,,,,,,,,,,,,,,,,,,,,,
,,,,,Sal Amendola,cover inks,None,,"WFH agreement has been located for Amendola's cover inks on Fury of Firestorm #23. However, since Amendola did not provide inking services for that issue, it is possible that this WFH agreement may cover services on Fury of Firestorm #24.",,,,,,,,,,,,,,,,,,,,,,,,,,,,,,,,,,,,,,,,
,,,,,Robert LeRose,color,N/A,,,,,,,,,,,,,,,,,,,,,,,,,,,,,,,,,,,,,,,,,,
Blue Kryptonite,Supergirl 112,Superman #140,Oct-1960,N,Otto Binder,writer,None,,Deceased,,,,,,,,,,,,,,,,,,,,,,,,,,,,,,,,,,,,,,,,
,,,,,Wayne Boring,pencils,None,,Deceased,,,,,,,,,,,,,,,,,,,,,,,,,,,,,,,,,,,,,,,,
,,,,,Stan Kaye,"inks, cover inks",None,,Deceased,,,,,,,,,,,,,,,,,,,,,,,,,,,,,,,,,,,,,,,,
,,,,,Curt Swan,cover pencils,None,,Deceased,,,,,,,,,,,,,,,,,,,,,,,,,,,,,,,,,,,,,,,,
Blue Meanie,"Point Blank
Sleeper",Sleeper #9,Nov-2003,N,Ed Brubaker,writer,WFH,,,,,,,,,,,,,,,,,,,,,,,,,,,,,,,,,,,,,,,,,,
,,,,,Sean Phillips,"pencils, inks, cover",WFH,,,,,,,,,,,,,,,,,,,,,,,,,,,,,,,,,,,,,,,,,,
,,,,,Tony Avina,color,N/A,,,,,,,,,,,,,,,,,,,,,,,,,,,,,,,,,,,,,,,,,,
Blue Valley,Flash 403,"The Flash #110
""Meet Kid Flash""",Dec-1959,N,John Broome,writer,None,,Deceased,,,,,,,,,,,,,,,,,,,,,,,,,,,,,,,,,,,,,,,,
,,,,,Carmine Infantino,"pencils, cover pencils",Settlement,,Deceased,,,,,,,,,,,,,,,,,,,,,,,,,,,,,,,,,,,,,,,,
,,,,,Joe Giella,"inks, cover inks",None,,,,,,,,,,,,,,,,,,,,,,,,,,,,,,,,,,,,,,,,,,
Blue Valley High School,Stargirl 101,"The Flash #112
""Danger on Wheels!",May-1960,N,John Broome,writer,None,,Deceased,,,,,,,,,,,,,,,,,,,,,,,,,,,,,,,,,,,,,,,,
,,,,,Carmine Infantino,"pencils, cover pencils",Settlement,,Deceased,,,,,,,,,,,,,,,,,,,,,,,,,,,,,,,,,,,,,,,,
,,,,,Joe Giella,"inks, cover inks",None,,,,,,,,,,,,,,,,,,,,,,,,,,,,,,,,,,,,,,,,,,
Bodies,,Bodies #1,Sep-2014,Y,Si Spencer,writer,Sole Creator/Rolling Option; Writer,2013,,,,,,,,,,,,,,,,,,,,,,,,,,,,,,,,,,,,,,,,,
,,,,,Meghan Hetrick,"pencils, inks",WFH,,,,,,,,,,,,,,,,,,,,,,,,,,,,,,,,,,,,,,,,,,
,,,,,"Lisa Wood
(Tula Lotay)","pencils, inks",WFH,,,,,,,,,,,,,,,,,,,,,,,,,,,,,,,,,,,,,,,,,,
,,,,,Dean Ormston,"pencils, inks",WFH,,,,,,,,,,,,,,,,,,,,,,,,,,,,,,,,,,,,,,,,,,
,,,,,Phil Winslade,"pencils, inks",WFH,,,,,,,,,,,,,,,,,,,,,,,,,,,,,,,,,,,,,,,,,,
,,,,,Fiona Stephenson,cover,WFH,,,,,,,,,,,,,,,,,,,,,,,,,,,,,,,,,,,,,,,,,,
,,,,,Lee Loughridge,color,WFH,,,,,,,,,,,,,,,,,,,,,,,,,,,,,,,,,,,,,,,,,,
Boodikka,,Green Lantern #20,Jan-1992,Y,Gerard Jones,writer,Continuity,,DC no longer has an active relationship with Jones due to criminal conviction.,,,,,,,,,,,,,,,,,,,,,,,,,,,,,,,,,,,,,,,,
,,,,,Pat Broderick,"pencils, cover",WFH,,,,,,,,,,,,,,,,,,,,,,,,,,,,,,,,,,,,,,,,,,
,,,,,Romeo Tanghal,inks,WFH,,,,,,,,,,,,,,,,,,,,,,,,,,,,,,,,,,,,,,,,,,
,,,,,Anthony Tollin,color,N/A,,,,,,,,,,,,,,,,,,,,,,,,,,,,,,,,,,,,,,,,,,
"Book of Souls
(Book of Destiny)",Flash 509,"Weird Mystery Tales #1
Destiny first appears here, with the Book, as a framing device for two stories. Bridwell takes credit for drawing Destiny in the Letters page of issue #2, but in the Letters page of issue #4, editor Joe Orlando credits Wolfman & Wrightson as creators. (Confirmed by DC Library)",Jul-1972,N,Marv Wolfman,assistant editor,None,,Wolfman has equity in the character of Destiny as of 2008.,,,,,,,,,,,,,,,,,,,,,,,,,,,,,,,,,,,,,,,,
,,,,,Berni Wrightson,"pencils, inks (Destiny figure)",None,,"Deceased
Wrightson has equity in the character of Destiny as of 2008.",,,,,,,,,,,,,,,,,,,,,,,,,,,,,,,,,,,,,,,,
,,,,,E. Nelson Bridwell,"editor, pencils (Destiny figure)",N/A,,"Bridwell was an employee of DC from 1/13/1964-1/23/1987.
Deceased",,,,,,,,,,,,,,,,,,,,,,,,,,,,,,,,,,,,,,,,
,,,,,Jack Kirby,"writer, pencils",None,,Deceased,,,,,,,,,,,,,,,,,,,,,,,,,,,,,,,,,,,,,,,,
,,,,,Howard Purcell,"writer, pencils",None,,Deceased,,,,,,,,,,,,,,,,,,,,,,,,,,,,,,,,,,,,,,,,
,,,,,Mike Royer,inks,None,,,,,,,,,,,,,,,,,,,,,,,,,,,,,,,,,,,,,,,,,,
,,,,,Jack Abel,inks,None,,Deceased,,,,,,,,,,,,,,,,,,,,,,,,,,,,,,,,,,,,,,,,
,,,,,Michael Kaluta,cover,None,,,,,,,,,,,,,,,,,,,,,,,,,,,,,,,,,,,,,,,,,,
Boom Tubes,"Justice League
(2017)",Forever People #1,Feb-1971,Y,Jack Kirby,"writer, pencils, cover pencils",Fourth World Agreement,1982,Deceased,,,,,,,,,,,,,,,,,,,,,,,,,,,,,,,,,,,,,,,,
,,,,,Vince Colletta,"inks, cover inks",None,,,,,,,,,,,,,,,,,,,,,,,,,,,,,,,,,,,,,,,,,,
Booster Gold,,Booster Gold #1,Feb-1986,Y,Dan Jurgens,"writer, pencils, cover",Writer-Services,,,,,,,,,,,,,,,,,,,,,,,,,,,,,,,,,,,,,,,,,,
,,,,,Mike DeCarlo,inks,Artist,,Agreement is unsigned & work may have been done on vouchers that have not been located.,,,,,,,,,,,,,,,,,,,,,,,,,,,,,,,,,,,,,,,,
,,,,,Thomas Ziuko,color,N/A,,,,,,,,,,,,,,,,,,,,,,,,,,,,,,,,,,,,,,,,,,
"Bork
(Carl Andrew Bork)",Flash 511,Brave and the Bold #81,Dec-1968,Y,Bob Haney,writer,Contributor Recognition,,Deceased Contributor Recognition agreement is with heirs.,,,,,,,,,,,,,,,,,,,,,,,,,,,,,,,,,,,,,,,,
,,,,,Neal Adams,"pencils, cover",Creator Recognition,2014,,,,,,,,,,,,,,,,,,,,,,,,,,,,,,,,,,,,,,,,,
,,,,,Dick Giordano,inks,N/A,,"Giordano was an employee of DC at this time.
Deceased",,,,,,,,,,,,,,,,,,,,,,,,,,,,,,,,,,,,,,,,
,,,,,Vince Colletta,inks,None,,Deceased,,,,,,,,,,,,,,,,,,,,,,,,,,,,,,,,,,,,,,,,
"Bouncing Boy
(Chuck Taine)",,"Action Comics #276
""Supergirl's Three Super Girl-Friends""",May-1961,N,"Jerome ""Jerry"" Siegel",writer,Settlement,,Deceased Settlement is with heirs.,,,,,,,,,,,,,,,,,,,,,,,,,,,,,,,,,,,,,,,,
,,,,,"James ""Jim"" Mooney","pencils, inks",None,,Deceased,,,,,,,,,,,,,,,,,,,,,,,,,,,,,,,,,,,,,,,,
,,,,,Curt Swan,cover pencils,None,,Deceased,,,,,,,,,,,,,,,,,,,,,,,,,,,,,,,,,,,,,,,,
,,,,,Stan Kaye,cover inks,None,,Deceased,,,,,,,,,,,,,,,,,,,,,,,,,,,,,,,,,,,,,,,,
"The Brain
(Ultimax)",Doom Patrol 106,"Doom Patrol #86
""The Trail of the Terrible Titan""",Mar-1964,Y,Arnold Drake,writer,None,2006,Deceased,,,,,,,,,,,,,,,,,,,,,,,,,,,,,,,,,,,,,,,,
,,,,,Bruno Premiani,"pencils, inks",None,,Deceased,,,,,,,,,,,,,,,,,,,,,,,,,,,,,,,,,,,,,,,,
,,,,,Bob Brown,cover,None,,,,,,,,,,,,,,,,,,,,,,,,,,,,,,,,,,,,,,,,,,
"Brainiac
(this is only for Brainiac I - for other incarnations of the character, see Indigo, Querl Dox, Vril Dox)",,"Action Comics #242
""The Super-Duel in Space""",Jul-1958,Y,Otto Binder,writer,None,,Deceased,,,,,,,,,,,,,,,,,,,,,,,,,,,,,,,,,,,,,,,,
,,,,,Al Plastino,"pencils, inks",None,,Deceased,,,,,,,,,,,,,,,,,,,,,,,,,,,,,,,,,,,,,,,,
,,,,,Curt Swan,cover pencils,None,,Deceased,,,,,,,,,,,,,,,,,,,,,,,,,,,,,,,,,,,,,,,,
,,,,,Stan Kaye,cover inks,None,,Deceased,,,,,,,,,,,,,,,,,,,,,,,,,,,,,,,,,,,,,,,,
"Brain Storm
(Axel Storm)",,Justice League of America #32,Dec-1964,Y,Gardner F. Fox,writer,Contributor Recognition Agreement,,Deceased Contributor Agreement is with heirs.,,,,,,,,,,,,,,,,,,,,,,,,,,,,,,,,,,,,,,,,
,,,,,Mike Sekowsky,"pencils, cover pencils",None,,Deceased,,,,,,,,,,,,,,,,,,,,,,,,,,,,,,,,,,,,,,,,
,,,,,Bernard Sachs,inks,None,,Deceased,,,,,,,,,,,,,,,,,,,,,,,,,,,,,,,,,,,,,,,,
,,,,,Murphy Anderson,cover inks,None,,Deceased,,,,,,,,,,,,,,,,,,,,,,,,,,,,,,,,,,,,,,,,
"Brainstorm
(Alan Barnes)",,S.T.A.R. Corps #3,Jan-1994,Y,Dan Vado,writer,WFH,1993,,,,,,,,,,,,,,,,,,,,,,,,,,,,,,,,,,,,,,,,,
,,,,,Norman Felchle,"pencils, cover pencils",WFH,1993,,,,,,,,,,,,,,,,,,,,,,,,,,,,,,,,,,,,,,,,,
,,,,,Mike Machlan,"inks, cover inks",WFH,,,,,,,,,,,,,,,,,,,,,,,,,,,,,,,,,,,,,,,,,,
,,,,,Gene D'Angelo,color,Exclusive,,,,,,,,,,,,,,,,,,,,,,,,,,,,,,,,,,,,,,,,,,
"Brainstorm
(Dominic Lanse)",Flash 409,Mister Terrific #2,Dec-2011,Y,Eric Wallace,writer,WFH,2017,,,,,,,,,,,,,,,,,,,,,,,,,,,,,,,,,,,,,,,,,
,,,,,Gianluca Gugliotta,pencils,WFH,,Character equity agreement drafted; not signed,,,,,,,,,,,,,,,,,,,,,,,,,,,,,,,,,,,,,,,,
,,,,,Wayne Faucher,inks,WFH,,,,,,,,,,,,,,,,,,,,,,,,,,,,,,,,,,,,,,,,,,
,,,,,J.G. Jones,cover,WFH,,,,,,,,,,,,,,,,,,,,,,,,,,,,,,,,,,,,,,,,,,
,,,,,Mike Atiyeh,color,N/A,,,,,,,,,,,,,,,,,,,,,,,,,,,,,,,,,,,,,,,,,,
"Brain Wave
(Henry King Sr.)",Stargirl 101,"All-Star Comics #15
""The Man Who Created Images""
(This story is told in 10 chapters, all written by Fox and drawn by different artists. Brain Wave appears only in Chapter 6 and the conclusion.)",Feb-1943,Y,Gardner Fox,writer,Creator Recognition,,Deceased Creator Recognition Agreement is with heirs.,,,,,,,,,,,,,,,,,,,,,,,,,,,,,,,,,,,,,,,,
,,,,,Joe Gallagher,"pencils, inks (Introduction, Ch. 4, Conclusion)",None,,,,,,,,,,,,,,,,,,,,,,,,,,,,,,,,,,,,,,,,,,
,,,,,"Sheldon ""Shelly"" Moldoff","pencils, inks (Ch. 1)",Artist,,"This agreement from the early 1940s is undated & is not title-specific.
Deceased",,,,,,,,,,,,,,,,,,,,,,,,,,,,,,,,,,,,,,,,
,,,,,Stan Asch,"pencils, inks (Ch. 2 & 3)",Artist,,"This agreement from the early 1940s is undated & is not title-specific.
Deceased",,,,,,,,,,,,,,,,,,,,,,,,,,,,,,,,,,,,,,,,
,,,,,Jack Kirby,"writer, pencils (Ch. 5)",Artist,,Deceased,,,,,,,,,,,,,,,,,,,,,,,,,,,,,,,,,,,,,,,,
,,,,,Joe Simon,inks (Ch. 5),Artist,,Deceased,,,,,,,,,,,,,,,,,,,,,,,,,,,,,,,,,,,,,,,,
,,,,,Ed Dobrotka,"pencils, inks (Ch.6)",None,,Deceased,,,,,,,,,,,,,,,,,,,,,,,,,,,,,,,,,,,,,,,,
,,,,,Bernard Baily,"pencils, inks (Ch. 7)",None,,Deceased Heirs declined to sign creator recognition agreement for other characters.,,,,,,,,,,,,,,,,,,,,,,,,,,,,,,,,,,,,,,,,
,,,,,Howard Sherman,"pencils, inks (Ch. 8)",None,,,,,,,,,,,,,,,,,,,,,,,,,,,,,,,,,,,,,,,,,,
,,,,,"Francis ""Frank"" Harry",cover,None,,,,,,,,,,,,,,,,,,,,,,,,,,,,,,,,,,,,,,,,,,
"Brainwave Jr.
(Henry King Jr.)",Stargirl 101,All-Star Squadron #24,Aug-1983,N,Roy Thomas,writer,Exclusive,,,,,,,,,,,,,,,,,,,,,,,,,,,,,,,,,,,,,,,,,,
,,,,,"Jeremiah ""Jerry"" Ordway","pencils, cover",WFH,,,,,,,,,,,,,,,,,,,,,,,,,,,,,,,,,,,,,,,,,,
,,,,,Mike Machlan,inks,WFH,,,,,,,,,,,,,,,,,,,,,,,,,,,,,,,,,,,,,,,,,,
,,,,,Gene D'Angelo,color,N/A,,,,,,,,,,,,,,,,,,,,,,,,,,,,,,,,,,,,,,,,,,
Brayshaw,"Point Blank
Sleeper",Point Blank #2,Nov-2002,N,Ed Brubaker,writer,None,,,,,,,,,,,,,,,,,,,,,,,,,,,,,,,,,,,,,,,,,,
,,,,,Colin Wilson,"pencils, inks, variant cover",WFH,,,,,,,,,,,,,,,,,,,,,,,,,,,,,,,,,,,,,,,,,,
,,,,,Simon Bisley,cover,WFH,,,,,,,,,,,,,,,,,,,,,,,,,,,,,,,,,,,,,,,,,,
,,,,,Janet Gale,color,N/A,,,,,,,,,,,,,,,,,,,,,,,,,,,,,,,,,,,,,,,,,,
Brenda Ruskin,,Challengers of the Unknown #1,Feb-1997,Y,Steven Grant,co-writer,WFH,,,,,,,,,,,,,,,,,,,,,,,,,,,,,,,,,,,,,,,,,,
,,,,,Len Kaminski,co-writer,None,,WFH agreements for issues #2-3 have been located.,,,,,,,,,,,,,,,,,,,,,,,,,,,,,,,,,,,,,,,,
,,,,,John Paul Leon,"pencils, cover pencils",WFH,,,,,,,,,,,,,,,,,,,,,,,,,,,,,,,,,,,,,,,,,,
,,,,,Shawn C. Martinbrough,"inks, cover inks",WFH,,,,,,,,,,,,,,,,,,,,,,,,,,,,,,,,,,,,,,,,,,
,,,,,Matt Hollingsworth,color,Exclusive,,,,,,,,,,,,,,,,,,,,,,,,,,,,,,,,,,,,,,,,,,
Brian Kyle,Gotham 311,Catwoman #81,Jun-2000,N,Bronwyn Taggart,writer,WFH,,,,,,,,,,,,,,,,,,,,,,,,,,,,,,,,,,,,,,,,,,
,,,,,Stewart Johnson,"pencils, cover pencils",WFH,,,,,,,,,,,,,,,,,,,,,,,,,,,,,,,,,,,,,,,,,,
,,,,,Wayne Faucher,"inks, cover inks",WFH,,,,,,,,,,,,,,,,,,,,,,,,,,,,,,,,,,,,,,,,,,
,,,,,Roberta Tewes,color,N/A,,,,,,,,,,,,,,,,,,,,,,,,,,,,,,,,,,,,,,,,,,
"Bromwell Stikk
(Mister Twister; The Gargoyle)",,"as Mister Twister:
The Brave and the Bold #54",Jun-1964,Y,Bob Haney,writer,Contributor Recognition,,Deceased Contributor Recognition agreement is with heirs.,,,,,,,,,,,,,,,,,,,,,,,,,,,,,,,,,,,,,,,,
,,,,,Bruno Premiani,"pencils, cover",None,,,,,,,,,,,,,,,,,,,,,,,,,,,,,,,,,,,,,,,,,,
,,,,,Sheldon Moldoff,inks,None,,,,,,,,,,,,,,,,,,,,,,,,,,,,,,,,,,,,,,,,,,
,,"as The Gargoyle:
Teen Titans #14",Mar-1968,N,Bob Haney,writer,Contributor Recognition,,Deceased Contributor Recognition agreement is with heirs.,,,,,,,,,,,,,,,,,,,,,,,,,,,,,,,,,,,,,,,,
,,,,,"Nicholas Viscardi
(Nick Cardy)","pencils, inks, cover",None,,Deceased,,,,,,,,,,,,,,,,,,,,,,,,,,,,,,,,,,,,,,,,
"Bronze Tiger
(Ben Turner)","Suicide Squad
(2016)","Award/Tandem:
Dragon's Fists",1974,N,"Dennis ""Denny"" O'Neil",writer,None,,"O'Neil & Berry wronte Dragon's Fists under the pseudonym ""Jim Dennis.""",,,,,,,,,,,,,,,,,,,,,,,,,,,,,,,,,,,,,,,,
,,,,,"James ""Jim"" Berry",writer,None,,,,,,,,,,,,,,,,,,,,,,,,,,,,,,,,,,,,,,,,,,
,,"in DC Comics:
Richard Dragon, Kung Fu Fighter #1",Apr-1975,Y,"Dennis ""Denny"" O'Neil",writer,WFH Acknowledgment; Creator Recognition,2012,,,,,,,,,,,,,,,,,,,,,,,,,,,,,,,,,,,,,,,,,
,,,,,"James ""Jim"" Berry",writer,Contributor Recognition,2012,Deceased Contributor Recognition Agreement is with heirs.,,,,,,,,,,,,,,,,,,,,,,,,,,,,,,,,,,,,,,,,
,,,,,Leopoldo Durañona,"pencils, inks",None,,,,,,,,,,,,,,,,,,,,,,,,,,,,,,,,,,,,,,,,,,
,,,,,Dick Giordano,cover,N/A,,"Giordano may have been an employee of DC at this time.
Deceased",,,,,,,,,,,,,,,,,,,,,,,,,,,,,,,,,,,,,,,,
"Broot
(Charis-Nar)",Krypton,Green Lantern #141,May-1977,Y,Marv Wolfman,writer,Exclusive,1982,,,,,,,,,,,,,,,,,,,,,,,,,,,,,,,,,,,,,,,,,
,,,,,Joe Staton,"pencils, inks",Exclusive,1982,,,,,,,,,,,,,,,,,,,,,,,,,,,,,,,,,,,,,,,,,
,,,,,George Perez,cover,None,,,,,,,,,,,,,,,,,,,,,,,,,,,,,,,,,,,,,,,,,,
,,,,,Carl Gafford,color,N/A,,,,,,,,,,,,,,,,,,,,,,,,,,,,,,,,,,,,,,,,,,
"Brother Blood
(Joshua Blood)",,"New Teen Titans #21
""Beware the Wrath of… Brother Blood""",Jul-1982,Y,Marv Wolfman,writer,Exclusive,1983,,,,,,,,,,,,,,,,,,,,,,,,,,,,,,,,,,,,,,,,,
,,,,,George Perez,"pencils, cover",Exclusive,1983,,,,,,,,,,,,,,,,,,,,,,,,,,,,,,,,,,,,,,,,,
,,,,,Romeo Tanghal,inks,Exclusive,,,,,,,,,,,,,,,,,,,,,,,,,,,,,,,,,,,,,,,,,,
,,,,,Adrienne Roy,color,Exclusive,,Deceased,,,,,,,,,,,,,,,,,,,,,,,,,,,,,,,,,,,,,,,,
"Brother Blood
(Sebastian Blood)",,Outsiders #6,Jan-2004,N,Judd Winick,writer,WFH,,,,,,,,,,,,,,,,,,,,,,,,,,,,,,,,,,,,,,,,,,
,,,,,"Christopher Williams
(Chris Cross)","pencils, cover",WFH,,,,,,,,,,,,,,,,,,,,,,,,,,,,,,,,,,,,,,,,,,
,,,,,Sean Parsons,inks,WFH,,,,,,,,,,,,,,,,,,,,,,,,,,,,,,,,,,,,,,,,,,
,,,,,Michael Golden,cover ,WFH,,,,,,,,,,,,,,,,,,,,,,,,,,,,,,,,,,,,,,,,,,
,,,,,Gina Going,color,N/A,,,,,,,,,,,,,,,,,,,,,,,,,,,,,,,,,,,,,,,,,,
Brother Eye,,OMAC #1,Sep-1974,N,Jack Kirby,"creator, writer, pencils, cover pencils",1982 Agreement,,Deceased,,,,,,,,,,,,,,,,,,,,,,,,,,,,,,,,,,,,,,,,
,,,,,Mike Royer,"inks, cover inks",None,,,,,,,,,,,,,,,,,,,,,,,,,,,,,,,,,,,,,,,,,,
Brotherhood of Dada,,Doom Patrol #26,Sep-1989,N,Grant Morrison,writer,WFH,Y,,,,,,,,,,,,,,,,,,,,,,,,,,,,,,,,,,,,,,,,,
,,,,,Richard Case,pencils,WFH,,,,,,,,,,,,,,,,,,,,,,,,,,,,,,,,,,,,,,,,,,
,,,,,John Nyberg,inks,WFH,,,,,,,,,,,,,,,,,,,,,,,,,,,,,,,,,,,,,,,,,,
Bruce Bonwit,Flash 518,The Fury of Firestorm #19,Jan-1984,N,Gerry Conway,writer,Writer-Editor; Exclusive,,,,,,,,,,,,,,,,,,,,,,,,,,,,,,,,,,,,,,,,,,
,,,,,Carla Conway,writer,None,,Carla Conway was the wife of Gerry Conway at this time. She is credited as co-writer in the book but we have no paperwork with her.,,,,,,,,,,,,,,,,,,,,,,,,,,,,,,,,,,,,,,,,
,,,,,Gene Colan,pencils,WFH; Exclusive,,Deceased,,,,,,,,,,,,,,,,,,,,,,,,,,,,,,,,,,,,,,,,
,,,,,Rick Magyar,inks,WFH; Exclusive,,,,,,,,,,,,,,,,,,,,,,,,,,,,,,,,,,,,,,,,,,
,,,,,Ed Hannigan,cover pencils,WFH,,,,,,,,,,,,,,,,,,,,,,,,,,,,,,,,,,,,,,,,,,
,,,,,Dick Giordano,cover inks,WFH,,"Giordano may have been an employee of DC at this time.
Deceased",,,,,,,,,,,,,,,,,,,,,,,,,,,,,,,,,,,,,,,,
,,,,,Carl Gafford,color,N/A,,,,,,,,,,,,,,,,,,,,,,,,,,,,,,,,,,,,,,,,,,
"Bruno Mannheim
(Ugly Mannheim)",Arrow 621,"Superman's Pal, Jimmy Olsen #139",Jul-1971,N,Jack Kirby,"writer, pencils, cover pencils",None,,Covered by Kriby Fourth World Agreement,,,,,,,,,,,,,,,,,,,,,,,,,,,,,,,,,,,,,,,,
,,,,,Vince Colletta,"inks, cover inks",None,,,,,,,,,,,,,,,,,,,,,,,,,,,,,,,,,,,,,,,,,,
"Bug
(Bernard ""Barney"" Bonner)",Flash 518,Firestorm #23,May-1984,N,Gerry Conway,writer,Writer-Editor; Exclusive,,,,,,,,,,,,,,,,,,,,,,,,,,,,,,,,,,,,,,,,,,
,,,,,Carla Conway,writer,None,,Carla Conway was the wife of Gerry Conway at this time. She is credited with the plot in the book but we have no paperwork with her.,,,,,,,,,,,,,,,,,,,,,,,,,,,,,,,,,,,,,,,,
,,,,,Rafael Kayanan,"pencils, cover pencils",WFH,,,,,,,,,,,,,,,,,,,,,,,,,,,,,,,,,,,,,,,,,,
,,,,,Rodin Rodriguez,inks,WFH,,,,,,,,,,,,,,,,,,,,,,,,,,,,,,,,,,,,,,,,,,
,,,,,Dick Giordano,cover inks,WFH,,"Giordano may have been an employee of DC at this time.
Deceased",,,,,,,,,,,,,,,,,,,,,,,,,,,,,,,,,,,,,,,,
,,,,,Carl Gafford,color,N/A,,,,,,,,,,,,,,,,,,,,,,,,,,,,,,,,,,,,,,,,,,
"Bug-Eyed Bandit
(Bertram Larvan)","Flash 118
(4/14/2015)",Atom #26,Aug-1966,Y,Gardner F. Fox,writer,Creator Recognition,,Deceased Creator recognition agreement with heirs.,,,,,,,,,,,,,,,,,,,,,,,,,,,,,,,,,,,,,,,,
,,,,,Gil Kane,"pencils, cover",None,,Deceased,,,,,,,,,,,,,,,,,,,,,,,,,,,,,,,,,,,,,,,,
,,,,,Sid Greene,inks,None,,Deceased,,,,,,,,,,,,,,,,,,,,,,,,,,,,,,,,,,,,,,,,
Bug-Eyed Bandit II,,Justice League America #43,Oct-1990,Y,Keith Giffen,plot,WFH; Exclusive,,,,,,,,,,,,,,,,,,,,,,,,,,,,,,,,,,,,,,,,,,
,,,,,John Marc DeMatteis,script,WFH,,,,,,,,,,,,,,,,,,,,,,,,,,,,,,,,,,,,,,,,,,
,,,,,Adam Hughes,"pencils, cover pencils",WFH,,,,,,,,,,,,,,,,,,,,,,,,,,,,,,,,,,,,,,,,,,
,,,,,Jose F. Marzan Jr.,inks,WFH,,,,,,,,,,,,,,,,,,,,,,,,,,,,,,,,,,,,,,,,,,
,,,,,Karl Story,cover inks,None,,,,,,,,,,,,,,,,,,,,,,,,,,,,,,,,,,,,,,,,,,
,,,,,Gene D'Angelo,color,Exclusive,,,,,,,,,,,,,,,,,,,,,,,,,,,,,,,,,,,,,,,,,,
"Bug Man
(Abner Gordon)",Swamp Thing 103,"Doom Patrol #99
""The Deadly Sting of the Bug Man""",Nov-1965,Y,Arnold Drake,writer,None,,"Although we do not have any agreements with Drake for this work, we do have a 2006 character equity agreement for Beast Boy, who also first appeared in this issue, although in a different story by Drake.
Deceased",,,,,,,,,,,,,,,,,,,,,,,,,,,,,,,,,,,,,,,,
,,,,,Bob Brown,"pencils, inks, cover",None,,Deceased,,,,,,,,,,,,,,,,,,,,,,,,,,,,,,,,,,,,,,,,
Bulgravia,Flash,Human Defense Corps #1,Jul-2003,N,Ty Templeton,writer,Joint Creator/All Rights; Writer,,,,,,,,,,,,,,,,,,,,,,,,,,,,,,,,,,,,,,,,,,
,,,,,Clement Sauve Jr.,"pencils, cover pencils",Joint Creator/All Rights; Artist,,,,,,,,,,,,,,,,,,,,,,,,,,,,,,,,,,,,,,,,,,
,,,,,Juan Francisco Velasco Hernandez,"inks, cover inks",WFH,,,,,,,,,,,,,,,,,,,,,,,,,,,,,,,,,,,,,,,,,,
,,,,,"William ""Moose"" Baumann",color,N/A,,,,,,,,,,,,,,,,,,,,,,,,,,,,,,,,,,,,,,,,,,
"Bulldozer
(Sgt. Nichols)",,"Our Army At War #95
""Battle of the Stripes""",Jun-1960,Y,Robert Kanigher,writer,N/A,,"Kanigher was an employee of DC from 2/3/47 - 5/31/82.
Deceased",,,,,,,,,,,,,,,,,,,,,,,,,,,,,,,,,,,,,,,,
,,,,,Joe Kubert,"pencils, inks, cover",None,,,,,,,,,,,,,,,,,,,,,,,,,,,,,,,,,,,,,,,,,,
"Bumblebee
(Karen Beecher)",,"as Karen Beecher:
Teen Titans #45",Dec-1976,N,Bob Rozakis,writer,None,Y,Rozakis has signed a Reprint Fee Waiver Letter for Teen Titans #44-53,,,,,,,,,,,,,,,,,,,,,,,,,,,,,,,,,,,,,,,,
,,,,,"Irving ""Irv"" Novick",pencils,None,,"Novick was an employee of DC Comics from 5/9/67 - 12/28/84.
Deceased",,,,,,,,,,,,,,,,,,,,,,,,,,,,,,,,,,,,,,,,
,,,,,Vince Colletta,"inks, cover inks",Exclusive,,Deceased,,,,,,,,,,,,,,,,,,,,,,,,,,,,,,,,,,,,,,,,
,,,,,Ernie Chan,cover pencils,None,,Deceased,,,,,,,,,,,,,,,,,,,,,,,,,,,,,,,,,,,,,,,,
,,"as Bumblebee:
Teen Titans #48",Jun-1977,N,Bob Rozakis,writer,None,Y,Rozakis has signed a Reprint Fee Waiver Letter for Teen Titans #44-53,,,,,,,,,,,,,,,,,,,,,,,,,,,,,,,,,,,,,,,,
,,,,,Jose Delbo,pencils,None,Y,,,,,,,,,,,,,,,,,,,,,,,,,,,,,,,,,,,,,,,,,
,,,,,Vince Colletta,inks,Exclusive,,Deceased,,,,,,,,,,,,,,,,,,,,,,,,,,,,,,,,,,,,,,,,
,,,,,Rich Buckler,cover pencils,Exclusive,,,,,,,,,,,,,,,,,,,,,,,,,,,,,,,,,,,,,,,,,,
,,,,,Jack Abel,cover inks,Exclusive,,Deceased,,,,,,,,,,,,,,,,,,,,,,,,,,,,,,,,,,,,,,,,
,,,,,Jerry Serpe,color,N/A,,Deceased,,,,,,,,,,,,,,,,,,,,,,,,,,,,,,,,,,,,,,,,
"Burnout
(Bobby Lane)","Point Blank
Sleeper",WildC.A.T.S.: Trilogy #1,Jun-1993,N,Brandon Choi,writer,WildStorm WFH Acknowledgement,,See also: WildStorm Asset Purchase Agreement,,,,,,,,,,,,,,,,,,,,,,,,,,,,,,,,,,,,,,,,
,,,,,Dafydd Wyn,writer,None,,,,,,,,,,,,,,,,,,,,,,,,,,,,,,,,,,,,,,,,,,
,,,,,Jae Lee,"pencils, inks, cover",None,,,,,,,,,,,,,,,,,,,,,,,,,,,,,,,,,,,,,,,,,,
,,,,,Joe Chiodo,color,N/A,,,,,,,,,,,,,,,,,,,,,,,,,,,,,,,,,,,,,,,,,,
,,,,,Ben Fernandez,color,N/A,,,,,,,,,,,,,,,,,,,,,,,,,,,,,,,,,,,,,,,,,,
,,,,,Wendy Fouts,color,N/A,,,,,,,,,,,,,,,,,,,,,,,,,,,,,,,,,,,,,,,,,,
"B'wana Beast
(Michael ""Mike"" Payson Maxwell; The Shining Man)",Legends 302,Showcase #66,Jan-1967,Y,Bob Haney,writer,Contributor Recognition,2014,Deceased Contributor Recognition Agreement is with heirs,,,,,,,,,,,,,,,,,,,,,,,,,,,,,,,,,,,,,,,,
,,,,,Mike Sekowsky,"pencils, cover pencils",None,,Deceased,,,,,,,,,,,,,,,,,,,,,,,,,,,,,,,,,,,,,,,,
,,,,,George Roussos,inks,None,,Deceased,,,,,,,,,,,,,,,,,,,,,,,,,,,,,,,,,,,,,,,,
,,,,,Joe Giella,cover inks,None,,,,,,,,,,,,,,,,,,,,,,,,,,,,,,,,,,,,,,,,,,
"Byte
(Blythe Bonner)",Flash 518,Firestorm #23,May-1984,Y,Gerry Conway,writer,Writer-Editor; Exclusive,,,,,,,,,,,,,,,,,,,,,,,,,,,,,,,,,,,,,,,,,,
,,,,,Carla Conway,writer,None,,Carla Conway was the wife of Gerry Conway at this time. She is credited with the plot in the book but we have no paperwork with her.,,,,,,,,,,,,,,,,,,,,,,,,,,,,,,,,,,,,,,,,
,,,,,Rafael Kayanan,"pencils, cover pencils",WFH,,,,,,,,,,,,,,,,,,,,,,,,,,,,,,,,,,,,,,,,,,
,,,,,Rodin Rodriguez,inks,WFH,,,,,,,,,,,,,,,,,,,,,,,,,,,,,,,,,,,,,,,,,,
,,,,,Dick Giordano,cover inks,WFH,,"Giordano may have been an employee of DC at this time.
Deceased",,,,,,,,,,,,,,,,,,,,,,,,,,,,,,,,,,,,,,,,
,,,,,Carl Gafford,color,N/A,,,,,,,,,,,,,,,,,,,,,,,,,,,,,,,,,,,,,,,,,,
Cain,,"House of Mystery #175
""Welcome to the House of Mystery""",Jul-1968,N,Joe Orlando,"writer, pencils, inks, editor",None,,Deceased,,,,,,,,,,,,,,,,,,,,,,,,,,,,,,,,,,,,,,,,
,,,,,Bob Haney,writer,Contributor Recognition,2014,Deceased Contributor Recognition agreement is with heirs.,,,,,,,,,,,,,,,,,,,,,,,,,,,,,,,,,,,,,,,,
,,,,,Jack Sparling,"pencils, inks",None,,Deceased,,,,,,,,,,,,,,,,,,,,,,,,,,,,,,,,,,,,,,,,
,,,,,Neal Adams,cover,Creator Recognition,,,,,,,,,,,,,,,,,,,,,,,,,,,,,,,,,,,,,,,,,,
Caitlin Fairchild,"Point Blank
Sleeper",WildC.A.T.S.: Trilogy #1,Jun-1993,N,Brandon Choi,writer,WildStorm WFH Acknowledgement,,See also: WildStorm Asset Purchase Agreement,,,,,,,,,,,,,,,,,,,,,,,,,,,,,,,,,,,,,,,,
,,,,,Dafydd Wyn,writer,None,,,,,,,,,,,,,,,,,,,,,,,,,,,,,,,,,,,,,,,,,,
,,,,,Jae Lee,"pencils, inks, cover",None,,,,,,,,,,,,,,,,,,,,,,,,,,,,,,,,,,,,,,,,,,
,,,,,Joe Chiodo,color,N/A,,,,,,,,,,,,,,,,,,,,,,,,,,,,,,,,,,,,,,,,,,
,,,,,Ben Fernandez,color,N/A,,,,,,,,,,,,,,,,,,,,,,,,,,,,,,,,,,,,,,,,,,
,,,,,Wendy Fouts,color,N/A,,,,,,,,,,,,,,,,,,,,,,,,,,,,,,,,,,,,,,,,,,
"The Calculator
(Noah Kuttler)","Suicide Squad
(2016)","Detective Comics #463
""Crimes By Calculation""",Sep-1976,N,Bob Rozakis,writer,None,2015,,,,,,,,,,,,,,,,,,,,,,,,,,,,,,,,,,,,,,,,,
,,,,,Mike Grell,pencils,None,2015,,,,,,,,,,,,,,,,,,,,,,,,,,,,,,,,,,,,,,,,,
,,,,,Terry Austin,inks,None,,,,,,,,,,,,,,,,,,,,,,,,,,,,,,,,,,,,,,,,,,
,,,,,"Ernie Chan
(Ernie Chua)",cover,None,,,,,,,,,,,,,,,,,,,,,,,,,,,,,,,,,,,,,,,,,,
Caleb Stone,,Superman For All Seasons #1,Jul-1998,N,Jeph Loeb,writer,Prestige Writer,,,,,,,,,,,,,,,,,,,,,,,,,,,,,,,,,,,,,,,,,,
,,,,,Tim Sale,"pencils, inks",Prestige Artist,,,,,,,,,,,,,,,,,,,,,,,,,,,,,,,,,,,,,,,,,,
"Calendar Man
(Julian Day)",Lego Batman,"Detective Comics #259
""The Challenge of the Calendar Man""",Sep-1958,Y,Bill Finger,writer,Contributor Recognition,,Deceased Contributor Recognition Agreement is with heir.,,,,,,,,,,,,,,,,,,,,,,,,,,,,,,,,,,,,,,,,
,,,,,Bob Kane,story,,,11/05/2019 Wayne Email - Story is credited to Bob Kane,,,,,,,,,,,,,,,,,,,,,,,,,,,,,,,,,,,,,,,,
,,,,,Sheldon Moldoff,pencils,None,,"Deceased
Per the library and Wayne Smith (Corp. Legal), please check to see if Bob Kane should also be included in credits.",,,,,,,,,,,,,,,,,,,,,,,,,,,,,,,,,,,,,,,,
,,,,,Charles Paris,inks,None,,Deceased,,,,,,,,,,,,,,,,,,,,,,,,,,,,,,,,,,,,,,,,
,,,,,Curt Swan,cover pencils,None,,Deceased,,,,,,,,,,,,,,,,,,,,,,,,,,,,,,,,,,,,,,,,
,,,,,Stan Kaye,cover inks,None,,Deceased,,,,,,,,,,,,,,,,,,,,,,,,,,,,,,,,,,,,,,,,
Cameron Chase,"Supergirl 110
(1/18/2016)",Batman #550,Jan-1998,Y,Doug Moench,writer,WFH,,,,,,,,,,,,,,,,,,,,,,,,,,,,,,,,,,,,,,,,,,
,,,,,Kelley Jones,pencils,None,,,,,,,,,,,,,,,,,,,,,,,,,,,,,,,,,,,,,,,,,,
,,,,,James H. Williams III,"pencils, cover pencils",WFH,,,,,,,,,,,,,,,,,,,,,,,,,,,,,,,,,,,,,,,,,,
,,,,,John Beatty,inks,WFH,,,,,,,,,,,,,,,,,,,,,,,,,,,,,,,,,,,,,,,,,,
,,,,,"Michael ""Mick"" Gray","inks, cover inks",WFH,,,,,,,,,,,,,,,,,,,,,,,,,,,,,,,,,,,,,,,,,,
,,,,,Gregory Wright,color,N/A,,,,,,,,,,,,,,,,,,,,,,,,,,,,,,,,,,,,,,,,,,
Canada,,Blackhawks #1,Nov-2011,Y,Mike Costa,writer,WFH,,,,,,,,,,,,,,,,,,,,,,,,,,,,,,,,,,,,,,,,,,
,,,,,Graham Nolan,pencils,WFH,,,,,,,,,,,,,,,,,,,,,,,,,,,,,,,,,,,,,,,,,,
,,,,,Ken Lashley,"pencils, inks, cover",WFH,,,,,,,,,,,,,,,,,,,,,,,,,,,,,,,,,,,,,,,,,,
,,,,,Guy Major,color,Exclusive,,,,,,,,,,,,,,,,,,,,,,,,,,,,,,,,,,,,,,,,,,
Canary,,"Our Army At War #135
""Battlefield Double""",Oct-1963,N,Robert Kanigher,writer,N/A,,"Kanigher was an employee of DC from 2/3/47 - 5/31/82.
Deceased",,,,,,,,,,,,,,,,,,,,,,,,,,,,,,,,,,,,,,,,
,,,,,Joe Kubert,"pencils, inks, cover",None,,Deceased,,,,,,,,,,,,,,,,,,,,,,,,,,,,,,,,,,,,,,,,
Captain Bogman,,Creature Commandos #1,May-2000,Y,Timothy Truman,writer,WFH,,,,,,,,,,,,,,,,,,,,,,,,,,,,,,,,,,,,,,,,,,
,,,,,Scot Eaton,"pencils, cover pencils",WFH,,,,,,,,,,,,,,,,,,,,,,,,,,,,,,,,,,,,,,,,,,
,,,,,Raymond Kryssing,"inks, cover inks",WFH,,,,,,,,,,,,,,,,,,,,,,,,,,,,,,,,,,,,,,,,,,
,,,,,Allen Jamison,color,N/A,,,,,,,,,,,,,,,,,,,,,,,,,,,,,,,,,,,,,,,,,,
,,,,,John Kalisz,color,N/A,,,,,,,,,,,,,,,,,,,,,,,,,,,,,,,,,,,,,,,,,,
"Captain Boomerang
(Digger Harkness)","Suicide Squad
(2016)","The Flash #117
""Here Comes Captain Boomerang""",Dec-1960,Y,John Broome,writer,None,,Deceased,,,,,,,,,,,,,,,,,,,,,,,,,,,,,,,,,,,,,,,,
,,,,,Carmine Infantino,"pencils, cover pencils",Settlement,,Deceased,,,,,,,,,,,,,,,,,,,,,,,,,,,,,,,,,,,,,,,,
,,,,,Murphy Anderson,inks,None,,Deceased,,,,,,,,,,,,,,,,,,,,,,,,,,,,,,,,,,,,,,,,
,,,,,Joe Giella,cover inks,None,,,,,,,,,,,,,,,,,,,,,,,,,,,,,,,,,,,,,,,,,,
"Captain Cold
(Leonard ""Len"" Snart)","Flash 104
(10/28/2014)","Showcase #8
""The Coldest Man on Earth""",May-1957,N,John Broome,writer,None,,Deceased,,,,,,,,,,,,,,,,,,,,,,,,,,,,,,,,,,,,,,,,
,,,,,Carmine Infantino,"pencils, cover pencils",Settlement,,Deceased,,,,,,,,,,,,,,,,,,,,,,,,,,,,,,,,,,,,,,,,
,,,,,Frank Giacoia,inks,None,,Deceased,,,,,,,,,,,,,,,,,,,,,,,,,,,,,,,,,,,,,,,,
,,,,,Joe Giella,cover inks,None,,,,,,,,,,,,,,,,,,,,,,,,,,,,,,,,,,,,,,,,,,
"Captain Comet
(Adam Blake)","Machinima
(Lobo)","Strange Adventures #9
""The Origin of Captain Comet!""",Jun-1951,Y,John Broome,writer,None,,Deceased,,,,,,,,,,,,,,,,,,,,,,,,,,,,,,,,,,,,,,,,
,,,,,Carmine Infantino,"pencils, cover pencils",Settlement,,"Infantino was an employee of DC from 6/14/1966-1/19/1976.
Deceased",,,,,,,,,,,,,,,,,,,,,,,,,,,,,,,,,,,,,,,,
,,,,,Bernard Sachs,inks,None,,Deceased,,,,,,,,,,,,,,,,,,,,,,,,,,,,,,,,,,,,,,,,
,,,,,Frank Giacoia,cover inks,None,,Deceased,,,,,,,,,,,,,,,,,,,,,,,,,,,,,,,,,,,,,,,,
"Captain Marvel
(Billy Batson; Shazam)",Shazam,"in Fawcett Comics:
Whiz Comics #2
""Introducing Captain Marvel""",Feb-1940,Y,Bill Parker,writer,None,,See also: Fawcett Purchase Agreements,,,,,,,,,,,,,,,,,,,,,,,,,,,,,,,,,,,,,,,,
,,,,,"Charles Clarence ""C.C."" Beck","pencils, inks, cover",None,,,,,,,,,,,,,,,,,,,,,,,,,,,,,,,,,,,,,,,,,,
,,"in DC Comics:
Shazam! #1",Feb-1973,Y,Dennis O'Neil,writer,Creator Recognition,,,,,,,,,,,,,,,,,,,,,,,,,,,,,,,,,,,,,,,,,,
,,,,,"Charles Clarence ""C.C."" Beck","pencils, inks, cover",None,,Deceased,,,,,,,,,,,,,,,,,,,,,,,,,,,,,,,,,,,,,,,,
,,"as Shazam:
Justice League #7
""Shazam""",May-2012,N,Geoff Johns,writer,WFH,,,,,,,,,,,,,,,,,,,,,,,,,,,,,,,,,,,,,,,,,,
,,,,,Gary Frank,"pencils, inks, variant cover",WFH,,,,,,,,,,,,,,,,,,,,,,,,,,,,,,,,,,,,,,,,,,
,,,,,Jim Lee,cover pencils,Firewall Agreement,,,,,,,,,,,,,,,,,,,,,,,,,,,,,,,,,,,,,,,,,,
,,,,,Scott Williams,cover inks,WFH,,,,,,,,,,,,,,,,,,,,,,,,,,,,,,,,,,,,,,,,,,
,,,,,Brad Anderson,color,N/A,,,,,,,,,,,,,,,,,,,,,,,,,,,,,,,,,,,,,,,,,,
"Captain Marvel, Jr.
(Freddy Freeman)",Shazam,"in Fawcett Comics:
Whiz Comics #25
""The Origin of Captain Marvel, Jr.""",Dec-1941,N,"France ""Ed"" Herron","writer, color",None,,See also: Fawcett Purchase Agreements,,,,,,,,,,,,,,,,,,,,,,,,,,,,,,,,,,,,,,,,
,,,,,"Charles Clarence ""C.C."" Beck","pencils, inks, cover pencils",None,,,,,,,,,,,,,,,,,,,,,,,,,,,,,,,,,,,,,,,,,,
,,,,,"Emmanuel ""Mac"" Raboy","pencils, inks",None,,,,,,,,,,,,,,,,,,,,,,,,,,,,,,,,,,,,,,,,,,
,,,,,Pete Costanza,cover inks,None,,,,,,,,,,,,,,,,,,,,,,,,,,,,,,,,,,,,,,,,,,
,,"in DC Comics:
Shazam! #1",Feb-1973,N,Dennis O'Neil,writer,Creator Recognition,,,,,,,,,,,,,,,,,,,,,,,,,,,,,,,,,,,,,,,,,,
,,,,,"Charles Clarence ""C.C."" Beck","pencils, inks, cover",None,,Deceased,,,,,,,,,,,,,,,,,,,,,,,,,,,,,,,,,,,,,,,,
"Captain Storm
(William Storm)",The Losers (DC),Capt. Storm #1,May-1964,Y,Robert Kanigher,writer,N/A,,"Kanigher was an employee of DC Comics from 2/3/47 - 5/31/82.
Deceased",,,,,,,,,,,,,,,,,,,,,,,,,,,,,,,,,,,,,,,,
,,,,,"Irving ""Irv"" Novick","pencils, inks, cover",None,,Deceased,,,,,,,,,,,,,,,,,,,,,,,,,,,,,,,,,,,,,,,,
Carcharo,,Infinity Inc. #25,Apr-1986,N,Roy Thomas,writer,Writer,,,,,,,,,,,,,,,,,,,,,,,,,,,,,,,,,,,,,,,,,,
,,,,,"Dannette ""Dann"" Thomas",co-writer,None,,"We believe that Roy Thomas entered into a separate agreement with Dann Thomas for writing services, but we do not have a copy of it.",,,,,,,,,,,,,,,,,,,,,,,,,,,,,,,,,,,,,,,,
,,,,,Todd McFarlane,"pencils, cover pencils",None,,,,,,,,,,,,,,,,,,,,,,,,,,,,,,,,,,,,,,,,,,
,,,,,Tony DeZuniga,inks,None,,,,,,,,,,,,,,,,,,,,,,,,,,,,,,,,,,,,,,,,,,
,,,,,Dick Giordano,cover inks,,,,,,,,,,,,,,,,,,,,,,,,,,,,,,,,,,,,,,,,,,,
,,,,,Carl Gafford,color,N/A,,,,,,,,,,,,,,,,,,,,,,,,,,,,,,,,,,,,,,,,,,
Carggites,Supergirl 204,"Action Comics #267
""The Three Super-Heroes""",Aug-1960,N,"Jerome ""Jerry"" Siegel",writer,Settlement,,Deceased Settlement is with heirs.,,,,,,,,,,,,,,,,,,,,,,,,,,,,,,,,,,,,,,,,
,,,,,"James ""Jim"" Mooney","pencils, inks",None,,Deceased,,,,,,,,,,,,,,,,,,,,,,,,,,,,,,,,,,,,,,,,
,,,,,Curt Swan,cover pencils,None,,Deceased,,,,,,,,,,,,,,,,,,,,,,,,,,,,,,,,,,,,,,,,
,,,,,Stan Kaye,cover inks,None,,Deceased,,,,,,,,,,,,,,,,,,,,,,,,,,,,,,,,,,,,,,,,
Carl Ferris,"Green Lantern
(2011)","Showcase #22
""Secret of the Flaming Spear""",Sep-1959,N,John Broome,writer,None,,Deceased,,,,,,,,,,,,,,,,,,,,,,,,,,,,,,,,,,,,,,,,
,,,,,Gil Kane,pencils; cover,None,,Deceased,,,,,,,,,,,,,,,,,,,,,,,,,,,,,,,,,,,,,,,,
,,,,,Murphy Anderson,inks,None,,Deceased,,,,,,,,,,,,,,,,,,,,,,,,,,,,,,,,,,,,,,,,
"Carlo ""Chuck"" Sirianni",,Blackhawk #1,Mar-1989,N,Howard Chaykin,"writer, pencils, inks, cover",Writer-Artist,,,,,,,,,,,,,,,,,,,,,,,,,,,,,,,,,,,,,,,,,,
,,,,,Steve Oliff,color,N/A,,,,,,,,,,,,,,,,,,,,,,,,,,,,,,,,,,,,,,,,,,
"Car-Vex
(Romundi)","Man of Steel
(2013)",Superman #687,Jun-2009,N,James Robinson,writer,None,,,,,,,,,,,,,,,,,,,,,,,,,,,,,,,,,,,,,,,,,,
,,,,,Renato Guedes,pencils,WFH,,,,,,,,,,,,,,,,,,,,,,,,,,,,,,,,,,,,,,,,,,
,,,,,Jose Wilson Magalhaes,inks,WFH,,,,,,,,,,,,,,,,,,,,,,,,,,,,,,,,,,,,,,,,,,
,,,,,Andrew Robinson,cover,WFH,,,,,,,,,,,,,,,,,,,,,,,,,,,,,,,,,,,,,,,,,,
,,,,,David Curiel,color,N/A,,,,,,,,,,,,,,,,,,,,,,,,,,,,,,,,,,,,,,,,,,
Casey Brinke,,Doom Patrol #1,Nov-2016,N,Gerard Way,writer,WFH; Consulting,,,,,,,,,,,,,,,,,,,,,,,,,,,,,,,,,,,,,,,,,,
,,,,,Nick Derington,"pencils, inks, cover pencils",WFH,,,,,,,,,,,,,,,,,,,,,,,,,,,,,,,,,,,,,,,,,,
,,,,,Tamra Bonvillain,color,WFH,,,,,,,,,,,,,,,,,,,,,,,,,,,,,,,,,,,,,,,,,,
Casey Klebba,Young Justice,Justice League of America's Vibe #4,Jul-2013,N,Sterling Gates,writer,WFH,,,,,,,,,,,,,,,,,,,,,,,,,,,,,,,,,,,,,,,,,,
,,,,,Manuel Garcia,pencils,WFH,,,,,,,,,,,,,,,,,,,,,,,,,,,,,,,,,,,,,,,,,,
,,,,,Fabiano Neves,"pencils, inks",WFH,,,,,,,,,,,,,,,,,,,,,,,,,,,,,,,,,,,,,,,,,,
,,,,,Sandra Hope Archer,inks,WFH,,,,,,,,,,,,,,,,,,,,,,,,,,,,,,,,,,,,,,,,,,
,,,,,Brett Booth,cover pencils,WFH,,,,,,,,,,,,,,,,,,,,,,,,,,,,,,,,,,,,,,,,,,
,,,,,Norm Rapmund,cover inks,WFH,,,,,,,,,,,,,,,,,,,,,,,,,,,,,,,,,,,,,,,,,,
,,,,,Brad Anderson,color,N/A,,,,,,,,,,,,,,,,,,,,,,,,,,,,,,,,,,,,,,,,,,
The Cassamento Family,Arrow 619,Batman/Huntress: Cry For Blood #1,Jun-2000,N,Greg Rucka,writer,WFH,,,,,,,,,,,,,,,,,,,,,,,,,,,,,,,,,,,,,,,,,,
,,,,,Rick Burchett,"pencils, inks, cover",WFH,,,,,,,,,,,,,,,,,,,,,,,,,,,,,,,,,,,,,,,,,,
,,,,,Tatjana Wood,color,N/A,,,,,,,,,,,,,,,,,,,,,,,,,,,,,,,,,,,,,,,,,,
CatCo Worldwide Media,,"Supergirl
""Pilot""",Oct-2015,,"Greg Berlanti, Ali Adler, Andrew Kreisberg",creators,,,,,,,,,,,,,,,,,,,,,,,,,,,,,,,,,,,,,,,,,,,
,,Superwoman #1,Oct-2016,N,Phil Jimenez,"writer, pencils, cover",WFH,,,,,,,,,,,,,,,,,,,,,,,,,,,,,,,,,,,,,,,,,,
,,,,,Matt Santorelli,inks,WFH,,,,,,,,,,,,,,,,,,,,,,,,,,,,,,,,,,,,,,,,,,
,,,,,Jeromy Cox,color,WFH,,,,,,,,,,,,,,,,,,,,,,,,,,,,,,,,,,,,,,,,,,
Catherine Hamilton Kane,Batwoman 101,"Detective Comics #856
""Elegy Part 3: Affettuoso""",Oct-2009,N,Greg Rucka,writer,WFH,,,,,,,,,,,,,,,,,,,,,,,,,,,,,,,,,,,,,,,,,,
,,,,,James H. Williams III,"pencils, inks, cover",WFH,,,,,,,,,,,,,,,,,,,,,,,,,,,,,,,,,,,,,,,,,,
,,,,,Dave Stewart,color,N/A,,,,,,,,,,,,,,,,,,,,,,,,,,,,,,,,,,,,,,,,,,
"Cat Man
(Thomas Blake)",Lego Batman,"Detective Comics #311
""Challenge of the Cat-Man""",Jan-1963,Y,Bill Finger,writer,Contributor Recognition,,Deceased Contributor Recognition Agreement is with heir.,,,,,,,,,,,,,,,,,,,,,,,,,,,,,,,,,,,,,,,,
,,,,,"James ""Jim"" Mooney","pencils, inks, cover",None,,Deceased,,,,,,,,,,,,,,,,,,,,,,,,,,,,,,,,,,,,,,,,
"Catwoman
(Selina Kyle)",Gotham Girls,"Golden Age:
Batman #1
""The Cat""",Spring 1940,N,Bob Kane,"pencils, inks, cover",Services Agreement,,Deceased,,,,,,,,,,,,,,,,,,,,,,,,,,,,,,,,,,,,,,,,
,,,,,Bill Finger,writer,Contributor Recognition,,Deceased Contributor Recognition Agreement is with heir.,,,,,,,,,,,,,,,,,,,,,,,,,,,,,,,,,,,,,,,,
,,,,,Jerry Robinson,inks,Settlement,,Deceased,,,,,,,,,,,,,,,,,,,,,,,,,,,,,,,,,,,,,,,,
,,"Silver Age:
Superman's Girl Friend Lois Lane #70",Nov-1966,Y,Leo Dorfman,writer,None,,Deceased,,,,,,,,,,,,,,,,,,,,,,,,,,,,,,,,,,,,,,,,
,,,,,Kurt Schaffenberger,"pencils, inks",None,,Deceased,,,,,,,,,,,,,,,,,,,,,,,,,,,,,,,,,,,,,,,,
,,,,,Wayne Boring,cover,None,,Deceased,,,,,,,,,,,,,,,,,,,,,,,,,,,,,,,,,,,,,,,,
,,"Modern Age:
Batman #404",Feb-1987,N,Frank Miller,writer,Writer,,,,,,,,,,,,,,,,,,,,,,,,,,,,,,,,,,,,,,,,,,
,,,,,David Mazzuchelli,"pencils, inks, cover",WFH; Artist,,,,,,,,,,,,,,,,,,,,,,,,,,,,,,,,,,,,,,,,,,
,,,,,Richmond Lewis,color,N/A,,,,,,,,,,,,,,,,,,,,,,,,,,,,,,,,,,,,,,,,,,
Cave Carson,,The Brave and Bold #31 ,August 1960,,"Frances ""Ed"" Herron",writer,None,,,Cleared by Jay for Creative to proceed for Starring TV Role (along with Cave Carson Has a Cybernetic Eye) 03/23/21,,,,,,,,,,,,,,,,,,,,,,,,,,,,,,,,,,,,,,,
,,,,,Bruno Premiani,"pencils, inks",None,,,,,,,,,,,,,,,,,,,,,,,,,,,,,,,,,,,,,,,,,,
Cecile O'Malley Horton,,The Flash #332,Apr-1984,N,Cary Bates,writer,Exclusive,2015,,,,,,,,,,,,,,,,,,,,,,,,,,,,,,,,,,,,,,,,,
,,,,,Carmine Infantino,"pencils, cover pencils",WFH; Settlement,,Deceased,,,,,,,,,,,,,,,,,,,,,,,,,,,,,,,,,,,,,,,,
,,,,,Frank McLaughlin,inks,WFH,,,,,,,,,,,,,,,,,,,,,,,,,,,,,,,,,,,,,,,,,,
,,,,,Dick Giordano,cover inks,N/A,,"Giordano was an employee of DC at this time.
Deceased",,,,,,,,,,,,,,,,,,,,,,,,,,,,,,,,,,,,,,,,
,,,,,Carl Gafford,color,N/A,,,,,,,,,,,,,,,,,,,,,,,,,,,,,,,,,,,,,,,,,,
"Celsius
(Arani Desai)",Titans 105,Showcase #94,Aug-1977,Y,Paul Kupperberg,writer,None,Y,,,,,,,,,,,,,,,,,,,,,,,,,,,,,,,,,,,,,,,,,
,,,,,Joe Staton,"pencils, inks",Exclusive,Y,,,,,,,,,,,,,,,,,,,,,,,,,,,,,,,,,,,,,,,,,
,,,,,Liz Berube,color,N/A,,,,,,,,,,,,,,,,,,,,,,,,,,,,,,,,,,,,,,,,,,
,,,,,Jim Aparo,cover,Exclusive,,Deceased,,,,,,,,,,,,,,,,,,,,,,,,,,,,,,,,,,,,,,,,
"Central City Stadium
(Baseball stadium; Central City Stars)",Flash 504,Flash #80,Sep-1993,N,Mark Waid,writer,Continuity Writer,,,,,,,,,,,,,,,,,,,,,,,,,,,,,,,,,,,,,,,,,,
,,,,,Mike Wieringo,pencils,WFH,,Deceased,,,,,,,,,,,,,,,,,,,,,,,,,,,,,,,,,,,,,,,,
,,,,,Jose Marzan Jr.,inks,Continuity Artist,,,,,,,,,,,,,,,,,,,,,,,,,,,,,,,,,,,,,,,,,,
,,,,,Alan Davis,cover pencils,WFH,,,,,,,,,,,,,,,,,,,,,,,,,,,,,,,,,,,,,,,,,,
,,,,,Mark Farmer,cover inks,WFH,,,,,,,,,,,,,,,,,,,,,,,,,,,,,,,,,,,,,,,,,,
,,,,,Gina Going,color,N/A,,,,,,,,,,,,,,,,,,,,,,,,,,,,,,,,,,,,,,,,,,
"Challengers of the Unknown
(Morgan, Ryan, Davis, Haley, Robbins, Stark)",,Showcase #6,Jan-1957,Y,Dave Wood,co-writer,None,,Deceased,,,,,,,,,,,,,,,,,,,,,,,,,,,,,,,,,,,,,,,,
,,,,,Jack Kirby,"co-writer, pencils, cover",None,,Deceased,,,,,,,,,,,,,,,,,,,,,,,,,,,,,,,,,,,,,,,,
,,,,,Rosalind Kirby,inks,None,,Deceased,,,,,,,,,,,,,,,,,,,,,,,,,,,,,,,,,,,,,,,,
"Challengers of the Unknown
(Brody, Ruskin, Kawa, Corbet)",,Challengers of the Unknown #1,Feb-1997,Y,Steven Grant,co-writer,WFH,,,,,,,,,,,,,,,,,,,,,,,,,,,,,,,,,,,,,,,,,,
,,,,,Len Kaminski,co-writer,None,,WFH agreements for issues #2-3 have been located.,,,,,,,,,,,,,,,,,,,,,,,,,,,,,,,,,,,,,,,,
,,,,,John Paul Leon,"pencils, cover pencils",WFH,,,,,,,,,,,,,,,,,,,,,,,,,,,,,,,,,,,,,,,,,,
,,,,,Shawn C. Martinbrough,"inks, cover inks",WFH,,,,,,,,,,,,,,,,,,,,,,,,,,,,,,,,,,,,,,,,,,
,,,,,Matt Hollingsworth,color,Exclusive,,,,,,,,,,,,,,,,,,,,,,,,,,,,,,,,,,,,,,,,,,
"Challengers of the Unknown
(Dyamond, Crowne, Starr, Harte, Crosse)",,Challengers of the Unknown #1,Aug-2004,N,Howard Chaykin,"writer, pencils, inks, cover",WFH,,,,,,,,,,,,,,,,,,,,,,,,,,,,,,,,,,,,,,,,,,
,,,,,Rian Hughes,art direction,WFH,,,,,,,,,,,,,,,,,,,,,,,,,,,,,,,,,,,,,,,,,,
,,,,,Michelle Madsen,color,N/A,,,,,,,,,,,,,,,,,,,,,,,,,,,,,,,,,,,,,,,,,,
"Chameleon Boy
(Reep Daggle)",,"Action Comics #267
""The Three Super-Heroes""",Aug-1960,N,"Jerome ""Jerry"" Siegel",writer,Settlement,,Deceased Settlement is with heirs.,,,,,,,,,,,,,,,,,,,,,,,,,,,,,,,,,,,,,,,,
,,,,,"James ""Jim"" Mooney","pencils, inks",None,,Deceased,,,,,,,,,,,,,,,,,,,,,,,,,,,,,,,,,,,,,,,,
,,,,,Curt Swan,cover pencils,None,,Deceased,,,,,,,,,,,,,,,,,,,,,,,,,,,,,,,,,,,,,,,,
,,,,,Stan Kaye,cover inks,None,,Deceased,,,,,,,,,,,,,,,,,,,,,,,,,,,,,,,,,,,,,,,,
"Charles ""Chuck"" Wilson
(The Listener)",,"in Quality Comics:
Military Comics #2
""The Coward Dies Twice""",Sep-1941,N,Will Eisner,writer,Independent Contractor,,See Quality Comics purchase agreements dated 7/26/56 & 8/1/67.,,,,,,,,,,,,,,,,,,,,,,,,,,,,,,,,,,,,,,,,
,,,,,Charles Cuidera,"pencils, inks, cover",None,,,,,,,,,,,,,,,,,,,,,,,,,,,,,,,,,,,,,,,,,,
,,,,,Bill Smith,cover,None,,,,,,,,,,,,,,,,,,,,,,,,,,,,,,,,,,,,,,,,,,
,,"in DC Comics:
Blackhawk #108",Jan-1957,N,Dick Dillin,"pencils, cover pencils",None,,Deceased,,,,,,,,,,,,,,,,,,,,,,,,,,,,,,,,,,,,,,,,
,,,,,Charles Cuidera,"inks, cover inks",None,,,,,,,,,,,,,,,,,,,,,,,,,,,,,,,,,,,,,,,,,,
Checkmate,,Action Comics #598,Mar-1988,Y,Paul Kupperberg,writer,WFH; Writer,1987,,,,,,,,,,,,,,,,,,,,,,,,,,,,,,,,,,,,,,,,,
,,,,,Steve Erwin,N/A,Artist,1987,Erwin did not contribute to the first appearance issue but is credited as the Artist/Creator of the team and worked on CHECKMATE #1,,,,,,,,,,,,,,,,,,,,,,,,,,,,,,,,,,,,,,,,
,,,,,John Byrne,"plot, pencils, cover",WFH,,,,,,,,,,,,,,,,,,,,,,,,,,,,,,,,,,,,,,,,,,
,,,,,Ty Templeton,inks,WFH,,,,,,,,,,,,,,,,,,,,,,,,,,,,,,,,,,,,,,,,,,
,,,,,Petra Scotese,color,,,,,,,,,,,,,,,,,,,,,,,,,,,,,,,,,,,,,,,,,,,
"The Cheetah
(Priscilla Rich)",,"Wonder Woman #6
""Wonder Woman and the Cheetah""",Fall 1943,Y,William Moulton Marston,writer,Marston agreements (7/31/41; 1/15/46; 7/25/51),,Deceased Final agreement is with Estate.,,,,,,,,,,,,,,,,,,,,,,,,,,,,,,,,,,,,,,,,
,,,,,Harry G. Peter,"pencils, inks, cover",Artist,,Deceased,,,,,,,,,,,,,,,,,,,,,,,,,,,,,,,,,,,,,,,,
"The Cheetah
(Deborah Domaine)",,"Wonder Woman #274
""One Super-Villain: Made To Order""",Dec-1980,Y,Gerry Conway,writer,Exclusive,,,,,,,,,,,,,,,,,,,,,,,,,,,,,,,,,,,,,,,,,,
,,,,,Jose Delbo,pencils,None,,,,,,,,,,,,,,,,,,,,,,,,,,,,,,,,,,,,,,,,,,
,,,,,Dave Hunt,inks,Exclusive,,,,,,,,,,,,,,,,,,,,,,,,,,,,,,,,,,,,,,,,,,
,,,,,Ross Andru,cover pencils,N/A,,"Andru was an employee of DC at this time.
Deceased",,,,,,,,,,,,,,,,,,,,,,,,,,,,,,,,,,,,,,,,
,,,,,Dick Giordano,cover inks,Exclusive,,"Giordano may have been an employee of DC at this time.
Deceased",,,,,,,,,,,,,,,,,,,,,,,,,,,,,,,,,,,,,,,,
,,,,,Jerry Serpe,color,N/A,,Deceased,,,,,,,,,,,,,,,,,,,,,,,,,,,,,,,,,,,,,,,,
"The Cheetah
(Barbara Ann Minerva)",,Wonder Woman #9,Oct-1987,Y,Len Wein,writer,WFH,,Deceased,,,,,,,,,,,,,,,,,,,,,,,,,,,,,,,,,,,,,,,,
,,,,,George Perez,"pencils, cover",Continuity,,,,,,,,,,,,,,,,,,,,,,,,,,,,,,,,,,,,,,,,,,
,,,,,Bruce Patterson,inks,WFH,,,,,,,,,,,,,,,,,,,,,,,,,,,,,,,,,,,,,,,,,,
,,,,,Tatjana Wood,color,N/A,,,,,,,,,,,,,,,,,,,,,,,,,,,,,,,,,,,,,,,,,,
"Cheshire
(Jade Nguyen)",Arrow 510,New Teen Titans Annual #2,Aug-1983,N,Marv Wolfman,writer,WFH; Exclusive,1983,,,,,,,,,,,,,,,,,,,,,,,,,,,,,,,,,,,,,,,,,
,,,,,George Perez,"pencils, cover",WFH; Exclusive,1983,,,,,,,,,,,,,,,,,,,,,,,,,,,,,,,,,,,,,,,,,
,,,,,Pablo Marcos,inks,WFH,,,,,,,,,,,,,,,,,,,,,,,,,,,,,,,,,,,,,,,,,,
,,,,,Adrienne Roy,color,Exclusive,,Deceased,,,,,,,,,,,,,,,,,,,,,,,,,,,,,,,,,,,,,,,,
Chester Dunholtz,"Supergirl 110
(1/18/2016)","Action Comics #561
""The Great Toyman Trivia Contest""",Nov-1984,N,Paul Kupperberg,writer,WFH,,,,,,,,,,,,,,,,,,,,,,,,,,,,,,,,,,,,,,,,,,
,,,,,Kurt Schaffenberger,pencils,WFH,,Deceased,,,,,,,,,,,,,,,,,,,,,,,,,,,,,,,,,,,,,,,,
,,,,,Dennis Jensen,inks,WFH,,,,,,,,,,,,,,,,,,,,,,,,,,,,,,,,,,,,,,,,,,
,,,,,Eduardo Barreto,cover,WFH,,,,,,,,,,,,,,,,,,,,,,,,,,,,,,,,,,,,,,,,,,
,,,,,Gene D'Angelo,color,N/A,,,,,,,,,,,,,,,,,,,,,,,,,,,,,,,,,,,,,,,,,,
"The Chief
(Dr. Niles Caulder)",,My Greatest Adventure #80,Jun-1963,N,Arnold Drake,writer,None,2006,Deceased,,,,,,,,,,,,,,,,,,,,,,,,,,,,,,,,,,,,,,,,
,,,,,Bob Haney,writer,Contributor Recognition,,Deceased Contributor Recognition Agreement is with heirs.,,,,,,,,,,,,,,,,,,,,,,,,,,,,,,,,,,,,,,,,
,,,,,Bruno Premiani,"pencils, inks, cover",None,,Deceased,,,,,,,,,,,,,,,,,,,,,,,,,,,,,,,,,,,,,,,,
Chief Bock (GPD),,Detective Comics #681,Jan-1995,N,Chuck Dixon,writer,Continuity Writer Agreement,,,,,,,,,,,,,,,,,,,,,,,,,,,,,,,,,,,,,,,,,,
,,,,,Graham Nolan,pencils,WFH,,Deceased,,,,,,,,,,,,,,,,,,,,,,,,,,,,,,,,,,,,,,,,
,,,,,Klaus Janson,inks,WFH,,,,,,,,,,,,,,,,,,,,,,,,,,,,,,,,,,,,,,,,,,
,,,,,Adrienne Roy,color,Exclusive Artist Agreement,,,,,,,,,,,,,,,,,,,,,,,,,,,,,,,,,,,,,,,,,,
"Ch'p
(Chip)",,Green Lantern vol. 2 #148,Jan-1982,N,Paul Kupperberg,writer,None,,,Freelancer Term Agreement is for 1/2/1982-1/2/1983. Look into getting Kupperberg to sign an enhanced character equity agreement for the character.,,,,,,,,,,,,,,,,,,,,,,,,,,,,,,,,,,,,,,,
,,,,,Don Newton ,pencils,Freelancer Term Agreement,,,,,,,,,,,,,,,,,,,,,,,,,,,,,,,,,,,,,,,,,,
,,,,,Dan Adkins,inks,None,,,,,,,,,,,,,,,,,,,,,,,,,,,,,,,,,,,,,,,,,,
Choco Cookies,"Supergirl 116
(3/14/2016)",Martian Manhunter #24,Nov-2000,Y,John Ostrander,writer,WFH,,,,,,,,,,,,,,,,,,,,,,,,,,,,,,,,,,,,,,,,,,
,,,,,Doug Mahnke,pencils,WFH,,,,,,,,,,,,,,,,,,,,,,,,,,,,,,,,,,,,,,,,,,
,,,,,Patrick Gleason,inks,WFH,,,,,,,,,,,,,,,,,,,,,,,,,,,,,,,,,,,,,,,,,,
,,,,,Tom Mandrake,cover,WFH,,,,,,,,,,,,,,,,,,,,,,,,,,,,,,,,,,,,,,,,,,
,,,,,Carla Feeny,color,N/A,,,,,,,,,,,,,,,,,,,,,,,,,,,,,,,,,,,,,,,,,,
"Chop-Chop
(Wu Cheng; Liu Huang; Dr. Hands; Chopper)",,"in Quality Comics:
Military Comics #3
""The Doomed Battalion""",Oct-1941,Y,Will Eisner,writer,Independent Contractor,,See Quality Comics purchase agreements dated 7/26/56 & 8/1/67.,,,,,,,,,,,,,,,,,,,,,,,,,,,,,,,,,,,,,,,,
,,,,,Charles Cuidera,"pencils, inks, cover",None,,,,,,,,,,,,,,,,,,,,,,,,,,,,,,,,,,,,,,,,,,
,,,,,Bill Smith,cover,None,,,,,,,,,,,,,,,,,,,,,,,,,,,,,,,,,,,,,,,,,,
,,"in DC Comics:
Blackhawk #108",Jan-1957,N,Dick Dillin,"pencils, cover pencils",None,,Deceased,,,,,,,,,,,,,,,,,,,,,,,,,,,,,,,,,,,,,,,,
,,,,,Charles Cuidera,"inks, cover inks",None,,,,,,,,,,,,,,,,,,,,,,,,,,,,,,,,,,,,,,,,,,
"Chop-Chop
(Weng Chan)",,Blackhawk #1,Mar-1989,N,Howard Chaykin,"writer, pencils, inks, cover",Writer-Artist,,,,,,,,,,,,,,,,,,,,,,,,,,,,,,,,,,,,,,,,,,
,,,,,Steve Oliff,color,N/A,,,,,,,,,,,,,,,,,,,,,,,,,,,,,,,,,,,,,,,,,,
"Cicada
(David Hersch)",Flash 501,Flash #170,Mar-2001,N,Geoff Johns,writer,WFH,2003,,,,,,,,,,,,,,,,,,,,,,,,,,,,,,,,,,,,,,,,,
,,,,,Scott Kolins,pencils,WFH,2003,,,,,,,,,,,,,,,,,,,,,,,,,,,,,,,,,,,,,,,,,
,,,,,Doug Hazlewood,inks,WFH,,,,,,,,,,,,,,,,,,,,,,,,,,,,,,,,,,,,,,,,,,
,,,,,Brian Bolland,cover,WFH,,,,,,,,,,,,,,,,,,,,,,,,,,,,,,,,,,,,,,,,,,
,,,,,James Sinclair,color,N/A,,,,,,,,,,,,,,,,,,,,,,,,,,,,,,,,,,,,,,,,,,
,,,,,Digital Chameleon,color,N/A,,,,,,,,,,,,,,,,,,,,,,,,,,,,,,,,,,,,,,,,,,
"Cinnamon
(Katherine ""Kate"" Manser)",Legends 111,"Weird Western Tales #48
""Cinnamon""",Oct-1978,Y,Roger McKenzie,writer,None,,,Approved by Wayne Smith for All-Star Western,,,,,,,,,,,,,,,,,,,,,,,,,,,,,,,,,,,,,,,
,,,,,Jack Abel,pencils,Exclusive,,Deceased,,,,,,,,,,,,,,,,,,,,,,,,,,,,,,,,,,,,,,,,
,,,,,Danny Bulanadi,inks,None,,,,,,,,,,,,,,,,,,,,,,,,,,,,,,,,,,,,,,,,,,
,,,,,James T. Sherman,cover pencils,None,,,,,,,,,,,,,,,,,,,,,,,,,,,,,,,,,,,,,,,,,,
,,,,,Dick Giordano,cover inks,Exclusive,,"Giordano was an employee of DC at this time.
Deceased",,,,,,,,,,,,,,,,,,,,,,,,,,,,,,,,,,,,,,,,
,,,,,Jerry Serpe,color,N/A,,Deceased,,,,,,,,,,,,,,,,,,,,,,,,,,,,,,,,,,,,,,,,
The Citadel Empire,Krypton,"Green Lantern #137
""Time Times Two Equals Death!""",Feb-1981,N,Marv Wolfman,writer,Exclusive,,,,,,,,,,,,,,,,,,,,,,,,,,,,,,,,,,,,,,,,,,
,,,,,Joe Staton,"pencils, inks",Exclusive,,,,,,,,,,,,,,,,,,,,,,,,,,,,,,,,,,,,,,,,,,
,,,,,Dick Giordano,cover,Exclusive,,"Giordano may have been an employee of DC at this time.
Deceased",,,,,,,,,,,,,,,,,,,,,,,,,,,,,,,,,,,,,,,,
,,,,,Jerry Serpe,color,N/A,,Deceased,,,,,,,,,,,,,,,,,,,,,,,,,,,,,,,,,,,,,,,,
"Citizen Cold
(Leonard Snart - Flashpoint)",Flash 408,Flashpoint #1,Jul-2011,N,Geoff Johns,writer,WFH; Exclusive,,,,,,,,,,,,,,,,,,,,,,,,,,,,,,,,,,,,,,,,,,
,,,,,Andy Kubert,"pencils, cover pencils",Continuity Artist; Exclusive,,,,,,,,,,,,,,,,,,,,,,,,,,,,,,,,,,,,,,,,,,
,,,,,Sandra Hope Archer,"inks, cover inks",WFH,,,,,,,,,,,,,,,,,,,,,,,,,,,,,,,,,,,,,,,,,,
,,,,,Alex Sinclair,color,Exclusive,,,,,,,,,,,,,,,,,,,,,,,,,,,,,,,,,,,,,,,,,,
"Citizen Steel
(Nathaniel ""Nate"" Heywood)",Legends 201,"as Nate Heywood:
Justice Society of America #2",Mar-2007,N,Geoff Johns,writer,Exclusive; WFH,,,,,,,,,,,,,,,,,,,,,,,,,,,,,,,,,,,,,,,,,,
,,,,,Dale Eaglesham,pencils,Exclusive; WFH,,,,,,,,,,,,,,,,,,,,,,,,,,,,,,,,,,,,,,,,,,
,,,,,Ruy Jose,inks,Exclusive; WFH,,,,,,,,,,,,,,,,,,,,,,,,,,,,,,,,,,,,,,,,,,
,,,,,Alex Ross,cover,WFH,,,,,,,,,,,,,,,,,,,,,,,,,,,,,,,,,,,,,,,,,,
,,,,,Jeromy N. Cox,color,N/A,,,,,,,,,,,,,,,,,,,,,,,,,,,,,,,,,,,,,,,,,,
,Legends 203,"as Citizen Steel:
Justice Society of America #7",Sep-2007,Y,Geoff Johns,writer,Exclusive; WFH,,,,,,,,,,,,,,,,,,,,,,,,,,,,,,,,,,,,,,,,,,
,,,,,Dale Eaglesham,pencils,Exclusive; WFH,,,,,,,,,,,,,,,,,,,,,,,,,,,,,,,,,,,,,,,,,,
,,,,,Ruy Jose,inks,Exclusive; WFH,,,,,,,,,,,,,,,,,,,,,,,,,,,,,,,,,,,,,,,,,,
,,,,,Rodney Ramos,inks,WFH,,,,,,,,,,,,,,,,,,,,,,,,,,,,,,,,,,,,,,,,,,
,,,,,Alex Ross,cover,WFH,,,,,,,,,,,,,,,,,,,,,,,,,,,,,,,,,,,,,,,,,,
,,,,,Jeromy N. Cox,color,N/A,,,,,,,,,,,,,,,,,,,,,,,,,,,,,,,,,,,,,,,,,,
"Clarissa Clemens
(Clarissa Stein)","Flash 113
(2/10/2015)",Fury of Firestorm #10,Mar-1983,N,Gerry Conway,writer,Writer,1979,,,,,,,,,,,,,,,,,,,,,,,,,,,,,,,,,,,,,,,,,
,,,,,Pat Broderick,"pencils, cover pencils",WFH,2015,,,,,,,,,,,,,,,,,,,,,,,,,,,,,,,,,,,,,,,,,
,,,,,"Rodolfo ""Rodin"" Rodriguez",inks,WFH,,,,,,,,,,,,,,,,,,,,,,,,,,,,,,,,,,,,,,,,,,
,,,,,Dick Giordano ,cover inks,WFH,,"Giordano may have been an employee of DC at this time.
Deceased",,,,,,,,,,,,,,,,,,,,,,,,,,,,,,,,,,,,,,,,
,,,,,Gene D'Angelo,color,N/A,,,,,,,,,,,,,,,,,,,,,,,,,,,,,,,,,,,,,,,,,,
Clarx Toys,Flash 411,"Flash TV Show (1990):
""The Trial of the Trickster""",May-1991,,Howard Chaykin & John Francis Moore,writers,,,,,,,,,,,,,,,,,,,,,,,,,,,,,,,,,,,,,,,,,,,
Clay Brody,,Challengers of the Unknown #1,Feb-1997,Y,Steven Grant,co-writer,WFH,,,,,,,,,,,,,,,,,,,,,,,,,,,,,,,,,,,,,,,,,,
,,,,,Len Kaminski,co-writer,None,,WFH agreements for issues #2-3 have been located.,,,,,,,,,,,,,,,,,,,,,,,,,,,,,,,,,,,,,,,,
,,,,,John Paul Leon,"pencils, cover pencils",WFH,,,,,,,,,,,,,,,,,,,,,,,,,,,,,,,,,,,,,,,,,,
,,,,,Shawn C. Martinbrough,"inks, cover inks",WFH,,,,,,,,,,,,,,,,,,,,,,,,,,,,,,,,,,,,,,,,,,
,,,,,Matt Hollingsworth,color,Exclusive,,,,,,,,,,,,,,,,,,,,,,,,,,,,,,,,,,,,,,,,,,
"Clayface
(Basil Karlo)","Gotham 221
(5/9/2016)","Detective Comics #40
""The Murders of Clayface""",Jun-1940,N,Bill Finger,writer,Contributor Recognition,,Deceased Contributor Recognition Agreement is with heir.,,,,,,,,,,,,,,,,,,,,,,,,,,,,,,,,,,,,,,,,
,,,,,Bob Kane,"pencils, cover pencils",Services Agreements,,Deceased,,,,,,,,,,,,,,,,,,,,,,,,,,,,,,,,,,,,,,,,
,,,,,Jerry Robinson,"inks, cover inks",Settlement,,Deceased,,,,,,,,,,,,,,,,,,,,,,,,,,,,,,,,,,,,,,,,
"Clayface II
(Matthew Hagen)",,"Detective Comics #298
""The Challenge of Clay-Face""",Dec-1961,Y,Bill Finger,writer,Contributor Recognition,,Deceased Contributor Recogntion Agreement is with heir.,,,,,,,,,,,,,,,,,,,,,,,,,,,,,,,,,,,,,,,,
,,,,,Sheldon Moldoff,"pencils, cover",None,,"Deceased
Per the library and Wayne Smith (Corp. Legal), please check to see if Bob Kane should also be included in credits.",,,,,,,,,,,,,,,,,,,,,,,,,,,,,,,,,,,,,,,,
,,,,,Charles Paris,inks,None,,Deceased,,,,,,,,,,,,,,,,,,,,,,,,,,,,,,,,,,,,,,,,
"Clayface III
(Preston Payne)",,Detective Comics #477,May-1978,N,Len Wein,writer,None,2005,Deceased,,,,,,,,,,,,,,,,,,,,,,,,,,,,,,,,,,,,,,,,
,,,,,William Marshall Rogers,"pencils, cover pencils",None,,Deceased,,,,,,,,,,,,,,,,,,,,,,,,,,,,,,,,,,,,,,,,
,,,,,Dick Giordano,"inks, cover inks",N/A,,"Giordano may have been an employee of DC at this time.
Deceased",,,,,,,,,,,,,,,,,,,,,,,,,,,,,,,,,,,,,,,,
"Clayface IV
(Sondra Fuller; Lady Clay)",,"Outsiders #21
""Strike Force Kobra""",Jul-1987,N,Mike Barr,writer,Writer,,,,,,,,,,,,,,,,,,,,,,,,,,,,,,,,,,,,,,,,,,
,,,,,Jim Aparo,"pencils, inks, cover",Artist; WFH,,,,,,,,,,,,,,,,,,,,,,,,,,,,,,,,,,,,,,,,,,
,,,,,Adrienne Roy,color,N/A,,Deceased,,,,,,,,,,,,,,,,,,,,,,,,,,,,,,,,,,,,,,,,
"Clayface V
(Cassius ""Clay"" Payne)",,Batman: Shadow of the Bat #27,May-1994,N,Alan Grant,writer,WFH,,,,,,,,,,,,,,,,,,,,,,,,,,,,,,,,,,,,,,,,,,
,,,,,Bret Blevins,pencils,None,,"WFH agreements for Shadow of the Bat #21, 22, 31, 33 have been located.",,,,,,,,,,,,,,,,,,,,,,,,,,,,,,,,,,,,,,,,
,,,,,Robert R. Smith,inks,WFH,,,,,,,,,,,,,,,,,,,,,,,,,,,,,,,,,,,,,,,,,,
,,,,,"Jefferson Mitchell
(Brian Stelfreeze)",cover,WFH,,,,,,,,,,,,,,,,,,,,,,,,,,,,,,,,,,,,,,,,,,
,,,,,Adrienne Roy,color,Exclusive,,Deceased,,,,,,,,,,,,,,,,,,,,,,,,,,,,,,,,,,,,,,,,
"Clayface VI
(Dr. Peter Malley; Claything)",,Batman #550,Jan-1998,Y,Doug Moench,writer,WFH; Continuity,,,,,,,,,,,,,,,,,,,,,,,,,,,,,,,,,,,,,,,,,,
,,,,,Kelley Jones,pencils,Continuity,,,,,,,,,,,,,,,,,,,,,,,,,,,,,,,,,,,,,,,,,,
,,,,,James H. Williams III,"pencils, cover pencils",WFH,,,,,,,,,,,,,,,,,,,,,,,,,,,,,,,,,,,,,,,,,,
,,,,,John Beatty,inks,WFH; Continuity,,,,,,,,,,,,,,,,,,,,,,,,,,,,,,,,,,,,,,,,,,
,,,,,Mick Gray,"inks, cover inks",WFH,,,,,,,,,,,,,,,,,,,,,,,,,,,,,,,,,,,,,,,,,,
,,,,,Gregory A. Wright,color,N/A,,,,,,,,,,,,,,,,,,,,,,,,,,,,,,,,,,,,,,,,,,
"Clayface VII
(Todd Russell)",,Catwoman #1,Jan-2002,N,Ed Brubaker,writer,WFH,,,,,,,,,,,,,,,,,,,,,,,,,,,,,,,,,,,,,,,,,,
,,,,,Darwyn Cooke,"pencils, cover",WFH,,,,,,,,,,,,,,,,,,,,,,,,,,,,,,,,,,,,,,,,,,
,,,,,Michael Allred,inks,WFH,,,,,,,,,,,,,,,,,,,,,,,,,,,,,,,,,,,,,,,,,,
,,,,,Matt Hollingsworth,color,N/A,,,,,,,,,,,,,,,,,,,,,,,,,,,,,,,,,,,,,,,,,,
"Clayface VIII
(Jonathan ""Johnny"" Williams)",,Batman #618,Oct-2003,N,"Joseph Loeb III
(Jeph Loeb)",writer,WFH,,,,,,,,,,,,,,,,,,,,,,,,,,,,,,,,,,,,,,,,,,
,,,,,Jim Lee,"pencils, cover pencils",Firewall,,,,,,,,,,,,,,,,,,,,,,,,,,,,,,,,,,,,,,,,,,
,,,,,Scott Williams,"inks, cover inks",None,,,,,,,,,,,,,,,,,,,,,,,,,,,,,,,,,,,,,,,,,,
,,,,,Alex Sinclair,color,N/A,,,,,,,,,,,,,,,,,,,,,,,,,,,,,,,,,,,,,,,,,,
Cleveland Brand,,"Strange Adventures #211
""How Close to Me My Killer?""",Apr-1968,N,Jack Miller,writer,None,,Deceased,,,,,,,,,,,,,,,,,,,,,,,,,,,,,,,,,,,,,,,,
,,,,,Neal Adams,"pencils, inks, cover",Creator Recognition,2014,,,,,,,,,,,,,,,,,,,,,,,,,,,,,,,,,,,,,,,,,
"Clock King
(William Tockman)",Lego Batman,"World's Finest #111
""The Crimes of the Clock King""",Aug-1960,N,Frances E. Herron,writer,None,,,,,,,,,,,,,,,,,,,,,,,,,,,,,,,,,,,,,,,,,,
,,,,,Lee Elias,"pencils, inks",None,,,,,,,,,,,,,,,,,,,,,,,,,,,,,,,,,,,,,,,,,,
,,,,,Curt Swan,cover pencils,None,,Deceased,,,,,,,,,,,,,,,,,,,,,,,,,,,,,,,,,,,,,,,,
,,,,,Sheldon Moldoff,cover inks,None,,"Deceased
Per the library and Wayne Smith (Corp. Legal), please check to see if Bob Kane should also be included in credits.",,,,,,,,,,,,,,,,,,,,,,,,,,,,,,,,,,,,,,,,
"Clock King
(Terror Titans)",Lego Batman,Teen Titans #56,Apr-2008,N,Sean McKeever,writer,WFH,,,,,,,,,,,,,,,,,,,,,,,,,,,,,,,,,,,,,,,,,,
,,,,,Eddy Barrows,"pencils, cover pencils",WFH,,,,,,,,,,,,,,,,,,,,,,,,,,,,,,,,,,,,,,,,,,
,,,,,Julio Ferreira,"inks, cover inks",WFH,,,,,,,,,,,,,,,,,,,,,,,,,,,,,,,,,,,,,,,,,,
,,,,,Jimmy Palmiotti,inks,None,,,,,,,,,,,,,,,,,,,,,,,,,,,,,,,,,,,,,,,,,,
,,,,,"Rodrigo ""Rod"" Reis",color,N/A,,,,,,,,,,,,,,,,,,,,,,,,,,,,,,,,,,,,,,,,,,
"Cluemaster
(Arthur Brown)",,"Detective Comics #351
""The Cluemaster's Topsy-Turvy Crimes!"" ",May-1966,N,Gardner Fox,writer,Creator Recognition,,Deceased Creator recognition agreement with is with heirs.,,,,,,,,,,,,,,,,,,,,,,,,,,,,,,,,,,,,,,,,
,,,,,Carmine Infantino,pencils,Settlement,,Deceased,,,,,,,,,,,,,,,,,,,,,,,,,,,,,,,,,,,,,,,,
,,,,,Sid Greene,inks,None,,Deceased,,,,,,,,,,,,,,,,,,,,,,,,,,,,,,,,,,,,,,,,
Coast City,"Green Lantern
(2011)","Showcase #22
""SOS Green Lantern""",Sep-1959,N,John Broome,writer,None,,Deceased,,,,,,,,,,,,,,,,,,,,,,,,,,,,,,,,,,,,,,,,
,,,,,Gil Kane,pencils; cover,None,,Deceased,,,,,,,,,,,,,,,,,,,,,,,,,,,,,,,,,,,,,,,,
,,,,,Murphy Anderson,inks,None,,Deceased,,,,,,,,,,,,,,,,,,,,,,,,,,,,,,,,,,,,,,,,
Codpiece,,Doom Patrol vol 2 #70,Sep-1993,N,Rachel Pollack,writer,Services Agreement,,,,,,,,,,,,,,,,,,,,,,,,,,,,,,,,,,,,,,,,,,
,,,,,Scot Eaton,pencils,WFH,,,,,,,,,,,,,,,,,,,,,,,,,,,,,,,,,,,,,,,,,,
,,,,,Tom Sutton,inks,WFH,,,,,,,,,,,,,,,,,,,,,,,,,,,,,,,,,,,,,,,,,,
Coffin Hill,,Coffin Hill #1,Dec-2013,Y,Caitlin Kittredge,writer,Joint Creator/Rolling Option; Writer,2013,,,,,,,,,,,,,,,,,,,,,,,,,,,,,,,,,,,,,,,,,
,,,,,Inaki Miranda Paniagua,artist,Joint Creator/Rolling Option; Artist,2013,,,,,,,,,,,,,,,,,,,,,,,,,,,,,,,,,,,,,,,,,
,,,,,Dave Johnson,cover,WFH,,,,,,,,,,,,,,,,,,,,,,,,,,,,,,,,,,,,,,,,,,
,,,,,Gene Ha,variant cover,WFH,,,,,,,,,,,,,,,,,,,,,,,,,,,,,,,,,,,,,,,,,,
,,,,,Eva de la Cruz,color,N/A,,,,,,,,,,,,,,,,,,,,,,,,,,,,,,,,,,,,,,,,,,
"Colossal Boy
(Gim Allon)",,"Action Comics #267
""The Three Super-Heroes""",Aug-1960,N,"Jerome ""Jerry"" Siegel",writer,Settlement,,Deceased Settlement is with heirs.,,,,,,,,,,,,,,,,,,,,,,,,,,,,,,,,,,,,,,,,
,,,,,"James ""Jim"" Mooney","pencils, inks",None,,Deceased,,,,,,,,,,,,,,,,,,,,,,,,,,,,,,,,,,,,,,,,
,,,,,Curt Swan,cover pencils,None,,Deceased,,,,,,,,,,,,,,,,,,,,,,,,,,,,,,,,,,,,,,,,
,,,,,Stan Kaye,cover inks,None,,Deceased,,,,,,,,,,,,,,,,,,,,,,,,,,,,,,,,,,,,,,,,
Colonel Matthew Shrieve,,"Weird War Tales #93
""The Creature Commandos""",Nov-1980,Y,J.M. DeMatteis,writer,None,1980,,,,,,,,,,,,,,,,,,,,,,,,,,,,,,,,,,,,,,,,,
,,,,,Pat Broderick,pencils,None,1985,,,,,,,,,,,,,,,,,,,,,,,,,,,,,,,,,,,,,,,,,
,,,,,John Celardo,inks,None,,,,,,,,,,,,,,,,,,,,,,,,,,,,,,,,,,,,,,,,,,
,,,,,Joe Kubert,cover,None,,Deceased,,,,,,,,,,,,,,,,,,,,,,,,,,,,,,,,,,,,,,,,
,,,,,Adrienne Roy,color,N/A,,Deceased,,,,,,,,,,,,,,,,,,,,,,,,,,,,,,,,,,,,,,,,
Colonel Phil Darnell,"Wonder Woman
(2017)","All-Star Comics #8
""Introducing Wonder Woman""",Dec-1941,N,William Moulton Marston,writer,Marston agreements (7/31/41; 1/15/46; 7/25/51),,Deceased Final agreement is with Estate.,,,,,,,,,,,,,,,,,,,,,,,,,,,,,,,,,,,,,,,,
,,,,,Harry G. Peter,"pencils, inks",Artist,,Deceased,,,,,,,,,,,,,,,,,,,,,,,,,,,,,,,,,,,,,,,,
,,,,,Everett E. Hibbard,cover,None,,Deceased,,,,,,,,,,,,,,,,,,,,,,,,,,,,,,,,,,,,,,,,
Colonel Thomas Weston,"Flash
(2018)",Steel #2,Mar-1994,,Jon Bogdanove,"plot, cover pencils",WFH; Continuity; Exclusive,,,,,,,,,,,,,,,,,,,,,,,,,,,,,,,,,,,,,,,,,,
,,,,,Louise Simonson,writer,Continuity,,,,,,,,,,,,,,,,,,,,,,,,,,,,,,,,,,,,,,,,,,
,,,,,Chris Batista,pencils,WFH,,,,,,,,,,,,,,,,,,,,,,,,,,,,,,,,,,,,,,,,,,
,,,,,Rich Faber,inks,WFH,,,,,,,,,,,,,,,,,,,,,,,,,,,,,,,,,,,,,,,,,,
,,,,,Andrew Pepoy,inks,WFH,,,,,,,,,,,,,,,,,,,,,,,,,,,,,,,,,,,,,,,,,,
,,,,,Deniis Janke,cover inks,WFH,,,,,,,,,,,,,,,,,,,,,,,,,,,,,,,,,,,,,,,,,,
,,,,,Gina Going-Raney,color,N/A,,,,,,,,,,,,,,,,,,,,,,,,,,,,,,,,,,,,,,,,,,
"Commander Steel
(Henry ""Hank"" Heywood)",Legends 202,Steel the Indestructible Man  #1,Mar-1978,Y,Gerry Conway,writer,Exclusive,1979,,,,,,,,,,,,,,,,,,,,,,,,,,,,,,,,,,,,,,,,,
,,,,,Don Heck,"pencils, cover pencils",Exclusive,"1979
1985",Deceased,,,,,,,,,,,,,,,,,,,,,,,,,,,,,,,,,,,,,,,,
,,,,,Joe Giella,inks,Exclusive,,,,,,,,,,,,,,,,,,,,,,,,,,,,,,,,,,,,,,,,,,
,,,,,Al Milgrom,cover inks,None,,,,,,,,,,,,,,,,,,,,,,,,,,,,,,,,,,,,,,,,,,
,,,,,Anthony Tollin,color,N/A,,,,,,,,,,,,,,,,,,,,,,,,,,,,,,,,,,,,,,,,,,
"Commissioner Forbes
(Jack Forbes)",,Batman: The Dark Night #1,Nov-2011,,Paul Jenkins,writer,,,,,,,,,,,,,,,,,,,,,,,,,,,,,,,,,,,,,,,,,,,
,,,,,David Finch,pencils,,,,,,,,,,,,,,,,,,,,,,,,,,,,,,,,,,,,,,,,,,,
,,,,,Richard Friend,inks,,,,,,,,,,,,,,,,,,,,,,,,,,,,,,,,,,,,,,,,,,,
,,,,,Alex Sinclair,colors,,,,,,,,,,,,,,,,,,,,,,,,,,,,,,,,,,,,,,,,,,,
"Commissioner Gordon
(James ""Jim"" Gordon)",,"Detective Comics #27
""The Case of the Chemical Syndicate""",May-1939,N,Bill Finger,writer,Contributor Recognition,,Deceased Contributor Recognition Agreement is with heir.,,,,,,,,,,,,,,,,,,,,,,,,,,,,,,,,,,,,,,,,
,,,,,Bob Kane,"pencils, inks, cover",Services Agreements,,Deceased,,,,,,,,,,,,,,,,,,,,,,,,,,,,,,,,,,,,,,,,
"Commissioner Loeb
(Gillian Loeb)",,Batman #404,Feb-1987,N,Frank Miller,writer,"Writer, Equity",Y,,,,,,,,,,,,,,,,,,,,,,,,,,,,,,,,,,,,,,,,,
,,,,,David Mazzuchelli,pencils,"WFH, Artist, Equity",Y,,,,,,,,,,,,,,,,,,,,,,,,,,,,,,,,,,,,,,,,,
The Conclave,Swamp Thing 103,Swamp Thing #1,Oct-1972,N,Len Wein,writer,Settlement,,Deceased,,,,,,,,,,,,,,,,,,,,,,,,,,,,,,,,,,,,,,,,
,,,,,Berni Wrightson,"pencils, inks, cover",Settlement,,Deceased,,,,,,,,,,,,,,,,,,,,,,,,,,,,,,,,,,,,,,,,
"Condiment King
(Buddy Standler)",Lego Batman,"Batman: The Animated Series
""Make 'Em Laugh""",Nov-1994,,Paul Dini,writer,,,,,,,,,,,,,,,,,,,,,,,,,,,,,,,,,,,,,,,,,,,
,,,,,Randy Rogel,writer,,,,,,,,,,,,,,,,,,,,,,,,,,,,,,,,,,,,,,,,,,,
"Condiment King
(Mitchell Mayo)",Lego Batman,Batgirl: Year One #8,Sep-2003,N,Scott Beatty,writer,None,,WFH agreements have been located for issues #1-7.,,,,,,,,,,,,,,,,,,,,,,,,,,,,,,,,,,,,,,,,
,,,,,Chuck Dixon,writer,WFH,,,,,,,,,,,,,,,,,,,,,,,,,,,,,,,,,,,,,,,,,,
,,,,,Marcos Martin,"pencils, cover pencils",WFH,,,,,,,,,,,,,,,,,,,,,,,,,,,,,,,,,,,,,,,,,,
,,,,,Alvaro Lopez,"inks, cover inks",WFH,,,,,,,,,,,,,,,,,,,,,,,,,,,,,,,,,,,,,,,,,,
,,,,,Javier Rodriguez,color,N/A,,,,,,,,,,,,,,,,,,,,,,,,,,,,,,,,,,,,,,,,,,
"Condition Red
(Max Cash)","Point Blank
Sleeper",WildC.A.T.S.: Covert Action Teams #21,Jul-1995,Y,Alan Moore,writer,None,,See also: WildStorm Asset Purchase Agreement,,,,,,,,,,,,,,,,,,,,,,,,,,,,,,,,,,,,,,,,
,,,,,Travis Charest,pencils,None,,,,,,,,,,,,,,,,,,,,,,,,,,,,,,,,,,,,,,,,,,
,,,,,Troy Hubbs,"inks, cover inks",None,,,,,,,,,,,,,,,,,,,,,,,,,,,,,,,,,,,,,,,,,,
,,,,,Jim Lee,cover pencils,WildStorm Employment Agreement,,,,,,,,,,,,,,,,,,,,,,,,,,,,,,,,,,,,,,,,,,
,,,,,Joe Chiodo,color,N/A,,,,,,,,,,,,,,,,,,,,,,,,,,,,,,,,,,,,,,,,,,
,,,,,Martin Jimenez,color,N/A,,,,,,,,,,,,,,,,,,,,,,,,,,,,,,,,,,,,,,,,,,
,,,,,WildStorm FX,color,N/A,,,,,,,,,,,,,,,,,,,,,,,,,,,,,,,,,,,,,,,,,,
"Condor
(Earth-22)",,Kingdom Come #2,1996,N,Mark Waid,writer,Writer,,,,,,,,,,,,,,,,,,,,,,,,,,,,,,,,,,,,,,,,,,
,,,,,Alex Ross,all art incl. cover,Artist,,,,,,,,,,,,,,,,,,,,,,,,,,,,,,,,,,,,,,,,,,
Condor,Birds of Prey,Hawk and Dove #1,Nov-2011,N,Sterling Gates,writer,WFH,2017,,,,,,,,,,,,,,,,,,,,,,,,,,,,,,,,,,,,,,,,,
,,,,,Rob Liefeld,"pencils, inks, cover",WFH,,Character equity agreement sent (2017),,,,,,,,,,,,,,,,,,,,,,,,,,,,,,,,,,,,,,,,
,,,,,Matt Yackey,color,N/A,,,,,,,,,,,,,,,,,,,,,,,,,,,,,,,,,,,,,,,,,,
"Condor
(Benjamin Reyes)",Birds of Prey,Birds of Prey #13,Dec-2012,N,Duane Swierczynski,writer,WFH,,,,,,,,,,,,,,,,,,,,,,,,,,,,,,,,,,,,,,,,,,
,,,,,Romano Molenaar,pencils,WFH,,,,,,,,,,,,,,,,,,,,,,,,,,,,,,,,,,,,,,,,,,
,,,,,Vicente Cifuentes Martinez,inks,WFH,,,,,,,,,,,,,,,,,,,,,,,,,,,,,,,,,,,,,,,,,,
,,,,,Trevor McCarthy,cover,WFH,,,,,,,,,,,,,,,,,,,,,,,,,,,,,,,,,,,,,,,,,,
,,,,,Chris Sotomayor,color,N/A,,,,,,,,,,,,,,,,,,,,,,,,,,,,,,,,,,,,,,,,,,
"The Conductor
(Holden Carver)","Point Blank
Sleeper",Point Blank #4,Jan-2003,N,Ed Brubaker,writer,None,,,,,,,,,,,,,,,,,,,,,,,,,,,,,,,,,,,,,,,,,,
,,,,,Colin Wilson,"pencils, inks",WFH,,,,,,,,,,,,,,,,,,,,,,,,,,,,,,,,,,,,,,,,,,
,,,,,Simon Bisley,cover,WFH,,,,,,,,,,,,,,,,,,,,,,,,,,,,,,,,,,,,,,,,,,
,,,,,Janet Gale,color,N/A,,,,,,,,,,,,,,,,,,,,,,,,,,,,,,,,,,,,,,,,,,
"Conduit
(Kenny Braverman)","Man of Steel
(2013)",Superman: The Man of Steel #0,Oct-1994,N,Dan Jurgens,creator,Exclusive,1994,,,,,,,,,,,,,,,,,,,,,,,,,,,,,,,,,,,,,,,,,
,,,,,Louise Simonson,writer,Exclusive,,,,,,,,,,,,,,,,,,,,,,,,,,,,,,,,,,,,,,,,,,
,,,,,Jon Bogdanove,"pencils, cover pencils",Exclusive,,,,,,,,,,,,,,,,,,,,,,,,,,,,,,,,,,,,,,,,,,
,,,,,Dennis Janke,"inks, cover inks",Exclusive,,,,,,,,,,,,,,,,,,,,,,,,,,,,,,,,,,,,,,,,,,
,,,,,Glenn Whitmore,color,N/A,,,,,,,,,,,,,,,,,,,,,,,,,,,,,,,,,,,,,,,,,,
"Congo Bill
(William Glenmorgan)",Arrow 710,"More Fun Comics #56
""Congo Bill""",Jun-1940,N,Whitney Ellsworth,writer,None,,Deceased,,,,,,,,,,,,,,,,,,,,,,,,,,,,,,,,,,,,,,,,
,,,,,George Papp,"pencils, inks",None,,Deceased,,,,,,,,,,,,,,,,,,,,,,,,,,,,,,,,,,,,,,,,
,,,,,Howard Sherman,cover,None,,,,,,,,,,,,,,,,,,,,,,,,,,,,,,,,,,,,,,,,,,
"Congorilla
(Golden Gorilla)",Arrow 710,"Action Comics #248
""The Amazing Congorilla!""",Jan-1959,Y,Robert Bernstein,writer,None,,Deceased,,,,,,,,,,,,,,,,,,,,,,,,,,,,,,,,,,,,,,,,
,,,,,Howard Sherman,"pencils, inks",None,,,,,,,,,,,,,,,,,,,,,,,,,,,,,,,,,,,,,,,,,,
,,,,,Curt Swan,cover pencils,None,,Deceased,,,,,,,,,,,,,,,,,,,,,,,,,,,,,,,,,,,,,,,,
,,,,,Stan Kaye,cover inks,None,,Deceased,,,,,,,,,,,,,,,,,,,,,,,,,,,,,,,,,,,,,,,,
"Copperhead
(Golden Age)",,"Sensation Comics #15
""Robbery at the Country Club""",Mar-1943,N,Joe Gallagher,"pencils, inks",None,,Agreements for The King (Flash Comics) and Red White & Blue (Comics Cavalcade) during this time period have been located.,,,,,,,,,,,,,,,,,,,,,,,,,,,,,,,,,,,,,,,,
,,,,,Harry G. Peter,cover,None,,"Agreement for Wonder Woman during this time period has been located.
Deceased",,,,,,,,,,,,,,,,,,,,,,,,,,,,,,,,,,,,,,,,
"Copperhead
(Silver Age)",,"Brave and the Bold #78
""In the Coils of Copperhead!""",Jun-1968,Y,Bob Haney,writer,Contributor Recognition,2014,Deceased Contributor Recognition Agreement is with heirs.,,,,,,,,,,,,,,,,,,,,,,,,,,,,,,,,,,,,,,,,
,,,,,Bob Brown,"pencils, cover pencils",None,,Deceased,,,,,,,,,,,,,,,,,,,,,,,,,,,,,,,,,,,,,,,,
,,,,,Mike Esposito,"inks, cover inks",None,,Deceased,,,,,,,,,,,,,,,,,,,,,,,,,,,,,,,,,,,,,,,,
"Copperhead
(Nathan Prince; Terror Titans)",,Teen Titans #56,Apr-2008,N,Sean McKeever,writer,WFH,,,,,,,,,,,,,,,,,,,,,,,,,,,,,,,,,,,,,,,,,,
,,,,,Eddy Barrows,"pencils, cover pencils",WFH,,,,,,,,,,,,,,,,,,,,,,,,,,,,,,,,,,,,,,,,,,
,,,,,Julio Ferreira,"inks, cover inks",WFH,,,,,,,,,,,,,,,,,,,,,,,,,,,,,,,,,,,,,,,,,,
,,,,,Jimmy Palmiotti,inks,None,,,,,,,,,,,,,,,,,,,,,,,,,,,,,,,,,,,,,,,,,,
,,,,,"Rodrigo ""Rod"" Reis",color,N/A,,,,,,,,,,,,,,,,,,,,,,,,,,,,,,,,,,,,,,,,,,
Corday Munitions Plant,Arrow 706,Action Comics #714,Oct-1995,N,David Michelinie,writer,Writer Agreement,,,,,,,,,,,,,,,,,,,,,,,,,,,,,,,,,,,,,,,,,,
,,,,,Kieron Dwyer,"pencils, cover pencils",Artist Agreement; WFH,,,,,,,,,,,,,,,,,,,,,,,,,,,,,,,,,,,,,,,,,,
,,,,,Denis Rodier,"inks, cover inks",Artist Agreement,,,,,,,,,,,,,,,,,,,,,,,,,,,,,,,,,,,,,,,,,,
,,,,,Glenn Whitmore,color,Exclusive,,,,,,,,,,,,,,,,,,,,,,,,,,,,,,,,,,,,,,,,,,
Corinna Stark,,Challengers of the Unknown #69,Aug-1969,N,Dennis O'Neil,writer,,2012,See Creator Recognition Agreement dated 12/13/2012.,,,,,,,,,,,,,,,,,,,,,,,,,,,,,,,,,,,,,,,,
,,,,,Jack Sparling,"pencils, inks",None,,Deceased,,,,,,,,,,,,,,,,,,,,,,,,,,,,,,,,,,,,,,,,
,,,,,Joe Kubert,cover,None,,Deceased,,,,,,,,,,,,,,,,,,,,,,,,,,,,,,,,,,,,,,,,
Cornelius Stirk,"Gotham 221
(5/9/2016)",Detective Comics #592,Nov-1988,N,Alan Grant,writer,WFH,,,,,,,,,,,,,,,,,,,,,,,,,,,,,,,,,,,,,,,,,,
,,,,,Norm Breyfogle,"pencils, inks, cover",WFH,,Deceased,,,,,,,,,,,,,,,,,,,,,,,,,,,,,,,,,,,,,,,,
,,,,,Adrienne Roy,color,N/A,,Deceased,,,,,,,,,,,,,,,,,,,,,,,,,,,,,,,,,,,,,,,,
Corto Maltese,Flash,Batman: The Dark Knight Returns #3,Aug-1986,N,Frank Miller,"writer, pencils, cover",Graphic Novel Writer-Artist,,,,,,,,,,,,,,,,,,,,,,,,,,,,,,,,,,,,,,,,,,
,,,,,Klaus Janson,inks,Graphic Novel Artist,,Graphic Novel Artist Agreement is in Warehouse - not in eDocs yet,,,,,,,,,,,,,,,,,,,,,,,,,,,,,,,,,,,,,,,,
,,,,,Lynn Varley,color,N/A,,,,,,,,,,,,,,,,,,,,,,,,,,,,,,,,,,,,,,,,,,
Coryana,Batwoman 101,Batwoman: Rebirth #1,Apr-2017,N,"Kristen Leslie Bennett
(Marguerite Bennett)",writer,WFH,,,,,,,,,,,,,,,,,,,,,,,,,,,,,,,,,,,,,,,,,,
,,,,,James Tynion IV,writer,WFH,,,,,,,,,,,,,,,,,,,,,,,,,,,,,,,,,,,,,,,,,,
,,,,,Steve Epting,"pencils, inks, cover",WFH,,,,,,,,,,,,,,,,,,,,,,,,,,,,,,,,,,,,,,,,,,
,,,,,Jeromy Cox,color,WFH,,,,,,,,,,,,,,,,,,,,,,,,,,,,,,,,,,,,,,,,,,
"Cosmic Boy
(Rokk Krinn)",,"Adventure Comics #247
""The Legion of Super-Heroes""",Apr-1958,Y,Otto Binder,writer,None,,Deceased,,,,,,,,,,,,,,,,,,,,,,,,,,,,,,,,,,,,,,,,
,,,,,Al Plastino,"pencils, inks",None,,Deceased,,,,,,,,,,,,,,,,,,,,,,,,,,,,,,,,,,,,,,,,
,,,,,Curt Swan,cover pencils,None,,Deceased,,,,,,,,,,,,,,,,,,,,,,,,,,,,,,,,,,,,,,,,
,,,,,Stan Kaye,cover inks,None,,Deceased,,,,,,,,,,,,,,,,,,,,,,,,,,,,,,,,,,,,,,,,
"Count Vertigo
(Werner Vertigo)",,"World's Finest #251
""The Vertigo Vision""",Jul-1978,N,Gerry Conway,writer,Exclusive,2013,,,,,,,,,,,,,,,,,,,,,,,,,,,,,,,,,,,,,,,,,
,,,,,Trevor Von Eeden,pencils,None,2013,,,,,,,,,,,,,,,,,,,,,,,,,,,,,,,,,,,,,,,,,
,,,,,Vince Colletta,inks,Exclusive,,Deceased,,,,,,,,,,,,,,,,,,,,,,,,,,,,,,,,,,,,,,,,
,,,,,Jim Aparo,cover,None,,Deceased,,,,,,,,,,,,,,,,,,,,,,,,,,,,,,,,,,,,,,,,
,,,,,Mario Sen,color,N/A,,,,,,,,,,,,,,,,,,,,,,,,,,,,,,,,,,,,,,,,,,
"Count Vertigo
(Werner Zytle)",,Green Arrow #22,Sep-2013,N,Jeff Lemire,writer,WFH,,,,,,,,,,,,,,,,,,,,,,,,,,,,,,,,,,,,,,,,,,
,,,,,Andrea Sorrentino,"pencils, inks, cover",WFH,,,,,,,,,,,,,,,,,,,,,,,,,,,,,,,,,,,,,,,,,,
,,,,,Marcelo Maiolo,color,N/A,,,,,,,,,,,,,,,,,,,,,,,,,,,,,,,,,,,,,,,,,,
Court of Owls,Gotham 301,Batman #3,Jan-2012,N,Scott Snyder,writer,Exclusive; WFH,2012,All WFH Agreements for this issue are numbered incorrectly since they were signed prior to the decision to restart the numbering sequence. Therefore WFH agreements for Batman #716 correspond to Batman #3,,,,,,,,,,,,,,,,,,,,,,,,,,,,,,,,,,,,,,,,
,,,,,Greg Capullo,pencils,Exclusive; WFH,2012,,,,,,,,,,,,,,,,,,,,,,,,,,,,,,,,,,,,,,,,,
,,,,,Jonathan Glapion,inks,WFH,,,,,,,,,,,,,,,,,,,,,,,,,,,,,,,,,,,,,,,,,,
,,,,,Fco Plascencia,color,N/A,,,,,,,,,,,,,,,,,,,,,,,,,,,,,,,,,,,,,,,,,,
"Crazy Jane
(Kay Challis)",,Doom Patrol #19,Feb-1989,N,Grant Morrison,writer,WFH,2006,,,,,,,,,,,,,,,,,,,,,,,,,,,,,,,,,,,,,,,,,
,,,,,Richard Case,"pencils, cover pencils",WFH,,,,,,,,,,,,,,,,,,,,,,,,,,,,,,,,,,,,,,,,,,
,,,,,Carlos Garzon,"inks, cover inks",WFH,,,,,,,,,,,,,,,,,,,,,,,,,,,,,,,,,,,,,,,,,,
,,,,,Michele Wolfman,color,N/A,,,,,,,,,,,,,,,,,,,,,,,,,,,,,,,,,,,,,,,,,,
"Crazy Quilt
(Earth Two)",Lego Batman,"Boy Commandos #15
""Crime in Technicolor""",May-1946,Y,Jack Kirby,"writer, pencils, cover pencils",None,,Deceased,,,,,,,,,,,,,,,,,,,,,,,,,,,,,,,,,,,,,,,,
,,,,,Steve Brodie,"inks, cover inks",None,,,,,,,,,,,,,,,,,,,,,,,,,,,,,,,,,,,,,,,,,,
"Crazy Quilt
(Paul Dekker)",Lego Batman,"Blackhawk #180
""The Crazy Quilt Crimes""",Jan-1957,N,Dick Dillin,"pencils, cover pencils",None,,Deceased,,,,,,,,,,,,,,,,,,,,,,,,,,,,,,,,,,,,,,,,
,,,,,Charles Cuidera,"inks, cover inks",None,,,,,,,,,,,,,,,,,,,,,,,,,,,,,,,,,,,,,,,,,,
Creature Commandos,,"Weird War Tales #93
""The Creature Commandos""",Nov-1980,Y,J.M. DeMatteis,writer,None,1980,,,,,,,,,,,,,,,,,,,,,,,,,,,,,,,,,,,,,,,,,
,,,,,Pat Broderick,pencils,None,1985,,,,,,,,,,,,,,,,,,,,,,,,,,,,,,,,,,,,,,,,,
,,,,,John Celardo,inks,None,,,,,,,,,,,,,,,,,,,,,,,,,,,,,,,,,,,,,,,,,,
,,,,,Joe Kubert,cover,None,,Deceased,,,,,,,,,,,,,,,,,,,,,,,,,,,,,,,,,,,,,,,,
,,,,,Adrienne Roy,color,N/A,,Deceased,,,,,,,,,,,,,,,,,,,,,,,,,,,,,,,,,,,,,,,,
"The Creeper
(Jack Ryder)",,Showcase #73,Mar-1986,Y,Steve Ditko,"plot, pencils, inks cover",Creator Recognition,2017,,,,,,,,,,,,,,,,,,,,,,,,,,,,,,,,,,,,,,,,,
,,,,,Don Segall,script,None,,Deceased,,,,,,,,,,,,,,,,,,,,,,,,,,,,,,,,,,,,,,,,
"Crimson Avenger
(Lee Travis)",,"Detective Comics #20
""Crimson Avenger""",Oct-1938,N,Jim G. Chambers,"writer, pencils, inks",None,,,,,,,,,,,,,,,,,,,,,,,,,,,,,,,,,,,,,,,,,,
,,,,,Leo E. O'Mealia,cover,None,,,,,,,,,,,,,,,,,,,,,,,,,,,,,,,,,,,,,,,,,,
"Crimson Avenger
(Albert Elwood)",,"World's Finest Comics #131
""The Mystery of the Crimson Avenger""",Feb-1963,Y,Bill Finger,writer,Creator Recognition,,Deceased,,,,,,,,,,,,,,,,,,,,,,,,,,,,,,,,,,,,,,,,
,,,,,Dick Sprang,pencils,None,,Deceased,,,,,,,,,,,,,,,,,,,,,,,,,,,,,,,,,,,,,,,,
,,,,,Charles Paris,inks,None,,Deceased,,,,,,,,,,,,,,,,,,,,,,,,,,,,,,,,,,,,,,,,
,,,,,Jim Mooney,cover,None,,Deceased,,,,,,,,,,,,,,,,,,,,,,,,,,,,,,,,,,,,,,,,
"Crimson Avenger
(Jill Carlyle)",,"in silhouette:
Stars and S.T.R.I.P.E. #9",Apr-2000,N,Geoff Johns,writer,WFH,2010,,,,,,,,,,,,,,,,,,,,,,,,,,,,,,,,,,,,,,,,,
,,,,,Scott Kolins,pencils,WFH,,Kolins was offered character equity in 2010 but he declined. See file.,,,,,,,,,,,,,,,,,,,,,,,,,,,,,,,,,,,,,,,,
,,,,,Dan Davis,"inks, cover inks",WFH,,,,,,,,,,,,,,,,,,,,,,,,,,,,,,,,,,,,,,,,,,
,,,,,Lee Moder,cover pencils,WFH,,,,,,,,,,,,,,,,,,,,,,,,,,,,,,,,,,,,,,,,,,
,,,,,Tom McCraw,color,N/A,,,,,,,,,,,,,,,,,,,,,,,,,,,,,,,,,,,,,,,,,,
,,"full depiction:
JSA #33",Apr-2002,N,David S. Goyer,co-writer,WFH,,,,,,,,,,,,,,,,,,,,,,,,,,,,,,,,,,,,,,,,,,
,,,,,Geoff Johns,co-writer,WFH,,,,,,,,,,,,,,,,,,,,,,,,,,,,,,,,,,,,,,,,,,
,,,,,Leonard Kirk,pencils,WFH,,,,,,,,,,,,,,,,,,,,,,,,,,,,,,,,,,,,,,,,,,
,,,,,Keith Giffen,pencils,WFH,,,,,,,,,,,,,,,,,,,,,,,,,,,,,,,,,,,,,,,,,,
,,,,,Keith Champagne,inks,WFH,,,,,,,,,,,,,,,,,,,,,,,,,,,,,,,,,,,,,,,,,,
,,,,,Al Milgrom,inks,WFH,,,,,,,,,,,,,,,,,,,,,,,,,,,,,,,,,,,,,,,,,,
,,,,,"Ralph ""Rags"" Morales",cover,WFH,,,,,,,,,,,,,,,,,,,,,,,,,,,,,,,,,,,,,,,,,,
,,,,,John Kalisz,color,N/A,,,,,,,,,,,,,,,,,,,,,,,,,,,,,,,,,,,,,,,,,,
"Crimson Dawn
(Kit Dawn; Kit Langman)",,Secret Six #1,Apr-1968,Y,E. Nelson Bridwell,writer,N/A,,"Bridwell was an employee of DC at this time.
Deceased",,,,,,,,,,,,,,,,,,,,,,,,,,,,,,,,,,,,,,,,
,,,,,Frank Springer,"pencils, inks, cover",None,,Deceased,,,,,,,,,,,,,,,,,,,,,,,,,,,,,,,,,,,,,,,,
"Crimson Fox
(Vivian & Constance D'Aramis)","Powerless
(Global Guardians)",Justice League Europe #6,Sep-1989,N,Keith Giffen,plot,WFH,1994,,,,,,,,,,,,,,,,,,,,,,,,,,,,,,,,,,,,,,,,,
,,,,,John Marc DeMatteis,script,WFH,,,,,,,,,,,,,,,,,,,,,,,,,,,,,,,,,,,,,,,,,,
,,,,,Bart Sears,"pencils, cover pencils",WFH,1991,,,,,,,,,,,,,,,,,,,,,,,,,,,,,,,,,,,,,,,,,
,,,,,Pablo Marcos,inks,WFH,,,,,,,,,,,,,,,,,,,,,,,,,,,,,,,,,,,,,,,,,,
,,,,,Art Nichols,cover inks,WFH,,,,,,,,,,,,,,,,,,,,,,,,,,,,,,,,,,,,,,,,,,
,,,,,Gene D'Angelo,color,N/A,,,,,,,,,,,,,,,,,,,,,,,,,,,,,,,,,,,,,,,,,,
"Crocodile Man
(Herkimer)",Plastic Man,"in Fawcett Comics:
Captain Marvel Adventures #38
""Mr. Mind's Movie Madness""",Aug-1944,N,Otto Binder,writer,None,,See also: Fawcett Purchase Agreements,,,,,,,,,,,,,,,,,,,,,,,,,,,,,,,,,,,,,,,,
,,,,,"Charles Clarence ""C.C."" Beck","pencils, inks, cover pencils",None,,,,,,,,,,,,,,,,,,,,,,,,,,,,,,,,,,,,,,,,,,
,,,,,Pete Costanza,cover inks,None,,,,,,,,,,,,,,,,,,,,,,,,,,,,,,,,,,,,,,,,,,
,,"in DC Comics:
Shazam #2
""The Astonishing Arch-Enemy""",Apr-1973,N,Dennis O'Neil,writer,Creator Recognition,,,,,,,,,,,,,,,,,,,,,,,,,,,,,,,,,,,,,,,,,,
,,,,,"Charles Clarence ""C.C."" Beck","pencils, inks, cover pencils",None,,Deceased,,,,,,,,,,,,,,,,,,,,,,,,,,,,,,,,,,,,,,,,
,,,,,Jack Adler,cover inks,None,,Deceased,,,,,,,,,,,,,,,,,,,,,,,,,,,,,,,,,,,,,,,,
Crossing Midnight,,Crossing Midnight #1,Jan-2007,Y,Mike Carey,writer,Joint Creator/All Rights; Writer,2005,,,,,,,,,,,,,,,,,,,,,,,,,,,,,,,,,,,,,,,,,
,,,,,Jim Fern,pencils,Joint Creator/All Rights; Artist,2006,,,,,,,,,,,,,,,,,,,,,,,,,,,,,,,,,,,,,,,,,
,,,,,Robert Hunter,inks,WFH,,,,,,,,,,,,,,,,,,,,,,,,,,,,,,,,,,,,,,,,,,
,,,,,James H. Williams III,cover,WFH,,,,,,,,,,,,,,,,,,,,,,,,,,,,,,,,,,,,,,,,,,
,,,,,Jose Villarrubia,color,N/A,,,,,,,,,,,,,,,,,,,,,,,,,,,,,,,,,,,,,,,,,,
"The Crowne Family
(Amelia & Burton)","Gotham 205
(10/19/2015)",Nightwing #9,Jul-2012,N,Kyle Higgins,writer,WFH,,,,,,,,,,,,,,,,,,,,,,,,,,,,,,,,,,,,,,,,,,
,,,,,Eddy Barrows,"pencils, cover",WFH,,,,,,,,,,,,,,,,,,,,,,,,,,,,,,,,,,,,,,,,,,
,,,,,Andres Guinaldo Isabel,pencils,None,,WFH Agreements for Nightwing #11-14 have been located.,,,,,,,,,,,,,,,,,,,,,,,,,,,,,,,,,,,,,,,,
,,,,,Eber Ferreira,inks,WFH,,,,,,,,,,,,,,,,,,,,,,,,,,,,,,,,,,,,,,,,,,
,,,,,Ruy Jose,inks,WFH,,,,,,,,,,,,,,,,,,,,,,,,,,,,,,,,,,,,,,,,,,
,,,,,Mark Irwin,inks,WFH,,,,,,,,,,,,,,,,,,,,,,,,,,,,,,,,,,,,,,,,,,
,,,,,Rod Reis,color,N/A,,,,,,,,,,,,,,,,,,,,,,,,,,,,,,,,,,,,,,,,,,
,,,,,Peter Pantazis,color,N/A,,,,,,,,,,,,,,,,,,,,,,,,,,,,,,,,,,,,,,,,,,
Crucifer,Flash 417,JLA #94,May-2004,N,John Byrne,"writer, pencils, cover pencils",WFH,,,,,,,,,,,,,,,,,,,,,,,,,,,,,,,,,,,,,,,,,,
,,,,,Chris Claremont,writer,WFH,,,,,,,,,,,,,,,,,,,,,,,,,,,,,,,,,,,,,,,,,,
,,,,,Jerry Ordway,"inks, cover inks",WFH,,,,,,,,,,,,,,,,,,,,,,,,,,,,,,,,,,,,,,,,,,
,,,,,David Baron,color,Exclusive,,,,,,,,,,,,,,,,,,,,,,,,,,,,,,,,,,,,,,,,,,
"Cyborg
(Victor ""Vic"" Stone)",,"DC Comics Presents #26
""Where Nightmares Begin""",Oct-1980,N,Marv Wolfman,writer,Exclusive,1980,,,,,,,,,,,,,,,,,,,,,,,,,,,,,,,,,,,,,,,,,
,,,,,George Perez,pencils,None,1980,,,,,,,,,,,,,,,,,,,,,,,,,,,,,,,,,,,,,,,,,
,,,,,Dick Giordano,inks,Exclusive,,"Giordano may have been an employee of DC at this time.
Deceased",,,,,,,,,,,,,,,,,,,,,,,,,,,,,,,,,,,,,,,,
,,,,,Jim Starlin,cover,None,,,,,,,,,,,,,,,,,,,,,,,,,,,,,,,,,,,,,,,,,,
,,,,,Adrienne Roy,color,N/A,,Deceased,,,,,,,,,,,,,,,,,,,,,,,,,,,,,,,,,,,,,,,,
"Cyborg
(Ronald Evers)",,"as Ronald Evers:
Tales of the New Teen Titans #1",Jun-1982,N,Marv Wolfman,writer,Exclusive,,,,,,,,,,,,,,,,,,,,,,,,,,,,,,,,,,,,,,,,,,
,,,,,George Perez,"pencils, cover",Exclusive,,,,,,,,,,,,,,,,,,,,,,,,,,,,,,,,,,,,,,,,,,
,,,,,Brett Breeding,inks,None,,,,,,,,,,,,,,,,,,,,,,,,,,,,,,,,,,,,,,,,,,
,,,,,Adrienne Roy,color,Exclusive,,Deceased,,,,,,,,,,,,,,,,,,,,,,,,,,,,,,,,,,,,,,,,
,,"as Cyborg:
DC Special: Cyborg #2",Aug-2008,Y,Marc Sable,writer,WFH,,,,,,,,,,,,,,,,,,,,,,,,,,,,,,,,,,,,,,,,,,
,,,,,Ken Lashley,pencils,WFH,,,,,,,,,,,,,,,,,,,,,,,,,,,,,,,,,,,,,,,,,,
,,,,,Jonathan Glapion,inks,WFH,,,,,,,,,,,,,,,,,,,,,,,,,,,,,,,,,,,,,,,,,,
,,,,,Jonathan Smith,color,N/A,,,,,,,,,,,,,,,,,,,,,,,,,,,,,,,,,,,,,,,,,,
"Cyborg Superman
(Henry ""Hank"" Henshaw; The Cyborg)",Supergirl 101,"as Hank Henshaw:
Adventures of Superman #466",May-1990,Y,Dan Jurgens,"writer, pencils, cover pencils",WFH,1994,,,,,,,,,,,,,,,,,,,,,,,,,,,,,,,,,,,,,,,,,
,,,,,Dick Giordano,"pencils, inks",WFH,,"Giordano may have been an employee of DC at this time.
Deceased",,,,,,,,,,,,,,,,,,,,,,,,,,,,,,,,,,,,,,,,
,,,,,Brett Breeding,cover inks,WFH,,,,,,,,,,,,,,,,,,,,,,,,,,,,,,,,,,,,,,,,,,
,,,,,Glenn Whitmore,color,N/A,,,,,,,,,,,,,,,,,,,,,,,,,,,,,,,,,,,,,,,,,,
,Supergirl 207,"as Cyborg Superman:
Adventures of Superman #500
""First Sighting: Cyborg Superman""",Jun-1993,N,Dan Jurgens,"writer, pencils",Continuity,1994,,,,,,,,,,,,,,,,,,,,,,,,,,,,,,,,,,,,,,,,,
,,,,,Brett Breeding,"pencils, inks",Continuity,,,,,,,,,,,,,,,,,,,,,,,,,,,,,,,,,,,,,,,,,,
,,,,,Tom Grummett,cover pencils,Continuity; WFH,,,,,,,,,,,,,,,,,,,,,,,,,,,,,,,,,,,,,,,,,,
,,,,,Doug Hazlewood,cover inks,Continuity,,,,,,,,,,,,,,,,,,,,,,,,,,,,,,,,,,,,,,,,,,
,,,,,Glenn Whitmore,color,N/A,,,,,,,,,,,,,,,,,,,,,,,,,,,,,,,,,,,,,,,,,,
"Cygnus
(Planet)",,"Salvation Run #1
First Appearance -  unanmed",Nov-2007,N,Bill Willingham,writer,WFH,,,,,,,,,,,,,,,,,,,,,,,,,,,,,,,,,,,,,,,,,,
,,,,,Sean Chen,pencils,WFH,,,,,,,,,,,,,,,,,,,,,,,,,,,,,,,,,,,,,,,,,,
,,,,,Walden Wong,inks,WFH,,,,,,,,,,,,,,,,,,,,,,,,,,,,,,,,,,,,,,,,,,
,,"Justice League of America (vol. 2) #19
First appearance - named",Mar-2008,N,Alan Burnett,writer,WFH,,,,,,,,,,,,,,,,,,,,,,,,,,,,,,,,,,,,,,,,,,
,,,,,Ed Benes,pencils,"Exclusive, WFH",,,,,,,,,,,,,,,,,,,,,,,,,,,,,,,,,,,,,,,,,,
,,,,,Ruy Jose,inks,WFH,,,,,,,,,,,,,,,,,,,,,,,,,,,,,,,,,,,,,,,,,,
,,,,,Mariah Benes,inks,None,,,,,,,,,,,,,,,,,,,,,,,,,,,,,,,,,,,,,,,,,,
,,,,,Sandra Hope Archer,inks,None,,,,,,,,,,,,,,,,,,,,,,,,,,,,,,,,,,,,,,,,,,
"Cygnus
(Solar System, with with New Mars aka Mars II)",,DC Comics Presents #27,Aug-1980,Y,Len Wein,writer,None,,,,,,,,,,,,,,,,,,,,,,,,,,,,,,,,,,,,,,,,,,
,,,,,Jim Starlin,pencils,None,,,,,,,,,,,,,,,,,,,,,,,,,,,,,,,,,,,,,,,,,,
,,,,,Dick Giordano,inks,Services Agreements,,,,,,,,,,,,,,,,,,,,,,,,,,,,,,,,,,,,,,,,,,
,,,,,Frank McLaughlin,inks,Services Agreements,,,,,,,,,,,,,,,,,,,,,,,,,,,,,,,,,,,,,,,,,,
Cyrus Broderick,Arrow 619,Green Arrow #48,Mar-2016,N,Benjamin Percy,writer,WFH,,,,,,,,,,,,,,,,,,,,,,,,,,,,,,,,,,,,,,,,,,
,,,,,Patrick Zircher,"pencils, inks",Continuity,,,,,,,,,,,,,,,,,,,,,,,,,,,,,,,,,,,,,,,,,,
,,,,,Szymon Kudranski,cover,WFH,,,,,,,,,,,,,,,,,,,,,,,,,,,,,,,,,,,,,,,,,,
,,,,,Gabe Eltaeb,color,WFH,,,,,,,,,,,,,,,,,,,,,,,,,,,,,,,,,,,,,,,,,,
Czarnia,Supergirl 308,Omega Men #3,Jun-1983,Y,Roger Slifer,writer,WFH; Writer,,Deceased,,,,,,,,,,,,,,,,,,,,,,,,,,,,,,,,,,,,,,,,
,,,,,Keith Giffen,"pencils, cover pencils",WFH; Artist,,,,,,,,,,,,,,,,,,,,,,,,,,,,,,,,,,,,,,,,,,
,,,,,Mike DeCarlo,"inks, cover inks",WFH; Exclusive,,,,,,,,,,,,,,,,,,,,,,,,,,,,,,,,,,,,,,,,,,
,,,,,Anthony Tollin,color,N/A,,,,,,,,,,,,,,,,,,,,,,,,,,,,,,,,,,,,,,,,,,
Dabney Donovan,Superman and Lois,"Superman's Pal, Jimmy Olsen #142
""Jimmy Olsen: The Man from Transilvane!""",Oct-1971,N,Jack Kirby,"writer, pencils",None,,Deceased,"From Benjamin in the Library - I don’t think he fully counts as a 4th World Character. 
He did first appear in issues and storylines that are reprinted in the 4th World Saga – but he was only featured in 2 separate – 2 page backup stories called “Strange Stories of the D.N.A. Project”.And in those 4 pages he is never named and has no dialogue in those 2 backup stories (SPJO #142 & #143). The stories are also just flashbacks to earlier experiments about CADMUS. And CADMUS is a very borderline connection with Darkseid, et al",,,,,,,,,,,,,,,,,,,,,,,,,,,,,,,,,,,,,,,
Daily Planet,,"Action Comics #23
""Europe at War (Part II)""",Apr-1940,Y,Jerry Siegel,writer,Settlement,,,,,,,,,,,,,,,,,,,,,,,,,,,,,,,,,,,,,,,,,,
,,,,,Joe Shuster,"pencils, inks",Settlement,,,,,,,,,,,,,,,,,,,,,,,,,,,,,,,,,,,,,,,,,,
,,,,,Paul Cassidy,cover inks,None,,,,,,,,,,,,,,,,,,,,,,,,,,,,,,,,,,,,,,,,,,
Dale Gunn,,Justice League of America Annual #2,Oct-1984,Y,Gerry Conway,writer,WFH,2013,,,,,,,,,,,,,,,,,,,,,,,,,,,,,,,,,,,,,,,,,
,,,,,"Francis ""Chuck"" Patton","pencils, cover pencils",WFH,2013,,,,,,,,,,,,,,,,,,,,,,,,,,,,,,,,,,,,,,,,,
,,,,,Dave Hunt,inks,WFH,,,,,,,,,,,,,,,,,,,,,,,,,,,,,,,,,,,,,,,,,,
,,,,,Dick Giordano,cover inks,None,,"Giordano may have been an employee of DC at this time.
Deceased",,,,,,,,,,,,,,,,,,,,,,,,,,,,,,,,,,,,,,,,
,,,,,Carl Gafford,color,N/A,,,,,,,,,,,,,,,,,,,,,,,,,,,,,,,,,,,,,,,,,,
Damien Darhk,"Flash 208
(12/1/2015)",Titans #1,Mar-1999,N,Devin Kalile Grayson,writer,WFH,2015,,,,,,,,,,,,,,,,,,,,,,,,,,,,,,,,,,,,,,,,,
,,,,,Mark Buckingham,"pencils, cover pencils",WFH,2015,,,,,,,,,,,,,,,,,,,,,,,,,,,,,,,,,,,,,,,,,
,,,,,Wade Von Grawbadger,"inks, cover inks",WFH,,,,,,,,,,,,,,,,,,,,,,,,,,,,,,,,,,,,,,,,,,
,,,,,Gregory Wright,color,N/A,,,,,,,,,,,,,,,,,,,,,,,,,,,,,,,,,,,,,,,,,,
Danny the Street,Doom Patrol 108,Doom Patrol #35,Aug-1990,N,Grant Morrison,writer,Writer Agreement,2006,,,,,,,,,,,,,,,,,,,,,,,,,,,,,,,,,,,,,,,,,
,,,,,Richard Case,pencils,WFH,,,,,,,,,,,,,,,,,,,,,,,,,,,,,,,,,,,,,,,,,,
,,,,,John Nyberg,inks,WFH,,,,,,,,,,,,,,,,,,,,,,,,,,,,,,,,,,,,,,,,,,
,,,,,Simon Bisley,cover,WFH,,,,,,,,,,,,,,,,,,,,,,,,,,,,,,,,,,,,,,,,,,
,,,,,Daniel Vozzo,color,N/A,,,,,,,,,,,,,,,,,,,,,,,,,,,,,,,,,,,,,,,,,,
"Dante
(Young Justice villain)",,Young Justice #12,Sep-1999,N,Peter David,writer,WFH,,,,,,,,,,,,,,,,,,,,,,,,,,,,,,,,,,,,,,,,,,
,,,,,Todd Nauck,"pencils, cover pencils",WFH,,,,,,,,,,,,,,,,,,,,,,,,,,,,,,,,,,,,,,,,,,
,,,,,Lary Stucker,"inks, cover inks",WFH,,,,,,,,,,,,,,,,,,,,,,,,,,,,,,,,,,,,,,,,,,
,,,,,Jaime Mendoza,inks,WFH,,,,,,,,,,,,,,,,,,,,,,,,,,,,,,,,,,,,,,,,,,
,,,,,Jason Wright,color,N/A,,,,,,,,,,,,,,,,,,,,,,,,,,,,,,,,,,,,,,,,,,
"Dante
(leader of the Ninth Circle)",Arrow 714,Green Arrow #2,Sep-2016,N,Benjamin Percy,writer,WFH,2017,,,,,,,,,,,,,,,,,,,,,,,,,,,,,,,,,,,,,,,,,
,,,,,Otto Schmidt,"pencils, inks, color",WFH,,,,,,,,,,,,,,,,,,,,,,,,,,,,,,,,,,,,,,,,,,
,,,,,Juan Ferreyra,cover,WFH,2017,,,,,,,,,,,,,,,,,,,,,,,,,,,,,,,,,,,,,,,,,
"Dark Flash
(Walter West)",Arrow 608,Flash #150,Jul-1999,N,Brian Augustyn,writer,WFH,,,,,,,,,,,,,,,,,,,,,,,,,,,,,,,,,,,,,,,,,,
,,,,,Mark Waid,writer,Continuity; WFH,,,,,,,,,,,,,,,,,,,,,,,,,,,,,,,,,,,,,,,,,,
,,,,,Paul Pelletier,pencils,WFH,,,,,,,,,,,,,,,,,,,,,,,,,,,,,,,,,,,,,,,,,,
,,,,,Vince Russell,inks,WFH,,,,,,,,,,,,,,,,,,,,,,,,,,,,,,,,,,,,,,,,,,
,,,,,Steve Lightle,cover,WFH,,,,,,,,,,,,,,,,,,,,,,,,,,,,,,,,,,,,,,,,,,
,,,,,Tom McCraw,color,Exclusive,,,,,,,,,,,,,,,,,,,,,,,,,,,,,,,,,,,,,,,,,,
"Darkseid
(Uxas)","Justice League
(2017)",Superman's Pal Jimmy Olsen #134,Dec-1970,N,Jack Kirby,"writer, pencils",Fourth World Agreement,1982,Deceased,,,,,,,,,,,,,,,,,,,,,,,,,,,,,,,,,,,,,,,,
,,,,,Vince Colletta,inks,None,,,,,,,,,,,,,,,,,,,,,,,,,,,,,,,,,,,,,,,,,,
,,,,,Neal Adams,cover,Creator Recognition,,,,,,,,,,,,,,,,,,,,,,,,,,,,,,,,,,,,,,,,,,
Darkstars,Flash 311,Darkstars #1,Oct-1992,Y,Michael Jan Friedman,writer,Continuity; WFH,1990,,,,,,,,,,,,,,,,,,,,,,,,,,,,,,,,,,,,,,,,,
,,,,,Larry Stroman,pencils,Continuity,1990,,,,,,,,,,,,,,,,,,,,,,,,,,,,,,,,,,,,,,,,,
,,,,,Scott Hanna,"inks, cover inks",WFH,,,,,,,,,,,,,,,,,,,,,,,,,,,,,,,,,,,,,,,,,,
,,,,,Travis Charest,cover pencils,Artist,,WFH agreements have been located for issues #4-10; Artist agreement is in the warehouse (not in eDocs yet),,,,,,,,,,,,,,,,,,,,,,,,,,,,,,,,,,,,,,,,
,,,,,Jullianna Ferriter,color,N/A,,,,,,,,,,,,,,,,,,,,,,,,,,,,,,,,,,,,,,,,,,
Darren Jones,Doom Patrol 108,Doom Patrol #35,Aug-1990,N,Grant Morrison,writer,Writer Agreement,,,,,,,,,,,,,,,,,,,,,,,,,,,,,,,,,,,,,,,,,,
,,,,,Richard Case,pencils,WFH,,,,,,,,,,,,,,,,,,,,,,,,,,,,,,,,,,,,,,,,,,
,,,,,John Nyberg,inks,WFH,,,,,,,,,,,,,,,,,,,,,,,,,,,,,,,,,,,,,,,,,,
,,,,,Simon Bisley,cover,WFH,,,,,,,,,,,,,,,,,,,,,,,,,,,,,,,,,,,,,,,,,,
,,,,,Daniel Vozzo,color,N/A,,,,,,,,,,,,,,,,,,,,,,,,,,,,,,,,,,,,,,,,,,
"David Cain
(Orphan)",,"as David Cain:
Batman #567",Jul-1999,N,Kelley Puckett,writer,WFH,,,,,,,,,,,,,,,,,,,,,,,,,,,,,,,,,,,,,,,,,,
,,,,,Damion Scott,"pencils, cover pencils",WFH,,,,,,,,,,,,,,,,,,,,,,,,,,,,,,,,,,,,,,,,,,
,,,,,John Floyd,inks,WFH,,,,,,,,,,,,,,,,,,,,,,,,,,,,,,,,,,,,,,,,,,
,,,,,Robert Campanella,cover inks,WFH,,,,,,,,,,,,,,,,,,,,,,,,,,,,,,,,,,,,,,,,,,
,,,,,Gregory Wright,color,N/A,,,,,,,,,,,,,,,,,,,,,,,,,,,,,,,,,,,,,,,,,,
,Gotham 422,"as Orphan:
Batman & Robin Eternal #1",Dec-2015,N,Scott Snyder,writer,Exclusive,,,,,,,,,,,,,,,,,,,,,,,,,,,,,,,,,,,,,,,,,,
,,,,,James Tynion IV,writer,WFH,,,,,,,,,,,,,,,,,,,,,,,,,,,,,,,,,,,,,,,,,,
,,,,,Tony S. Daniel,"pencils, cover pencils",WFH,,,,,,,,,,,,,,,,,,,,,,,,,,,,,,,,,,,,,,,,,,
,,,,,Sandu Florea,"inks, cover inks",WFH,,,,,,,,,,,,,,,,,,,,,,,,,,,,,,,,,,,,,,,,,,
,,,,,Tomeu Morey,color,WFH,,,,,,,,,,,,,,,,,,,,,,,,,,,,,,,,,,,,,,,,,,
"David Drake
(Typhoon)",,Fury of Firestorm: The Nuclear Men #19,Jun-2013,N,Dan Jurgens,"Writer, Pencils, Cover Pencils",WFH,,,,,,,,,,,,,,,,,,,,,,,,,,,,,,,,,,,,,,,,,,
,,,,,Ray McCarthy,"Inks, Cover Inks",WFH,,,,,,,,,,,,,,,,,,,,,,,,,,,,,,,,,,,,,,,,,,
,,,,,Karl Kesel,Inks,WFH,,,,,,,,,,,,,,,,,,,,,,,,,,,,,,,,,,,,,,,,,,
,,,,,Brian Miller,Color,N/A,,,,,,,,,,,,,,,,,,,,,,,,,,,,,,,,,,,,,,,,,,
Dayton Laboratories,,"Tales of the Teen Titans #48
""The Recombatants!""",Nov-1984,N,Marv Wolfman,writer,Co-writer/Co-editor; Exclusive,,,,,,,,,,,,,,,,,,,,,,,,,,,,,,,,,,,,,,,,,,
,,,,,George Perez,"writer, pencils, cover",Co-writer/Artist/Co-editor,,,,,,,,,,,,,,,,,,,,,,,,,,,,,,,,,,,,,,,,,,
,,,,,Steve Rude,pencils,WFH,,,,,,,,,,,,,,,,,,,,,,,,,,,,,,,,,,,,,,,,,,
,,,,,Al Gordon,inks,WFH,,,,,,,,,,,,,,,,,,,,,,,,,,,,,,,,,,,,,,,,,,
,,,,,Mike DeCarlo,inks,Exclusive,,,,,,,,,,,,,,,,,,,,,,,,,,,,,,,,,,,,,,,,,,
,,,,,Adrienne Roy,color,Exclusive,,Deceased,,,,,,,,,,,,,,,,,,,,,,,,,,,,,,,,,,,,,,,,
David Singh,"Flash
(2018)",Flash Secret Files and Origins #1,May-2010,,Geoff Johns,writer,Exclusive; WFH,,,,,,,,,,,,,,,,,,,,,,,,,,,,,,,,,,,,,,,,,,
,,,,,Scott Kolins,"pencils, inks",WFH,,,,,,,,,,,,,,,,,,,,,,,,,,,,,,,,,,,,,,,,,,
,,,,,Francis J. Manapul,"pencils, inks, cover",WFH,,,,,,,,,,,,,,,,,,,,,,,,,,,,,,,,,,,,,,,,,,
,,,,,Michael Atiyeh,color,N/A,,,,,,,,,,,,,,,,,,,,,,,,,,,,,,,,,,,,,,,,,,
Dawnstar,,"Superboy #226
""The Dazzling Debut of Dawnstar""",Apr-1977,Y,Paul Levitz,writer,Exclusive,1979,,,,,,,,,,,,,,,,,,,,,,,,,,,,,,,,,,,,,,,,,
,,,,,James Sherman,pencils,None,,,,,,,,,,,,,,,,,,,,,,,,,,,,,,,,,,,,,,,,,,
,,,,,Jack Abel,inks,Exclusive,,Deceased,,,,,,,,,,,,,,,,,,,,,,,,,,,,,,,,,,,,,,,,
,,,,,Mike Grell,cover,Exclusive,1985,,,,,,,,,,,,,,,,,,,,,,,,,,,,,,,,,,,,,,,,,
,,,,,Liz Berube,color,N/A,,,,,,,,,,,,,,,,,,,,,,,,,,,,,,,,,,,,,,,,,,
Daxam,Supergirl 204,"Adventure Comics #312
""The Super-Sacrifice of the Legionnaires""",Sep-1963,N,Edmond Hamilton,writer,None,,Deceased,,,,,,,,,,,,,,,,,,,,,,,,,,,,,,,,,,,,,,,,
,,,,,John Forte,"pencils, inks",None,,Deceased,,,,,,,,,,,,,,,,,,,,,,,,,,,,,,,,,,,,,,,,
,,,,,Curt Swan,cover pencils,None,,Deceased,,,,,,,,,,,,,,,,,,,,,,,,,,,,,,,,,,,,,,,,
,,,,,George Klein,cover inks,None,,Deceased,,,,,,,,,,,,,,,,,,,,,,,,,,,,,,,,,,,,,,,,
"Dead Boy Detectives
(Edwin Paine and Charles Rowland)",,The Sandman vol 2 #25,Apr-1991,N,Neil Gaiman,writer,WFH,Y,,,,,,,,,,,,,,,,,,,,,,,,,,,,,,,,,,,,,,,,,
,,,,,Matt Wagner,pencils,WFH,,,,,,,,,,,,,,,,,,,,,,,,,,,,,,,,,,,,,,,,,,
,,,,,P. Craig Russell,inks,WFH,,,,,,,,,,,,,,,,,,,,,,,,,,,,,,,,,,,,,,,,,,
,,,,,Daniel Vozzo,color,N/A,,,,,,,,,,,,,,,,,,,,,,,,,,,,,,,,,,,,,,,,,,
Dead King,,Aquaman #17,Apr-2013,N,Geoff Johns,writer,WFH,,,,,,,,,,,,,,,,,,,,,,,,,,,,,,,,,,,,,,,,,,
,,,,,Paul Pelletier,"pencils, cover pencils",WFH,,,,,,,,,,,,,,,,,,,,,,,,,,,,,,,,,,,,,,,,,,
,,,,,Sean Parsons,inks,WFH,,,,,,,,,,,,,,,,,,,,,,,,,,,,,,,,,,,,,,,,,,
,,,,,Art Thibert,cover inks,WFH,,,,,,,,,,,,,,,,,,,,,,,,,,,,,,,,,,,,,,,,,,
,,,,,Rodrigo Reis,color,N/A,,,,,,,,,,,,,,,,,,,,,,,,,,,,,,,,,,,,,,,,,,
"Deadman
(Boston Brand)",Dark Universe,"Strange Adventures #205
""Who Has Been Lying In My Grave?""",Oct-1967,Y,Arnold Drake,writer,None,2006,Deceased,,,,,,,,,,,,,,,,,,,,,,,,,,,,,,,,,,,,,,,,
,,,,,Carmine Infantino,"pencils, cover pencils",Settlement,,Deceased,,,,,,,,,,,,,,,,,,,,,,,,,,,,,,,,,,,,,,,,
,,,,,George Roussos,"inks, cover inks",None,,Deceased,,,,,,,,,,,,,,,,,,,,,,,,,,,,,,,,,,,,,,,,
"Deadshot
(Floyd Lawton)","Suicide Squad
(2016)","Batman #59
""The Man Who Replaced Batman""",Jun-1950,N,"David Levine
(David Vern Reed)",writer,None,,Deceased,,,,,,,,,,,,,,,,,,,,,,,,,,,,,,,,,,,,,,,,
,,,,,Bob Kane,pencils,Services Agreements,,Deceased,,,,,,,,,,,,,,,,,,,,,,,,,,,,,,,,,,,,,,,,
,,,,,Lew Schwartz,"pencils, cover pencils",WFH Acknowledgement,2010,Deceased,,,,,,,,,,,,,,,,,,,,,,,,,,,,,,,,,,,,,,,,
,,,,,Charles Paris,"inks, cover inks",None,,Deceased,,,,,,,,,,,,,,,,,,,,,,,,,,,,,,,,,,,,,,,,
"Death Rattle
(Erasmus Rayne)",Gotham 416,Arkham Asylum: Living Hell #1,Jul-2003,N,Dan Slott,writer,WFH,,,,,,,,,,,,,,,,,,,,,,,,,,,,,,,,,,,,,,,,,,
,,,,,Ryan Sook,"pencils, inks",WFH,,"Sook signed a WFH agreement for the cover of this issue; however, Powell clearly did the artwork. We do have WFH for Powell for issues #2-6.",,,,,,,,,,,,,,,,,,,,,,,,,,,,,,,,,,,,,,,,
,,,,,Eric Powell,cover,None,,,,,,,,,,,,,,,,,,,,,,,,,,,,,,,,,,,,,,,,,,
,,,,,Lee Loughridge,color,N/A,,,,,,,,,,,,,,,,,,,,,,,,,,,,,,,,,,,,,,,,,,
"Deathblow
(Michael Cray)","Point Blank
Sleeper","Darker Image #1
""Deathblow/Cybernary""",Mar-1993,N,Jim Lee,"writer, pencils, inks",WildStorm Employment Agreement,,,,,,,,,,,,,,,,,,,,,,,,,,,,,,,,,,,,,,,,,,
,,,,,Brandon Choi,writer,WildStorm WFH Acknowledgment,,,,,,,,,,,,,,,,,,,,,,,,,,,,,,,,,,,,,,,,,,
,,,,,Sam Kieth,cover,None,,,,,,,,,,,,,,,,,,,,,,,,,,,,,,,,,,,,,,,,,,
,,,,,Joe Chiodo,color,None,,,,,,,,,,,,,,,,,,,,,,,,,,,,,,,,,,,,,,,,,,
,,,,,Wendy Fouts,color,None,,,,,,,,,,,,,,,,,,,,,,,,,,,,,,,,,,,,,,,,,,
"Deathstorm
(Black Lantern Firestorn)",,Brightest Day #10,Nov-2010,,Geoff Johns,writer,WFH,,,,,,,,,,,,,,,,,,,,,,,,,,,,,,,,,,,,,,,,,,
,,,,,Peter Tomasi,writer,Exclusive,,,,,,,,,,,,,,,,,,,,,,,,,,,,,,,,,,,,,,,,,,
,,,,,Ivan Reis,"pencils, inks",Exclusive,,,,,,,,,,,,,,,,,,,,,,,,,,,,,,,,,,,,,,,,,,
,,,,,Patrick Gleason,pencils,Exclusive,,,,,,,,,,,,,,,,,,,,,,,,,,,,,,,,,,,,,,,,,,
,,,,,Joe Prado,pencils,WFH,,,,,,,,,,,,,,,,,,,,,,,,,,,,,,,,,,,,,,,,,,
"Deathstroke
(Slade Wilson)",,New Teen Titans #2,Dec-1980,Y,Marv Wolfman,writer,Exclusive,1983,,,,,,,,,,,,,,,,,,,,,,,,,,,,,,,,,,,,,,,,,
,,,,,George Perez,"pencils, cover",None,1983,,,,,,,,,,,,,,,,,,,,,,,,,,,,,,,,,,,,,,,,,
,,,,,Romeo Tanghal,inks,Exclusive,,,,,,,,,,,,,,,,,,,,,,,,,,,,,,,,,,,,,,,,,,
,,,,,Adrienne Roy,color,N/A,,,,,,,,,,,,,,,,,,,,,,,,,,,,,,,,,,,,,,,,,,
The Decreator,Doom Patrol 105,Doom Patrol #32,May-1990,N,Grant Morrison,writer,Writer Agreement,2007,,,,,,,,,,,,,,,,,,,,,,,,,,,,,,,,,,,,,,,,,
,,,,,Richard Case,pencils,WFH,,,,,,,,,,,,,,,,,,,,,,,,,,,,,,,,,,,,,,,,,,
,,,,,John Nyberg,inks,WFH,,,,,,,,,,,,,,,,,,,,,,,,,,,,,,,,,,,,,,,,,,
,,,,,Simon Bisley,cover,WFH,,,,,,,,,,,,,,,,,,,,,,,,,,,,,,,,,,,,,,,,,,
,,,,,Daniel Vozzo,color,N/A,,,,,,,,,,,,,,,,,,,,,,,,,,,,,,,,,,,,,,,,,,
"Deimos
(Pre-Crisis)",,Wonder Woman #183,Jul-1969,N,Mike Sekowsky,"writer, pencils, cover pencils",None,,Deceased,,,,,,,,,,,,,,,,,,,,,,,,,,,,,,,,,,,,,,,,
,,,,,Dick Giordano,"inks, cover inks",N/A,,"Giordano was an employee of DC at this time.
Deceased",,,,,,,,,,,,,,,,,,,,,,,,,,,,,,,,,,,,,,,,
"Deimos
(Post-Crisis)",,Wonder Woman #2,Mar-1987,N,Greg Potter,writer,WFH,,,,,,,,,,,,,,,,,,,,,,,,,,,,,,,,,,,,,,,,,,
,,,,,George Perez,"plot, pencils, cover",Continuity,,,,,,,,,,,,,,,,,,,,,,,,,,,,,,,,,,,,,,,,,,
,,,,,Bruce Patterson,inks,WFH,,,,,,,,,,,,,,,,,,,,,,,,,,,,,,,,,,,,,,,,,,
,,,,,Tatjana Wood,color,N/A,,,,,,,,,,,,,,,,,,,,,,,,,,,,,,,,,,,,,,,,,,
Demolition Team,"Arrow 414
(2/17/2016)",Green Lantern #176,May-1984,N,Len Wein,writer,WFH,2005,Deceased,,,,,,,,,,,,,,,,,,,,,,,,,,,,,,,,,,,,,,,,
,,,,,Dave Gibbons,"pencils, cover",WFH,,,,,,,,,,,,,,,,,,,,,,,,,,,,,,,,,,,,,,,,,,
,,,,,Dick Giordano,inks,WFH,,"Giordano was an employee of DC at this time.
Deceased",,,,,,,,,,,,,,,,,,,,,,,,,,,,,,,,,,,,,,,,
,,,,,Anthony Tollin,color,Exclusive,,,,,,,,,,,,,,,,,,,,,,,,,,,,,,,,,,,,,,,,,,
"The Demon
(Jason Blood / Etrigan)",Dark Universe,The Demon #1,Aug-1972,Y,Jack Kirby,"writer, pencils, cover pencils",Fourth World Agreement,1982,Deceased,,,,,,,,,,,,,,,,,,,,,,,,,,,,,,,,,,,,,,,,
,,,,,Michael Royer,"inks, cover inks",None,,,,,,,,,,,,,,,,,,,,,,,,,,,,,,,,,,,,,,,,,,
"Demon's Three
(Abnegazar, Rath, Ghast)",Dark Universe,Justice League of America #10,Mar-1962,N,Gardner Fox,writer,Creator Recognition,2009,Deceased Creator recognition agreement with is with heirs.,,,,,,,,,,,,,,,,,,,,,,,,,,,,,,,,,,,,,,,,
,,,,,Mike Sekowsky,pencils,None,,Deceased,,,,,,,,,,,,,,,,,,,,,,,,,,,,,,,,,,,,,,,,
,,,,,Bernard Sachs,inks,None,,Deceased,,,,,,,,,,,,,,,,,,,,,,,,,,,,,,,,,,,,,,,,
,,,,,Murphy Anderson,cover,None,,Deceased,,,,,,,,,,,,,,,,,,,,,,,,,,,,,,,,,,,,,,,,
Dennis Barclay,Swamp Thing 109,"The Saga of the Swamp Thing #5
""The Screams of Hungry Flesh""",Sep-1982,Y,Martin Pasko,writer,None,,,,,,,,,,,,,,,,,,,,,,,,,,,,,,,,,,,,,,,,,,
,,,,,Thomas Yeates,"pencils, inks, cover",None,,,,,,,,,,,,,,,,,,,,,,,,,,,,,,,,,,,,,,,,,,
,,,,,Tatjana Wood,color,Exclusive,,,,,,,,,,,,,,,,,,,,,,,,,,,,,,,,,,,,,,,,,,
"Derek ""Dexter"" Tolliver","Suicide Squad
(2016)",The Fury of Firestorm #64,Oct-1987,N,John Ostrander,writer,WFH,,,,,,,,,,,,,,,,,,,,,,,,,,,,,,,,,,,,,,,,,,
,,,,,Joe Brozowski,"pencils, cover pencils",WFH,,,,,,,,,,,,,,,,,,,,,,,,,,,,,,,,,,,,,,,,,,
,,,,,Sam De La Rosa,inks,WFH,,,,,,,,,,,,,,,,,,,,,,,,,,,,,,,,,,,,,,,,,,
,,,,,Bob Lewis,cover inks,WFH,,,,,,,,,,,,,,,,,,,,,,,,,,,,,,,,,,,,,,,,,,
,,,,,Nansi Hoolihan,color,N/A,,,,,,,,,,,,,,,,,,,,,,,,,,,,,,,,,,,,,,,,,,
Desaad,,Forever People #2,Apr-1971,N,Jack Kirby,"writer, pencils, cover pencils",Fourth World Agreement,1982,Deceased,,,,,,,,,,,,,,,,,,,,,,,,,,,,,,,,,,,,,,,,
,,,,,Vince Colletta,inks,None,,Deceased,,,,,,,,,,,,,,,,,,,,,,,,,,,,,,,,,,,,,,,,
,,,,,Mike Royer,cover inks,None,,,,,,,,,,,,,,,,,,,,,,,,,,,,,,,,,,,,,,,,,,
Despero,Krypton,Justice League of America #1,Nov-1960,Y,Gardner F. Fox,writer,Creator Recognition,,Deceased Creator recognition agreement with heirs.,,,,,,,,,,,,,,,,,,,,,,,,,,,,,,,,,,,,,,,,
,,,,,Mike Sekowsky,"pencils, cover pencils",None,,Deceased,,,,,,,,,,,,,,,,,,,,,,,,,,,,,,,,,,,,,,,,
,,,,,Bernard Sachs,inks,None,,Deceased,,,,,,,,,,,,,,,,,,,,,,,,,,,,,,,,,,,,,,,,
,,,,,Murphy Anderson,cover inks,None,,Deceased,,,,,,,,,,,,,,,,,,,,,,,,,,,,,,,,,,,,,,,,
"Detective Chimp
(Bobo)",Dark Universe,"Adventures of Rex the Wonder Dog #4
""Meet Detective Chimp""",Jul-1952,N,John Broome,writer,None,,Deceased,,,,,,,,,,,,,,,,,,,,,,,,,,,,,,,,,,,,,,,,
,,,,,Carmine Infantino,pencils,Settlement,,Deceased,,,,,,,,,,,,,,,,,,,,,,,,,,,,,,,,,,,,,,,,
,,,,,Sy Barry ,inks,None,,,,,,,,,,,,,,,,,,,,,,,,,,,,,,,,,,,,,,,,,,
,,,,,Gil Kane,cover pencils,None,,Deceased,,,,,,,,,,,,,,,,,,,,,,,,,,,,,,,,,,,,,,,,
,,,,,Frank Giacoia,cover inks,None,,Deceased,,,,,,,,,,,,,,,,,,,,,,,,,,,,,,,,,,,,,,,,
Detective Frank Curtis,"Flash
(2018)",Flash #270,Feb-1979,,Cary Bates,writer,Exclusive,,,,,,,,,,,,,,,,,,,,,,,,,,,,,,,,,,,,,,,,,,
,,,,,Irv Novick,pencils,N/A,,"Novick was employed by DC from 5/9/67 - 12/28/84.
Deceased",,,,,,,,,,,,,,,,,,,,,,,,,,,,,,,,,,,,,,,,
,,,,,Frank McLaughlin,inks,Exclusive,,,,,,,,,,,,,,,,,,,,,,,,,,,,,,,,,,,,,,,,,,
,,,,,Rich F. Buckler,cover pencils,Exclusive,,,,,,,,,,,,,,,,,,,,,,,,,,,,,,,,,,,,,,,,,,
,,,,,Dick Giordano,cover inks,Exclusive,,Deceased,,,,,,,,,,,,,,,,,,,,,,,,,,,,,,,,,,,,,,,,
,,,,,Gene D'Angelo,color,N/A,,,,,,,,,,,,,,,,,,,,,,,,,,,,,,,,,,,,,,,,,,
Detonator,,Robin #168,Jan-2008,,Peter Milligan,writer,WFH,,,,,,,,,,,,,,,,,,,,,,,,,,,,,,,,,,,,,,,,,,
,,,,,Freddie E. Williams II,"pencils, inks",Exclusive,,,,,,,,,,,,,,,,,,,,,,,,,,,,,,,,,,,,,,,,,,
Dex-Starr,Lego Aquaman,Final Crisis: Rage of the Red Lanterns #1,Dec-2008,N,Geoff Johns,writer,Exclusive; WFH,2010,,,,,,,,,,,,,,,,,,,,,,,,,,,,,,,,,,,,,,,,,
,,,,,"Shannon ""Shane"" Davis","pencils, cover pencils",WFH,2010,,,,,,,,,,,,,,,,,,,,,,,,,,,,,,,,,,,,,,,,,
,,,,,Sandra Hope Archer,"inks, cover inks",None,,,,,,,,,,,,,,,,,,,,,,,,,,,,,,,,,,,,,,,,,,
,,,,,Nei Ruffino,color,N/A,,,,,,,,,,,,,,,,,,,,,,,,,,,,,,,,,,,,,,,,,,
Dexter Myles,Flash 501,"The Flash #138
""Mystery of the Matinee Idol""",Aug-1963,N,John Broome,writer,None,,Deceased,,,,,,,,,,,,,,,,,,,,,,,,,,,,,,,,,,,,,,,,
,,,,,Carmine Infantino,"pencils, cover pencils",Settlement,,Deceased,,,,,,,,,,,,,,,,,,,,,,,,,,,,,,,,,,,,,,,,
,,,,,Joe Giella,inks,None,,,,,,,,,,,,,,,,,,,,,,,,,,,,,,,,,,,,,,,,,,
,,,,,Murphy Anderson,cover inks,None,,Deceased,,,,,,,,,,,,,,,,,,,,,,,,,,,,,,,,,,,,,,,,
Dial H For Hero,"#4Hero
(Machinima)","House of Mystery #156
""Dial H For Hero""",Jan-1966,Y,Dave Wood,writer,None,,,,,,,,,,,,,,,,,,,,,,,,,,,,,,,,,,,,,,,,,,
,,,,,Jim Mooney,"pencils, inks, cover",None,,Deceased,,,,,,,,,,,,,,,,,,,,,,,,,,,,,,,,,,,,,,,,
"Dial ""H"" For Hero",,"Legion of Super-Heroes #272
""Who Are the Heroes?""",Feb-1981,Y,Marv Wolfman,writer,Exclusive,1980,,,,,,,,,,,,,,,,,,,,,,,,,,,,,,,,,,,,,,,,,
,,,,,Carmine Infantino,pencils,Artist; Settlement,2005,Deceased,,,,,,,,,,,,,,,,,,,,,,,,,,,,,,,,,,,,,,,,
,,,,,Frank Chiaramonte,inks,Exclusive,,Deceased,,,,,,,,,,,,,,,,,,,,,,,,,,,,,,,,,,,,,,,,
,,,,,Dennis Jensen,inks,None,,Freelance agreements with Jensen between 4/27/81 - 4/27/84 have been located.,,,,,,,,,,,,,,,,,,,,,,,,,,,,,,,,,,,,,,,,
,,,,,Jim Janes,cover pencils,Artist,,,,,,,,,,,,,,,,,,,,,,,,,,,,,,,,,,,,,,,,,,
,,,,,Dick Giordano,cover inks,Exclusive,,"Giordano was an employee of DC at this time.
Deceased",,,,,,,,,,,,,,,,,,,,,,,,,,,,,,,,,,,,,,,,
,,,,,Gene D'Angelo,color,N/A,,,,,,,,,,,,,,,,,,,,,,,,,,,,,,,,,,,,,,,,,,
H-E-R-O,,H-E-R-O #1,Apr-2003,Y,Will Pfeifer,writer,Exclusive,,,,,,,,,,,,,,,,,,,,,,,,,,,,,,,,,,,,,,,,,,
,,,,,Jose Angel Cano Lopez,"pencils, inks",WFH,,,,,,,,,,,,,,,,,,,,,,,,,,,,,,,,,,,,,,,,,,
,,,,,John Van Fleet,cover,WFH,,,,,,,,,,,,,,,,,,,,,,,,,,,,,,,,,,,,,,,,,,
,,,,,Dave Stewart,color,N/A,,,,,,,,,,,,,,,,,,,,,,,,,,,,,,,,,,,,,,,,,,
Dial H,,Dial H #1,Jul-2012,Y,China Mieville,writer,WFH,,,,,,,,,,,,,,,,,,,,,,,,,,,,,,,,,,,,,,,,,,
,,,,,Mateus Santolouco,"pencils, inks",WFH,,,,,,,,,,,,,,,,,,,,,,,,,,,,,,,,,,,,,,,,,,
,,,,,Brian Bolland,cover,WFH,,,,,,,,,,,,,,,,,,,,,,,,,,,,,,,,,,,,,,,,,,
,,,,,Richard & Tanya Horie,color,N/A,,,,,,,,,,,,,,,,,,,,,,,,,,,,,,,,,,,,,,,,,,
Diamanda M'Batu,"Point Blank
Sleeper",Sleeper #4,Jun-2003,N,Ed Brubaker,writer,WFH,,,,,,,,,,,,,,,,,,,,,,,,,,,,,,,,,,,,,,,,,,
,,,,,Sean Phillips,"pencils, inks, cover",WFH,,,,,,,,,,,,,,,,,,,,,,,,,,,,,,,,,,,,,,,,,,
,,,,,Tony Avina,color,N/A,,,,,,,,,,,,,,,,,,,,,,,,,,,,,,,,,,,,,,,,,,
"Dick Malverne
(Dick Wilson; Tempus)
*This applies to the Supergirl villain only. For other versions of Tempus, see TEMPUS",Supergirl 219,"as Dick Wilson:
Action Comics #256
""The Great Supergirl Mirage""",Sep-1959,N,Otto Binder,writer,None,,Deceased,,,,,,,,,,,,,,,,,,,,,,,,,,,,,,,,,,,,,,,,
,,,,,Jim Mooney,"pencils, inks",None,,Deceased,,,,,,,,,,,,,,,,,,,,,,,,,,,,,,,,,,,,,,,,
,,,,,Curt Swan,cover pencils,None,,Deceased,,,,,,,,,,,,,,,,,,,,,,,,,,,,,,,,,,,,,,,,
,,,,,Stan Kaye,cover inks,None,,Deceased,,,,,,,,,,,,,,,,,,,,,,,,,,,,,,,,,,,,,,,,
,,"as Dick Malverne:
Action Comics #282
""The Supergirl of Tomorrow!""",Nov-1961,N,"Jerome ""Jerry"" Siegel",writer,Settlement,,Deceased Settlement is with heirs.,,,,,,,,,,,,,,,,,,,,,,,,,,,,,,,,,,,,,,,,
,,,,,"James ""Jim"" Mooney","pencils, inks",None,,Deceased,,,,,,,,,,,,,,,,,,,,,,,,,,,,,,,,,,,,,,,,
,,,,,Curt Swan,cover pencils,None,,Deceased,,,,,,,,,,,,,,,,,,,,,,,,,,,,,,,,,,,,,,,,
,,,,,Stan Kaye,cover inks,None,,Deceased,,,,,,,,,,,,,,,,,,,,,,,,,,,,,,,,,,,,,,,,
,,"as Tempus:
Supergirl #8",Apr-1997,N,Peter David,writer,WFH,,,,,,,,,,,,,,,,,,,,,,,,,,,,,,,,,,,,,,,,,,
,,,,,Gary Frank,"pencils, cover pencils",WFH; Continuity,,,,,,,,,,,,,,,,,,,,,,,,,,,,,,,,,,,,,,,,,,
,,,,,Cam Smith,"inks, cover inks",WFH; Continuity,,,,,,,,,,,,,,,,,,,,,,,,,,,,,,,,,,,,,,,,,,
,,,,,Gene D'Angelo,color,N/A,,,,,,,,,,,,,,,,,,,,,,,,,,,,,,,,,,,,,,,,,,
Diesel Max,"Point Blank
Sleeper",Sleeper #5,Jul-2003,N,Ed Brubaker,writer,WFH,,,,,,,,,,,,,,,,,,,,,,,,,,,,,,,,,,,,,,,,,,
,,,,,Sean Phillips,"pencils, inks, cover",WFH,,,,,,,,,,,,,,,,,,,,,,,,,,,,,,,,,,,,,,,,,,
,,,,,Tony Avina,color,N/A,,,,,,,,,,,,,,,,,,,,,,,,,,,,,,,,,,,,,,,,,,
Digitronix World Industries,Flash 518,Hacker Files #1,Aug-1992,Y,Lewis Shiner,writer,"Writer-Creator, WFH",1989,,,,,,,,,,,,,,,,,,,,,,,,,,,,,,,,,,,,,,,,,
,,,,,Tom Sutton,pencils,WFH,1992,,,,,,,,,,,,,,,,,,,,,,,,,,,,,,,,,,,,,,,,,
,,,,,Mark Buckingham,inks,WFH,,,,,,,,,,,,,,,,,,,,,,,,,,,,,,,,,,,,,,,,,,
,,,,,Tom Canty,cover,WFH,,,,,,,,,,,,,,,,,,,,,,,,,,,,,,,,,,,,,,,,,,
,,,,,Lovern Kindzierski,color,N/A,,,,,,,,,,,,,,,,,,,,,,,,,,,,,,,,,,,,,,,,,,
"Ding Dong Daddy
(aka Dowd)",,Teen Titans #3,May-1966,N,Bob Haney,writer,Contributor Recognition,,,,,,,,,,,,,,,,,,,,,,,,,,,,,,,,,,,,,,,,,,
,,,,,Nick Cardy,"pencils, inks",None,,Deceased,,,,,,,,,,,,,,,,,,,,,,,,,,,,,,,,,,,,,,,,
"Discord
(Sean Sonus)",,Green Arrow and Black Canary #15,Feb-2009,N,Andrew Kreisberg,writer,None,,,,,,,,,,,,,,,,,,,,,,,,,,,,,,,,,,,,,,,,,,
,,,,,Mike Norton,pencils,WFH,,,,,,,,,,,,,,,,,,,,,,,,,,,,,,,,,,,,,,,,,,
,,,,,Josef Rubinstein,inks,WFH,,,,,,,,,,,,,,,,,,,,,,,,,,,,,,,,,,,,,,,,,,
,,,,,Jose Ladronn,cover,WFH,,,,,,,,,,,,,,,,,,,,,,,,,,,,,,,,,,,,,,,,,,
,,,,,David Baron,color,Exclusive,,,,,,,,,,,,,,,,,,,,,,,,,,,,,,,,,,,,,,,,,,
DMZ,,DMZ #1,Jan-2006,Y,Brian Wood,"writer, cover",Joint Creator/All Rights; Writer,2005,,,,,,,,,,,,,,,,,,,,,,,,,,,,,,,,,,,,,,,,,
,,,,,Riccardo Burchielli,"pencils, inks",Joint Creator/All Rights; Artist,2005,,,,,,,,,,,,,,,,,,,,,,,,,,,,,,,,,,,,,,,,,
,,,,,Jeremy Cox,color,N/A,,,,,,,,,,,,,,,,,,,,,,,,,,,,,,,,,,,,,,,,,,
Doc,Krypton,Omega Men #3,Jun-1983,Y,Roger Slifer,writer,WFH; Writer,1982,Deceased,,,,,,,,,,,,,,,,,,,,,,,,,,,,,,,,,,,,,,,,
,,,,,Keith Giffen,"pencils, cover pencils",WFH; Artist,,,,,,,,,,,,,,,,,,,,,,,,,,,,,,,,,,,,,,,,,,
,,,,,Mike DeCarlo,"inks, cover inks",WFH; Exclusive,,,,,,,,,,,,,,,,,,,,,,,,,,,,,,,,,,,,,,,,,,
,,,,,Anthony Tollin,color,N/A,,,,,,,,,,,,,,,,,,,,,,,,,,,,,,,,,,,,,,,,,,
"The Doctor
(Jeroen Thornedike)",,The Authority #1,May-1999,N,Warren Ellis,writer,None,,"WFH agreements located for issues 4, 6-12.",,,,,,,,,,,,,,,,,,,,,,,,,,,,,,,,,,,,,,,,
,,,,,Bryan Hitch,"pencils, cover pencils",None,,WFH agreements located for issues 2-12.,,,,,,,,,,,,,,,,,,,,,,,,,,,,,,,,,,,,,,,,
,,,,,Paul Neary,"inks, cover inks",None,,WFH agreements located for issues 2-12.,,,,,,,,,,,,,,,,,,,,,,,,,,,,,,,,,,,,,,,,
,,,,,Laura Depuy Martin,color,N/A,,,,,,,,,,,,,,,,,,,,,,,,,,,,,,,,,,,,,,,,,,
"Doctor Alchemy
(Albert Desmond; Mister Element)",Flash 302,"Showcase #13
""Master of the Elements""",Mar-1958,N,John Broome,writer,None,,Deceased,,,,,,,,,,,,,,,,,,,,,,,,,,,,,,,,,,,,,,,,
,,,,,Carmine Infantino,"pencils, cover pencils",Settlement,,"Infantino may have been an employee of DC at this time.
Deceased",,,,,,,,,,,,,,,,,,,,,,,,,,,,,,,,,,,,,,,,
,,,,,Frank Giacoia,inks,None,,Deceased,,,,,,,,,,,,,,,,,,,,,,,,,,,,,,,,,,,,,,,,
,,,,,Joe Giella,cover inks,None,,,,,,,,,,,,,,,,,,,,,,,,,,,,,,,,,,,,,,,,,,
"Doctor Alchemy
(Alvin Desmond; clone of Albert Desmond)",Flash 302,The Flash #287,Jul-1980,Y,Cary Bates,writer,Exclusive,,,,,,,,,,,,,,,,,,,,,,,,,,,,,,,,,,,,,,,,,,
,,,,,Don Heck,"pencils, cover pencils",Exclusive,,Deceased,,,,,,,,,,,,,,,,,,,,,,,,,,,,,,,,,,,,,,,,
,,,,,Frank Chiaramonte,inks,Exclusive,,,,,,,,,,,,,,,,,,,,,,,,,,,,,,,,,,,,,,,,,,
,,,,,Dick Giordano,cover inks,Exclusive,,"Giordano may have been an employee of DC at this time.
Deceased",,,,,,,,,,,,,,,,,,,,,,,,,,,,,,,,,,,,,,,,
,,,,,Gene D'Angelo,color,N/A,,,,,,,,,,,,,,,,,,,,,,,,,,,,,,,,,,,,,,,,,,
"Doctor Cyber
(Silver Age)",Arrow 508,Wonder Woman #179,Nov-1968,N,Denny O'Neil,writer,Creator Recognition,2012,,,,,,,,,,,,,,,,,,,,,,,,,,,,,,,,,,,,,,,,,
,,,,,Mike Sekowsky,"pencils, cover pencils",None,,Deceased,,,,,,,,,,,,,,,,,,,,,,,,,,,,,,,,,,,,,,,,
,,,,,Dick Giordano,"inks, cover inks",None,,"Giordano may have been an employee of DC at this time.
Deceased",,,,,,,,,,,,,,,,,,,,,,,,,,,,,,,,,,,,,,,,
"Doctor Cyber
(Cylvia Anita Cyber)",Arrow 508,"JLA #61
""The Power Principle""",Feb-2002,N,Kurt Busiek,writer,Writer; WFH,,,,,,,,,,,,,,,,,,,,,,,,,,,,,,,,,,,,,,,,,,
,,,,,Tom Grummett,pencils,WFH,,,,,,,,,,,,,,,,,,,,,,,,,,,,,,,,,,,,,,,,,,
,,,,,Wade Von Grawbadger,inks,WFH,,,,,,,,,,,,,,,,,,,,,,,,,,,,,,,,,,,,,,,,,,
,,,,,Doug Mahnke,cover pencils,WFH,,,,,,,,,,,,,,,,,,,,,,,,,,,,,,,,,,,,,,,,,,
,,,,,Tom Nguyen,cover inks,WFH,,,,,,,,,,,,,,,,,,,,,,,,,,,,,,,,,,,,,,,,,,
,,,,,Alex Sinclair,color,N/A,,,,,,,,,,,,,,,,,,,,,,,,,,,,,,,,,,,,,,,,,,
"Doctor Destiny
(John Dee)",Dark Universe,Justice League of America #5,Jun-1961,N,Gardner F. Fox,writer,Creator Recognition,2009,Deceased Creator recognition agreement with heirs.,,,,,,,,,,,,,,,,,,,,,,,,,,,,,,,,,,,,,,,,
,,,,,Mike Sekowsky,"pencils, cover pencils",None,,Deceased,,,,,,,,,,,,,,,,,,,,,,,,,,,,,,,,,,,,,,,,
,,,,,Bernard Sachs,inks,None,,Deceased,,,,,,,,,,,,,,,,,,,,,,,,,,,,,,,,,,,,,,,,
,,,,,Murphy Anderson,cover inks,None,,Deceased,,,,,,,,,,,,,,,,,,,,,,,,,,,,,,,,,,,,,,,,
"Doctor Double X
(Doctor XX; Simon Ecks)",Lego Batman,"Detective Comics #261
""The Amazing Dr. Double X""",Nov-1958,Y,Dave Wood,writer,None,,Deceased,,,,,,,,,,,,,,,,,,,,,,,,,,,,,,,,,,,,,,,,
,,,,,Sheldon Moldoff,pencils,None,,"Deceased
Per the library and Wayne Smith (Corp. Legal), please check to see if Bob Kane should also be included in credits.",,,,,,,,,,,,,,,,,,,,,,,,,,,,,,,,,,,,,,,,
,,,,,Charles Paris,inks,None,,Deceased,,,,,,,,,,,,,,,,,,,,,,,,,,,,,,,,,,,,,,,,
,,,,,Curt Swan,cover pencils,None,,Deceased,,,,,,,,,,,,,,,,,,,,,,,,,,,,,,,,,,,,,,,,
,,,,,Stan Kaye,cover inks,None,,Deceased,,,,,,,,,,,,,,,,,,,,,,,,,,,,,,,,,,,,,,,,
"Doctor Fate
(Kent Nelson; for Hector Hall, see Sandman)",,"More Fun Comics #55
""The Menace of Wotan""",May-1940,N,Gardner F. Fox,writer,Creator Recognition,2009,Deceased Creator recognition agreement with is with heirs.,,,,,,,,,,,,,,,,,,,,,,,,,,,,,,,,,,,,,,,,
,,,,,Howard Sherman,"pencils, inks",None,,,,,,,,,,,,,,,,,,,,,,,,,,,,,,,,,,,,,,,,,,
,,,,,Bernard Baily,cover,None,,Deceased,,,,,,,,,,,,,,,,,,,,,,,,,,,,,,,,,,,,,,,,
Doctor Jonathan Tyme,,Doom Patrol #92,Dec-64,Y,Arnold Drake,writer,None,,Deceased,,,,,,,,,,,,,,,,,,,,,,,,,,,,,,,,,,,,,,,,
,,,,,Bruno Premiani,"pencils, inks",None,,,,,,,,,,,,,,,,,,,,,,,,,,,,,,,,,,,,,,,,,,
,,,,,Bob Brown,cover,None,,,,,,,,,,,,,,,,,,,,,,,,,,,,,,,,,,,,,,,,,,
"Doctor Light
(Arthur Light)","Flash 205
(11/3/2015)",Justice League of America #12,Jun-1962,Y,Gardner F. Fox,writer,Creator Recognition,,Deceased Creator recognition agreement with heirs.,,,,,,,,,,,,,,,,,,,,,,,,,,,,,,,,,,,,,,,,
,,,,,Mike Sekowsky,"pencils, cover pencils",None,,Deceased,,,,,,,,,,,,,,,,,,,,,,,,,,,,,,,,,,,,,,,,
,,,,,Bernard Sachs,inks,None,,Deceased,,,,,,,,,,,,,,,,,,,,,,,,,,,,,,,,,,,,,,,,
,,,,,Murphy Anderson,cover inks,None,,Deceased,,,,,,,,,,,,,,,,,,,,,,,,,,,,,,,,,,,,,,,,
"Doctor Light
(Kimiyo Hoshi)",,Crisis on Infinite Earths #4,Jul-1985,N,Marv Wolfman,writer,Writer/Editor,1985,,,,,,,,,,,,,,,,,,,,,,,,,,,,,,,,,,,,,,,,,
,,,,,George Perez,"pencils, cover",Exclusive,1985,,,,,,,,,,,,,,,,,,,,,,,,,,,,,,,,,,,,,,,,,
,,,,,Mike DeCarlo,inks,Exclusive,,,,,,,,,,,,,,,,,,,,,,,,,,,,,,,,,,,,,,,,,,
,,,,,Anthony Tollin,color,Exclusive,,,,,,,,,,,,,,,,,,,,,,,,,,,,,,,,,,,,,,,,,,
"Doctor Mid-Nite
(Dr. Charles McNider)",Legends 201,"All-American Comics #25
""Dr. Mid-Nite, How He Began""",Apr-1941,N,Charles Reizenstein,writer,None,,,,,,,,,,,,,,,,,,,,,,,,,,,,,,,,,,,,,,,,,,
,,,,,Stanley Josephs Aschmeier,"pencils, inks",Artist,,Deceased,,,,,,,,,,,,,,,,,,,,,,,,,,,,,,,,,,,,,,,,
,,,,,Howard Purcell,cover,Artist,,Deceased,,,,,,,,,,,,,,,,,,,,,,,,,,,,,,,,,,,,,,,,
"Doctor Midnight
(Dr. Elizabeth Chapel)",,"as Beth Chapel:
Infinity Inc. #19",Oct-1985,N,Roy Thomas,co-writer,Writer,1985,,,,,,,,,,,,,,,,,,,,,,,,,,,,,,,,,,,,,,,,,
,,,,,"Dannette ""Dann"" Thomas",co-writer,None,,"We believe that Roy Thomas entered into a separate agreement with Dann Thomas for writing services, but we do not have a copy of it.",,,,,,,,,,,,,,,,,,,,,,,,,,,,,,,,,,,,,,,,
,,,,,Todd McFarlane,"pencils, cover pencils",Artist,1985,,,,,,,,,,,,,,,,,,,,,,,,,,,,,,,,,,,,,,,,,
,,,,,Tony DeZuniga,cover inks,None,,Deceased,,,,,,,,,,,,,,,,,,,,,,,,,,,,,,,,,,,,,,,,
,,,,,Steve Montano,inks,None,,,,,,,,,,,,,,,,,,,,,,,,,,,,,,,,,,,,,,,,,,
,,,,,Adrienne Roy,color,Exclusive,,Deceased,,,,,,,,,,,,,,,,,,,,,,,,,,,,,,,,,,,,,,,,
,,,,,Anthony Tollin,color,Exclusive,,,,,,,,,,,,,,,,,,,,,,,,,,,,,,,,,,,,,,,,,,
,,"as Doctor Midnight:
Infinity Inc. #21",Dec-1985,Y,Roy Thomas,co-writer,Writer,,,,,,,,,,,,,,,,,,,,,,,,,,,,,,,,,,,,,,,,,,
,,,,,"Dannette ""Dann"" Thomas",co-writer,None,,"We believe that Roy Thomas entered into a separate agreement with Dann Thomas for writing services, but we do not have a copy of it.",,,,,,,,,,,,,,,,,,,,,,,,,,,,,,,,,,,,,,,,
,,,,,Todd McFarlane,"pencils, cover pencils",Artist,,,,,,,,,,,,,,,,,,,,,,,,,,,,,,,,,,,,,,,,,,
,,,,,Tony DeZuniga,"inks, cover inks",None,,Deceased,,,,,,,,,,,,,,,,,,,,,,,,,,,,,,,,,,,,,,,,
,,,,,Steve Montano,inks,None,,,,,,,,,,,,,,,,,,,,,,,,,,,,,,,,,,,,,,,,,,
,,,,,Adrienne Roy,color,N/A,,Deceased,,,,,,,,,,,,,,,,,,,,,,,,,,,,,,,,,,,,,,,,
,,,,,Anthony Tollin,color,Exclusive,,,,,,,,,,,,,,,,,,,,,,,,,,,,,,,,,,,,,,,,,,
"Doctor Mid-Nite
(Dr. Pieter Anton Cross)",,Doctor Mid-Nite #1,1999,Y,Matt Wagner,writer,Prestige,,,,,,,,,,,,,,,,,,,,,,,,,,,,,,,,,,,,,,,,,,
,,,,,John K. Snyder,"pencils, inks, cover",Prestige,,,,,,,,,,,,,,,,,,,,,,,,,,,,,,,,,,,,,,,,,,
Doctor Mind,"Point Blank
Sleeper",Sleeper #2,Apr-2003,N,Ed Brubaker,writer,WFH,,,,,,,,,,,,,,,,,,,,,,,,,,,,,,,,,,,,,,,,,,
,,,,,Sean Phillips,"pencils, inks, cover",WFH,,,,,,,,,,,,,,,,,,,,,,,,,,,,,,,,,,,,,,,,,,
,,,,,Tony Avina,color,N/A,,,,,,,,,,,,,,,,,,,,,,,,,,,,,,,,,,,,,,,,,,
,,,,,Randy Mayor,color,N/A,,,,,,,,,,,,,,,,,,,,,,,,,,,,,,,,,,,,,,,,,,
"Doctor Mist
(Nommo of Kor)","Powerless
(Global Guardians)",Super Friends #12,Jun-1978,N,E. Nelson Bridwell,writer,N/A,,"Bridwell was an employee of DC at this time.
Deceased",,,,,,,,,,,,,,,,,,,,,,,,,,,,,,,,,,,,,,,,
,,,,,Ramona Fradon,"pencils, cover pencils",Exclusive; Creator Recognition,2016,,,,,,,,,,,,,,,,,,,,,,,,,,,,,,,,,,,,,,,,,
,,,,,Robert R. Smith,"inks, cover inks",None,,,,,,,,,,,,,,,,,,,,,,,,,,,,,,,,,,,,,,,,,,
,,,,,Gene D'Angelo,color,N/A,,,,,,,,,,,,,,,,,,,,,,,,,,,,,,,,,,,,,,,,,,
Doctor Moon,Young Justice,"Batman #240
""Vengeance for a Dead Man!""",Mar-1972,N,Denny O'Neil,writer,Creator Recognition,2012,,,,,,,,,,,,,,,,,,,,,,,,,,,,,,,,,,,,,,,,,
,,,,,Irv Novick,pencils,N/A,,"Novick was an employee of DC from 5/9/1967-12/28/1984.
Deceased",,,,,,,,,,,,,,,,,,,,,,,,,,,,,,,,,,,,,,,,
,,,,,Dick Giordano,"inks, cover inks",None,,"Giordano may have been an employee of DC at this time.
Deceased",,,,,,,,,,,,,,,,,,,,,,,,,,,,,,,,,,,,,,,,
,,,,,Neal Adams,cover pencils,Creator Recognition,,,,,,,,,,,,,,,,,,,,,,,,,,,,,,,,,,,,,,,,,,
"Doctor Phosphorus
(Alexander Sartorius)",Lego Batman,"Detective Comics #469
""…By Death's Eerie Light""",May-1977,Y,Steve Englehart,writer,Exclusive,,,,,,,,,,,,,,,,,,,,,,,,,,,,,,,,,,,,,,,,,,
,,,,,Walter Simonson,pencils,None,,,,,,,,,,,,,,,,,,,,,,,,,,,,,,,,,,,,,,,,,,
,,,,,Al Milgrom,inks,None,,,,,,,,,,,,,,,,,,,,,,,,,,,,,,,,,,,,,,,,,,
,,,,,Jim Aparo, cover,Exclusive,,Deceased,,,,,,,,,,,,,,,,,,,,,,,,,,,,,,,,,,,,,,,,
,,,,,Jerry Serpe,color,N/A,,Deceased,,,,,,,,,,,,,,,,,,,,,,,,,,,,,,,,,,,,,,,,
"Doctor Poison
(Princess Maru)","Wonder Woman
(2017)","Sensation Comics #2
""Dr. Poison""",Feb-1942,Y,William Moulton Marston,writer,Marston agreements (7/31/41; 1/15/46; 7/25/51),,Deceased Final agreement is with Estate.,,,,,,,,,,,,,,,,,,,,,,,,,,,,,,,,,,,,,,,,
,,,,,Harry G. Peter,"pencils, inks, cover",Artist,,Deceased,,,,,,,,,,,,,,,,,,,,,,,,,,,,,,,,,,,,,,,,
"Doctor Psycho
(Edgar Cizko)",,Wonder Woman #5,Jul-1943,Y,William Moulton Marston,writer,Marston agreements (7/31/41; 1/15/46; 7/25/51),,Deceased Final agreement is with Estate.,,,,,,,,,,,,,,,,,,,,,,,,,,,,,,,,,,,,,,,,
,,,,,Harry G. Peter,"pencils, inks, cover",Artist,,Deceased,,,,,,,,,,,,,,,,,,,,,,,,,,,,,,,,,,,,,,,,
Doctor Sivana,Shazam,"in Fawcett Comics:
Whiz Comics #2
""Introducing Captain Marvel""",Feb-1940,N,Bill Parker,writer,None,,See also: Fawcett Purchase Agreements,,,,,,,,,,,,,,,,,,,,,,,,,,,,,,,,,,,,,,,,
,,,,,"Charles Clarence ""C.C."" Beck","pencils, inks, cover",None,,,,,,,,,,,,,,,,,,,,,,,,,,,,,,,,,,,,,,,,,,
,,"in DC Comics:
Shazam! #1",Feb-1973,N,Dennis O'Neil,writer,Creator Recognition,,,,,,,,,,,,,,,,,,,,,,,,,,,,,,,,,,,,,,,,,,
,,,,,"Charles Clarence ""C.C."" Beck","pencils, inks, cover",None,,Deceased,,,,,,,,,,,,,,,,,,,,,,,,,,,,,,,,,,,,,,,,
"Doctor Weerd
(James Stanton)",Stargirl 101,"Star-Spangled Comics #1
""Dr. Weerd & the Metal Monster""",Oct-1941,Y,"Jerome ""Jerry"" Siegel",writer,None,,Deceased,,,,,,,,,,,,,,,,,,,,,,,,,,,,,,,,,,,,,,,,
,,,,,Harold Sherman,"pencils, inks, cover",None,,Deceased,,,,,,,,,,,,,,,,,,,,,,,,,,,,,,,,,,,,,,,,
Dolores Watson,Doom Patrol 111,Doom Patrol #39,Dec-1990,N,Grant Morrison,writer,Continuity Writer,2010,,,,,,,,,,,,,,,,,,,,,,,,,,,,,,,,,,,,,,,,,
,,,,,Richard Case,pencils,Continuity Artist,,(Agreement is in warehouse box 699835717 & not scanned),,,,,,,,,,,,,,,,,,,,,,,,,,,,,,,,,,,,,,,,
,,,,,Mark McKenna,inks,Continuity Artist,,(Agreement is in warehouse box 699835357 & not scanned),,,,,,,,,,,,,,,,,,,,,,,,,,,,,,,,,,,,,,,,
,,,,,Kim DeMulder,inks,WFH,,,,,,,,,,,,,,,,,,,,,,,,,,,,,,,,,,,,,,,,,,
,,,,,Simon Bisley,cover,WFH,,,,,,,,,,,,,,,,,,,,,,,,,,,,,,,,,,,,,,,,,,
,,,,,Daniel Vozzo,color,N/A,,,,,,,,,,,,,,,,,,,,,,,,,,,,,,,,,,,,,,,,,,
Dominator Mothership/Flagship,Arrow 508,"First appearance of a warship:
Legion of Super-Heroes Annual #3",1987,N,Paul Levitz,writer,WFH,,,,,,,,,,,,,,,,,,,,,,,,,,,,,,,,,,,,,,,,,,
,,,,,Greg LaRocque,pencils,WFH,,,,,,,,,,,,,,,,,,,,,,,,,,,,,,,,,,,,,,,,,,
,,,,,Mike DeCarlo,inks,WFH,,,,,,,,,,,,,,,,,,,,,,,,,,,,,,,,,,,,,,,,,,
,,,,,Arne Starr,inks,WFH,,,,,,,,,,,,,,,,,,,,,,,,,,,,,,,,,,,,,,,,,,
,,,,,Ken Steacy,cover,WFH,,,,,,,,,,,,,,,,,,,,,,,,,,,,,,,,,,,,,,,,,,
,,,,,Carl Gafford,color,N/A,,,,,,,,,,,,,,,,,,,,,,,,,,,,,,,,,,,,,,,,,,
,,"First appearance of Flagship:
Invasion #1",1988,N,Keith Giffen,plot,WFH,,,,,,,,,,,,,,,,,,,,,,,,,,,,,,,,,,,,,,,,,,
,,,,,Bill Mantlo,dialogue,WFH,,Mantlo is living but brain damaged. His affairs are handled by his brother.,,,,,,,,,,,,,,,,,,,,,,,,,,,,,,,,,,,,,,,,
,,,,,Todd McFarlane,"pencils, inks, cover",WFH,,,,,,,,,,,,,,,,,,,,,,,,,,,,,,,,,,,,,,,,,,
,,,,,Al Gordon,inks,WFH,,,,,,,,,,,,,,,,,,,,,,,,,,,,,,,,,,,,,,,,,,
,,,,,Josef Rubinstein,inks,WFH,,,,,,,,,,,,,,,,,,,,,,,,,,,,,,,,,,,,,,,,,,
,,,,,Philip Craig Russell,inks,WFH,,,,,,,,,,,,,,,,,,,,,,,,,,,,,,,,,,,,,,,,,,
,,,,,Carl Gafford,color,N/A,,,,,,,,,,,,,,,,,,,,,,,,,,,,,,,,,,,,,,,,,,
"The Dominion
(Dominators)",Flash 308,Adventure Comics #361,Oct-1967,N,"James ""Jim"" Shooter",writer,None,,,,,,,,,,,,,,,,,,,,,,,,,,,,,,,,,,,,,,,,,,
,,,,,Curt Swan,"pencils, cover pencils",None,,Deceased,,,,,,,,,,,,,,,,,,,,,,,,,,,,,,,,,,,,,,,,
,,,,,"James ""Jim""  Mooney",inks,None,,Deceased,,,,,,,,,,,,,,,,,,,,,,,,,,,,,,,,,,,,,,,,
,,,,,George Klein,cover inks,None,,Deceased,,,,,,,,,,,,,,,,,,,,,,,,,,,,,,,,,,,,,,,,
Donovan Caine,Night Force,"New Teen Titans #21
""Night Force""",Jul-1982,N,Marv Wolfman,writer,Writer,,,,,,,,,,,,,,,,,,,,,,,,,,,,,,,,,,,,,,,,,,
,,,,,Eugene Colan,"pencils, cover pencils",Exclusive,,Deceased,,,,,,,,,,,,,,,,,,,,,,,,,,,,,,,,,,,,,,,,
,,,,,Robert L. Smith,"inks, cover inks",None,,,,,,,,,,,,,,,,,,,,,,,,,,,,,,,,,,,,,,,,,,
,,,,,Michele Wolfman,color,N/A,,,,,,,,,,,,,,,,,,,,,,,,,,,,,,,,,,,,,,,,,,
"Doodlebug
(Daedalus Boch)",Gotham 416,Arkham Asylum: Living Hell #1,Jul-2003,N,Dan Slott,writer,WFH,,,,,,,,,,,,,,,,,,,,,,,,,,,,,,,,,,,,,,,,,,
,,,,,Ryan Sook,"pencils, inks",WFH,,"Sook signed a WFH agreement for the cover of this issue; however, Powell clearly did the artwork. We do have WFH for Powell for issues #2-6.",,,,,,,,,,,,,,,,,,,,,,,,,,,,,,,,,,,,,,,,
,,,,,Eric Powell,cover,None,,,,,,,,,,,,,,,,,,,,,,,,,,,,,,,,,,,,,,,,,,
,,,,,Lee Loughridge,color,N/A,,,,,,,,,,,,,,,,,,,,,,,,,,,,,,,,,,,,,,,,,,
"Doom Patrol
(Silver Age)",,My Greatest Adventure #80,Jun-1963,Y,Arnold Drake,writer,None,2006,Deceased,,,,,,,,,,,,,,,,,,,,,,,,,,,,,,,,,,,,,,,,
,,,,,Bob Haney,writer,Contributor Recognition,,Deceased Contributor Recognition Agreement is with heirs.,,,,,,,,,,,,,,,,,,,,,,,,,,,,,,,,,,,,,,,,
,,,,,Bruno Premiani,"pencils, inks, cover",None,,Deceased,,,,,,,,,,,,,,,,,,,,,,,,,,,,,,,,,,,,,,,,
"Doom Patrol
(Modern Age)",,Doom Patrol #19,Feb-1989,Y,Grant Morrison,writer,WFH,,,,,,,,,,,,,,,,,,,,,,,,,,,,,,,,,,,,,,,,,,
,,,,,Richard Case,"pencils, cover pencils",WFH,,,,,,,,,,,,,,,,,,,,,,,,,,,,,,,,,,,,,,,,,,
,,,,,Carlos Garzon,"inks, cover inks",WFH,,,,,,,,,,,,,,,,,,,,,,,,,,,,,,,,,,,,,,,,,,
,,,,,Michele Wolfman,color,N/A,,,,,,,,,,,,,,,,,,,,,,,,,,,,,,,,,,,,,,,,,,
Doomsday,,Superman: The Man of Steel #18,Dec-1992,Y,Dan Jurgens,co-creator,Continuity,1993,"Doomsday was initially conceived at a meeting of a number of freelance artists and writers working on SUPERMAN in 1991 or 1992. DC recognized four of the attendees at this meeting Dan Jurgens, Jerry Ordway, Louise Simonson and Roger Stern as the co-creators of Doomsday. Jerry Ordway assigned half of his equity share to a fifth contributor, Brett Breeding, and DC recognized Breeding as a co-creator of Doomsday as well. DC has “continuity agreements” with all five of these contributors covering the time period of their creation of Doomsday. We also have character equity agreements with 4 of the 5 contributors as well as the assignment from Ordway to Breeding. Included in the COT are continuity agreements with other talent, John Bogdanove and Dennis Janke, because they contributed to the comic book issue(s) in which Doomsday first appeared. Doomsday first appeared unnamed in artwork on the last page of Superman: Man of Steel #17. Doomsday made his first appearance, by name, in Superman: The Man of Steel #18.",,,,,,,,,,,,,,,,,,,,,,,,,,,,,,,,,,,,,,,,
,,,,,Jerry Ordway,co-creator,Continuity,"1993
1994",,,,,,,,,,,,,,,,,,,,,,,,,,,,,,,,,,,,,,,,,
,,,,,Roger Stern,co-creator,Continuity,1993,,,,,,,,,,,,,,,,,,,,,,,,,,,,,,,,,,,,,,,,,
,,,,,Louise Simonson,"writer, co-creator",Continuity,1993,,,,,,,,,,,,,,,,,,,,,,,,,,,,,,,,,,,,,,,,,
,,,,,Brett Breeding,co-creator,Continuity,,,,,,,,,,,,,,,,,,,,,,,,,,,,,,,,,,,,,,,,,,
,,,,,Jon Bogdanove,"pencils, cover pencils",Continuity,,,,,,,,,,,,,,,,,,,,,,,,,,,,,,,,,,,,,,,,,,
,,,,,Dennis Janke,"inks, cover inks",Continuity,,,,,,,,,,,,,,,,,,,,,,,,,,,,,,,,,,,,,,,,,,
,,,,,Glenn Whitmore,color,N/A,,,,,,,,,,,,,,,,,,,,,,,,,,,,,,,,,,,,,,,,,,
Doris Chase,Arrow 513,New Teen Titans #29,Mar-1983,N,Marv Wolfman,writer,Exclusive; WFH,,,,,,,,,,,,,,,,,,,,,,,,,,,,,,,,,,,,,,,,,,
,,,,,George Perez,"pencils, cover",Exclusive; WFH,,,,,,,,,,,,,,,,,,,,,,,,,,,,,,,,,,,,,,,,,,
,,,,,Romeo Tanghal,inks,Exclusive; WFH,,,,,,,,,,,,,,,,,,,,,,,,,,,,,,,,,,,,,,,,,,
,,,,,Adrienne Roy,color,Exclusive,,,,,,,,,,,,,,,,,,,,,,,,,,,,,,,,,,,,,,,,,,
Dorothy Spinner,Doom Patrol 115,Doom Patrol #14,Nov-1988,N,Paul Kupperberg,writer,WFH,,,,,,,,,,,,,,,,,,,,,,,,,,,,,,,,,,,,,,,,,,
,,,,,Eric Larsen,"pencils, cover pencils",WFH,,,,,,,,,,,,,,,,,,,,,,,,,,,,,,,,,,,,,,,,,,
,,,,,Jim Sanders III,inks,WFH,,,,,,,,,,,,,,,,,,,,,,,,,,,,,,,,,,,,,,,,,,
,,,,,Al Gordon,cover inks,WFH,,,,,,,,,,,,,,,,,,,,,,,,,,,,,,,,,,,,,,,,,,
,,,,,Michele Wolfman,color,N/A,,,,,,,,,,,,,,,,,,,,,,,,,,,,,,,,,,,,,,,,,,
"Double Down
(Jeremy Tell)",Flash 304,Flash: Iron Heights,2001,N,Geoff Johns,writer,Prestige Writer,2010,,,,,,,,,,,,,,,,,,,,,,,,,,,,,,,,,,,,,,,,,
,,,,,Ethan Van Sciver,"pencils, cover pencils",Prestige Artist,2010,,,,,,,,,,,,,,,,,,,,,,,,,,,,,,,,,,,,,,,,,
,,,,,Prentis Rollins,"inks, cover inks",Prestige Artist,,,,,,,,,,,,,,,,,,,,,,,,,,,,,,,,,,,,,,,,,,
,,,,,Chris Chuckry,color,Color Artist,,,,,,,,,,,,,,,,,,,,,,,,,,,,,,,,,,,,,,,,,,
"Dove
(Donald ""Don"" Hall)",Birds of Prey,Showcase #75,Jun-1968,Y,Steve Skeates,writer,None,,"According to the GCD, Giordano and Infantino were both involved with the creation of Hawk & Dove. Infantino claimed to have come up with the original idea. Giordano claimed that Ditko wrote the rough plot and Skeates worked from that. Skeates claimed that Infantino came up with the title, but the rest of the creation was ""by committee.""
Giordano and Infantino were both employees of DC at this time and are both Deceased 
Ditko is Deceased",,,,,,,,,,,,,,,,,,,,,,,,,,,,,,,,,,,,,,,,
,,,,,Steve Ditko,"plot, pencils, inks, cover",Creator Recognition,2017,,,,,,,,,,,,,,,,,,,,,,,,,,,,,,,,,,,,,,,,,
,,,,,Dick Giordano,editor,N/A,,,,,,,,,,,,,,,,,,,,,,,,,,,,,,,,,,,,,,,,,,
,,,,,Carmine Infantino,editor,Settlement,,,,,,,,,,,,,,,,,,,,,,,,,,,,,,,,,,,,,,,,,,
"Dove
(Dawn Marie Granger)",Birds of Prey,Hawk and Dove #1,Oct-1988,N,Karl Kesel,"writer, inks, cover inks",WFH,,,,,,,,,,,,,,,,,,,,,,,,,,,,,,,,,,,,,,,,,,
,,,,,Barbara Randall Kesel,writer,WFH,,,,,,,,,,,,,,,,,,,,,,,,,,,,,,,,,,,,,,,,,,
,,,,,Rob Liefeld,"pencils, cover pencils",WFH,2017,,,,,,,,,,,,,,,,,,,,,,,,,,,,,,,,,,,,,,,,,
,,,,,Glenn Whitmore,color,N/A,,,,,,,,,,,,,,,,,,,,,,,,,,,,,,,,,,,,,,,,,,
"Dove
(Wiley Wolverman)",Birds of Prey,Genesis #2,Oct-1997,N,John Byrne,writer,WFH,,,,,,,,,,,,,,,,,,,,,,,,,,,,,,,,,,,,,,,,,,
,,,,,Ron Wagner,pencils,WFH,,,,,,,,,,,,,,,,,,,,,,,,,,,,,,,,,,,,,,,,,,
,,,,,Joe Rubinstein,inks,WFH,,,,,,,,,,,,,,,,,,,,,,,,,,,,,,,,,,,,,,,,,,
,,,,,Alan Davis,cover pencils,WFH,,,,,,,,,,,,,,,,,,,,,,,,,,,,,,,,,,,,,,,,,,
,,,,,Mark Farmer,cover inks,WFH,,,,,,,,,,,,,,,,,,,,,,,,,,,,,,,,,,,,,,,,,,
,,,,,Patricia Mulvihill,color,Exclusive,,,,,,,,,,,,,,,,,,,,,,,,,,,,,,,,,,,,,,,,,,
Dr. Eleanor Poole,,Doom Patrol #19,Feb-1989,N,Grant Morrison,writer,WFH,2007,,,,,,,,,,,,,,,,,,,,,,,,,,,,,,,,,,,,,,,,,
,,,,,Richard Case,"pencils, cover pencils",WFH,,,,,,,,,,,,,,,,,,,,,,,,,,,,,,,,,,,,,,,,,,
,,,,,Carlos Garzon,"inks, cover inks",WFH,,,,,,,,,,,,,,,,,,,,,,,,,,,,,,,,,,,,,,,,,,
,,,,,Michele Wolfman,color,N/A,,,,,,,,,,,,,,,,,,,,,,,,,,,,,,,,,,,,,,,,,,
Dr. Hugh Evans,"Suicide Squad
(2016)",The Brave and the Bold #25,Aug-1959,N,Robert Kanigher,writer,N/A,,"Kanigher was an employee of DC from 2/3/47 - 5/31/82.
Deceased",,,,,,,,,,,,,,,,,,,,,,,,,,,,,,,,,,,,,,,,
,,,,,Ross Andru,"pencils, cover pencils",None,,Deceased,,,,,,,,,,,,,,,,,,,,,,,,,,,,,,,,,,,,,,,,
,,,,,Mike Esposito,"inks, cover inks",None,,Deceased,,,,,,,,,,,,,,,,,,,,,,,,,,,,,,,,,,,,,,,,
Dr. Ito,Stargirl 104,"Action Comics #56
""The Man the Whole World Feared""",Jan-1943,N,Joseph Greene,writer,None,,Deceased  ,Cleared by Wayne Smith for Stargirl TV series,,,,,,,,,,,,,,,,,,,,,,,,,,,,,,,,,,,,,,,
,,,,,Bernard Baily,"pencils, inks",None,,Deceased,,,,,,,,,,,,,,,,,,,,,,,,,,,,,,,,,,,,,,,,
,,,,,John Sikela,cover,None,,Deceased,,,,,,,,,,,,,,,,,,,,,,,,,,,,,,,,,,,,,,,,
Dr. Maria Verdugo,,"Action Comics Weekly #601
""Listening to the Mockingbird""",1988,N,Martin Pasko,writer,WFH,,,,,,,,,,,,,,,,,,,,,,,,,,,,,,,,,,,,,,,,,,
,,,,,Dan Spiegle,"pencils, inks",WFH,,,,,,,,,,,,,,,,,,,,,,,,,,,,,,,,,,,,,,,,,,
,,,,,Dave Gibbons,cover,WFH,,,,,,,,,,,,,,,,,,,,,,,,,,,,,,,,,,,,,,,,,,
,,,,,Carl Gafford,color,N/A,,,,,,,,,,,,,,,,,,,,,,,,,,,,,,,,,,,,,,,,,,
"Dr. Occult
(Richard Occult)",,"New Fun Comics #6
""The Vampire Master""",Oct-1935,N,"Jerome ""Jerry"" Siegel",writer,None,,Deceased Settlement is with heirs.,,,,,,,,,,,,,,,,,,,,,,,,,,,,,,,,,,,,,,,,
,,,,,Joe Shuster,"pencils, inks",None,,Deceased,,,,,,,,,,,,,,,,,,,,,,,,,,,,,,,,,,,,,,,,
,,,,,Vincent Sullivan,cover,None,,,,,,,,,,,,,,,,,,,,,,,,,,,,,,,,,,,,,,,,,,
"Dr. Ramsey Rosso
(Bloodwork)",Flash 601,The Flash #29,Oct-2017,N,Joshua Williamson,writer,WFH,,,,,,,,,,,,,,,,,,,,,,,,,,,,,,,,,,,,,,,,,,
,,,,,Carmine Di Giandomenico,"pencils, inks",WFH,,,,,,,,,,,,,,,,,,,,,,,,,,,,,,,,,,,,,,,,,,
Dr. Saul Erdel,,"Detective Comics #225
""The Strange Experiment of Dr. Erdel""",Nov-1955,N,Joe Samachson,writer,None,,Deceased,Cleared by Jay for Creative for use as Featured Character in Space Cabbie Series 03/23/21,,,,,,,,,,,,,,,,,,,,,,,,,,,,,,,,,,,,,,,
,,,,,Joe Certa,"pencils, inks",None,,Deceased,,,,,,,,,,,,,,,,,,,,,,,,,,,,,,,,,,,,,,,,
,,,,,"James Winslow ""Win"" Mortimer",cover,None,,Deceased,,,,,,,,,,,,,,,,,,,,,,,,,,,,,,,,,,,,,,,,
"Dr. Terrence ""Terry"" Thirteen",Traci 13,"Star-Spangled Comics #122
""I Talked With The Dead!""",Nov-1951,Y,UNKNOWN,writer,N/A,,,,,,,,,,,,,,,,,,,,,,,,,,,,,,,,,,,,,,,,,,
,,,,,Leonard Starr,"pencils, inks, cover",None,,,,,,,,,,,,,,,,,,,,,,,,,,,,,,,,,,,,,,,,,,
"Dr. T.O. Morrow
(Thomas Oscar Morrow; Future Man)","Supergirl 106
(11/30/2015)",The Flash #143,Mar-1964,N,Gardner Fox,writer,Creator Recognition,2009,Deceased Creator recognition agreement with is with heirs.,,,,,,,,,,,,,,,,,,,,,,,,,,,,,,,,,,,,,,,,
,,,,,Carmine Infantino,"pencils, cover pencils",Settlement,,Deceased,,,,,,,,,,,,,,,,,,,,,,,,,,,,,,,,,,,,,,,,
,,,,,Joe Giella,inks,None,,,,,,,,,,,,,,,,,,,,,,,,,,,,,,,,,,,,,,,,,,
,,,,,Murphy Anderson,cover inks,None,,Deceased,,,,,,,,,,,,,,,,,,,,,,,,,,,,,,,,,,,,,,,,
"Dr. Trap
(Doctor Trap, Larry Trapp)",,Chase Vol 1 #3,Apr-1988,N,Dan Curtis Johnson,writer,Writer Agreement,,,,,,,,,,,,,,,,,,,,,,,,,,,,,,,,,,,,,,,,,,
,,,,,J.H. Williams III,pencils,Artist Agreement,,,,,,,,,,,,,,,,,,,,,,,,,,,,,,,,,,,,,,,,,,
,,,,,Mick Gray,inks,Artist Agreement,,,,,,,,,,,,,,,,,,,,,,,,,,,,,,,,,,,,,,,,,,
"Dr. William ""Doc"" Magnus",,Showcase #37,Mar-1962,N,Robert Kanigher,writer,N/A,,"Kanigher was an employee of DC from 2/3/47 through 5/31/82.
Deceased",,,,,,,,,,,,,,,,,,,,,,,,,,,,,,,,,,,,,,,,
,,,,,Ross Andru,"pencils, cover pencils",None,,Deceased,,,,,,,,,,,,,,,,,,,,,,,,,,,,,,,,,,,,,,,,
,,,,,Mike Esposito,"inks, cover inks",None,,Deceased,,,,,,,,,,,,,,,,,,,,,,,,,,,,,,,,,,,,,,,,
Draaga,Supergirl 204,Action Comics Annual #2,1989,N,Jerry Ordway,"writer, pencils, cover inks",None,,,,,,,,,,,,,,,,,,,,,,,,,,,,,,,,,,,,,,,,,,
,,,,,George Perez,"writer, inks, cover pencils",WFH,,,,,,,,,,,,,,,,,,,,,,,,,,,,,,,,,,,,,,,,,,
,,,,,Roger Stern,writer,Continuity,,,,,,,,,,,,,,,,,,,,,,,,,,,,,,,,,,,,,,,,,,
,,,,,Curt Swan,pencils,Exclusive,,Deceased,,,,,,,,,,,,,,,,,,,,,,,,,,,,,,,,,,,,,,,,
,,,,,Mike Mignola,pencils,None,,,,,,,,,,,,,,,,,,,,,,,,,,,,,,,,,,,,,,,,,,
,,,,,John Statema,inks,None,,,,,,,,,,,,,,,,,,,,,,,,,,,,,,,,,,,,,,,,,,
,,,,,Brett Breeding,inks,WFH,,,,,,,,,,,,,,,,,,,,,,,,,,,,,,,,,,,,,,,,,,
,,,,,Glenn Whitmore,color,N/A,,,,,,,,,,,,,,,,,,,,,,,,,,,,,,,,,,,,,,,,,,
Dragon King,Stargirl 104,All-Star Squadron #4,Dec-1981,N,Roy Thomas,writer,Exclusive,,,,,,,,,,,,,,,,,,,,,,,,,,,,,,,,,,,,,,,,,,
,,,,,Rich Buckler,"pencils, cover pencils",Exclusive,,Deceased,,,,,,,,,,,,,,,,,,,,,,,,,,,,,,,,,,,,,,,,
,,,,,Jerry Ordway,inks,Exclusive,,,,,,,,,,,,,,,,,,,,,,,,,,,,,,,,,,,,,,,,,,
,,,,,Dick Giordano,cover inks,Exclusive,,"Giordano may have been an employee of DC at this time.
Deceased",,,,,,,,,,,,,,,,,,,,,,,,,,,,,,,,,,,,,,,,
,,,,,Carl Gafford,color,N/A,,,,,,,,,,,,,,,,,,,,,,,,,,,,,,,,,,,,,,,,,,
Dragos Ibanescu,Arrow 619,Catwoman #41,May-2005,N,Matteo Casali,writer,WFH,,,,,,,,,,,,,,,,,,,,,,,,,,,,,,,,,,,,,,,,,,
,,,,,Brad Walker,pencils,WFH,,,,,,,,,,,,,,,,,,,,,,,,,,,,,,,,,,,,,,,,,,
,,,,,"James ""Jimmy"" Palmiotti","inks, cover inks",WFH,,,,,,,,,,,,,,,,,,,,,,,,,,,,,,,,,,,,,,,,,,
,,,,,Paul Gulacy,cover pencils,WFH,,,,,,,,,,,,,,,,,,,,,,,,,,,,,,,,,,,,,,,,,,
,,,,,Laurie Kronenberg,color,N/A,,,,,,,,,,,,,,,,,,,,,,,,,,,,,,,,,,,,,,,,,,
"Dream Girl
(Nura Nal; Dreamer; Nura Schnappin)",Supergirl 402,"as Dream Girl:
Adventure Comics #317
""The Menace of Dream Girl""",Feb-1964,Y,Edmond Hamilton,writer,None,,Deceased,,,,,,,,,,,,,,,,,,,,,,,,,,,,,,,,,,,,,,,,
,,,,,John Forte,"pencils, inks",None,,Deceased,,,,,,,,,,,,,,,,,,,,,,,,,,,,,,,,,,,,,,,,
,,,,,Curt Swan,cover pencils,None,,Deceased,,,,,,,,,,,,,,,,,,,,,,,,,,,,,,,,,,,,,,,,
,,,,,George Klein,cover inks,None,,Deceased,,,,,,,,,,,,,,,,,,,,,,,,,,,,,,,,,,,,,,,,
,Supergirl 412,"as Dreamer:
Legion of Super-Heroes #84",Sep-1996,N,Tom Peyer,writer,Continuity Writer,,,,,,,,,,,,,,,,,,,,,,,,,,,,,,,,,,,,,,,,,,
,,,,,Tom McCraw,"writer, color",WFH; Exclusive,,,,,,,,,,,,,,,,,,,,,,,,,,,,,,,,,,,,,,,,,,
,,,,,Lee Moder,pencils,WFH,,,,,,,,,,,,,,,,,,,,,,,,,,,,,,,,,,,,,,,,,,
,,,,,Ron Boyd,inks,Continuity Artist,,,,,,,,,,,,,,,,,,,,,,,,,,,,,,,,,,,,,,,,,,
,,,,,Alan Davis,cover pencils,WFH,,,,,,,,,,,,,,,,,,,,,,,,,,,,,,,,,,,,,,,,,,
,,,,,Mark Farmer,cover inks,WFH,,,,,,,,,,,,,,,,,,,,,,,,,,,,,,,,,,,,,,,,,,
Droxelle,,Green Lantern #169,Oct-1983,N,Joey Cavalieri,writer,WFH,,,,,,,,,,,,,,,,,,,,,,,,,,,,,,,,,,,,,,,,,,
,,,,,Howard Simpson,pencils,WFH,,,,,,,,,,,,,,,,,,,,,,,,,,,,,,,,,,,,,,,,,,
,,,,,Jose Delbo,pencils,WFH,,,,,,,,,,,,,,,,,,,,,,,,,,,,,,,,,,,,,,,,,,
,,,,,Gary Martin,inks,WFH,,,,,,,,,,,,,,,,,,,,,,,,,,,,,,,,,,,,,,,,,,
,,,,,Gil Kane,cover,WFH,,Deceased,,,,,,,,,,,,,,,,,,,,,,,,,,,,,,,,,,,,,,,,
,,,,,Gene D'Angelo,color,N/A,,,,,,,,,,,,,,,,,,,,,,,,,,,,,,,,,,,,,,,,,,
Duela Dent,,"Batman Family #6
""The Joker's Daighter""",Aug-1976,N,Bob Rozakis,writer,None,,,,,,,,,,,,,,,,,,,,,,,,,,,,,,,,,,,,,,,,,,
,,,,,Irv Novick,pencils,None,,Novick was an employee of DC Comics from 5/9/67 - 12/28/84,,,,,,,,,,,,,,,,,,,,,,,,,,,,,,,,,,,,,,,,
,,,,,Frank McLaughlin,inks,None,,,,,,,,,,,,,,,,,,,,,,,,,,,,,,,,,,,,,,,,,,
Dummy,Plastic Man,Leading Comics #1,Dec-1941,N,Mort Weisinger,writer,N/A,,"Weisinger may have been an employee of DC at this time.
Deceased",,,,,,,,,,,,,,,,,,,,,,,,,,,,,,,,,,,,,,,,
,,,,,Mort Meskin,"pencils, inks, cover",None,,Deceased,,,,,,,,,,,,,,,,,,,,,,,,,,,,,,,,,,,,,,,,
,,,,,Creig Flessel,"pencils, inks",None,,Deceased,,,,,,,,,,,,,,,,,,,,,,,,,,,,,,,,,,,,,,,,
,,,,,George Papp,"pencils, inks",,,"Although Siegel, Lehti, Papp, and Sherman contributed to this issue, according to the GCD, they did not work on the chapters in which Dummy appears. Confirming with DC Library.",,,,,,,,,,,,,,,,,,,,,,,,,,,,,,,,,,,,,,,,
,,,,,"Harold ""Hal"" Sherman","pencils, inks",,,,,,,,,,,,,,,,,,,,,,,,,,,,,,,,,,,,,,,,,,,
,,,,,"Jerome ""Jerry"" Siegel",writer,,,,,,,,,,,,,,,,,,,,,,,,,,,,,,,,,,,,,,,,,,,
,,,,,"John ""Jack"" Lehti","writer, pencils, inks",,,,,,,,,,,,,,,,,,,,,,,,,,,,,,,,,,,,,,,,,,,
Durla,Supergirl 217,"Superman's Girl Friend, Lois Lane #97
""The Three Super-Sirens""",Nov-1969,N,UNKNOWN,writer,,,The writer of this issue is completely unknown. Confirmed by the DC Library.,,,,,,,,,,,,,,,,,,,,,,,,,,,,,,,,,,,,,,,,
,,,,,Irv Novick,pencils,None,,"Novick was an employee of DC from 5/9/67 - 12/28/84.
Deceased",,,,,,,,,,,,,,,,,,,,,,,,,,,,,,,,,,,,,,,,
,,,,,Mike Esposito,inks,None,,Deceased,,,,,,,,,,,,,,,,,,,,,,,,,,,,,,,,,,,,,,,,
,,,,,Curt Swan,cover pencils,None,,Deceased,,,,,,,,,,,,,,,,,,,,,,,,,,,,,,,,,,,,,,,,
,,,,,Murphy Anderson,cover inks,None,,Deceased,,,,,,,,,,,,,,,,,,,,,,,,,,,,,,,,,,,,,,,,
"Dwarfstar
(Sylbert Rundine)",Flash 412,All-New Atom #2,Oct-2006,N,"Tamra James
(Gail Simone)",writer,WFH,,,,,,,,,,,,,,,,,,,,,,,,,,,,,,,,,,,,,,,,,,
,,,,,John Byrne,pencils,WFH,,,,,,,,,,,,,,,,,,,,,,,,,,,,,,,,,,,,,,,,,,
,,,,,Trevor Scott,inks,None,,,,,,,,,,,,,,,,,,,,,,,,,,,,,,,,,,,,,,,,,,
,,,,,Ariel Olivetti,cover,WFH,,,,,,,,,,,,,,,,,,,,,,,,,,,,,,,,,,,,,,,,,,
,,,,,Alex Blayaert,color,N/A,,,,,,,,,,,,,,,,,,,,,,,,,,,,,,,,,,,,,,,,,,
Earl Clifford,Black Lightning 101,Black Lightning #1,Apr-1977,Y,Anthony Isabella,writer,Exclusive; Creator Recognition,2016,,,,,,,,,,,,,,,,,,,,,,,,,,,,,,,,,,,,,,,,,
,,,,,Trevor Von Eeden,pencils,None,, We have character equity agreements for other characters who first appeared in Black Lightning #1 that acknowledge Von Eeden’s work in this issue was work-for-hire,,,,,,,,,,,,,,,,,,,,,,,,,,,,,,,,,,,,,,,,
,,,,,Frank Springer,"inks, cover inks",None,,,,,,,,,,,,,,,,,,,,,,,,,,,,,,,,,,,,,,,,,,
,,,,,Rich Buckler,cover pencils,None,,,,,,,,,,,,,,,,,,,,,,,,,,,,,,,,,,,,,,,,,,
,,,,,Liz Berube,color,N/A,,,,,,,,,,,,,,,,,,,,,,,,,,,,,,,,,,,,,,,,,,
"Earth-Man
(Absorbency Boy; Kirt Niedrigh)",,"as Absorbency Boy:
Superboy #218
""The Secret Villain the World Never Knew""",Jul-1976,N,Cary Bates,writer,None,,,,,,,,,,,,,,,,,,,,,,,,,,,,,,,,,,,,,,,,,,
,,,,,Mike Grell,"pencils, inks, cover",None,,,,,,,,,,,,,,,,,,,,,,,,,,,,,,,,,,,,,,,,,,
,,"as Earth Man:
Action Comics #858",Dec-2007,N,Geoff Johns,writer,WFH,,,,,,,,,,,,,,,,,,,,,,,,,,,,,,,,,,,,,,,,,,
,,,,,Gary Frank,"pencils, cover",WFH,,,,,,,,,,,,,,,,,,,,,,,,,,,,,,,,,,,,,,,,,,
,,,,,Jonathan Sibal,inks,WFH,,,,,,,,,,,,,,,,,,,,,,,,,,,,,,,,,,,,,,,,,,
,,,,,Dave McCaig,color,N/A,,,,,,,,,,,,,,,,,,,,,,,,,,,,,,,,,,,,,,,,,,
Earth-X,Flash 408,Justice League of America #107,Sep-1973,Y,Len Wein,writer,None,,Deceased,,,,,,,,,,,,,,,,,,,,,,,,,,,,,,,,,,,,,,,,
,,,,,Dick Dillin,pencils,None,,Deceased,,,,,,,,,,,,,,,,,,,,,,,,,,,,,,,,,,,,,,,,
,,,,,Dick Giordano,inks,None,,Deceased,,,,,,,,,,,,,,,,,,,,,,,,,,,,,,,,,,,,,,,,
,,,,,Nick Cardy,cover,None,,Deceased,,,,,,,,,,,,,,,,,,,,,,,,,,,,,,,,,,,,,,,,
,,,,,Glynis Wein,color,N/A,,,,,,,,,,,,,,,,,,,,,,,,,,,,,,,,,,,,,,,,,,
"East Street Skulls
(E-Street; Eastlies)",Flash 502,Steel #1,Feb-1994,N,Jon Bogdanove,"writer, cover pencils",Continuity Writer; Exclusive,,,,,,,,,,,,,,,,,,,,,,,,,,,,,,,,,,,,,,,,,,
,,,,,Louise Simonson,writer,Continuity Writer,,,,,,,,,,,,,,,,,,,,,,,,,,,,,,,,,,,,,,,,,,
,,,,,Chris Batista,pencils,WFH,,,,,,,,,,,,,,,,,,,,,,,,,,,,,,,,,,,,,,,,,,
,,,,,Rich Faber,inks,WFH,,,,,,,,,,,,,,,,,,,,,,,,,,,,,,,,,,,,,,,,,,
,,,,,Dennis Janke,cover inks,None,,,,,,,,,,,,,,,,,,,,,,,,,,,,,,,,,,,,,,,,,,
,,,,,Gina Going-Raney,color,N/A,,,,,,,,,,,,,,,,,,,,,,,,,,,,,,,,,,,,,,,,,,
Easy Company,,"Our Army At War #81
""The Rock of Easy Co.""",Apr-1959,Y,Robert Kanigher,plot,N/A,,"Kanigher was an employee of DC from 2/3/47 - 5/31/82.
Deceased",,,,,,,,,,,,,,,,,,,,,,,,,,,,,,,,,,,,,,,,
,,,,,Bob Haney,script,Creator Recognition,,Deceased Creator Recognition Agreement is with heir.,,,,,,,,,,,,,,,,,,,,,,,,,,,,,,,,,,,,,,,,
,,,,,Ross Andru,pencils,None,,Deceased,,,,,,,,,,,,,,,,,,,,,,,,,,,,,,,,,,,,,,,,
,,,,,Mike Esposito,inks,None,,Deceased,,,,,,,,,,,,,,,,,,,,,,,,,,,,,,,,,,,,,,,,
,,,,,"Jerry Grandenetti
(Charles J. Grandenetti)",cover,None,,Deceased,,,,,,,,,,,,,,,,,,,,,,,,,,,,,,,,,,,,,,,,
ECHO,The Flash 604,Batman: Legends of the Dark Knight #119,Jul-1999,N,Greg Rucka,writer,"WFH, Creative Contributor",2009,,,,,,,,,,,,,,,,,,,,,,,,,,,,,,,,,,,,,,,,,
,,,,,Rick Burchett,pencils,"WFH, Creative Contributor",2009,,,,,,,,,,,,,,,,,,,,,,,,,,,,,,,,,,,,,,,,,
"Eclipso
(Bruce Gordon)",Traci 13,"House of Secrets #61
""Eclipso, the Genius Who Fought Himself""",Jul-1963,Y,Bob Haney,writer,Contributor Recognition,,Deceased Contributor Agreement is with heirs.,,,,,,,,,,,,,,,,,,,,,,,,,,,,,,,,,,,,,,,,
,,,,,Lee Elias,"pencils, inks, cover",None,,,,,,,,,,,,,,,,,,,,,,,,,,,,,,,,,,,,,,,,,,
"Eclipso
(Alex Montez)",Stargirl 104,JSA #26,Sep-2001,N,Geoff Johns,writer,WFH,,,,,,,,,,,,,,,,,,,,,,,,,,,,,,,,,,,,,,,,,,
,,,,,"Ralph ""Rags"" Morales","pencils, cover",WFH,,,,,,,,,,,,,,,,,,,,,,,,,,,,,,,,,,,,,,,,,,
,,,,,"Michael Bair
(Michael Hernandez)",inks,WFH,,,,,,,,,,,,,,,,,,,,,,,,,,,,,,,,,,,,,,,,,,
,,,,,John Kalisz,color,N/A,,,,,,,,,,,,,,,,,,,,,,,,,,,,,,,,,,,,,,,,,,
"Eclipso
(Jean Loring)",,"as Jean Loring:
Showcase #34
""Birth of the Atom""",Sep-1961,N,Gardner F. Fox,writer,Creator Recognition,,Deceased Creator recognition agreement with heirs.,,,,,,,,,,,,,,,,,,,,,,,,,,,,,,,,,,,,,,,,
,,,,,Gil Kane,"pencils, cover",None,,Deceased,,,,,,,,,,,,,,,,,,,,,,,,,,,,,,,,,,,,,,,,
,,,,,Murphy Anderson,inks,None,,Deceased,,,,,,,,,,,,,,,,,,,,,,,,,,,,,,,,,,,,,,,,
,,"as Eclipso:
Day of Vengeance #1",Jun-2005,N,Bill Willingham,writer,WFH,,,,,,,,,,,,,,,,,,,,,,,,,,,,,,,,,,,,,,,,,,
,,,,,Josue Justiniano,pencils,WFH,,,,,,,,,,,,,,,,,,,,,,,,,,,,,,,,,,,,,,,,,,
,,,,,Walden Wong,inks,WFH,,,,,,,,,,,,,,,,,,,,,,,,,,,,,,,,,,,,,,,,,,
,,,,,Walter Simonson,cover,WFH,,,,,,,,,,,,,,,,,,,,,,,,,,,,,,,,,,,,,,,,,,
,,,,,Chris Chuckry,color,N/A,,,,,,,,,,,,,,,,,,,,,,,,,,,,,,,,,,,,,,,,,,
"Eclipso
(Kalaa)",,Team 7 #3,Feb-2013,Y,Justin Jordan,writer,WFH,,,,,,,,,,,,,,,,,,,,,,,,,,,,,,,,,,,,,,,,,,
,,,,,Julius Gopez,pencils,WFH,,,,,,,,,,,,,,,,,,,,,,,,,,,,,,,,,,,,,,,,,,
,,,,,"Krishner Angelo C. Salgado
(Jimbo Salgado)",inks,WFH,,,,,,,,,,,,,,,,,,,,,,,,,,,,,,,,,,,,,,,,,,
,,,,,Tyler Kirkham,cover pencils,WFH,,,,,,,,,,,,,,,,,,,,,,,,,,,,,,,,,,,,,,,,,,
,,,,,Matt Banning,cover inks,WFH,,,,,,,,,,,,,,,,,,,,,,,,,,,,,,,,,,,,,,,,,,
,,,,,Nathan Eyring,color,WFH,,,,,,,,,,,,,,,,,,,,,,,,,,,,,,,,,,,,,,,,,,
Eddie Corliss,,The Brave and the Bold #54,Jul-1964,N,Bob Haney,writer,Contributor Recognition,,Deceased Contributor Recognition agreement is with heirs.,,,,,,,,,,,,,,,,,,,,,,,,,,,,,,,,,,,,,,,,
,,,,,Bruno Premiani,"pencils, inks, cover",None,,,,,,,,,,,,,,,,,,,,,,,,,,,,,,,,,,,,,,,,,,
Eddie Deacon,Dark Universe,"Detective Comics #410
""A Vow From the Grave""",Apr-1971,Y,Dennis O'Neil,writer,Creator Recognition,2012,,,,,,,,,,,,,,,,,,,,,,,,,,,,,,,,,,,,,,,,,
,,,,,Neal Adams,"pencils, cover",Creator Recognition,2014,,,,,,,,,,,,,,,,,,,,,,,,,,,,,,,,,,,,,,,,,
,,,,,Dick Giordano,inks,N/A,,"Giordano was an employee of DC at this time.
Deceased",,,,,,,,,,,,,,,,,,,,,,,,,,,,,,,,,,,,,,,,
Eden Corps,Flash 415,Green Arrow #97,Jun-1995,N,Chuck Dixon,writer,Continuity Writer,,,,,,,,,,,,,,,,,,,,,,,,,,,,,,,,,,,,,,,,,,
,,,,,Rodolfo Damaggio,"pencils, cover pencils",WFH,,,,,,,,,,,,,,,,,,,,,,,,,,,,,,,,,,,,,,,,,,
,,,,,Gerry Fernandez,inks,WFH,,,,,,,,,,,,,,,,,,,,,,,,,,,,,,,,,,,,,,,,,,
,,,,,Frank McLaughlin,inks,WFH,,Deceased,,,,,,,,,,,,,,,,,,,,,,,,,,,,,,,,,,,,,,,,
,,,,,Rob Leigh,inks,WFH,,,,,,,,,,,,,,,,,,,,,,,,,,,,,,,,,,,,,,,,,,
,,,,,Klaus Janson,cover inks,WFH,,,,,,,,,,,,,,,,,,,,,,,,,,,,,,,,,,,,,,,,,,
,,,,,Lee Loughridge,color,N/A,,,,,,,,,,,,,,,,,,,,,,,,,,,,,,,,,,,,,,,,,,
Eduardo Flamingo,"Gotham 209
(11/16/2015)",Batman #666,Jul-2007,N,Grant Morrison,writer,WFH; Exclusive,,,,,,,,,,,,,,,,,,,,,,,,,,,,,,,,,,,,,,,,,,
,,,,,Andy Kubert,"pencils, cover",WFH; Continuity,,,,,,,,,,,,,,,,,,,,,,,,,,,,,,,,,,,,,,,,,,
,,,,,Jesse Delperdang,inks,WFH,,,,,,,,,,,,,,,,,,,,,,,,,,,,,,,,,,,,,,,,,,
,,,,,Guy Major,color,N/A,,,,,,,,,,,,,,,,,,,,,,,,,,,,,,,,,,,,,,,,,,
Edward Elliot,The Batman,Batman: Gates of Gotham #1 (Part One: A Bridge to the Past) ,Jul-2011,N,Kyle Higgins,writer,WFH,,,,,,,,,,,,,,,,,,,,,,,,,,,,,,,,,,,,,,,,,,
,,,,,Scott Snyder,writer,WFH,,,,,,,,,,,,,,,,,,,,,,,,,,,,,,,,,,,,,,,,,,
,,,,,Trevor McCarthy,"pencils, inks",WFH,,,,,,,,,,,,,,,,,,,,,,,,,,,,,,,,,,,,,,,,,,
Edward Reilly,Stargirl 107,"Police Comics Vol 1 #1 
Firebrand: ""Introducing the Firebrand""",Aug-1941,N,Jerry Igler,writer,None,,,,,,,,,,,,,,,,,,,,,,,,,,,,,,,,,,,,,,,,,,
,,,,,Reed Crandall,"pencils, inks",None,,,,,,,,,,,,,,,,,,,,,,,,,,,,,,,,,,,,,,,,,,
Edwin Allman Pohe,Arrow 503,"Detective Comics #500
""The Final Mystery of Edgar Allen Poe""",Mar-1981,N,Mike W. Barr,writer,None,,,,,,,,,,,,,,,,,,,,,,,,,,,,,,,,,,,,,,,,,,
,,,,,Jose Luis Garcia-Lopez,"pencils, inks, cover",Exclusive,,,,,,,,,,,,,,,,,,,,,,,,,,,,,,,,,,,,,,,,,,
,,,,,Joe Kubert,cover,None,,Deceased,,,,,,,,,,,,,,,,,,,,,,,,,,,,,,,,,,,,,,,,
,,,,,Dick Giordano,cover,Exclusive,,"Giordano may have been an employee of DC at this time.
Deceased",,,,,,,,,,,,,,,,,,,,,,,,,,,,,,,,,,,,,,,,
,,,,,Walter Simonson,cover,None,,,,,,,,,,,,,,,,,,,,,,,,,,,,,,,,,,,,,,,,,,
,,,,,Thomas Yeates,cover,None,,,,,,,,,,,,,,,,,,,,,,,,,,,,,,,,,,,,,,,,,,
,,,,,Jim Aparo,cover,None,,Deceased,,,,,,,,,,,,,,,,,,,,,,,,,,,,,,,,,,,,,,,,
,,,,,Carmine Infantino,cover pencils,None,,Deceased,,,,,,,,,,,,,,,,,,,,,,,,,,,,,,,,,,,,,,,,
,,,,,Robert R. Smith,cover inks,None,,,,,,,,,,,,,,,,,,,,,,,,,,,,,,,,,,,,,,,,,,
Egeria,"Wonder Woman
(2017)","Wonder Woman Annual #1
""Amazons""",1988,N,George Perez,"writer, inks, cover pencils",Continuity,,,,,,,,,,,,,,,,,,,,,,,,,,,,,,,,,,,,,,,,,,
,,,,,Brian Bolland,pencils,WFH,,,,,,,,,,,,,,,,,,,,,,,,,,,,,,,,,,,,,,,,,,
,,,,,Mark Farmer,inks,WFH,,,,,,,,,,,,,,,,,,,,,,,,,,,,,,,,,,,,,,,,,,
,,,,,Chris Marrinan,pencils,WFH,,,,,,,,,,,,,,,,,,,,,,,,,,,,,,,,,,,,,,,,,,
,,,,,Will Blyberg,inks,WFH,,,,,,,,,,,,,,,,,,,,,,,,,,,,,,,,,,,,,,,,,,
,,,,,Arthur Adams,"pencils, inks",WFH,,,,,,,,,,,,,,,,,,,,,,,,,,,,,,,,,,,,,,,,,,
,,,,,John Bolton,"pencils, inks",WFH,,,,,,,,,,,,,,,,,,,,,,,,,,,,,,,,,,,,,,,,,,
,,,,,Jose Luis Garcia-Lopez,"pencils, inks",WFH,,,,,,,,,,,,,,,,,,,,,,,,,,,,,,,,,,,,,,,,,,
,,,,,Curt Swan,pencils,WFH,,,,,,,,,,,,,,,,,,,,,,,,,,,,,,,,,,,,,,,,,,
,,,,,Bob McLeod,inks,WFH,,,,,,,,,,,,,,,,,,,,,,,,,,,,,,,,,,,,,,,,,,
,,,,,Ross Andru,pencils,WFH,,,,,,,,,,,,,,,,,,,,,,,,,,,,,,,,,,,,,,,,,,
,,,,,John Stracuzzi,cover inks,None,,,,,,,,,,,,,,,,,,,,,,,,,,,,,,,,,,,,,,,,,,
,,,,,Carl Gafford,color,N/A,,,,,,,,,,,,,,,,,,,,,,,,,,,,,,,,,,,,,,,,,,
Egghead,Plastic Man,"Batman (1966 TV Show)
""An Egg Grows in Gotham""",Oct-1966,,,,,,,,,,,,,,,,,,,,,,,,,,,,,,,,,,,,,,,,,,,,,,
,,"Batman: Shadow of the Bat #3
(cameo only)",Aug-1992,N,Alan Grant,writer,WFH,,,,,,,,,,,,,,,,,,,,,,,,,,,,,,,,,,,,,,,,,,
,,,,,Norm Breyfogle,"pencils, inks",None,,"Deceased
Breyfogle's WFH agreements for Shadow of the Bat #1 &2 have been located.",,,,,,,,,,,,,,,,,,,,,,,,,,,,,,,,,,,,,,,,
,,,,,"Jefferson Mitchell
(Brian Stelfreeze)",cover,WFH,,,,,,,,,,,,,,,,,,,,,,,,,,,,,,,,,,,,,,,,,,
,,,,,Adrienne Roy,color,Exclusive,,Deceased,,,,,,,,,,,,,,,,,,,,,,,,,,,,,,,,,,,,,,,,
"Egghead
(Edgar Heed)",Plastic Man,"The Brave and the Bold
""Day of the Dark Knight""",Jan-2009,,,,,,,,,,,,,,,,,,,,,,,,,,,,,,,,,,,,,,,,,,,,,,
,,Batman: The Brave and the Bold #16,Jun-2010,Y,Landry Quinn Walker,writer,WFH,,,,,,,,,,,,,,,,,,,,,,,,,,,,,,,,,,,,,,,,,,
,,,,,Eric M. Jones,"pencils, inks, cover",WFH,,,,,,,,,,,,,,,,,,,,,,,,,,,,,,,,,,,,,,,,,,
,,,,,Eric Hestor,color,N/A,,,,,,,,,,,,,,,,,,,,,,,,,,,,,,,,,,,,,,,,,,
Dean Egghead,Plastic Man,Showcase #65,Dec-1966,N,E. Nelson Bridwell,writer,N/A,,"Bridwell may have been an employee of DC at this time.
Deceased",,,,,,,,,,,,,,,,,,,,,,,,,,,,,,,,,,,,,,,,
,,,,,Joe Orlando,pencils,None,,,,,,,,,,,,,,,,,,,,,,,,,,,,,,,,,,,,,,,,,,
,,,,,Mike Esposito,"inks, cover inks",None,,Deceased,,,,,,,,,,,,,,,,,,,,,,,,,,,,,,,,,,,,,,,,
,,,,,Mike Sekowsky,cover pencils,None,,Deceased,,,,,,,,,,,,,,,,,,,,,,,,,,,,,,,,,,,,,,,,
"Elasti-Girl
(Rita Farr; Elasti-Woman)",(SEE PERMISSION AGREEMENT WITH DISNEY/PIXAR),My Greatest Adventure #80,Jun-1963,N,Arnold Drake,writer,None,2006,Deceased,,,,,,,,,,,,,,,,,,,,,,,,,,,,,,,,,,,,,,,,
,,,,,Bob Haney,writer,Contributor Recognition,,Deceased Contributor Recognition Agreement is with heirs.,,,,,,,,,,,,,,,,,,,,,,,,,,,,,,,,,,,,,,,,
,,,,,Bruno Premiani,"pencils, inks, cover",None,,Deceased,,,,,,,,,,,,,,,,,,,,,,,,,,,,,,,,,,,,,,,,
"El Diablo
(Lazarus Lane)","Suicide Squad
(2016)","All-Star Western #2
""The Devil Has Two Faces""",Oct-1970,Y,Robert Kanigher,writer,N/A,,"Kanigher was an employee of DC from 2/3/47 - 5/31/82.
Deceased",,,,,,,,,,,,,,,,,,,,,,,,,,,,,,,,,,,,,,,,
,,,,,Gray Morrow,"pencils, inks",None,,Deceased,,,,,,,,,,,,,,,,,,,,,,,,,,,,,,,,,,,,,,,,
,,,,,Neal Adams,cover ,Creator Recognition,,,,,,,,,,,,,,,,,,,,,,,,,,,,,,,,,,,,,,,,,,
"El Diablo
(Rafael Sandoval)","Suicide Squad
(2016)",El Diablo #1,Aug-1989,Y,Gerard Jones,writer,Continuity; WFH,,DC no longer has an active relationship with Jones due to criminal conviction.,,,,,,,,,,,,,,,,,,,,,,,,,,,,,,,,,,,,,,,,
,,,,,Mike Parobeck,"pencils, cover pencils",Continuity; WFH,,Deceased,,,,,,,,,,,,,,,,,,,,,,,,,,,,,,,,,,,,,,,,
,,,,,John Nyberg,"inks, cover inks",Continuity; WFH,,,,,,,,,,,,,,,,,,,,,,,,,,,,,,,,,,,,,,,,,,
,,,,,Lovern Kindzierski,color,N/A,,,,,,,,,,,,,,,,,,,,,,,,,,,,,,,,,,,,,,,,,,
"El Diablo
(Chato Santana)","Suicide Squad
(2016)",El Diablo #1,Nov-2008,Y,Jai Nitz,writer,WFH,2017,,,,,,,,,,,,,,,,,,,,,,,,,,,,,,,,,,,,,,,,,
,,,,,Phil Hester,"pencils, cover pencils",WFH,2017,,,,,,,,,,,,,,,,,,,,,,,,,,,,,,,,,,,,,,,,,
,,,,,Ande Parks,"inks, cover inks",WFH,,,,,,,,,,,,,,,,,,,,,,,,,,,,,,,,,,,,,,,,,,
,,,,,Guy Major,color,N/A,,,,,,,,,,,,,,,,,,,,,,,,,,,,,,,,,,,,,,,,,,
Elder Martin,,Hellblazer #4,Apr-1988,N,Jamie Delano,writer,WFH,,,,,,,,,,,,,,,,,,,,,,,,,,,,,,,,,,,,,,,,,,
,,,,,John Ridgway,"pencils, inks",WFH,,,,,,,,,,,,,,,,,,,,,,,,,,,,,,,,,,,,,,,,,,
,,,,,Dave McKean,cover,WFH,,,,,,,,,,,,,,,,,,,,,,,,,,,,,,,,,,,,,,,,,,
,,,,,Lovern Kindzierski,color,N/A,,,,,,,,,,,,,,,,,,,,,,,,,,,,,,,,,,,,,,,,,,
"Electrocutioner I
(Buchinsky)",,"Batman #331
""Closed Circuit""",Jan-1981,Y,Marv Wolfman,plot,Exclusive,,,,,,,,,,,,,,,,,,,,,,,,,,,,,,,,,,,,,,,,,,
,,,,,Michael Fleisher,script,None,,,,,,,,,,,,,,,,,,,,,,,,,,,,,,,,,,,,,,,,,,
,,,,,"Irving ""Irv"" Novick",pencils,N/A,,"Novick was an employee of DC Comics from 5/9/67 - 12/28/84.
Deceased",,,,,,,,,,,,,,,,,,,,,,,,,,,,,,,,,,,,,,,,
,,,,,Frank McLaughlin,inks,Exclusive,,,,,,,,,,,,,,,,,,,,,,,,,,,,,,,,,,,,,,,,,,
,,,,,Jim Aparo,cover,None,,Deceased,,,,,,,,,,,,,,,,,,,,,,,,,,,,,,,,,,,,,,,,
,,,,,Adrienne Roy,color,N/A,,Deceased,,,,,,,,,,,,,,,,,,,,,,,,,,,,,,,,,,,,,,,,
Electrocutioner II,,Detective Comics #626,Feb-1991,N,Marv Wolfman,writer,WFH,,,,,,,,,,,,,,,,,,,,,,,,,,,,,,,,,,,,,,,,,,
,,,,,Jim Aparo,pencils,Continuity,,,,,,,,,,,,,,,,,,,,,,,,,,,,,,,,,,,,,,,,,,
,,,,,Mike DeCarlo,inks,WFH,,,,,,,,,,,,,,,,,,,,,,,,,,,,,,,,,,,,,,,,,,
,,,,,Michael Golden,cover,None,,,,,,,,,,,,,,,,,,,,,,,,,,,,,,,,,,,,,,,,,,
,,,,,Adrienne Roy,color,Exclusive,,Deceased,,,,,,,,,,,,,,,,,,,,,,,,,,,,,,,,,,,,,,,,
"Electrocutioner III
(Lester Buchinsky - brother of Electrocutioner I)",,Detective Comics #644,May-1992,Y,Chuck Dixon,writer,WFH,,,,,,,,,,,,,,,,,,,,,,,,,,,,,,,,,,,,,,,,,,
,,,,,Tom Lyle,pencils,WFH,,,,,,,,,,,,,,,,,,,,,,,,,,,,,,,,,,,,,,,,,,
,,,,,Scott Hanna,inks,WFH,,,,,,,,,,,,,,,,,,,,,,,,,,,,,,,,,,,,,,,,,,
,,,,,Michael Golden,cover,None,,,,,,,,,,,,,,,,,,,,,,,,,,,,,,,,,,,,,,,,,,
,,,,,Adrienne Roy,color,Exclusive,,Deceased,,,,,,,,,,,,,,,,,,,,,,,,,,,,,,,,,,,,,,,,
Electron,"Point Blank
Sleeper",Sleeper: Season 2 #1,Aug-2004,N,Ed Brubaker,writer,WFH,,,,,,,,,,,,,,,,,,,,,,,,,,,,,,,,,,,,,,,,,,
,,,,,Sean Phillips,"pencils, inks, cover",WFH,,,,,,,,,,,,,,,,,,,,,,,,,,,,,,,,,,,,,,,,,,
,,,,,Alex Sinclair,color,N/A,,,,,,,,,,,,,,,,,,,,,,,,,,,,,,,,,,,,,,,,,,
,,,,,Carrie Strachan,color,N/A,,,,,,,,,,,,,,,,,,,,,,,,,,,,,,,,,,,,,,,,,,
"Element Lad
(Mystery Lad; Jan Arrah)",,"Adventure Comics #307
""The Secret Power of the Mystery Super-Hero""",Apr-1963,Y,Edmond Hamilton,writer,None,,Deceased,,,,,,,,,,,,,,,,,,,,,,,,,,,,,,,,,,,,,,,,
,,,,,John Forte,"pencils, inks",None,,Deceased,,,,,,,,,,,,,,,,,,,,,,,,,,,,,,,,,,,,,,,,
,,,,,Curt Swan,cover pencils,None,,Deceased,,,,,,,,,,,,,,,,,,,,,,,,,,,,,,,,,,,,,,,,
,,,,,George Klein,cover inks,None,,Deceased,,,,,,,,,,,,,,,,,,,,,,,,,,,,,,,,,,,,,,,,
"Element Woman
(Emily Sung; Element Girl)",,Justice League vol 2 #16,Mar-2013,N,Geoff Johns,writer,WFH,,,,,,,,,,,,,,,,,,,,,,,,,,,,,,,,,,,,,,,,,,
,,,,,Ivan Reis,"pencils, inks",WFH,,,,,,,,,,,,,,,,,,,,,,,,,,,,,,,,,,,,,,,,,,
,,,,,Joe Prado,inks,WFH,,,,,,,,,,,,,,,,,,,,,,,,,,,,,,,,,,,,,,,,,,
,,,,,Rod Reis,color,WFH,,,,,,,,,,,,,,,,,,,,,,,,,,,,,,,,,,,,,,,,,,
Elinore Stone,"Justice League
(2017)",New Teen Titans #7,May-1981,N,Marv Wolfman,writer,Exclusive,1983,,,,,,,,,,,,,,,,,,,,,,,,,,,,,,,,,,,,,,,,,
,,,,,George Perez,"pencils, cover",Exclusive,1983,,,,,,,,,,,,,,,,,,,,,,,,,,,,,,,,,,,,,,,,,
,,,,,Romeo Tanghal,inks,Exclusive,,,,,,,,,,,,,,,,,,,,,,,,,,,,,,,,,,,,,,,,,,
,,,,,John Drake,color,N/A,,,,,,,,,,,,,,,,,,,,,,,,,,,,,,,,,,,,,,,,,,
"The Elite
(Manchester Black, Sister Superior, Coldcast, Menagerie, Hat)",Supergirl 413,Action Comics #775,Mar-2001,N,Joe Kelly,writer,Continuity Writer,,,,,,,,,,,,,,,,,,,,,,,,,,,,,,,,,,,,,,,,,,
,,,,,Doug Mahnke,pencils,Continuity Artist; WFH,,,,,,,,,,,,,,,,,,,,,,,,,,,,,,,,,,,,,,,,,,
,,,,,Lee Bermejo,pencils,None,,,,,,,,,,,,,,,,,,,,,,,,,,,,,,,,,,,,,,,,,,
,,,,,Tom Nguyen,inks,WFH,,,,,,,,,,,,,,,,,,,,,,,,,,,,,,,,,,,,,,,,,,
,,,,,Dexter Vines,inks,WFH,,,,,,,,,,,,,,,,,,,,,,,,,,,,,,,,,,,,,,,,,,
,,,,,Jim Royal,inks,None,,,,,,,,,,,,,,,,,,,,,,,,,,,,,,,,,,,,,,,,,,
,,,,,Jose Marzan,inks,WFH,,,,,,,,,,,,,,,,,,,,,,,,,,,,,,,,,,,,,,,,,,
,,,,,Wade von Grawbadger,inks,WFH,,,,,,,,,,,,,,,,,,,,,,,,,,,,,,,,,,,,,,,,,,
,,,,,Wayne Faucher,inks,WFH,,,,,,,,,,,,,,,,,,,,,,,,,,,,,,,,,,,,,,,,,,
,,,,,Tim Bradstreet,cover,WFH,,,,,,,,,,,,,,,,,,,,,,,,,,,,,,,,,,,,,,,,,,
,,,,,Rob Schwager,color,N/A,,,,,,,,,,,,,,,,,,,,,,,,,,,,,,,,,,,,,,,,,,
"Elizabeth ""Beth"" Kane
(Alice)",Gotham 303,"Detective Comics #854
""Agitato""",Aug-2009,N,Greg Rucka,writer,WFH,,,,,,,,,,,,,,,,,,,,,,,,,,,,,,,,,,,,,,,,,,
,,,,,James H. Williams III,"pencils, inks, cover",WFH,,,,,,,,,,,,,,,,,,,,,,,,,,,,,,,,,,,,,,,,,,
,,,,,Dave Stewart,color,N/A,,,,,,,,,,,,,,,,,,,,,,,,,,,,,,,,,,,,,,,,,,
Ellen Evans,,"Action Comics #265
""The Day Supergirl Revealed Herself"" ",Jun-1960,N,"Jerome ""Jerry"" Siegel",writer,Settlement,,Deceased Settlement is with heirs.,,,,,,,,,,,,,,,,,,,,,,,,,,,,,,,,,,,,,,,,
,,,,,"James ""Jim"" Mooney","pencils, inks",None,,Deceased,,,,,,,,,,,,,,,,,,,,,,,,,,,,,,,,,,,,,,,,
"The Elliot Family
(Roger & Marla)","Gotham 205
(10/19/2015)",Detective Comics #847,Oct-2008,N,Paul Dini,writer,WFH,,,,,,,,,,,,,,,,,,,,,,,,,,,,,,,,,,,,,,,,,,
,,,,,Dustin Nguyen,"pencils, cover",WFH,,,,,,,,,,,,,,,,,,,,,,,,,,,,,,,,,,,,,,,,,,
,,,,,Derek Fridolfs,inks,WFH,,,,,,,,,,,,,,,,,,,,,,,,,,,,,,,,,,,,,,,,,,
,,,,,John Kalisz,color,N/A,,,,,,,,,,,,,,,,,,,,,,,,,,,,,,,,,,,,,,,,,,
Elmond High School,Titans 110,Showcase #75,Jun-1968,N,Steve Skeates,writer,None,,Giordano and Infantino were both employees of DC at this time and are both Deceased ,,,,,,,,,,,,,,,,,,,,,,,,,,,,,,,,,,,,,,,,
,,,,,Steve Ditko,"plot, pencils, inks, cover",Creator Recognition,,,,,,,,,,,,,,,,,,,,,,,,,,,,,,,,,,,,,,,,,,
,,,,,Dick Giordano,editor,N/A,,,,,,,,,,,,,,,,,,,,,,,,,,,,,,,,,,,,,,,,,,
,,,,,Carmine Infantino,editor,Settlement,,,,,,,,,,,,,,,,,,,,,,,,,,,,,,,,,,,,,,,,,,
"The Elongated Man
(Ralph Dibny)",,"The Flash #112
""Mystery of the Elongated Man""",Apr-1960,Y,John Broome,writer,None,,Deceased,,,,,,,,,,,,,,,,,,,,,,,,,,,,,,,,,,,,,,,,
,,,,,Carmine Infantino,"pencils, cover pencils",Settlement,,Deceased,,,,,,,,,,,,,,,,,,,,,,,,,,,,,,,,,,,,,,,,
,,,,,Joe Giella,"inks, cover inks",None,,,,,,,,,,,,,,,,,,,,,,,,,,,,,,,,,,,,,,,,,,
"Emerald Empress
(Sarya)",,Adventure Comics #352,Jan-1967,Y,"James ""Jim"" Shooter",writer,None,,,,,,,,,,,,,,,,,,,,,,,,,,,,,,,,,,,,,,,,,,
,,,,,Curt Swan,"pencils, cover pencils",None,,Deceased,,,,,,,,,,,,,,,,,,,,,,,,,,,,,,,,,,,,,,,,
,,,,,George Klein,"inks, cover inks",None,,Deceased,,,,,,,,,,,,,,,,,,,,,,,,,,,,,,,,,,,,,,,,
"Emerald Empress
(Cera Kesh)",,Legionnaires #2,May-1993,N,Tom Bierbaum,writer,Continuity,,,,,,,,,,,,,,,,,,,,,,,,,,,,,,,,,,,,,,,,,,
,,,,,Mary Bierbaum,writer,Continuity,,,,,,,,,,,,,,,,,,,,,,,,,,,,,,,,,,,,,,,,,,
,,,,,Chris Sprouse,"pencils, cover pencils",WFH,,,,,,,,,,,,,,,,,,,,,,,,,,,,,,,,,,,,,,,,,,
,,,,,Karl Story,"inks, cover inks",WFH,,,,,,,,,,,,,,,,,,,,,,,,,,,,,,,,,,,,,,,,,,
,,,,,Tom McCraw,color,N/A,,,,,,,,,,,,,,,,,,,,,,,,,,,,,,,,,,,,,,,,,,
"Emerald Empress
(Empress)",,Legion of Super-Heroes #78,Mar-1996,N,Tom McCraw,"writer, color",WFH,,,,,,,,,,,,,,,,,,,,,,,,,,,,,,,,,,,,,,,,,,
,,,,,Tom Peyer,writer,WFH,,,,,,,,,,,,,,,,,,,,,,,,,,,,,,,,,,,,,,,,,,
,,,,,Lee Moder,pencils,WFH,,,,,,,,,,,,,,,,,,,,,,,,,,,,,,,,,,,,,,,,,,
,,,,,Ron Boyd,inks,None,,,,,,,,,,,,,,,,,,,,,,,,,,,,,,,,,,,,,,,,,,
,,,,,Alan Davis,cover pencils,WFH,,,,,,,,,,,,,,,,,,,,,,,,,,,,,,,,,,,,,,,,,,
,,,,,Mark Farmer,cover inks,WFH,,,,,,,,,,,,,,,,,,,,,,,,,,,,,,,,,,,,,,,,,,
"Emperor Blackgate
(Emperor Penguin; Ignatius Ogilvy)",,Detective Comics vol 2 #13,Dec-2012,N,John Layman,writer,WFH,,,,,,,,,,,,,,,,,,,,,,,,,,,,,,,,,,,,,,,,,,
,,,,,Jason Fabok,"pencils, inks",WFH,,,,,,,,,,,,,,,,,,,,,,,,,,,,,,,,,,,,,,,,,,
"Enchantress
(June Moone)","Suicide Squad
(2016)","Strange Adventures #187
""The Enchantress of Terror Castle""",Apr-1966,Y,Bob Haney,writer,Contributor Recognition,,Deceased Contributor Recognition Agreement is with heirs.,,,,,,,,,,,,,,,,,,,,,,,,,,,,,,,,,,,,,,,,
,,,,,Howard Purcell,pencils,None,,Deceased,,,,,,,,,,,,,,,,,,,,,,,,,,,,,,,,,,,,,,,,
,,,,,Sheldon Moldoff,inks,None,,Deceased,,,,,,,,,,,,,,,,,,,,,,,,,,,,,,,,,,,,,,,,
,,,,,Jack Sparling,cover,None,,Deceased,,,,,,,,,,,,,,,,,,,,,,,,,,,,,,,,,,,,,,,,
Enigma,,Teen Titans #38,Sep-2006,N,Geoff Johns,writer,WFH,,,,,,,,,,,,,,,,,,,,,,,,,,,,,,,,,,,,,,,,,,
,,,,,Carlos Ferreira,pencils,WFH,,,,,,,,,,,,,,,,,,,,,,,,,,,,,,,,,,,,,,,,,,
,,,,,Art Thibert,inks,WFH,,,,,,,,,,,,,,,,,,,,,,,,,,,,,,,,,,,,,,,,,,
,,,,,Drew Geraci,inks,WFH,,,,,,,,,,,,,,,,,,,,,,,,,,,,,,,,,,,,,,,,,,
"The Engineer
(Angela Spica)",,The Authority #1,May-1999,Y,Warren Ellis,writer,None,,"WFH agreements located for issues 4, 6-12.",,,,,,,,,,,,,,,,,,,,,,,,,,,,,,,,,,,,,,,,
,,,,,Bryan Hitch,"pencils, cover pencils",None,,WFH agreements located for issues 2-12.,,,,,,,,,,,,,,,,,,,,,,,,,,,,,,,,,,,,,,,,
,,,,,Paul Neary,"inks, cover inks",None,,WFH agreements located for issues 2-12.,,,,,,,,,,,,,,,,,,,,,,,,,,,,,,,,,,,,,,,,
,,,,,Laura Depuy Martin,color,N/A,,,,,,,,,,,,,,,,,,,,,,,,,,,,,,,,,,,,,,,,,,
Ephram Snow,Gotham 416,"Batman #35
""The Paleman""",Dec-2014,N,James Tynion IV,writer,WFH,,,,,,,,,,,,,,,,,,,,,,,,,,,,,,,,,,,,,,,,,,
,,,,,Kelley Jones,"pencils, inks",WFH,,,,,,,,,,,,,,,,,,,,,,,,,,,,,,,,,,,,,,,,,,
,,,,,Greg Capullo,cover pencils,WFH,,,,,,,,,,,,,,,,,,,,,,,,,,,,,,,,,,,,,,,,,,
,,,,,Danny Miki,cover inks,WFH,,,,,,,,,,,,,,,,,,,,,,,,,,,,,,,,,,,,,,,,,,
,,,,,Michelle Madsen,color,N/A,,,,,,,,,,,,,,,,,,,,,,,,,,,,,,,,,,,,,,,,,,
,,,,,FCO Plascencia,cover color,N/A,,,,,,,,,,,,,,,,,,,,,,,,,,,,,,,,,,,,,,,,,,
Epione,"Wonder Woman
(2017)",Wonder Woman #7,Aug-1987,N,George Perez,"plot, pencils, cover",Continuity,,,,,,,,,,,,,,,,,,,,,,,,,,,,,,,,,,,,,,,,,,
,,,,,Len Wein,script,WFH,,Deceased,,,,,,,,,,,,,,,,,,,,,,,,,,,,,,,,,,,,,,,,
,,,,,Bruce Patterson,inks,WFH,,,,,,,,,,,,,,,,,,,,,,,,,,,,,,,,,,,,,,,,,,
,,,,,Tatjana Wood,color,N/A,,,,,,,,,,,,,,,,,,,,,,,,,,,,,,,,,,,,,,,,,,
Epiphany Greaves,,Hellblazer #256,Aug-2009,N,Peter Milligan,writer,None,,"WFH agreements for Hellblazer #250-255, #257, and #260-270 have been located.",,,,,,,,,,,,,,,,,,,,,,,,,,,,,,,,,,,,,,,,
,,,,,Giuseppe Camuncoli,pencils,WFH,,,,,,,,,,,,,,,,,,,,,,,,,,,,,,,,,,,,,,,,,,
,,,,,Stefano Landini,inks,WFH,,,,,,,,,,,,,,,,,,,,,,,,,,,,,,,,,,,,,,,,,,
,,,,,Simon Bisley,cover,WFH,,,,,,,,,,,,,,,,,,,,,,,,,,,,,,,,,,,,,,,,,,
,,,,,Jamie Grant,color,N/A,,,,,,,,,,,,,,,,,,,,,,,,,,,,,,,,,,,,,,,,,,
The Eradicator,,Action Comics Annual #2,1989,N,Jerry Ordway,"writer, pencils, cover inks",None,,,,,,,,,,,,,,,,,,,,,,,,,,,,,,,,,,,,,,,,,,
,,,,,George Perez,"writer, inks, cover pencils",WFH,,,,,,,,,,,,,,,,,,,,,,,,,,,,,,,,,,,,,,,,,,
,,,,,Roger Stern,writer,Continuity,,,,,,,,,,,,,,,,,,,,,,,,,,,,,,,,,,,,,,,,,,
,,,,,Curt Swan,pencils,Exclusive,,Deceased,,,,,,,,,,,,,,,,,,,,,,,,,,,,,,,,,,,,,,,,
,,,,,Mike Mignola,pencils,None,,,,,,,,,,,,,,,,,,,,,,,,,,,,,,,,,,,,,,,,,,
,,,,,John Statema,inks,None,,,,,,,,,,,,,,,,,,,,,,,,,,,,,,,,,,,,,,,,,,
,,,,,Brett Breeding,inks,WFH,,,,,,,,,,,,,,,,,,,,,,,,,,,,,,,,,,,,,,,,,,
,,,,,Glenn Whitmore,color,N/A,,,,,,,,,,,,,,,,,,,,,,,,,,,,,,,,,,,,,,,,,,
"Eraser
(Leonard Fiasco)",Lego Batman,"Batman #188
""The Eraser Who Tried To Rub Out Batman""",Dec-1966,Y,John Broome,writer,None,,Deceased,,,,,,,,,,,,,,,,,,,,,,,,,,,,,,,,,,,,,,,,
,,,,,Sheldon Moldoff,pencils,None,,"Deceased
Per the library and Wayne Smith (Corp. Legal), please check to see if Bob Kane should also be included in credits.",,,,,,,,,,,,,,,,,,,,,,,,,,,,,,,,,,,,,,,,
,,,,,Joe Giella,"inks, cover inks",None,,,,,,,,,,,,,,,,,,,,,,,,,,,,,,,,,,,,,,,,,,
,,,,,Carmine Infantino,cover pencils,Settlement,,Deceased,,,,,,,,,,,,,,,,,,,,,,,,,,,,,,,,,,,,,,,,
Eric Forrester,,New Teen Titans #48,Oct-1988,N,Marv Wolfman,writer,Employment; WFH,,,,,,,,,,,,,,,,,,,,,,,,,,,,,,,,,,,,,,,,,,
,,,,,Eduardo Barreto,"pencils, cover",WFH,,,,,,,,,,,,,,,,,,,,,,,,,,,,,,,,,,,,,,,,,,
,,,,,Romeo Tanghal,inks,WFH,,,,,,,,,,,,,,,,,,,,,,,,,,,,,,,,,,,,,,,,,,
,,,,,Adrienne Roy,color,N/A,,Deceased,,,,,,,,,,,,,,,,,,,,,,,,,,,,,,,,,,,,,,,,
"Eric Morden
(Mr. Nobody)",,"as Mr. Morden:
Doom Patrol #86
""The Brotherhood of Evil""",Mar-1964,N,Arnold Drake,writer,None,2006,Deceased,,,,,,,,,,,,,,,,,,,,,,,,,,,,,,,,,,,,,,,,
,,,,,Bruno Premiani,"pencils, inks",None,,Deceased,,,,,,,,,,,,,,,,,,,,,,,,,,,,,,,,,,,,,,,,
,,,,,Bob Brown,cover,None,,,,,,,,,,,,,,,,,,,,,,,,,,,,,,,,,,,,,,,,,,
,,"as Mr. Nobody:
Doom Patrol #26",Sep-1989,N,Grant Morrison,writer,WFH,,,,,,,,,,,,,,,,,,,,,,,,,,,,,,,,,,,,,,,,,,
,,,,,Richard Case,pencils,WFH,,,,,,,,,,,,,,,,,,,,,,,,,,,,,,,,,,,,,,,,,,
,,,,,John Nyberg,inks,WFH,,,,,,,,,,,,,,,,,,,,,,,,,,,,,,,,,,,,,,,,,,
,,,,,Simon Bisley,cover,WFH,,,,,,,,,,,,,,,,,,,,,,,,,,,,,,,,,,,,,,,,,,
,,,,,Daniel Vozzo,color,N/A,,,,,,,,,,,,,,,,,,,,,,,,,,,,,,,,,,,,,,,,,,
Esperanza Garcia,Flash 602,Titans #30,Dec-2010,N,Eric Wallace,writer,WFH,,,,,,,,,,,,,,,,,,,,,,,,,,,,,,,,,,,,,,,,,,
,,,,,Fabrizio Fiorentino,"pencils, inks, cover",WFH,,,,,,,,,,,,,,,,,,,,,,,,,,,,,,,,,,,,,,,,,,
Etcher,"Point Blank
Sleeper",Sleeper #3,May-2003,N,Ed Brubaker,writer,WFH,,,,,,,,,,,,,,,,,,,,,,,,,,,,,,,,,,,,,,,,,,
,,,,,Sean Phillips,"pencils, inks, cover",WFH,,,,,,,,,,,,,,,,,,,,,,,,,,,,,,,,,,,,,,,,,,
,,,,,Tony Avina,color,N/A,,,,,,,,,,,,,,,,,,,,,,,,,,,,,,,,,,,,,,,,,,
"Etta Candy
(Golden Age)",,"Sensation Comics #2
""Dr. Poison""",Feb-1942,N,William Moulton Marston,writer,Marston agreements (7/31/41; 1/15/46; 7/25/51),,Deceased Final agreement is with Estate.,,,,,,,,,,,,,,,,,,,,,,,,,,,,,,,,,,,,,,,,
,,,,,Harry G. Peter,"pencils, inks, cover",Artist,,Deceased,,,,,,,,,,,,,,,,,,,,,,,,,,,,,,,,,,,,,,,,
"Etta Candy
(Modern Age)",,Wonder Woman #2,Mar-1987,N,Greg Potter,writer,WFH,,,,,,,,,,,,,,,,,,,,,,,,,,,,,,,,,,,,,,,,,,
,,,,,George Perez,"plot, pencils, cover",Continuity,,,,,,,,,,,,,,,,,,,,,,,,,,,,,,,,,,,,,,,,,,
,,,,,Bruce Patterson,inks,WFH,,,,,,,,,,,,,,,,,,,,,,,,,,,,,,,,,,,,,,,,,,
,,,,,Tatjana Wood,color,N/A,,,,,,,,,,,,,,,,,,,,,,,,,,,,,,,,,,,,,,,,,,
Euboea,"Wonder Woman
(2017)",Wonder Woman #10,Nov-1987,N,George Perez,"plot, pencils, cover",Continuity,,,,,,,,,,,,,,,,,,,,,,,,,,,,,,,,,,,,,,,,,,
,,,,,Len Wein,script,WFH,,Deceased,,,,,,,,,,,,,,,,,,,,,,,,,,,,,,,,,,,,,,,,
,,,,,Bruce Patterson,inks,WFH,,,,,,,,,,,,,,,,,,,,,,,,,,,,,,,,,,,,,,,,,,
,,,,,Carl Gafford,color,N/A,,,,,,,,,,,,,,,,,,,,,,,,,,,,,,,,,,,,,,,,,,
Eve Teschmacher,Supergirl 201,Superman,1978,,Richard Donner,director,,,,,,,,,,,,,,,,,,,,,,,,,,,,,,,,,,,,,,,,,,,
,,"First comic appearance:
JLA: Earth-2 OGN",2000,N,Grant Morrison,writer,Graphic Novel Writer,,,,,,,,,,,,,,,,,,,,,,,,,,,,,,,,,,,,,,,,,,
,,,,,"Vincent Deighan
(Frank Quitely)","pencils, inks, cover",Graphic Novel Artist,,,,,,,,,,,,,,,,,,,,,,,,,,,,,,,,,,,,,,,,,,
,,,,,Laura Depuy Martin,color,N/A,,,,,,,,,,,,,,,,,,,,,,,,,,,,,,,,,,,,,,,,,,
Evelyn Dent,,Countdown Presents: The Search for Ray Palmer: Crime Society #1,Dec-2007,,Sean McKeever,writer,,,,,,,,,,,,,,,,,,,,,,,,,,,,,,,,,,,,,,,,,,,
,,,,,Jamal Igle,pencils,,,,,,,,,,,,,,,,,,,,,,,,,,,,,,,,,,,,,,,,,,,
,,,,,Rob Hunter,inks,,,,,,,,,,,,,,,,,,,,,,,,,,,,,,,,,,,,,,,,,,,
,,,,,John Kalisz,colors,,,,,,,,,,,,,,,,,,,,,,,,,,,,,,,,,,,,,,,,,,,
The Executor,,The Executor OGN,2010,Y,Jon Evans,writer,Sole Creator/All Rights; Writer,2007,,,,,,,,,,,,,,,,,,,,,,,,,,,,,,,,,,,,,,,,,
,,,,,Andrea Mutti,"pencils, inks",Graphic Novel,,,,,,,,,,,,,,,,,,,,,,,,,,,,,,,,,,,,,,,,,,
,,,,,Lee Bermejo,cover ,WFH,,,,,,,,,,,,,,,,,,,,,,,,,,,,,,,,,,,,,,,,,,
Fables,,Fables #1,Jul-2002,Y,Bill Willingham,writer,Sole Creator/First & Last Rights; Writer; Literary Option,2001,,,,,,,,,,,,,,,,,,,,,,,,,,,,,,,,,,,,,,,,,
,,,,,Lan Medina,pencils,WFH,,,,,,,,,,,,,,,,,,,,,,,,,,,,,,,,,,,,,,,,,,
,,,,,Steve Leialoha,inks,WFH,,,,,,,,,,,,,,,,,,,,,,,,,,,,,,,,,,,,,,,,,,
,,,,,James Jean,cover,WFH,,,,,,,,,,,,,,,,,,,,,,,,,,,,,,,,,,,,,,,,,,
,,,,,Alexander Maleev,cover (variant),None,,,,,,,,,,,,,,,,,,,,,,,,,,,,,,,,,,,,,,,,,,
,,,,,Sherilyn Van Valkenburgh,color,N/A,,,,,,,,,,,,,,,,,,,,,,,,,,,,,,,,,,,,,,,,,,
,,Fables: 1001 Nights of Snowfall ,2006,Y,Bill Willingham,writer,Writer,,,,,,,,,,,,,,,,,,,,,,,,,,,,,,,,,,,,,,,,,,
,,,,,Esao Andrews,artist,Graphic Novel Artist,,,,,,,,,,,,,,,,,,,,,,,,,,,,,,,,,,,,,,,,,,
,,,,,Brian Bolland,artist,Graphic Novel Artist,,,,,,,,,,,,,,,,,,,,,,,,,,,,,,,,,,,,,,,,,,
,,,,,John Bolton,artist,Graphic Novel Artist,,,,,,,,,,,,,,,,,,,,,,,,,,,,,,,,,,,,,,,,,,
,,,,,Mark Buckingham,artist,Graphic Novel Artist,,,,,,,,,,,,,,,,,,,,,,,,,,,,,,,,,,,,,,,,,,
,,,,,James Jean,"artist, cover",Graphic Novel Artist,,,,,,,,,,,,,,,,,,,,,,,,,,,,,,,,,,,,,,,,,,
,,,,,Mike Kaluta,artist,Graphic Novel Artist,,,,,,,,,,,,,,,,,,,,,,,,,,,,,,,,,,,,,,,,,,
,,,,,Derek Kirk Kim,artist,Graphic Novel Artist,,,,,,,,,,,,,,,,,,,,,,,,,,,,,,,,,,,,,,,,,,
,,,,,Tara McPherson,artist,Graphic Novel Artist,,,,,,,,,,,,,,,,,,,,,,,,,,,,,,,,,,,,,,,,,,
,,,,,Jill Thomson,artist,Graphic Novel Artist,,,,,,,,,,,,,,,,,,,,,,,,,,,,,,,,,,,,,,,,,,
,,,,,Charles Vess,artist,Graphic Novel Artist,,,,,,,,,,,,,,,,,,,,,,,,,,,,,,,,,,,,,,,,,,
,,,,,Mark Wheatley,artist,Graphic Novel Artist,,,,,,,,,,,,,,,,,,,,,,,,,,,,,,,,,,,,,,,,,,
,,Fables: The Last Castle,2003,Y,Bill Willingham,writer,Writer,,,,,,,,,,,,,,,,,,,,,,,,,,,,,,,,,,,,,,,,,,
,,,,,Craig Hamilton,pencils,Prestige Artist,,,,,,,,,,,,,,,,,,,,,,,,,,,,,,,,,,,,,,,,,,
,,,,,P. Craig Russell,inks,Prestige Artist,,,,,,,,,,,,,,,,,,,,,,,,,,,,,,,,,,,,,,,,,,
,,,,,James Jean,cover,WFH,,,,,,,,,,,,,,,,,,,,,,,,,,,,,,,,,,,,,,,,,,
,,,,,Lovern Kindzierski,color,N/A,,,,,,,,,,,,,,,,,,,,,,,,,,,,,,,,,,,,,,,,,,
,,Jack of Fables #1,Sep-2006,Y,Bill Willingham,co-writer,Writer,,,,,,,,,,,,,,,,,,,,,,,,,,,,,,,,,,,,,,,,,,
,,,,,Matt Sturges,co-writer,WFH,,,,,,,,,,,,,,,,,,,,,,,,,,,,,,,,,,,,,,,,,,
,,,,,Tony Akins,pencils,WFH,,,,,,,,,,,,,,,,,,,,,,,,,,,,,,,,,,,,,,,,,,
,,,,,Andrew Pepoy,inks,WFH,,,,,,,,,,,,,,,,,,,,,,,,,,,,,,,,,,,,,,,,,,
,,,,,James Jean,cover,WFH,,,,,,,,,,,,,,,,,,,,,,,,,,,,,,,,,,,,,,,,,,
,,,,,Danny Vozzo,color,N/A,,,,,,,,,,,,,,,,,,,,,,,,,,,,,,,,,,,,,,,,,,
,,Peter & Max: A Fables Novel,2009,Y,Bill Willingham,writer,Writer,,,,,,,,,,,,,,,,,,,,,,,,,,,,,,,,,,,,,,,,,,
,,,,,Steve Leialoha,"pencils, inks, cover",Graphic Novel Artist,,,,,,,,,,,,,,,,,,,,,,,,,,,,,,,,,,,,,,,,,,
"Faghag
(Claudia)","Point Blank
Sleeper",Sleeper: Season 2 #6,Jan-2005,N,Ed Brubaker,writer,WFH,,,,,,,,,,,,,,,,,,,,,,,,,,,,,,,,,,,,,,,,,,
,,,,,Sean Phillips,"pencils, inks, cover",WFH,,,,,,,,,,,,,,,,,,,,,,,,,,,,,,,,,,,,,,,,,,
,,,,,Carrie Strachan,color,N/A,,,,,,,,,,,,,,,,,,,,,,,,,,,,,,,,,,,,,,,,,,
"Fallout
(Neil Borman)",Flash 304,Flash: Iron Heights,2001,N,Geoff Johns,writer,Prestige Writer,2003,,,,,,,,,,,,,,,,,,,,,,,,,,,,,,,,,,,,,,,,,
,,,,,Ethan Van Sciver,"pencils, cover pencils",Prestige Artist,2003,,,,,,,,,,,,,,,,,,,,,,,,,,,,,,,,,,,,,,,,,
,,,,,Prentis Rollins,"inks, cover inks",Prestige Artist,,,,,,,,,,,,,,,,,,,,,,,,,,,,,,,,,,,,,,,,,,
,,,,,Chris Chuckry,color,Color Artist,,,,,,,,,,,,,,,,,,,,,,,,,,,,,,,,,,,,,,,,,,
"The False Face Society
(led by the Joker)",,"Batman #152
""The False Face Society""",Dec-1962,Y,Bill Finger,writer,Contributor Recognition,,Deceased Contributor Recognition Agreement is with heir.,,,,,,,,,,,,,,,,,,,,,,,,,,,,,,,,,,,,,,,,
,,,,,Sheldon Moldoff,pencils & cover artist,None,,"Deceased
Per the library and Wayne Smith (Corp. Legal), please check to see if Bob Kane should also be included in credits.",,,,,,,,,,,,,,,,,,,,,,,,,,,,,,,,,,,,,,,,
,,,,,Charles Paris,inker,None,,Deceased,,,,,,,,,,,,,,,,,,,,,,,,,,,,,,,,,,,,,,,,
"The False Face Society
(led by Black Mask)","Birds of Prey 
(2020)",Batman #386,Aug-1985,N,Doug Moench,writer,WFH,,,,,,,,,,,,,,,,,,,,,,,,,,,,,,,,,,,,,,,,,,
,,,,,Tom Mandrake,"pencils, inks, cover",WFH,,,,,,,,,,,,,,,,,,,,,,,,,,,,,,,,,,,,,,,,,,
,,,,,Adrienne Roy,color,Exclusive,,Deceased,,,,,,,,,,,,,,,,,,,,,,,,,,,,,,,,,,,,,,,,
Farfarmniflatch,Supergirl 501,Young Heroes in Love #17,Oct-1998,N,Dan Raspler dba Metrognome,writer,Joint Creator/All Rights; Writer,,"Reversion Agreement Dated January 19, 2006",,,,,,,,,,,,,,,,,,,,,,,,,,,,,,,,,,,,,,,,
,,,,,Dev Madan,pencils,Joint Creator/All Rights; Artist,,"Reversion Agreement Dated January 19, 2006",,,,,,,,,,,,,,,,,,,,,,,,,,,,,,,,,,,,,,,,
,,,,,Chris Jones,pencils,WFH,,,,,,,,,,,,,,,,,,,,,,,,,,,,,,,,,,,,,,,,,,
,,,,,Sal Buscema,inks,WFH,,,,,,,,,,,,,,,,,,,,,,,,,,,,,,,,,,,,,,,,,,
,,,,,Keith Champagne,inks,WFH,,,,,,,,,,,,,,,,,,,,,,,,,,,,,,,,,,,,,,,,,,
Faruka,Wonder Woman (2017),Wonder Woman #32,Jul-1989,N,George Perez,"writer, cover",WFH; Continuity; Exclusive,,,,,,,,,,,,,,,,,,,,,,,,,,,,,,,,,,,,,,,,,,
,,,,,Tom Grummett,pencils,WFH,,,,,,,,,,,,,,,,,,,,,,,,,,,,,,,,,,,,,,,,,,
,,,,,Steve Montano,inks,WFH,,,,,,,,,,,,,,,,,,,,,,,,,,,,,,,,,,,,,,,,,,
,,,,,Carl Gafford,color,N/A,,,,,,,,,,,,,,,,,,,,,,,,,,,,,,,,,,,,,,,,,,
"The Fatal Five
(Emerald Empress; Mano; The Persuader; Tharok; Validus)",,Adventure Comics #352,Jan-1967,Y,"James ""Jim"" Shooter",writer,None,,,,,,,,,,,,,,,,,,,,,,,,,,,,,,,,,,,,,,,,,,
,,,,,Curt Swan,"pencils, cover pencils",None,,Deceased,,,,,,,,,,,,,,,,,,,,,,,,,,,,,,,,,,,,,,,,
,,,,,George Klein,"inks, cover inks",None,,Deceased,,,,,,,,,,,,,,,,,,,,,,,,,,,,,,,,,,,,,,,,
Father Daniel Leone,"Man of Steel
(2013)",Superman #204,Jun-2004,N,Brian Azzarello,writer,WFH,2014,,,,,,,,,,,,,,,,,,,,,,,,,,,,,,,,,,,,,,,,,
,,,,,Jim Lee,"pencils, cover pencils",Firewall Agreement,,,,,,,,,,,,,,,,,,,,,,,,,,,,,,,,,,,,,,,,,,
,,,,,Scott Williams,"inks, cover inks",None,,,,,,,,,,,,,,,,,,,,,,,,,,,,,,,,,,,,,,,,,,
,,,,,Alex Sinclair,color,N/A,,,,,,,,,,,,,,,,,,,,,,,,,,,,,,,,,,,,,,,,,,
Fausta Grables,"Wonder Woman
(2017)","Comic Cavalcade #2
""Wonder Woman: Wanted By Hitler, Dead Or Alive""",Spring 1943,N,William Moulton Marston,writer,Marston agreements (7/31/41; 1/15/46; 7/25/51),,Deceased Final agreement is with Estate.,,,,,,,,,,,,,,,,,,,,,,,,,,,,,,,,,,,,,,,,
,,,,,Frank Godwin,"pencils, inks",Artist,,,,,,,,,,,,,,,,,,,,,,,,,,,,,,,,,,,,,,,,,,
,,,,,Frank Harry,cover,None,,,,,,,,,,,,,,,,,,,,,,,,,,,,,,,,,,,,,,,,,,
"FBP: Federal Bureau of Physics
(formerly Collider and Strangeways)",,"Collider #1
(Series title was changed to FBP with issue #2)",Sep-2013,Y,Simon Oliver,writer,Joint Creator/All Rights; Writer,2011,,,,,,,,,,,,,,,,,,,,,,,,,,,,,,,,,,,,,,,,,
,,,,,Robbi Rodriguez,"pencils, inks",Joint Creator/All Rights; Artist,2012,,,,,,,,,,,,,,,,,,,,,,,,,,,,,,,,,,,,,,,,,
,,,,,Nathan Fox,cover,WFH,,,,,,,,,,,,,,,,,,,,,,,,,,,,,,,,,,,,,,,,,,
,,,,,Rico Renzi,color,N/A,,,,,,,,,,,,,,,,,,,,,,,,,,,,,,,,,,,,,,,,,,
Felicity Smoak,Arrow 103,Fury of Firestorm #23,May-1984,N,Gerry Conway,writer,Writer,2013,,,,,,,,,,,,,,,,,,,,,,,,,,,,,,,,,,,,,,,,,
,,,,,Rafael Kayanan,"pencils, cover pencils",WFH,2013,,,,,,,,,,,,,,,,,,,,,,,,,,,,,,,,,,,,,,,,,
,,,,,"Rodolfo ""Rodin"" Rodriguez",inks,WFH,,,,,,,,,,,,,,,,,,,,,,,,,,,,,,,,,,,,,,,,,,
,,,,,Dick Giordano,cover inks,N/A,,"Giordano may have been an employee of DC at this time.
Deceased",,,,,,,,,,,,,,,,,,,,,,,,,,,,,,,,,,,,,,,,
,,,,,Carl Gafford,color,N/A,,,,,,,,,,,,,,,,,,,,,,,,,,,,,,,,,,,,,,,,,,
Felix Faust,Dark Universe,Justice League of America #10,Mar-1962,Y,Gardner F. Fox,writer,Creator Recognition,2009,Deceased Creator recognition agreement with heirs.,,,,,,,,,,,,,,,,,,,,,,,,,,,,,,,,,,,,,,,,
,,,,,Mike Sekowsky,pencils,None,,Deceased,,,,,,,,,,,,,,,,,,,,,,,,,,,,,,,,,,,,,,,,
,,,,,Bernard Sachs,inks,None,,Deceased,,,,,,,,,,,,,,,,,,,,,,,,,,,,,,,,,,,,,,,,
,,,,,Murphy Anderson,cover inks,None,,Deceased,,,,,,,,,,,,,,,,,,,,,,,,,,,,,,,,,,,,,,,,
"Ferris Aircraft, Inc.","Flash 210
(1/19/2016)","Showcase #22
""Secret of the Flaming Spear""",Sep-1959,N,John Broome,writer,None,,Deceased,,,,,,,,,,,,,,,,,,,,,,,,,,,,,,,,,,,,,,,,
,,,,,Gil Kane,pencils; cover,None,,Deceased,,,,,,,,,,,,,,,,,,,,,,,,,,,,,,,,,,,,,,,,
,,,,,Murphy Anderson,inks,None,,Deceased,,,,,,,,,,,,,,,,,,,,,,,,,,,,,,,,,,,,,,,,
"Ferro Lad
(Andrew Nolan)",,Adventure Comics #346,Jul-1966,Y,"James ""Jim"" Shooter","writer, pencils",None,,,,,,,,,,,,,,,,,,,,,,,,,,,,,,,,,,,,,,,,,,
,,,,,Sheldon Moldoff,inks,None,,Deceased,,,,,,,,,,,,,,,,,,,,,,,,,,,,,,,,,,,,,,,,
,,,,,Curt Swan,cover pencils,None,,Deceased,,,,,,,,,,,,,,,,,,,,,,,,,,,,,,,,,,,,,,,,
,,,,,George Klein,cover inks,None,,Deceased,,,,,,,,,,,,,,,,,,,,,,,,,,,,,,,,,,,,,,,,
Fiddler,Plastic Man,"in Fawcett Comics:
Bulletman #11
""The Fiendish Fiddler""",Jan-1943,Y,Jack Binder,cover,None,,"See also: Fawcett Purchase Agreements
This character has never been published in DC Comics.",,,,,,,,,,,,,,,,,,,,,,,,,,,,,,,,,,,,,,,,
"Fiddler
(Benjamin Bowe)",Plastic Man,"Action Comics #59
""Fiddler's Fee""",Apr-1943,N,Mort Meskin,pencils,None,,Deceased,,,,,,,,,,,,,,,,,,,,,,,,,,,,,,,,,,,,,,,,
,,,,,Charles Paris,inks,None,,Deceased,,,,,,,,,,,,,,,,,,,,,,,,,,,,,,,,,,,,,,,,
,,,,,Jack Burnley,cover,None,,Deceased,,,,,,,,,,,,,,,,,,,,,,,,,,,,,,,,,,,,,,,,
"Fiddler
(Isaac Bowin)",Plastic Man,"All-Flash #32
""Duet of Danger""",Jan-1948,Y,Robert Kanigher,writer,N/A,,"Kanigher was an employee of DC from 2/3/47-5/31/82.
Deceased",,,,,,,,,,,,,,,,,,,,,,,,,,,,,,,,,,,,,,,,
,,,,,Lee Elias,"pencils, cover pencils",None,,,,,,,,,,,,,,,,,,,,,,,,,,,,,,,,,,,,,,,,,,
,,,,,Moe Worthman,"inks, cover inks",None,,,,,,,,,,,,,,,,,,,,,,,,,,,,,,,,,,,,,,,,,,
Fight for Tomorrow,,Fight for Tomorrow #1,Nov-2022,,Brian Wood,writer,Services,,,DC has all media rights,,,,,,,,,,,,,,,,,,,,,,,,,,,,,,,,,,,,,,,
,,,,,Denys Cowan,artist,Services,,,,,,,,,,,,,,,,,,,,,,,,,,,,,,,,,,,,,,,,,,
Fire Falls,Krypton 208,Superman #141,Nov-1960,N,"Jerome ""Jerry"" Siegel",writer,Settlement,,Deceased Settlement is with heirs.,,,,,,,,,,,,,,,,,,,,,,,,,,,,,,,,,,,,,,,,
,,,,,Wayne Boring,pencils,None,,Deceased,,,,,,,,,,,,,,,,,,,,,,,,,,,,,,,,,,,,,,,,
,,,,,Stan Kaye,"inks, cover inks",None,,Deceased,,,,,,,,,,,,,,,,,,,,,,,,,,,,,,,,,,,,,,,,
,,,,,Curt Swan,cover pencils,None,,Deceased,,,,,,,,,,,,,,,,,,,,,,,,,,,,,,,,,,,,,,,,
"Firefly
(Garfield Lynns)",Gotham 205,"Detective Comics #184
""The Human Firefly""",Jun-1952,Y,"France ""Ed"" Herron",writer,None,,Deceased,,,,,,,,,,,,,,,,,,,,,,,,,,,,,,,,,,,,,,,,
,,,,,Dick Sprang,pencils,None,,Deceased,Dick Sprang’s beneficiary is Yavapai Symphony Association. We’ve been paying Yavapai Symphony Association since 2000 for Dick Sprang’s royalties,,,,,,,,,,,,,,,,,,,,,,,,,,,,,,,,,,,,,,,
,,,,,Charles Paris,inks,None,,Deceased,,,,,,,,,,,,,,,,,,,,,,,,,,,,,,,,,,,,,,,,
,,,,,"James Winslow ""Win"" Mortimer",cover,None,,Deceased,,,,,,,,,,,,,,,,,,,,,,,,,,,,,,,,,,,,,,,,
"Firefly
(Theodore ""Ted"" Carson)",,"Batman #126
""The Menace of the Firefly""",Sep-1959,Y,Bill Finger,writer,Contributor Recognition,,Deceased Contributor Recognition Agreement is with heir.,,,,,,,,,,,,,,,,,,,,,,,,,,,,,,,,,,,,,,,,
,,,,,Sheldon Moldoff,pencils,None,,"Deceased
Per the library and Wayne Smith (Corp. Legal), please check to see if Bob Kane should also be included in credits.",,,,,,,,,,,,,,,,,,,,,,,,,,,,,,,,,,,,,,,,
,,,,,Charles Paris,inks,None,,Deceased,,,,,,,,,,,,,,,,,,,,,,,,,,,,,,,,,,,,,,,,
,,,,,Curt Swan,cover pencils,None,,Deceased,,,,,,,,,,,,,,,,,,,,,,,,,,,,,,,,,,,,,,,,
,,,,,Stan Kaye,cover inks,None,,Deceased,,,,,,,,,,,,,,,,,,,,,,,,,,,,,,,,,,,,,,,,
"Firestorm
(Ronnie Raymond; Deathstorm)","Flash 103
(10/21/2014)","as Ronnie Raymond/Firestorm:
Firestorm #1",Mar-1978,Y,Gerry Conway,writer,Exclusive,1979,,,,,,,,,,,,,,,,,,,,,,,,,,,,,,,,,,,,,,,,,
,,,,,Al Milgrom,"pencils, cover",None,1980,,,,,,,,,,,,,,,,,,,,,,,,,,,,,,,,,,,,,,,,,
,,,,,Klaus Janson,inks,None,,,,,,,,,,,,,,,,,,,,,,,,,,,,,,,,,,,,,,,,,,
,,,,,Josef Rubinstein,inks,None,,,,,,,,,,,,,,,,,,,,,,,,,,,,,,,,,,,,,,,,,,
,,,,,Adrienne Roy,color,N/A,,Deceased,,,,,,,,,,,,,,,,,,,,,,,,,,,,,,,,,,,,,,,,
,,"as Deathstorm:
Brightest Day #10",Nov-2010,N,Geoff Johns,Writer,WFH; Exclusive,,,,,,,,,,,,,,,,,,,,,,,,,,,,,,,,,,,,,,,,,,
,,,,,Peter Tomasi,Writer,Continuity; Exclusive,,,,,,,,,,,,,,,,,,,,,,,,,,,,,,,,,,,,,,,,,,
,,,,,Ivan Reis,Pencils,Continuity; Exclusive,,,,,,,,,,,,,,,,,,,,,,,,,,,,,,,,,,,,,,,,,,
,,,,,Scott Clark,Pencils,Continuity,,Deceased,,,,,,,,,,,,,,,,,,,,,,,,,,,,,,,,,,,,,,,,
,,,,,Joe Prado,Pencils,WFH,,,,,,,,,,,,,,,,,,,,,,,,,,,,,,,,,,,,,,,,,,
,,,,,Oclair Albert,Inks,WFH,,,,,,,,,,,,,,,,,,,,,,,,,,,,,,,,,,,,,,,,,,
,,,,,David Beaty,Inks,WFH,,,,,,,,,,,,,,,,,,,,,,,,,,,,,,,,,,,,,,,,,,
,,,,,Peter Steigerwalk,Color,N/A,,,,,,,,,,,,,,,,,,,,,,,,,,,,,,,,,,,,,,,,,,
,,,,,John Starr,Color,N/A,,,,,,,,,,,,,,,,,,,,,,,,,,,,,,,,,,,,,,,,,,
,,,,,David Finch,Cover,WFH,,,,,,,,,,,,,,,,,,,,,,,,,,,,,,,,,,,,,,,,,,
"Firestorm
(Martin Stein)","Flash 112
(2/3/2015)",Firestorm #1,Mar-1978,Y,Gerry Conway,writer,Exclusive,1979,,,,,,,,,,,,,,,,,,,,,,,,,,,,,,,,,,,,,,,,,
,,,,,Al Milgrom,"pencils, cover",None,1980,,,,,,,,,,,,,,,,,,,,,,,,,,,,,,,,,,,,,,,,,
,,,,,Klaus Janson,inks,None,,,,,,,,,,,,,,,,,,,,,,,,,,,,,,,,,,,,,,,,,,
,,,,,Josef Rubinstein,inks,None,,,,,,,,,,,,,,,,,,,,,,,,,,,,,,,,,,,,,,,,,,
,,,,,Adrienne Roy,color,N/A,,Deceased,,,,,,,,,,,,,,,,,,,,,,,,,,,,,,,,,,,,,,,,
"Firestorm
(Jason Rusch)","Flash 110
(1/20/2015)",Firestorm #1,Jul-2004,Y,Dan Jolley,writer,WFH,,,,,,,,,,,,,,,,,,,,,,,,,,,,,,,,,,,,,,,,,,
,,,,,Christopher Williams,"pencils, cover",WFH,,,,,,,,,,,,,,,,,,,,,,,,,,,,,,,,,,,,,,,,,,
,,,,,John Dell III,inks,WFH,,,,,,,,,,,,,,,,,,,,,,,,,,,,,,,,,,,,,,,,,,
,,,,,Chris Sotomayor,color,N/A,,,,,,,,,,,,,,,,,,,,,,,,,,,,,,,,,,,,,,,,,,
"Firestorm
(Madison Payne)","Flash 204
(10/27/2015)",The New 52: Future's End #4,Jul-2014,N,Brian Azzarello,writer,Continuity,,,,,,,,,,,,,,,,,,,,,,,,,,,,,,,,,,,,,,,,,,
,,,,,Jeff Lemire,writer,Continuity,,,,,,,,,,,,,,,,,,,,,,,,,,,,,,,,,,,,,,,,,,
,,,,,Dan Jurgens,writer,Continuity,,,,,,,,,,,,,,,,,,,,,,,,,,,,,,,,,,,,,,,,,,
,,,,,Keith Giffen,writer,Continuity,,,,,,,,,,,,,,,,,,,,,,,,,,,,,,,,,,,,,,,,,,
,,,,,Aaron Lopresti,pencils,WFH,,,,,,,,,,,,,,,,,,,,,,,,,,,,,,,,,,,,,,,,,,
,,,,,Art Thibert,inks,WFH,,,,,,,,,,,,,,,,,,,,,,,,,,,,,,,,,,,,,,,,,,
,,,,,Ryan Sook,cover,Continuity,,,,,,,,,,,,,,,,,,,,,,,,,,,,,,,,,,,,,,,,,,
,,,,,Brian Miller,color,N/A,,,,,,,,,,,,,,,,,,,,,,,,,,,,,,,,,,,,,,,,,,
Fishy,Lego Aquaman,52 #19,Sep-2006,N,Geoff Johns,writer,Exclusive; Continuity,,,,,,,,,,,,,,,,,,,,,,,,,,,,,,,,,,,,,,,,,,
,,,,,Grant Morrison,writer,WFH; Continuity,,,,,,,,,,,,,,,,,,,,,,,,,,,,,,,,,,,,,,,,,,
,,,,,Greg Rucka,writer,WFH; Continuity,,,,,,,,,,,,,,,,,,,,,,,,,,,,,,,,,,,,,,,,,,
,,,,,Mark Waid,writer,WFH; Continuity,,,,,,,,,,,,,,,,,,,,,,,,,,,,,,,,,,,,,,,,,,
,,,,,Keith Giffen,pencils,Continuity,,,,,,,,,,,,,,,,,,,,,,,,,,,,,,,,,,,,,,,,,,
,,,,,Patrick Olliffe,pencils,WFH,,,,,,,,,,,,,,,,,,,,,,,,,,,,,,,,,,,,,,,,,,
,,,,,Drew Geraci,inks,WFH,,,,,,,,,,,,,,,,,,,,,,,,,,,,,,,,,,,,,,,,,,
,,,,,J.G. Jones,cover,WFH,,,,,,,,,,,,,,,,,,,,,,,,,,,,,,,,,,,,,,,,,,
,,,,,Alex Sinclair,color,Exclusive,,,,,,,,,,,,,,,,,,,,,,,,,,,,,,,,,,,,,,,,,,
"Flamebird
(Thara Ak-Var)",Supergirl 321,Superman #681,Dec-2008,N,James Robinson,writer,WFH,,,,,,,,,,,,,,,,,,,,,,,,,,,,,,,,,,,,,,,,,,
,,,,,Renato Guedes Correa,pencils,WFH,,,,,,,,,,,,,,,,,,,,,,,,,,,,,,,,,,,,,,,,,,
,,,,,Jose Wilson Magalhaes,inks,WFH,,,,,,,,,,,,,,,,,,,,,,,,,,,,,,,,,,,,,,,,,,
,,,,,Alex Ross,cover,WFH,,,,,,,,,,,,,,,,,,,,,,,,,,,,,,,,,,,,,,,,,,
,,,,,David Curiel,color,N/A,,,,,,,,,,,,,,,,,,,,,,,,,,,,,,,,,,,,,,,,,,
"The Flash
(Jay Garrick)","Flash 201
(10/6/2015)","Flash Comics #1
""Origin of the Flash""",Jan-1940,Y,Gardner F. Fox,writer,Creator Recognition,2009,Deceased Creator recognition agreement with is with heirs (DCBL 11899),,,,,,,,,,,,,,,,,,,,,,,,,,,,,,,,,,,,,,,,
,,,,,Harry Lampert,"pencils, inks",None,,,,,,,,,,,,,,,,,,,,,,,,,,,,,,,,,,,,,,,,,,
,,,,,Sheldon Moldoff,cover,Artist,,Deceased,,,,,,,,,,,,,,,,,,,,,,,,,,,,,,,,,,,,,,,,
"The Flash
(Barry Allen)","Arrow 208
(12/4/2013)","Showcase #4
""Mystery of the Human Thunderbolt""",Sep-1956,Y,Robert Kanigher,writer,N/A,,"Kanigher was an employee of DC from 2/3/47 - 5/31/82.
Deceased",,,,,,,,,,,,,,,,,,,,,,,,,,,,,,,,,,,,,,,,
,,,,,Carmine Infantino,"pencils, cover pencils",Settlement,,Deceased,,,,,,,,,,,,,,,,,,,,,,,,,,,,,,,,,,,,,,,,
,,,,,Joe Kubert,"inks, cover inks",None,,Deceased,,,,,,,,,,,,,,,,,,,,,,,,,,,,,,,,,,,,,,,,
"The Flash
(Wally West; Kid Flash)","Flash 209
(12/8/2015)","as Kid Flash:
The Flash #110
""Meet Kid Flash""",Dec-1959,N,John Broome,writer,None,,Deceased,,,,,,,,,,,,,,,,,,,,,,,,,,,,,,,,,,,,,,,,
,,,,,Carmine Infantino,"pencils, cover pencils",Settlement,,Deceased,,,,,,,,,,,,,,,,,,,,,,,,,,,,,,,,,,,,,,,,
,,,,,Joe Giella,"inks, cover inks",None,,,,,,,,,,,,,,,,,,,,,,,,,,,,,,,,,,,,,,,,,,
,,"as The Flash:
Crisis on Infinite Earths #12",Mar-1986,Y,Marv Wolfman,"writer, editor",Writer-Editor,,,,,,,,,,,,,,,,,,,,,,,,,,,,,,,,,,,,,,,,,,
,,,,,George Perez,"pencils, cover",Exclusive,,,,,,,,,,,,,,,,,,,,,,,,,,,,,,,,,,,,,,,,,,
,,,,,Jerry Ordway,inks,None,,,,,,,,,,,,,,,,,,,,,,,,,,,,,,,,,,,,,,,,,,
,,,,,Thomas Ziuko,color,N/A,,,,,,,,,,,,,,,,,,,,,,,,,,,,,,,,,,,,,,,,,,
"The Flash
(Bart Allen; Impulse; Kid Flash)",,"as Impulse:
Flash #92",Jul-1994,Y,Mark Waid,writer,Continuity,1996,,,,,,,,,,,,,,,,,,,,,,,,,,,,,,,,,,,,,,,,,
,,,,,Mike Wieringo,"pencils, cover pencils",WFH,1996,,,,,,,,,,,,,,,,,,,,,,,,,,,,,,,,,,,,,,,,,
,,,,,"Jose F. Marzan, Jr.","inks, cover inks",Continuity,,,,,,,,,,,,,,,,,,,,,,,,,,,,,,,,,,,,,,,,,,
,,,,,Gina Going-Raney,color,N/A,,,,,,,,,,,,,,,,,,,,,,,,,,,,,,,,,,,,,,,,,,
,,"as Kid Flash:
Teen Titans #4",Dec-2003,N,Geoff Johns,writer,WFH,,,,,,,,,,,,,,,,,,,,,,,,,,,,,,,,,,,,,,,,,,
,,,,,Mike McKone,"pencils, cover pencils",WFH,,,,,,,,,,,,,,,,,,,,,,,,,,,,,,,,,,,,,,,,,,
,,,,,Marlo Alquiza,"inks, cover inks",WFH,,,,,,,,,,,,,,,,,,,,,,,,,,,,,,,,,,,,,,,,,,
,,,,,Jeromy Cox,color,N/A,,,,,,,,,,,,,,,,,,,,,,,,,,,,,,,,,,,,,,,,,,
,,"as The Flash:
The Flash: The Fastest Man Alive #1",Aug-2006,Y,Danny Bilson,writer,WFH,,,,,,,,,,,,,,,,,,,,,,,,,,,,,,,,,,,,,,,,,,
,,,,,Paul DeMeo,writer,WFH,,,,,,,,,,,,,,,,,,,,,,,,,,,,,,,,,,,,,,,,,,
,,,,,Ken Lashley,"pencils, cover pencils",WFH,,,,,,,,,,,,,,,,,,,,,,,,,,,,,,,,,,,,,,,,,,
,,,,,Marlo Alquiza,inks,WFH,,,,,,,,,,,,,,,,,,,,,,,,,,,,,,,,,,,,,,,,,,
,,,,,Jay Leisten,inks,WFH,,,,,,,,,,,,,,,,,,,,,,,,,,,,,,,,,,,,,,,,,,
,,,,,Norm Rapmund,inks,WFH,,,,,,,,,,,,,,,,,,,,,,,,,,,,,,,,,,,,,,,,,,
,,,,,Greg Parkin,cover inks,None,,,,,,,,,,,,,,,,,,,,,,,,,,,,,,,,,,,,,,,,,,
,,,,,Andy Kubert,cover pencils (variant),WFH,,,,,,,,,,,,,,,,,,,,,,,,,,,,,,,,,,,,,,,,,,
,,,,,Joe Kubert,cover inks (variant),WFH,,Deceased,,,,,,,,,,,,,,,,,,,,,,,,,,,,,,,,,,,,,,,,
,,,,,Carrie Strachan,color,N/A,,,,,,,,,,,,,,,,,,,,,,,,,,,,,,,,,,,,,,,,,,
"The Flash
(Danica Williams)",Flash 508,"Justice League Beyond #19
(Digital Release)",Feb-2013,N,Derek Fridolfs,"writer, inks",WFH,,,,,,,,,,,,,,,,,,,,,,,,,,,,,,,,,,,,,,,,,,
,,,,,Jorge Corona,pencils,WFH,,,,,,,,,,,,,,,,,,,,,,,,,,,,,,,,,,,,,,,,,,
,,,,,Khary Randolph,cover,WFH,,,,,,,,,,,,,,,,,,,,,,,,,,,,,,,,,,,,,,,,,,
,,,,,Nick Filardi,color,N/A,,,,,,,,,,,,,,,,,,,,,,,,,,,,,,,,,,,,,,,,,,
Flash Museum,Flash 320,"The Flash #154
""Gangster Masquerade""",Aug-1965,N,John Broome,writer,None,,Deceased,,,,,,,,,,,,,,,,,,,,,,,,,,,,,,,,,,,,,,,,
,,,,,Carmine Infantino,"pencils, cover pencils",Settlement,,Deceased,,,,,,,,,,,,,,,,,,,,,,,,,,,,,,,,,,,,,,,,
,,,,,Joe Giella,inks,None,,,,,,,,,,,,,,,,,,,,,,,,,,,,,,,,,,,,,,,,,,
,,,,,Murphy Anderson,cover inks,None,,Deceased,,,,,,,,,,,,,,,,,,,,,,,,,,,,,,,,,,,,,,,,
Flex Mentallo,Doom Patrol 113,Doom Patrol #35,Aug-1990,N,Grant Morrison,writer,Writer Agreement,,,,,,,,,,,,,,,,,,,,,,,,,,,,,,,,,,,,,,,,,,
,,,,,Richard Case,pencils,WFH,,,,,,,,,,,,,,,,,,,,,,,,,,,,,,,,,,,,,,,,,,
,,,,,John Nyberg,inks,WFH,,,,,,,,,,,,,,,,,,,,,,,,,,,,,,,,,,,,,,,,,,
,,,,,Simon Bisley,cover,WFH,,,,,,,,,,,,,,,,,,,,,,,,,,,,,,,,,,,,,,,,,,
,,,,,Daniel Vozzo,color,N/A,,,,,,,,,,,,,,,,,,,,,,,,,,,,,,,,,,,,,,,,,,
Florence Crawley,Suicide Squad 2,Suicide Squad #1,May-1987,N,John Ostrander,writer,WFH,,,,,,,,,,,,,,,,,,,,,,,,,,,,,,,,,,,,,,,,,,
,,,,,Luke McDonnell,pencils,WFH,,,,,,,,,,,,,,,,,,,,,,,,,,,,,,,,,,,,,,,,,,
,,,,,Karl Kesel,inks,WFH,,,,,,,,,,,,,,,,,,,,,,,,,,,,,,,,,,,,,,,,,,
,,,,,Howard Chaykin,cover,WFH,,,,,,,,,,,,,,,,,,,,,,,,,,,,,,,,,,,,,,,,,,
,,,,,Carl Gafford,color,N/A,,,,,,,,,,,,,,,,,,,,,,,,,,,,,,,,,,,,,,,,,,
The Flying Graysons,,"Detective Comics #38
""Robin the Boy Wonder""",Apr-1940,Y,Bill Finger,writer,Contributor Recognition,,Deceased Contributor Recognition Agreement is with heir.,,,,,,,,,,,,,,,,,,,,,,,,,,,,,,,,,,,,,,,,
,,,,,Bob Kane,"pencils, cover pencils",Services Agreements,,Deceased,,,,,,,,,,,,,,,,,,,,,,,,,,,,,,,,,,,,,,,,
,,,,,Jerry Robinson,"inks, cover inks",Settlement,,Deceased,,,,,,,,,,,,,,,,,,,,,,,,,,,,,,,,,,,,,,,,
"The Fog
(Byron Shelley)",,Doom Patrol #26,Sep-1989,N,Grant Morrison,writer,WFH,Y,,,,,,,,,,,,,,,,,,,,,,,,,,,,,,,,,,,,,,,,,
,,,,,Richard Case,pencils,WFH,,,,,,,,,,,,,,,,,,,,,,,,,,,,,,,,,,,,,,,,,,
,,,,,John Nyberg,inks,WFH,,,,,,,,,,,,,,,,,,,,,,,,,,,,,,,,,,,,,,,,,,
Fogtown,,Fogtown HC,2010,Y,Andersen Gabrych,writer,Joint Creator/All Rights; Writer,2006,,,,,,,,,,,,,,,,,,,,,,,,,,,,,,,,,,,,,,,,,
,,,,,Brad Rader,"pencils, inks",Joint Creator/All Rights; Artist,2006,,,,,,,,,,,,,,,,,,,,,,,,,,,,,,,,,,,,,,,,,
,,,,,Lee Bermejo,cover,WFH,,,,,,,,,,,,,,,,,,,,,,,,,,,,,,,,,,,,,,,,,,
"Folding Man
(Edward Gauss)",Flash 418,Flash #153,Oct-1999,Y,Brian Augustyn,writer,WFH,,,,,,,,,,,,,,,,,,,,,,,,,,,,,,,,,,,,,,,,,,
,,,,,Mark Waid,writer,WFH,,,,,,,,,,,,,,,,,,,,,,,,,,,,,,,,,,,,,,,,,,
,,,,,Paul Pelletier,pencils,WFH,,,,,,,,,,,,,,,,,,,,,,,,,,,,,,,,,,,,,,,,,,
,,,,,Jose Marzan Jr.,inks,WFH,,,,,,,,,,,,,,,,,,,,,,,,,,,,,,,,,,,,,,,,,,
,,,,,Steve Lightle,cover,WFH,,,,,,,,,,,,,,,,,,,,,,,,,,,,,,,,,,,,,,,,,,
,,,,,Tom McCraw,color,Exclusive,,,,,,,,,,,,,,,,,,,,,,,,,,,,,,,,,,,,,,,,,,
Forager,Young Justice,"New Gods #9
""The Bug!""",Jul-1972,Y,Jack Kirby,"writer, pencils, cover pencils",Fourth World Agreement,Y,Deceased,,,,,,,,,,,,,,,,,,,,,,,,,,,,,,,,,,,,,,,,
,,,,,Mike Royer,"inks, cover inks",None,,,,,,,,,,,,,,,,,,,,,,,,,,,,,,,,,,,,,,,,,,
Forager II,,New Gods #2,Mar-1989,N,Jim Starlin,writer,WFH,,,,,,,,,,,,,,,,,,,,,,,,,,,,,,,,,,,,,,,,,,
,,,,,Paris Cullins,"writer, pencils, cover pencils",WFH,,,,,,,,,,,,,,,,,,,,,,,,,,,,,,,,,,,,,,,,,,
,,,,,Bob Lewis,inks,WFH,,,,,,,,,,,,,,,,,,,,,,,,,,,,,,,,,,,,,,,,,,
,,,,,Scott Hanna,cover inks,WFH,,,,,,,,,,,,,,,,,,,,,,,,,,,,,,,,,,,,,,,,,,
,,,,,Tom Ziuko,color,N/A,,,,,,,,,,,,,,,,,,,,,,,,,,,,,,,,,,,,,,,,,,
Forager III,,Countdown #40,Sep-2007,N,Paul Dini,writer,Continuity,,,,,,,,,,,,,,,,,,,,,,,,,,,,,,,,,,,,,,,,,,
,,,,,Tony Bedard,writer,WFH,,,,,,,,,,,,,,,,,,,,,,,,,,,,,,,,,,,,,,,,,,
,,,,,Keith Giffen,pencils,Continuity,,,,,,,,,,,,,,,,,,,,,,,,,,,,,,,,,,,,,,,,,,
,,,,,Manuel Garcia,inks,WFH,,,,,,,,,,,,,,,,,,,,,,,,,,,,,,,,,,,,,,,,,,
,,,,,Terry Dodson,cover pencils,WFH,,,,,,,,,,,,,,,,,,,,,,,,,,,,,,,,,,,,,,,,,,
,,,,,Rachel Dodson,cover inks,WFH,,,,,,,,,,,,,,,,,,,,,,,,,,,,,,,,,,,,,,,,,,
,,,,,Thomas Chu,color,N/A,,,,,,,,,,,,,,,,,,,,,,,,,,,,,,,,,,,,,,,,,,
Fort Rozz,"Supergirl 101
(10/26/2015)",Krypton Chronicles #1,Sep-1981,N,E. Nelson Bridwell,writer,N/A,,"Bridwell was an employee of DC at this time.
Deceased",,,,,,,,,,,,,,,,,,,,,,,,,,,,,,,,,,,,,,,,
,,,,,Curt Swan,pencils,Exclusive,,Deceased,,,,,,,,,,,,,,,,,,,,,,,,,,,,,,,,,,,,,,,,
,,,,,Frank Chiaramonte,inks,Exclusive,,Deceased,,,,,,,,,,,,,,,,,,,,,,,,,,,,,,,,,,,,,,,,
,,,,,"Richard Buckler, Sr.",cover pencils,Exclusive,,,,,,,,,,,,,,,,,,,,,,,,,,,,,,,,,,,,,,,,,,
,,,,,Dick Giordano,cover inks,Exclusive,,"Giordano was an employee of DC at this time.
Deceased",,,,,,,,,,,,,,,,,,,,,,,,,,,,,,,,,,,,,,,,
,,,,,Carl Gafford,color,N/A,,,,,,,,,,,,,,,,,,,,,,,,,,,,,,,,,,,,,,,,,,
Foundry Row,,Batgirl #1,Oct-2009,N,Bryan Q. Miller,writer,WFH,,,,,,,,,,,,,,,,,,,,,,,,,,,,,,,,,,,,,,,,,,
,,,,,Lee Garbett,pencils,WFH,,,,,,,,,,,,,,,,,,,,,,,,,,,,,,,,,,,,,,,,,,
,,,,,Trevor Scott,inks,WFH,,,,,,,,,,,,,,,,,,,,,,,,,,,,,,,,,,,,,,,,,,
,,,,,Phil Noto,cover,WFH,,,,,,,,,,,,,,,,,,,,,,,,,,,,,,,,,,,,,,,,,,
,,,,,Guy Major,color,Exclusive,,,,,,,,,,,,,,,,,,,,,,,,,,,,,,,,,,,,,,,,,,
Francis March,"Point Blank
Sleeper",Sleeper #4,Jun-2003,N,Ed Brubaker,writer,WFH,,,,,,,,,,,,,,,,,,,,,,,,,,,,,,,,,,,,,,,,,,
,,,,,Sean Phillips,"pencils, inks, cover",WFH,,,,,,,,,,,,,,,,,,,,,,,,,,,,,,,,,,,,,,,,,,
,,,,,Tony Avina,color,N/A,,,,,,,,,,,,,,,,,,,,,,,,,,,,,,,,,,,,,,,,,,
"Frank ""Two-Bits"" Tanner",Black Lightning 104,Black Lightning #3,Jul-1977,N,Tony Isabella,writer,Exclusive; Creator Recognition,2016,,,,,,,,,,,,,,,,,,,,,,,,,,,,,,,,,,,,,,,,,
,,,,,Trevor Von Eeden,pencils,None,2016,,,,,,,,,,,,,,,,,,,,,,,,,,,,,,,,,,,,,,,,,
,,,,,Vince Colletta,"inks, cover inks",None,,Deceased,,,,,,,,,,,,,,,,,,,,,,,,,,,,,,,,,,,,,,,,
,,,,,Rich Buckler,cover pencils,None,,,,,,,,,,,,,,,,,,,,,,,,,,,,,,,,,,,,,,,,,,
"Franklin ""Chas"" Chandler",,Hellblazer #1,Jan-1988,N,Jamie Delano,writer,WFH,1987,,,,,,,,,,,,,,,,,,,,,,,,,,,,,,,,,,,,,,,,,
,,,,,John Ridgway,"pencils, inks",WFH,1987,,,,,,,,,,,,,,,,,,,,,,,,,,,,,,,,,,,,,,,,,
,,,,,Dave McKean,cover,WFH,,,,,,,,,,,,,,,,,,,,,,,,,,,,,,,,,,,,,,,,,,
,,,,,Lovern Kindzierski,color,N/A,,,,,,,,,,,,,,,,,,,,,,,,,,,,,,,,,,,,,,,,,,
"Frenzy
(Lloyd Jefferson)",,Doom Patrol #24,Jul-1989,N,Grant Morrison,writer,Sole Creator Equity Agreement,Y,,,,,,,,,,,,,,,,,,,,,,,,,,,,,,,,,,,,,,,,,
,,,,,Richard Case,pencils,WFH,,,,,,,,,,,,,,,,,,,,,,,,,,,,,,,,,,,,,,,,,,
,,,,,John Nyberg,inks,WFH,,,,,,,,,,,,,,,,,,,,,,,,,,,,,,,,,,,,,,,,,,
Frostbite,,Frostbite #1,Nov-2016,,Joshua Williamson,writer,Services,,,"DC has an option to purchase all Film, TV & Ancillary Rights. Creator Credit Obligation.",,,,,,,,,,,,,,,,,,,,,,,,,,,,,,,,,,,,,,,
,,,,,Jason Alexander,artist,Services,,,,,,,,,,,,,,,,,,,,,,,,,,,,,,,,,,,,,,,,,,
"Gabrielle ""Gabi"" Kane",Batwoman 101,"Detective Comics #855
""Elegy Part 2: Misterioso""",Sep-2009,N,Greg Rucka,writer,WFH,,,,,,,,,,,,,,,,,,,,,,,,,,,,,,,,,,,,,,,,,,
,,,,,James H. Williams III,"pencils, inks, cover",WFH,,,,,,,,,,,,,,,,,,,,,,,,,,,,,,,,,,,,,,,,,,
,,,,,Dave Stewart,color,N/A,,,,,,,,,,,,,,,,,,,,,,,,,,,,,,,,,,,,,,,,,,
The Galante Family,"Birds of Prey 
(2020)",Batman/Huntress: Cry for Blood #1,Jun-2000,N,Greg Rucka,writer,WFH,,,,,,,,,,,,,,,,,,,,,,,,,,,,,,,,,,,,,,,,,,
,,,,,Rick Burchett,"pencils, inks, cover",WFH,,,,,,,,,,,,,,,,,,,,,,,,,,,,,,,,,,,,,,,,,,
,,,,,Tatjana Wood,color,N/A,,,,,,,,,,,,,,,,,,,,,,,,,,,,,,,,,,,,,,,,,,
Gambi's Tailor Shop,Black Lightning 101,Black Lightning #1,Apr-1977,Y,Anthony Isabella,writer,Exclusive; Creator Recognition,,,,,,,,,,,,,,,,,,,,,,,,,,,,,,,,,,,,,,,,,,
,,,,,Trevor Von Eeden,pencils,None,,,,,,,,,,,,,,,,,,,,,,,,,,,,,,,,,,,,,,,,,,
,,,,,Frank Springer,"inks, cover inks",None,,,,,,,,,,,,,,,,,,,,,,,,,,,,,,,,,,,,,,,,,,
,,,,,Rich Buckler,cover pencils,None,,,,,,,,,,,,,,,,,,,,,,,,,,,,,,,,,,,,,,,,,,
,,,,,Liz Berube,color,N/A,,,,,,,,,,,,,,,,,,,,,,,,,,,,,,,,,,,,,,,,,,
"The Gambler
(Steven Sharpe III)",Stargirl 101,"Green Lantern #12
""The Gambler!""",Jun-1944,Y,Henry Kuttner,writer,None,,Deceased,,,,,,,,,,,,,,,,,,,,,,,,,,,,,,,,,,,,,,,,
,,,,,Martin Nodell,"pencils, inks",Artist; Settlement,,Deceased,,,,,,,,,,,,,,,,,,,,,,,,,,,,,,,,,,,,,,,,
,,,,,Paul Reinman,cover,Artist,,Deceased,,,,,,,,,,,,,,,,,,,,,,,,,,,,,,,,,,,,,,,,
Gamemnae,,JLA #70,Oct-2002,N,Joe Kelly,writer,Exclusive,,,,,,,,,,,,,,,,,,,,,,,,,,,,,,,,,,,,,,,,,,
,,,,,Doug Mahnke,"pencils, cover pencils",WFH,,,,,,,,,,,,,,,,,,,,,,,,,,,,,,,,,,,,,,,,,,
,,,,,Tom Nguyen,"inks, cover inks",WFH,,,,,,,,,,,,,,,,,,,,,,,,,,,,,,,,,,,,,,,,,,
,,,,,David Baron,color,Exclusive,,,,,,,,,,,,,,,,,,,,,,,,,,,,,,,,,,,,,,,,,,
Ganthet,,Green Lantern: Ganthet's Tale,1992,N,Larry Niven,plot,Prestige,,,,,,,,,,,,,,,,,,,,,,,,,,,,,,,,,,,,,,,,,,
,,,,,John Byrne,"dialogue, pencils, inks, cover",Prestige,,,,,,,,,,,,,,,,,,,,,,,,,,,,,,,,,,,,,,,,,,
,,,,,Matt Webb,color,N/A,,,,,,,,,,,,,,,,,,,,,,,,,,,,,,,,,,,,,,,,,,
Garfield High School,Black Lightning 101,Black Lightning #1,Apr-1977,Y,Tony Isabella,writer,Exclusive,,,,,,,,,,,,,,,,,,,,,,,,,,,,,,,,,,,,,,,,,,
,,,,,Trevor Von Eeden,pencils,None,,"Although we do not have a governing agreement, Von Eeden's work on this issue is confirmed by his 1981 character equity agreement for the character Black Lightning.",,,,,,,,,,,,,,,,,,,,,,,,,,,,,,,,,,,,,,,,
,,,,,Frank Springer,"inks, cover inks",None,,Deceased,,,,,,,,,,,,,,,,,,,,,,,,,,,,,,,,,,,,,,,,
,,,,,Rich Buckler,cover pencils,None,,,,,,,,,,,,,,,,,,,,,,,,,,,,,,,,,,,,,,,,,,
,,,,,Liz Berube,color,N/A,,,,,,,,,,,,,,,,,,,,,,,,,,,,,,,,,,,,,,,,,,
"Geist the Twilight Man
(Dwayne Geyer)",Flash 511,Detective Comics Annual #6,1993,Y,Chuck Dixon,writer,Continuity Writer,1993,,,,,,,,,,,,,,,,,,,,,,,,,,,,,,,,,,,,,,,,,
,,,,,Jim Balent,"pencils, cover pencils",WFH,1993,,,,,,,,,,,,,,,,,,,,,,,,,,,,,,,,,,,,,,,,,
,,,,,"Gerardo ""Gerry"" Fernandez",inks,WFH,,,,,,,,,,,,,,,,,,,,,,,,,,,,,,,,,,,,,,,,,,
,,,,,Ed Hannigan,cover pencils,WFH,,,,,,,,,,,,,,,,,,,,,,,,,,,,,,,,,,,,,,,,,,
,,,,,Dick Giordano,cover inks,WFH,,"Giordano may have been an employee of DC at this time.
Deceased",,,,,,,,,,,,,,,,,,,,,,,,,,,,,,,,,,,,,,,,
,,,,,Adrienne Roy,color,Exclusive,,Deceased,,,,,,,,,,,,,,,,,,,,,,,,,,,,,,,,,,,,,,,,
General Hardcastle,Arrow 502,Superman Adventures #1,Nov-1996,N,Paul Dini,writer,WFH,,,,,,,,,,,,,,,,,,,,,,,,,,,,,,,,,,,,,,,,,,
,,,,,Rick Burchett,pencils,WFH,,,,,,,,,,,,,,,,,,,,,,,,,,,,,,,,,,,,,,,,,,
,,,,,Terry Austin,inks,Continuity Artist,,,,,,,,,,,,,,,,,,,,,,,,,,,,,,,,,,,,,,,,,,
,,,,,Bruce Timm,cover,WFH,,,,,,,,,,,,,,,,,,,,,,,,,,,,,,,,,,,,,,,,,,
,,,,,Marie Severin,color,N/A,,,,,,,,,,,,,,,,,,,,,,,,,,,,,,,,,,,,,,,,,,
General Sam Lane,"Supergirl 106
(11/30/2015)",Adventures of Superman #424,Jan-1987,N,Marv Wolfman,writer,Writer,,,,,,,,,,,,,,,,,,,,,,,,,,,,,,,,,,,,,,,,,,
,,,,,Jerry Ordway,"pencils, cover",WFH,,,,,,,,,,,,,,,,,,,,,,,,,,,,,,,,,,,,,,,,,,
,,,,,Mike Machlan,inks,WFH,,,,,,,,,,,,,,,,,,,,,,,,,,,,,,,,,,,,,,,,,,
,,,,,Thomas Ziuko,color,N/A,,,,,,,,,,,,,,,,,,,,,,,,,,,,,,,,,,,,,,,,,,
General Wade Eiling,"Flash 105
(11/11/2014)",Captain Atom #1,Mar-1987,N,Cary Bates,writer,WFH,2015,,,,,,,,,,,,,,,,,,,,,,,,,,,,,,,,,,,,,,,,,
,,,,,Pat Broderick,"pencils, cover",WFH,2015,,,,,,,,,,,,,,,,,,,,,,,,,,,,,,,,,,,,,,,,,
,,,,,Robert Smith,inks,WFH,,,,,,,,,,,,,,,,,,,,,,,,,,,,,,,,,,,,,,,,,,
,,,,,Carl Gafford,color,N/A,,,,,,,,,,,,,,,,,,,,,,,,,,,,,,,,,,,,,,,,,,
"Genocide Jones
(Byron Jones)","Point Blank
Sleeper",Sleeper #1,Mar-2003,N,Ed Brubaker,writer,WFH,,,,,,,,,,,,,,,,,,,,,,,,,,,,,,,,,,,,,,,,,,
,,,,,Sean Phillips,"pencils, inks, cover",WFH,,,,,,,,,,,,,,,,,,,,,,,,,,,,,,,,,,,,,,,,,,
,,,,,Tony Avina,color,N/A,,,,,,,,,,,,,,,,,,,,,,,,,,,,,,,,,,,,,,,,,,
,,,,,Randy Mayor,color,N/A,,,,,,,,,,,,,,,,,,,,,,,,,,,,,,,,,,,,,,,,,,
"Gentleman Ghost
(James ""Jim"" Craddock)",Lego Batman,"Flash Comics #88
""The Ghost""",Oct-1947,N,Robert Kanigher,writer,N/A,,"Kanigher was an employee of DC from 2/3/47 - 5/31/82.
Deceased",Cleared by Wayne Smith on 11/4/20 for verbal reference in Stargirl; ok to proceed from Jay to Creative for possible TV Series 03/2021,,,,,,,,,,,,,,,,,,,,,,,,,,,,,,,,,,,,,,,
,,,,,Joe Kubert,"pencils, inks, cover pencils",None,,Deceased,,,,,,,,,,,,,,,,,,,,,,,,,,,,,,,,,,,,,,,,
,,,,,Moe Worthman,cover inks,None,,,,,,,,,,,,,,,,,,,,,,,,,,,,,,,,,,,,,,,,,,
"Geo-Force
(Brion Markov)",Arrow 517,"The Brave and the Bold #200
""Batman and the Outsiders""",Jul-1983,N,Mike Barr,writer,WFH; Writer,2006,,,,,,,,,,,,,,,,,,,,,,,,,,,,,,,,,,,,,,,,,
,,,,,Jim Aparo,"pencils, inks, cover",Artist,1983,Deceased,,,,,,,,,,,,,,,,,,,,,,,,,,,,,,,,,,,,,,,,
,,,,,Adrienne Roy,color,Exclusive,,Deceased,,,,,,,,,,,,,,,,,,,,,,,,,,,,,,,,,,,,,,,,
"G.I. Robot
(Joe)",,"Star Spangled War Stories #101
""The Robot and the Dinosaur""",Feb-1962,Y,Robert Kanigher,writer,N/A,,"Kanigher was an employee of DC from 2/3/47-5/31/82.
Deceased",,,,,,,,,,,,,,,,,,,,,,,,,,,,,,,,,,,,,,,,
,,,,,Ross Andru,"pencils, cover pencils",None,,Deceased,,,,,,,,,,,,,,,,,,,,,,,,,,,,,,,,,,,,,,,,
,,,,,Mike Esposito,"inks, cover inks",None,,Deceased,,,,,,,,,,,,,,,,,,,,,,,,,,,,,,,,,,,,,,,,
"G.I. Robot
(Mac)",,"Star Spangled War Stories #125
""Tidbit for a Tyrannosaurus""",Feb-1966,N,Robert Kanigher,writer,N/A,,"Kanigher was an employee of DC from 2/3/47-5/31/82.
Deceased",,,,,,,,,,,,,,,,,,,,,,,,,,,,,,,,,,,,,,,,
,,,,,Ross Andru,"pencils, cover pencils",None,,Deceased,,,,,,,,,,,,,,,,,,,,,,,,,,,,,,,,,,,,,,,,
,,,,,Mike Esposito,"inks, cover inks",None,,Deceased,,,,,,,,,,,,,,,,,,,,,,,,,,,,,,,,,,,,,,,,
"G.I. Robot
(J.A.K.E. 1)",,"Weird War Tales #101
""My Buddy -- the Robot""",Jul-1981,Y,Robert Kanigher,writer,N/A,1985,"Kanigher was an employee of DC from 2/3/47-5/31/82.
Deceased",,,,,,,,,,,,,,,,,,,,,,,,,,,,,,,,,,,,,,,,
,,,,,Pepe Moreno Casaris,"pencils, inks",None,Y,,,,,,,,,,,,,,,,,,,,,,,,,,,,,,,,,,,,,,,,,
,,,,,Ross Andru,cover pencils,None,,Deceased,,,,,,,,,,,,,,,,,,,,,,,,,,,,,,,,,,,,,,,,
,,,,,Dick Giordano,cover inks,N/A,,"Giordano was an employee of DC at this time.
Deceased",,,,,,,,,,,,,,,,,,,,,,,,,,,,,,,,,,,,,,,,
,,,,,Bob LeRose,color,N/A,,Deceased,,,,,,,,,,,,,,,,,,,,,,,,,,,,,,,,,,,,,,,,
"G.I. Robot
(J.A.K.E. 2)",,"Weird War Tales #113
""The Robot and the Samurai""",Jul-1982,Y,Robert Kanigher,writer,N/A,,"Kanigher was an employee of DC from 2/3/47-5/31/82.
Deceased",,,,,,,,,,,,,,,,,,,,,,,,,,,,,,,,,,,,,,,,
,,,,,Fred Carillo,"pencils, inks",None,,Deceased,,,,,,,,,,,,,,,,,,,,,,,,,,,,,,,,,,,,,,,,
,,,,,Ross Andru,cover pencils,None,,Deceased,,,,,,,,,,,,,,,,,,,,,,,,,,,,,,,,,,,,,,,,
,,,,,Romeo Tanghal,cover inks,Artist,,,,,,,,,,,,,,,,,,,,,,,,,,,,,,,,,,,,,,,,,,
,,,,,Jerry Serpe,color,N/A,,Deceased,,,,,,,,,,,,,,,,,,,,,,,,,,,,,,,,,,,,,,,,
"G.I. Robot
(J.A.K.E. 6.1)",,Checkmate #24,May-2008,Y,Greg Rucka,writer,WFH,,,,,,,,,,,,,,,,,,,,,,,,,,,,,,,,,,,,,,,,,,
,,,,,Eric Trautmann,writer,WFH,,,,,,,,,,,,,,,,,,,,,,,,,,,,,,,,,,,,,,,,,,
,,,,,"Benedito Jose Nascimento
(Joe Bennett)",pencils,WFH,,,,,,,,,,,,,,,,,,,,,,,,,,,,,,,,,,,,,,,,,,
,,,,,Jack Jadson,inks,WFH,,,,,,,,,,,,,,,,,,,,,,,,,,,,,,,,,,,,,,,,,,
,,,,,Kalman Andrasofszky,cover,WFH,,,,,,,,,,,,,,,,,,,,,,,,,,,,,,,,,,,,,,,,,,
,,,,,Santiago Arcas,color,N/a,,,,,,,,,,,,,,,,,,,,,,,,,,,,,,,,,,,,,,,,,,
"Giganta
(Doris Zuel)",,Wonder Woman vol 2 #126,Oct-1997,N,John Byrne,"writer, pencils, inks",Continuity,,,,,,,,,,,,,,,,,,,,,,,,,,,,,,,,,,,,,,,,,,
Gilgamesh II,,Gilgamesh II Vol. 1,1989,Y,Jim Starlin,"writer, pencils, inks, cover",Writer-Artist incl. Equity,1987,Starlin's agreement includes equity for all newly created characters. See agreement for character list.,,,,,,,,,,,,,,,,,,,,,,,,,,,,,,,,,,,,,,,,
,,,,,Steve Oliff,colorist,WFH,,,,,,,,,,,,,,,,,,,,,,,,,,,,,,,,,,,,,,,,,,
Gingold Soda Water,Legends 302,"The Flash #112
""Mystery of the Elongated Man""",Apr-1960,N,John Broome,writer,None,,Deceased,,,,,,,,,,,,,,,,,,,,,,,,,,,,,,,,,,,,,,,,
,,,,,Carmine Infantino,"pencils, cover pencils",Settlement,,Deceased,,,,,,,,,,,,,,,,,,,,,,,,,,,,,,,,,,,,,,,,
,,,,,Joe Giella,"inks, cover inks",None,,,,,,,,,,,,,,,,,,,,,,,,,,,,,,,,,,,,,,,,,,
Girder,"Flash 106
(11/18/2014)",Flash: Iron Heights,2001,N,Geoff Johns,writer,Prestige Writer,,,,,,,,,,,,,,,,,,,,,,,,,,,,,,,,,,,,,,,,,,
,,,,,Ethan Van Sciver,"pencils, cover pencils",Prestige Artist,,,,,,,,,,,,,,,,,,,,,,,,,,,,,,,,,,,,,,,,,,
,,,,,Prentis Rollins,"inks, cover inks",Prestige Artist,,,,,,,,,,,,,,,,,,,,,,,,,,,,,,,,,,,,,,,,,,
,,,,,Chris Chuckry,color,Color Artist,,,,,,,,,,,,,,,,,,,,,,,,,,,,,,,,,,,,,,,,,,
Global Frequency,,Global Frequency #1,Dec-2002,Y,Warren Ellis,writer,Sole Creator/First & Last Rights; Writer; Literary Option,,,,,,,,,,,,,,,,,,,,,,,,,,,,,,,,,,,,,,,,,,
,,,,,Garry Leach,"pencils, inks",WFH,,,,,,,,,,,,,,,,,,,,,,,,,,,,,,,,,,,,,,,,,,
,,,,,Brian Wood,cover,WFH,,,,,,,,,,,,,,,,,,,,,,,,,,,,,,,,,,,,,,,,,,
,,,,,David Baron,color,Exclusive,,,,,,,,,,,,,,,,,,,,,,,,,,,,,,,,,,,,,,,,,,
Global Guardians,"Powerless
(Global Guardians)",DC Comics Presents #46,Jun-1982,Y,E. Nelson Bridwell,writer,N/A,1985,"Bridwell was an employee of DC at this time.
Deceased",,,,,,,,,,,,,,,,,,,,,,,,,,,,,,,,,,,,,,,,
,,,,,Ramona Fradon,N/A,Creator Recognition,"1985
2016","The characters who would become the Global Guardians team originated in Super Friends #7-9, for which Ramona Fradon was the penciller. She has been granted equity for the team, although she did not work on DC Comics Presents #46.",,,,,,,,,,,,,,,,,,,,,,,,,,,,,,,,,,,,,,,,
,,,,,Alex Saviuk,pencils,Artist,,,,,,,,,,,,,,,,,,,,,,,,,,,,,,,,,,,,,,,,,,
,,,,,Pablo Marcos,inks,None,,,,,,,,,,,,,,,,,,,,,,,,,,,,,,,,,,,,,,,,,,
,,,,,Ross Andru,cover pencils,None,,Deceased,,,,,,,,,,,,,,,,,,,,,,,,,,,,,,,,,,,,,,,,
,,,,,Frank Giacoia,cover inks,None,,Deceased,,,,,,,,,,,,,,,,,,,,,,,,,,,,,,,,,,,,,,,,
,,,,,Gene D'Angelo,color,N/A,,,,,,,,,,,,,,,,,,,,,,,,,,,,,,,,,,,,,,,,,,
"Glorious Godfrey
(G. Gordon Godfrey)",,Forever People #3,Jun-1971,Y,Jack Kirby,"writer, pencils, cover pencils",Fourth World Agreement,1982,Deceased,,,,,,,,,,,,,,,,,,,,,,,,,,,,,,,,,,,,,,,,
,,,,,Vincent Colletta,"inks, cover inks",None,,Deceased,,,,,,,,,,,,,,,,,,,,,,,,,,,,,,,,,,,,,,,,
"Godspeed
(August Heart)",Flash 518,The Flash: Rebirth #1,Aug-2016,N,Joshua Williamson,writer,WFH,,,,,,,,,,,,,,,,,,,,,,,,,,,,,,,,,,,,,,,,,,
,,,,,Carmine Di Giandomenico,"pencils, inks",WFH,,,,,,,,,,,,,,,,,,,,,,,,,,,,,,,,,,,,,,,,,,
,,,,,Karl Kerschl,cover,WFH,,,,,,,,,,,,,,,,,,,,,,,,,,,,,,,,,,,,,,,,,,
,,,,,Ivan Plascencia Muniz,color,WFH,,,,,,,,,,,,,,,,,,,,,,,,,,,,,,,,,,,,,,,,,,
Goggles,"Point Blank
Sleeper",Sleeper #9,Nov-2003,N,Ed Brubaker,writer,WFH,,,,,,,,,,,,,,,,,,,,,,,,,,,,,,,,,,,,,,,,,,
,,,,,Sean Phillips,"pencils, inks, cover",WFH,,,,,,,,,,,,,,,,,,,,,,,,,,,,,,,,,,,,,,,,,,
,,,,,Tony Avina,color,N/A,,,,,,,,,,,,,,,,,,,,,,,,,,,,,,,,,,,,,,,,,,
Gold,,Showcase #37,Mar-1962,Y,Robert Kanigher,writer,N/A,,"Kanigher was an employee of DC from 2/3/47 through 5/31/82.
Deceased",,,,,,,,,,,,,,,,,,,,,,,,,,,,,,,,,,,,,,,,
,,,,,Ross Andru,"pencils, cover pencils",None,,Deceased,,,,,,,,,,,,,,,,,,,,,,,,,,,,,,,,,,,,,,,,
,,,,,Mike Esposito,"inks, cover inks",None,,Deceased,,,,,,,,,,,,,,,,,,,,,,,,,,,,,,,,,,,,,,,,
"Golden Glider
(Lisa Snart)","Flash 116
(3/24/2015)",Flash #250,Jun-1977,Y,Cary Bates,writer,None,,,,,,,,,,,,,,,,,,,,,,,,,,,,,,,,,,,,,,,,,,
,,,,,"Irving ""Irv"" Novick",pencils,None,,"Novick was an employee of DC Comics from 5/9/67 - 12/28/84.
Deceased",,,,,,,,,,,,,,,,,,,,,,,,,,,,,,,,,,,,,,,,
,,,,,Vince Colletta,inks,Exclusive,,Deceased,,,,,,,,,,,,,,,,,,,,,,,,,,,,,,,,,,,,,,,,
,,,,,Rich F. Buckler,cover pencils,Exclusive,,,,,,,,,,,,,,,,,,,,,,,,,,,,,,,,,,,,,,,,,,
,,,,,Jack Abel,cover inks,Exclusive,,Deceased,,,,,,,,,,,,,,,,,,,,,,,,,,,,,,,,,,,,,,,,
,,,,,Jerry Serpe,color,N/A,,,,,,,,,,,,,,,,,,,,,,,,,,,,,,,,,,,,,,,,,,
"Goldface
(Keith Kenyon)",Flash,"Green Lantern #38
""The Elixir of Invulnerability""",Jul-1965,N,Gardner Fox,writer,Creator Recognition,,Deceased Creator Recognition Agreement is with heirs.,,,,,,,,,,,,,,,,,,,,,,,,,,,,,,,,,,,,,,,,
,,,,,Gil Kane,"pencils, cover pencils",None,,Deceased,,,,,,,,,,,,,,,,,,,,,,,,,,,,,,,,,,,,,,,,
,,,,,Sid Greene,inks,None,,Deceased,,,,,,,,,,,,,,,,,,,,,,,,,,,,,,,,,,,,,,,,
,,,,,Murphy Anderson,cover inks,None,,Deceased,,,,,,,,,,,,,,,,,,,,,,,,,,,,,,,,,,,,,,,,
Gordanians,Supergirl 209,New Teen Titans #1,Nov-1980,N,Marv Wolfman,writer,Exclusive,1983,,,,,,,,,,,,,,,,,,,,,,,,,,,,,,,,,,,,,,,,,
,,,,,George Perez,"pencils, cover pencils",None,1983,,,,,,,,,,,,,,,,,,,,,,,,,,,,,,,,,,,,,,,,,
,,,,,Romeo Tanghal,inks,Exclusive,,,,,,,,,,,,,,,,,,,,,,,,,,,,,,,,,,,,,,,,,,
,,,,,Dick Giordano,cover inks,Exclusive,,"Giordano may have been an employee of DC at this time.
Deceased",,,,,,,,,,,,,,,,,,,,,,,,,,,,,,,,,,,,,,,,
,,,,,Adrienne Roy,color,N/A,,Deceased,,,,,,,,,,,,,,,,,,,,,,,,,,,,,,,,,,,,,,,,
Gorilla City,"Flash 207
(11/17/2015)","Flash #106
""Menace of the Super-Gorilla""",Apr-1959,N,John Broome,writer,None,,Deceased,,,,,,,,,,,,,,,,,,,,,,,,,,,,,,,,,,,,,,,,
,,,,,Carmine Infantino,"pencils, cover pencils",Settlement,,Deceased,,,,,,,,,,,,,,,,,,,,,,,,,,,,,,,,,,,,,,,,
,,,,,Joe Giella,"inks, cover inks",None,,,,,,,,,,,,,,,,,,,,,,,,,,,,,,,,,,,,,,,,,,
Gorilla Grodd,,"Flash #106
""Menace of the Super-Gorilla""",Apr-1959,N,John Broome,writer,None,,Deceased,,,,,,,,,,,,,,,,,,,,,,,,,,,,,,,,,,,,,,,,
,,,,,Carmine Infantino,"pencils, cover pencils",Settlement,,Deceased,,,,,,,,,,,,,,,,,,,,,,,,,,,,,,,,,,,,,,,,
,,,,,Joe Giella,"inks, cover inks",None,,,,,,,,,,,,,,,,,,,,,,,,,,,,,,,,,,,,,,,,,,
Goronn,,New Teen Titans #3,Nov-1984,N,Marv Wolfman,writer,Exclusive,1983,,,,,,,,,,,,,,,,,,,,,,,,,,,,,,,,,,,,,,,,,
,,,,,George Perez,"pencils, cover",Exclusive,1983,,,,,,,,,,,,,,,,,,,,,,,,,,,,,,,,,,,,,,,,,
,,,,,Romeo Tanghal,inks,Exclusive,,,,,,,,,,,,,,,,,,,,,,,,,,,,,,,,,,,,,,,,,,
,,,,,Adrienne Roy,color,Exclusive,,Deceased,,,,,,,,,,,,,,,,,,,,,,,,,,,,,,,,,,,,,,,,
Gotham Botanical Gardens,Gotham 404,"Batman #44
""Born For Adventure!""",Dec-1947,N,Bill Finger,writer,Contributor Recognition,,Deceased Contributor Recognition Agreement is with heir.,,,,,,,,,,,,,,,,,,,,,,,,,,,,,,,,,,,,,,,,
,,,,,"James ""Jim"" Mooney","pencils, inks, cover pencils",None,,Deceased,,,,,,,,,,,,,,,,,,,,,,,,,,,,,,,,,,,,,,,,
,,,,,Charles Paris,cover inks,None,,Deceased,,,,,,,,,,,,,,,,,,,,,,,,,,,,,,,,,,,,,,,,
Gotham City,,"Batman #4
""The Case of the Joker's Crime Circus""",Winter 1941,N,Bill Finger,writer,Contributor Recognition,,Deceased Contributor Recognition Agreement is with heir.,,,,,,,,,,,,,,,,,,,,,,,,,,,,,,,,,,,,,,,,
,,,,,Bob Kane,"pencils, cover pencils",Services Agreement,,Deceased,,,,,,,,,,,,,,,,,,,,,,,,,,,,,,,,,,,,,,,,
,,,,,Jerry Robinson,"inks, cover inks",Settlement,,Deceased,,,,,,,,,,,,,,,,,,,,,,,,,,,,,,,,,,,,,,,,
Gotham City General Hospital,"Gotham 209
(11/16/2015)",Justice League of America #160,Nov-1978,N,Gerry Conway,writer,Exclusive,,,,,,,,,,,,,,,,,,,,,,,,,,,,,,,,,,,,,,,,,,
,,,,,"Richard ""Dick"" Dillin","pencils, cover pencils",Exclusive,,Deceased,,,,,,,,,,,,,,,,,,,,,,,,,,,,,,,,,,,,,,,,
,,,,,Frank McLaughlin,"inks, cover inks",Exclusive,,Deceased,,,,,,,,,,,,,,,,,,,,,,,,,,,,,,,,,,,,,,,,
,,,,,Carl Gafford,color,N/A,,,,,,,,,,,,,,,,,,,,,,,,,,,,,,,,,,,,,,,,,,
Gotham City Police Department,,Detective Comics #27,May-1939,N,Bill Finger,writer,Contributor Recognition,,Deceased Contributor Recognition Agreement is with heir.,,,,,,,,,,,,,,,,,,,,,,,,,,,,,,,,,,,,,,,,
,,,,,Bob Kane,"pencils, inks, cover",Services Agreements,,Deceased,,,,,,,,,,,,,,,,,,,,,,,,,,,,,,,,,,,,,,,,
Gotham Clock Tower,"Gotham 201
(9/21/2015)",Batman: Sword of Azrael #1,Oct-1992,N,Dennis J. O'Neil,writer,Creator Recognition,,O'Neil's WFH agreement for Sword of Azrael #2 has been located.,,,,,,,,,,,,,,,,,,,,,,,,,,,,,,,,,,,,,,,,
,,,,,Joseph Quesada,"pencils, cover pencils",WFH,,,,,,,,,,,,,,,,,,,,,,,,,,,,,,,,,,,,,,,,,,
,,,,,Kevin Nowlan,"inks, cover inks",WFH,,,,,,,,,,,,,,,,,,,,,,,,,,,,,,,,,,,,,,,,,,
,,,,,Lovern Kindzierski,color,N/A,,,,,,,,,,,,,,,,,,,,,,,,,,,,,,,,,,,,,,,,,,
Gotham First National Bank,Gotham 401,"Detective Comics #386
""Stand In For Murder!""",Apr-1969,N,Frank Robbins,writer,None,,Deceased,,,,,,,,,,,,,,,,,,,,,,,,,,,,,,,,,,,,,,,,
,,,,,Bob Brown,pencils,None,,Deceased,,,,,,,,,,,,,,,,,,,,,,,,,,,,,,,,,,,,,,,,
,,,,,Joe Giella,inks,None,,,,,,,,,,,,,,,,,,,,,,,,,,,,,,,,,,,,,,,,,,
,,,,,Irv Novick,cover,N/A,,"Novick was an employee of DC from 5/9/67 through 12/28/84.
Deceased",,,,,,,,,,,,,,,,,,,,,,,,,,,,,,,,,,,,,,,,
Gotham Gazette,"Gotham 202
(9/28/2015)","Batman #4
""The Case of the Joker's Crime Circus""",Winter 1941,N,Bill Finger,writer,Contributor Recognition,,Deceased Contributor Recognition Agreement is with heir.,,,,,,,,,,,,,,,,,,,,,,,,,,,,,,,,,,,,,,,,
,,,,,Bob Kane,"pencils, cover pencils",Services Agreement,,Deceased,,,,,,,,,,,,,,,,,,,,,,,,,,,,,,,,,,,,,,,,
,,,,,Jerry Robinson,"inks, cover inks",Settlement,,Deceased,,,,,,,,,,,,,,,,,,,,,,,,,,,,,,,,,,,,,,,,
Gotham Girls,,"Gotham Girls 
Online Animated Series",2002-3,,Warner Bros. Animation,,,,,,,,,,,,,,,,,,,,,,,,,,,,,,,,,,,,,,,,,,,,
,,"First comic appearance:
Gotham Girls #1",Oct-2002,Y,Paul D. Storrie,writer,WFH,,,,,,,,,,,,,,,,,,,,,,,,,,,,,,,,,,,,,,,,,,
,,,,,Jennifer Graves,pencils,WFH,,,,,,,,,,,,,,,,,,,,,,,,,,,,,,,,,,,,,,,,,,
,,,,,Jason Bone,inks,WFH,,,,,,,,,,,,,,,,,,,,,,,,,,,,,,,,,,,,,,,,,,
,,,,,Shane Glines,cover,WFH,,,,,,,,,,,,,,,,,,,,,,,,,,,,,,,,,,,,,,,,,,
,,,,,Patricia Mulvihill,color,Exclusive,,,,,,,,,,,,,,,,,,,,,,,,,,,,,,,,,,,,,,,,,,
Gotham Goliaths (Football Team),,Batman and the Outsiders #21,May-1985,N,Mike W. Barr,writer,Writer,,,,,,,,,,,,,,,,,,,,,,,,,,,,,,,,,,,,,,,,,,
,,,,,Jerome Moore,"pencils, inks",None,,,,,,,,,,,,,,,,,,,,,,,,,,,,,,,,,,,,,,,,,,
,,,,,Al Vey,inks,None,,Deceased,,,,,,,,,,,,,,,,,,,,,,,,,,,,,,,,,,,,,,,,
"Gotham Harbor
(Miller Harbor)",,"as unnamed harbor:
Batman #20
""The Lawmen of the Sea""",Dec-1943,N,Bill Finger,writer,Creator Recognition,,Deceased Creator Recognition Agreement is with heir.,,,,,,,,,,,,,,,,,,,,,,,,,,,,,,,,,,,,,,,,
,,,,,Jack Burnley,pencils,None,,Deceased,,,,,,,,,,,,,,,,,,,,,,,,,,,,,,,,,,,,,,,,
,,,,,Ray Burnley,inks,None,,Deceased,,,,,,,,,,,,,,,,,,,,,,,,,,,,,,,,,,,,,,,,
,,,,,Dick Sprang,cover,None,,Deceased,Dick Sprang’s beneficiary is Yavapai Symphony Association. We’ve been paying Yavapai Symphony Association since 2000 for Dick Sprang’s royalties,,,,,,,,,,,,,,,,,,,,,,,,,,,,,,,,,,,,,,,
,Gotham 319,"as Miller Harbor:
Gotham City Secret Files #1
(No Man's Land Map)",Apr-2000,N,Eliot R. Brown,artist,WFH,,"Although Brown designed the map, the place names were provided to him by the editorial staff of the time. Brown's account is online at http://www.eliotrbrown.com/wp/gotham-city-map.html/",,,,,,,,,,,,,,,,,,,,,,,,,,,,,,,,,,,,,,,,
Gotham High School,"Gotham 202
(9/28/2015)","Star-Spangled Comics #80
""The Boy Disc Jockey""",May-1948,N,Jim Mooney,"pencils, cover",None,,Deceased,,,,,,,,,,,,,,,,,,,,,,,,,,,,,,,,,,,,,,,,
,,,,,John Giunta,inks,None,,,,,,,,,,,,,,,,,,,,,,,,,,,,,,,,,,,,,,,,,,
Gotham Inquisitor,Batwoman 101,Gotham After Midnight #1,Jul-2008,N,Steve Niles,writer,WFH,,,,,,,,,,,,,,,,,,,,,,,,,,,,,,,,,,,,,,,,,,
,,,,,Kelley Jones,"pencils, inks, cover",WFH,,,,,,,,,,,,,,,,,,,,,,,,,,,,,,,,,,,,,,,,,,
,,,,,Michelle Madsen,color,N/A,,,,,,,,,,,,,,,,,,,,,,,,,,,,,,,,,,,,,,,,,,
Gotham Natural History Museum,Gotham 404,"Batman #44
""Born For Adventure!""",Dec-1947,N,Bill Finger,writer,Contributor Recognition,,Deceased Contributor Recognition Agreement is with heir.,,,,,,,,,,,,,,,,,,,,,,,,,,,,,,,,,,,,,,,,
,,,,,"James ""Jim"" Mooney","pencils, inks, cover pencils",None,,Deceased,,,,,,,,,,,,,,,,,,,,,,,,,,,,,,,,,,,,,,,,
,,,,,Charles Paris,cover inks,None,,Deceased,,,,,,,,,,,,,,,,,,,,,,,,,,,,,,,,,,,,,,,,
Gotham Public Library,Gotham 307,"Detective Comics #359
""The Million Dollar Debut of Batgirl""",Jan-1967,N,Gardner F. Fox,writer,Creator Recognition,,Deceased Creator recognition agreement with is with heirs.,,,,,,,,,,,,,,,,,,,,,,,,,,,,,,,,,,,,,,,,
,,,,,Carmine Infantino,"pencils, cover pencils",Settlement,,Deceased,,,,,,,,,,,,,,,,,,,,,,,,,,,,,,,,,,,,,,,,
,,,,,Sidney Greene,inks,None,,Deceased,,,,,,,,,,,,,,,,,,,,,,,,,,,,,,,,,,,,,,,,
,,,,,Murphy Anderson,cover inks,None,,Deceased,,,,,,,,,,,,,,,,,,,,,,,,,,,,,,,,,,,,,,,,
Gotham University,Gotham 315,"Batman #15
""The Two Futures""",Feb-1943,N,Bill Finger,writer,Contributor Recognition,,Deceased Contributor Recognition Agreement is with heir.,,,,,,,,,,,,,,,,,,,,,,,,,,,,,,,,,,,,,,,,
,,,,,Jack Burnley,"pencils, inks, cover",None,,Deceased,,,,,,,,,,,,,,,,,,,,,,,,,,,,,,,,,,,,,,,,
,,,,,Ray Burnley,inks,None,,Deceased,,,,,,,,,,,,,,,,,,,,,,,,,,,,,,,,,,,,,,,,
"Grace Choi
(Shay Li Wylde)",Black Lightning 103,Outsiders #1,Aug-2003,Y,Judd Winick,writer,Exclusive,2013,,,,,,,,,,,,,,,,,,,,,,,,,,,,,,,,,,,,,,,,,
,,,,,Tom Raney,"pencils, cover pencils",WFH,2013,,,,,,,,,,,,,,,,,,,,,,,,,,,,,,,,,,,,,,,,,
,,,,,Scott Hanna,"inks, cover inks",WFH,,,,,,,,,,,,,,,,,,,,,,,,,,,,,,,,,,,,,,,,,,
,,,,,Gina Going,color,N/A,,,,,,,,,,,,,,,,,,,,,,,,,,,,,,,,,,,,,,,,,,
"Granite Lady
(Sheila Sorrell)","Powerless
(Global Guardians)","Quality Comics:
Police Comics #51
""The Granite Lady""",Feb-1946,N,Jack Cole,"writer, pencils, inks, cover",Creator Recognition,,"See also Quality Comics Purchase Agreement.
Deceased Creator Recognition Agreement is with heir.",,,,,,,,,,,,,,,,,,,,,,,,,,,,,,,,,,,,,,,,
Granny Goodness,,Mister Miracle #2,Apr-1971,Y,Jack Kirby,"writer, pencils, cover pencils",Fourth World Agreement,1982,Deceased,,,,,,,,,,,,,,,,,,,,,,,,,,,,,,,,,,,,,,,,
,,,,,Vince Colletta,"inks, cover inks",None,,Deceased,,,,,,,,,,,,,,,,,,,,,,,,,,,,,,,,,,,,,,,,
"Gravedigger
(Tyson Sykes)",Black Lightning 312,Checkmate #25,Jun-2008,N,Greg Rucka,writer,WFH,,,,,,,,,,,,,,,,,,,,,,,,,,,,,,,,,,,,,,,,,,
,,,,,Eric Trautmann,writer,WFH,,,,,,,,,,,,,,,,,,,,,,,,,,,,,,,,,,,,,,,,,,
,,,,,Joe Bennett,pencils,WFH,,,,,,,,,,,,,,,,,,,,,,,,,,,,,,,,,,,,,,,,,,
,,,,,Jack Jadson,inks,WFH,,,,,,,,,,,,,,,,,,,,,,,,,,,,,,,,,,,,,,,,,,
"Green Arrow
(Oliver Queen)","Arrow 101
(10/10/2012)","More Fun Comics #73
""Case of the Namesake Murders""",Nov-1941,N,Mort Weisinger,writer,N/A,,"Weisinger was an employee of DC at this time.
Deceased",,,,,,,,,,,,,,,,,,,,,,,,,,,,,,,,,,,,,,,,
,,,,,George Papp,"pencils, inks",None,,Deceased,,,,,,,,,,,,,,,,,,,,,,,,,,,,,,,,,,,,,,,,
,,,,,Howard Sherman,cover,None,,,,,,,,,,,,,,,,,,,,,,,,,,,,,,,,,,,,,,,,,,
"Green Arrow
(Connor Hawke)","Legends 106
(2/25/2016)",Green Arrow #0,Oct-1994,Y,Kelley Puckett,writer,WFH,,,,,,,,,,,,,,,,,,,,,,,,,,,,,,,,,,,,,,,,,,
,,,,,Jim Aparo,pencils,WFH,,,,,,,,,,,,,,,,,,,,,,,,,,,,,,,,,,,,,,,,,,
,,,,,Gerry Fernandez,inks,WFH,,,,,,,,,,,,,,,,,,,,,,,,,,,,,,,,,,,,,,,,,,
,,,,,Rick Burchett,cover,WFH,,,,,,,,,,,,,,,,,,,,,,,,,,,,,,,,,,,,,,,,,,
,,,,,Lee Loughridge,color,N/A,,,,,,,,,,,,,,,,,,,,,,,,,,,,,,,,,,,,,,,,,,
"Green Lantern
(Alan Scott; Sentinel)",,"as Green Lantern:
All-American Comics #16
""The Origin of Green Lantern""",Jul-1940,Y,Bill Finger,writer,Writer; Contributor Recognition,2015,Deceased Contributor Recognition Agreement is with heir.,,,,,,,,,,,,,,,,,,,,,,,,,,,,,,,,,,,,,,,,
,,,,,Martin Nodell,"pencils, inks",Settlement,2001,Deceased,,,,,,,,,,,,,,,,,,,,,,,,,,,,,,,,,,,,,,,,
,,,,,Sheldon Moldoff,cover,None,,Deceased,,,,,,,,,,,,,,,,,,,,,,,,,,,,,,,,,,,,,,,,
,Stargirl 101,"as Sentinel:
Showcase '95 #1
""Ghosts""",Jan-1995,Y,R.A. Jones,writer,WFH,,,,,,,,,,,,,,,,,,,,,,,,,,,,,,,,,,,,,,,,,,
,,,,,Eugene Gonzales,pencils,WFH,,,,,,,,,,,,,,,,,,,,,,,,,,,,,,,,,,,,,,,,,,
,,,,,Wade von Grawbadger,inks,WFH,,,,,,,,,,,,,,,,,,,,,,,,,,,,,,,,,,,,,,,,,,
,,,,,Tom Grummett,cover pencils,WFH,,,,,,,,,,,,,,,,,,,,,,,,,,,,,,,,,,,,,,,,,,
,,,,,Doug Hazlewood,cover inks,WFH,,,,,,,,,,,,,,,,,,,,,,,,,,,,,,,,,,,,,,,,,,
,,,,,Lee Loughridge,color,N/A,,,,,,,,,,,,,,,,,,,,,,,,,,,,,,,,,,,,,,,,,,
"Green Lantern
(Hal Jordan)","Green Lantern
(2011)","Showcase #22
""SOS Green Lantern""",Sep-1959,Y,John Broome,writer,None,,Deceased,,,,,,,,,,,,,,,,,,,,,,,,,,,,,,,,,,,,,,,,
,,,,,Gil Kane,pencils; cover,None,,Deceased,,,,,,,,,,,,,,,,,,,,,,,,,,,,,,,,,,,,,,,,
,,,,,Murphy Anderson,inks,None,,Deceased,,,,,,,,,,,,,,,,,,,,,,,,,,,,,,,,,,,,,,,,
"Green Lantern
(Guy Gardner)",,Green Lantern #59,Mar-1968,Y,John Broome,writer,None,,Deceased,,,,,,,,,,,,,,,,,,,,,,,,,,,,,,,,,,,,,,,,
,,,,,Gil Kane,"pencils, cover pencils",None,,Deceased,,,,,,,,,,,,,,,,,,,,,,,,,,,,,,,,,,,,,,,,
,,,,,Sid Greene,inks,None,,Deceased,,,,,,,,,,,,,,,,,,,,,,,,,,,,,,,,,,,,,,,,
,,,,,Murphy Anderson,cover inks,None,,Deceased,,,,,,,,,,,,,,,,,,,,,,,,,,,,,,,,,,,,,,,,
"Green Lantern
(John Stewart)",,"Green Lantern #87
""Beware My Power""",Dec-1971,Y,Denny O'Neil,writer,Creator Recognition,,,,,,,,,,,,,,,,,,,,,,,,,,,,,,,,,,,,,,,,,,
,,,,,Neal Adams,pencils; cover,Creator Recognition,,,,,,,,,,,,,,,,,,,,,,,,,,,,,,,,,,,,,,,,,,
,,,,,Dick Giordano,inks,N/A,,"Giordano was an employee of DC at this time.
Deceased",,,,,,,,,,,,,,,,,,,,,,,,,,,,,,,,,,,,,,,,
"Green Lantern
(Kyle Rayner)",,Green Lantern #48,Jan-1994,N,Ron Marz,writer,WFH,,,,,,,,,,,,,,,,,,,,,,,,,,,,,,,,,,,,,,,,,,
,,,,,Bill Willingham,pencils,WFH,,,,,,,,,,,,,,,,,,,,,,,,,,,,,,,,,,,,,,,,,,
,,,,,Romeo Tanghal,"inks, cover inks",WFH,,,,,,,,,,,,,,,,,,,,,,,,,,,,,,,,,,,,,,,,,,
,,,,,Robert Campanella,inks,WFH,,,,,,,,,,,,,,,,,,,,,,,,,,,,,,,,,,,,,,,,,,
,,,,,Darryl Banks,cover pencils,WFH,,,,,,,,,,,,,,,,,,,,,,,,,,,,,,,,,,,,,,,,,,
,,,,,Anthony Tollin,color,N/A,,,,,,,,,,,,,,,,,,,,,,,,,,,,,,,,,,,,,,,,,,
"Green Lantern
(Simon Baz)",,The New 52: FCBD Special Edition,Jun-2012,N,Geoff Johns,writer,WFH,,,,,,,,,,,,,,,,,,,,,,,,,,,,,,,,,,,,,,,,,,
,,,,,Kenneth Rocafort,"pencils, inks",WFH,,,,,,,,,,,,,,,,,,,,,,,,,,,,,,,,,,,,,,,,,,
,,,,,Gene Ha,"pencils, inks",WFH,,,,,,,,,,,,,,,,,,,,,,,,,,,,,,,,,,,,,,,,,,
,,,,,Jim Lee,"pencils, cover pencils",Firewall Agreement,,,,,,,,,,,,,,,,,,,,,,,,,,,,,,,,,,,,,,,,,,
,,,,,Ivan Reis,pencils,WFH,,,,,,,,,,,,,,,,,,,,,,,,,,,,,,,,,,,,,,,,,,
,,,,,Scott Williams,"inks, cover inks",WFH,,,,,,,,,,,,,,,,,,,,,,,,,,,,,,,,,,,,,,,,,,
,,,,,Kevin Senft,digital inks,WFH,,,,,,,,,,,,,,,,,,,,,,,,,,,,,,,,,,,,,,,,,,
,,,,,Joe Prado,finishes over layouts,WFH,,,,,,,,,,,,,,,,,,,,,,,,,,,,,,,,,,,,,,,,,,
,,,,,Rod Reis,color,N/A,,,,,,,,,,,,,,,,,,,,,,,,,,,,,,,,,,,,,,,,,,
,,,,,Art Lyon,color,N/A,,,,,,,,,,,,,,,,,,,,,,,,,,,,,,,,,,,,,,,,,,
,,,,,Alex Sinclair,color,N/A,,,,,,,,,,,,,,,,,,,,,,,,,,,,,,,,,,,,,,,,,,
"Green Lantern
(Jessica Cruz)",Lego Aquaman,Green Lantern #20,Jul-2013,N,Geoff Johns,writer,Exclusive; WFH,,,,,,,,,,,,,,,,,,,,,,,,,,,,,,,,,,,,,,,,,,
,,,,,Doug Mahnke,"pencils, inks, cover",WFH,,,,,,,,,,,,,,,,,,,,,,,,,,,,,,,,,,,,,,,,,,
,,,,,Ethan Van Sciver,"pencils, inks",Exclusive; WFH,,,,,,,,,,,,,,,,,,,,,,,,,,,,,,,,,,,,,,,,,,
,,,,,Patrick Gleason,pencils,WFH,,,,,,,,,,,,,,,,,,,,,,,,,,,,,,,,,,,,,,,,,,
,,,,,Cully Hamner,pencils,WFH,,,,,,,,,,,,,,,,,,,,,,,,,,,,,,,,,,,,,,,,,,
,,,,,Aaron Kuder,pencils,WFH,,,,,,,,,,,,,,,,,,,,,,,,,,,,,,,,,,,,,,,,,,
,,,,,Jerry Ordway,pencils,WFH,,,,,,,,,,,,,,,,,,,,,,,,,,,,,,,,,,,,,,,,,,
,,,,,Ivan Reis,pencils,Exclusive; WFH,,,,,,,,,,,,,,,,,,,,,,,,,,,,,,,,,,,,,,,,,,
,,,,,Christian Alamy,inks,WFH,,,,,,,,,,,,,,,,,,,,,,,,,,,,,,,,,,,,,,,,,,
,,,,,Keith Champagne,inks,WFH,,,,,,,,,,,,,,,,,,,,,,,,,,,,,,,,,,,,,,,,,,
,,,,,Marc Deering,inks,WFH,,,,,,,,,,,,,,,,,,,,,,,,,,,,,,,,,,,,,,,,,,
,,,,,Mark Irwin,inks,WFH,,,,,,,,,,,,,,,,,,,,,,,,,,,,,,,,,,,,,,,,,,
,,,,,Wade Von Grawbadger,inks,WFH,,,,,,,,,,,,,,,,,,,,,,,,,,,,,,,,,,,,,,,,,,
,,,,,Tom Nguyen,inks,WFH,,,,,,,,,,,,,,,,,,,,,,,,,,,,,,,,,,,,,,,,,,
,,,,,Oclair Albert,inks,WFH,,,,,,,,,,,,,,,,,,,,,,,,,,,,,,,,,,,,,,,,,,
,,,,,Joe Prado,inks,WFH,,,,,,,,,,,,,,,,,,,,,,,,,,,,,,,,,,,,,,,,,,
,,,,,Alex Sinclair,color,Exclusive,,,,,,,,,,,,,,,,,,,,,,,,,,,,,,,,,,,,,,,,,,
,,,,,Tony Avina,color,N/A,,,,,,,,,,,,,,,,,,,,,,,,,,,,,,,,,,,,,,,,,,
Gregory Wolfe,Flash 402,Flash: Iron Heights,2001,N,Geoff Johns,writer,Prestige Writer,2010,,,,,,,,,,,,,,,,,,,,,,,,,,,,,,,,,,,,,,,,,
,,,,,Ethan Van Sciver,"pencils, cover pencils",Prestige Artist,2010,,,,,,,,,,,,,,,,,,,,,,,,,,,,,,,,,,,,,,,,,
,,,,,Prentis Rollins,"inks, cover inks",Prestige Artist,,,,,,,,,,,,,,,,,,,,,,,,,,,,,,,,,,,,,,,,,,
,,,,,Chris Chuckry,color,Color Artist,,,,,,,,,,,,,,,,,,,,,,,,,,,,,,,,,,,,,,,,,,
Grid ,,Justice League vol 2 #23,Oct-2013,N,Geoff Johns,writer,WFH,,,,,,,,,,,,,,,,,,,,,,,,,,,,,,,,,,,,,,,,,,
,,,,,Ethan Van Sciver,pencils,WFH,,,,,,,,,,,,,,,,,,,,,,,,,,,,,,,,,,,,,,,,,,
"Gridlock
(Abner Girdler)",Flash 501,Impulse #7,Oct-1995,Y,Geoff Johns,writer,Prestige Writer,2010,,,,,,,,,,,,,,,,,,,,,,,,,,,,,,,,,,,,,,,,,
,,,,,Ethan Van Sciver,"pencils, cover pencils",Prestige Artist,2010,,,,,,,,,,,,,,,,,,,,,,,,,,,,,,,,,,,,,,,,,
,,,,,Prentis Rollins,"inks, cover inks",Prestige Artist,,,,,,,,,,,,,,,,,,,,,,,,,,,,,,,,,,,,,,,,,,
,,,,,Chris Chuckry,color,Color Artist,,,,,,,,,,,,,,,,,,,,,,,,,,,,,,,,,,,,,,,,,,
,,,,,Wayne Faucher,cover inks,WFH,,,,,,,,,,,,,,,,,,,,,,,,,,,,,,,,,,,,,,,,,,
,,,,,Tom McCraw,color,Exclusive,,,,,,,,,,,,,,,,,,,,,,,,,,,,,,,,,,,,,,,,,,
"The Griffin
(Griffin Grey)","Flash 219
(4/26/2016)",Flash: The Fastest Man Alive #1,Aug-2006,N,Danny Bilson,writer,WFH,,,,,,,,,,,,,,,,,,,,,,,,,,,,,,,,,,,,,,,,,,
,,,,,Paul DeMeo,writer,WFH,,,,,,,,,,,,,,,,,,,,,,,,,,,,,,,,,,,,,,,,,,
,,,,,Ken Lashley,"pencils, cover pencils",WFH,,,,,,,,,,,,,,,,,,,,,,,,,,,,,,,,,,,,,,,,,,
,,,,,Marlo Alquiza,inks,WFH,,,,,,,,,,,,,,,,,,,,,,,,,,,,,,,,,,,,,,,,,,
,,,,,Jay Leisten,inks,WFH,,,,,,,,,,,,,,,,,,,,,,,,,,,,,,,,,,,,,,,,,,
,,,,,Norm Rapmund,inks,WFH,,,,,,,,,,,,,,,,,,,,,,,,,,,,,,,,,,,,,,,,,,
,,,,,Greg Parkin,cover inks,None,,,,,,,,,,,,,,,,,,,,,,,,,,,,,,,,,,,,,,,,,,
,,,,,Andy Kubert,cover pencils (variant),WFH,,,,,,,,,,,,,,,,,,,,,,,,,,,,,,,,,,,,,,,,,,
,,,,,Joe Kubert,cover inks (variant),WFH,,Deceased,,,,,,,,,,,,,,,,,,,,,,,,,,,,,,,,,,,,,,,,
,,,,,Carrie Strachan,color,N/A,,,,,,,,,,,,,,,,,,,,,,,,,,,,,,,,,,,,,,,,,,
"Grifter
(Cole Cash)","Point Blank
Sleeper",WildC.A.T.S.: Covert Action Teams #1,Aug-1992,Y,Jim Lee,"writer, pencils, cover pencils",WildStorm Employment Agreement,,See also: WildStorm Asset Purchase Agreement,"See memos/emails in eDocs.  DC Legal and WB IP group opined that there’s a risk that Disney might claim that Grifter is covered by a Disney lien on the Gen13 property.  In 2013, DC and WBTV were prepared to proceed with exercising television rights.",,,,,,,,,,,,,,,,,,,,,,,,,,,,,,,,,,,,,,,
,,,,,Brandon Choi,writer,WildStorm WFH Acknowledgement,,,,,,,,,,,,,,,,,,,,,,,,,,,,,,,,,,,,,,,,,,
,,,,,Scott Williams,"inks, cover inks",WildStorm WFH Acknowledgement,,,,,,,,,,,,,,,,,,,,,,,,,,,,,,,,,,,,,,,,,,
,,,,,Joe Rosas,color,N/A,,,,,,,,,,,,,,,,,,,,,,,,,,,,,,,,,,,,,,,,,,
"Guardian
(James Harper; Newsboy Legion)",,"Star-Spangled Comics #7
""The Story of the Newsboy Legion""",Apr-1942,N,Jack Kirby,"writer, pencils, cover pencils",None,,Deceased,,,,,,,,,,,,,,,,,,,,,,,,,,,,,,,,,,,,,,,,
,,,,,Joe Simon,"writer, inks, cover inks",None,,Deceased,,,,,,,,,,,,,,,,,,,,,,,,,,,,,,,,,,,,,,,,
"Guardian
(James Harper's Clone; Project Cadmus)","Supergirl 116
(3/14/2016)","Superman's Pal, Jimmy Olsen #135",Jan-1971,N,Jack Kirby,"writer, pencils",None,,Deceased,,,,,,,,,,,,,,,,,,,,,,,,,,,,,,,,,,,,,,,,
,,,,,Vince Colletta,inks,None,,,,,,,,,,,,,,,,,,,,,,,,,,,,,,,,,,,,,,,,,,
,,,,,Neal Adams,cover,Creator Recognition,,,,,,,,,,,,,,,,,,,,,,,,,,,,,,,,,,,,,,,,,,
The Guardians of the Universe,"Green Lantern
(2011)","Green Lantern #1
""The Planet of Doomed Men""",Jul-1960,N,John Broome,writer,None,,Deceased,,,,,,,,,,,,,,,,,,,,,,,,,,,,,,,,,,,,,,,,
,,,,,Gil Kane,pencils; cover pencils,None,,Deceased,,,,,,,,,,,,,,,,,,,,,,,,,,,,,,,,,,,,,,,,
,,,,,Murphy Anderson,inks,None,,Deceased,,,,,,,,,,,,,,,,,,,,,,,,,,,,,,,,,,,,,,,,
,,,,,Joe Giella,cover inks,None,,,,,,,,,,,,,,,,,,,,,,,,,,,,,,,,,,,,,,,,,,
Gunner MacKay,The Losers (DC),"All-American Men of War #67
""Cover Man""",Mar-1959,Character on cover could be either Gunner or Sarge Clay,Robert Kanigher,writer,N/A,,"Kanigher was an employee of DC Comics from 2/3/47 - 5/31/82.
Deceased",,,,,,,,,,,,,,,,,,,,,,,,,,,,,,,,,,,,,,,,
,,,,,Ross Andru,pencils,None,,Deceased,,,,,,,,,,,,,,,,,,,,,,,,,,,,,,,,,,,,,,,,
,,,,,Mike Esposito,inks,None,,Deceased,,,,,,,,,,,,,,,,,,,,,,,,,,,,,,,,,,,,,,,,
,,,,,"Jerry Grandenetti
(Charles J. Grandenetti)",cover,None,,Deceased,,,,,,,,,,,,,,,,,,,,,,,,,,,,,,,,,,,,,,,,
"Gypsy
(Cindy Reynolds)",,Justice League of America Annual #2,Oct-1984,Y,Gerry Conway,writer,WFH,2013,,,,,,,,,,,,,,,,,,,,,,,,,,,,,,,,,,,,,,,,,
,,,,,Chuck Patton,"pencils, cover pencils",WFH,2013,,,,,,,,,,,,,,,,,,,,,,,,,,,,,,,,,,,,,,,,,
,,,,,Dave Hunt,inks,WFH,,,,,,,,,,,,,,,,,,,,,,,,,,,,,,,,,,,,,,,,,,
,,,,,Dick Giordano,cover inks,None,,"Giordano may have been an employee of DC at this time.
Deceased",,,,,,,,,,,,,,,,,,,,,,,,,,,,,,,,,,,,,,,,
,,,,,Carl Gafford,color,N/A,,,,,,,,,,,,,,,,,,,,,,,,,,,,,,,,,,,,,,,,,,
"Gypsy
(Cynnthia Mordeth)",Flash 310,Justice League of America's Vibe #1,Apr-2013,N,Geoff Johns,writer,Exclusive; WFH,,,,,,,,,,,,,,,,,,,,,,,,,,,,,,,,,,,,,,,,,,
,,,,,Andrew Kreisberg,writer,WFH,,,,,,,,,,,,,,,,,,,,,,,,,,,,,,,,,,,,,,,,,,
,,,,,Pete Woods,pencils,WFH,,,,,,,,,,,,,,,,,,,,,,,,,,,,,,,,,,,,,,,,,,
,,,,,Sean Parsons,inks,WFH,,,,,,,,,,,,,,,,,,,,,,,,,,,,,,,,,,,,,,,,,,
,,,,,David Finch,cover,Exclusive; WFH,,,,,,,,,,,,,,,,,,,,,,,,,,,,,,,,,,,,,,,,,,
,,,,,Brad Anderson,color,N/A,,,,,,,,,,,,,,,,,,,,,,,,,,,,,,,,,,,,,,,,,,
Hackett,Arrow 711,Green Arrow: Year One #1,Sep-2007,N,Andy Diggle,writer,WFH,2012,,,,,,,,,,,,,,,,,,,,,,,,,,,,,,,,,,,,,,,,,
,,,,,Mark Simpson (Jock),"pencils, inks, cover",WFH,2012,,,,,,,,,,,,,,,,,,,,,,,,,,,,,,,,,,,,,,,,,
,,,,,David Baron,color,Exclusive,,,,,,,,,,,,,,,,,,,,,,,,,,,,,,,,,,,,,,,,,,
Hall of Justice,,"Super Friends Animated Series
""The Power Pirate""",Sep-1973,,"Fred Freiberger, Willie Gilbert, Bernie Kahn, Dick Robbins, Ken Rotcop, Henry Sharp, Arthur Weiss, Marshall Williams",writers,,,See Hanna-Barbera agreements (11/29/73; 11/16/76; 3/27/78; 1/19/82; 10/10/84; 2/27/85; 5/22/90; 7/1/92) and Settlement (8/11/86),,,,,,,,,,,,,,,,,,,,,,,,,,,,,,,,,,,,,,,,
"Halo
(Gabrielle Doe)
*This applies to Gabrielle Doe only. 
See also: Violet Harper",Young Justice,"The Brave and the Bold #200
""Batman and the Outsiders""",Jul-1983,N,Mike Barr,writer,WFH; Writer,2006,,,,,,,,,,,,,,,,,,,,,,,,,,,,,,,,,,,,,,,,,
,,,,,Jim Aparo,"pencils, inks, cover",Artist,1983,Deceased,,,,,,,,,,,,,,,,,,,,,,,,,,,,,,,,,,,,,,,,
,,,,,Adrienne Roy,color,Exclusive,,Deceased,,,,,,,,,,,,,,,,,,,,,,,,,,,,,,,,,,,,,,,,
"Hannibal Bates
(Everyman; Dark Arrow)",,"as Hannibal Bates:
52 #21",Nov-2006,Y,Geoff Johns,plot,WFH; Exclusive; Continuity,2015,,,,,,,,,,,,,,,,,,,,,,,,,,,,,,,,,,,,,,,,,
,,,,,Grant Morrison,plot,WFH; Continuity,,Character Equity agreement sent; not returned,,,,,,,,,,,,,,,,,,,,,,,,,,,,,,,,,,,,,,,,
,,,,,Greg Rucka,plot,WFH; Continuity,2015,,,,,,,,,,,,,,,,,,,,,,,,,,,,,,,,,,,,,,,,,
,,,,,Mark Waid,writer,WFH; Continuity,2015,,,,,,,,,,,,,,,,,,,,,,,,,,,,,,,,,,,,,,,,,
,,,,,Joe Bennett,pencils,WFH,2015,,,,,,,,,,,,,,,,,,,,,,,,,,,,,,,,,,,,,,,,,
,,,,,Jack Jadson,inks,WFH,,,,,,,,,,,,,,,,,,,,,,,,,,,,,,,,,,,,,,,,,,
,,,,,J.G. Jones,cover,WFH,,,,,,,,,,,,,,,,,,,,,,,,,,,,,,,,,,,,,,,,,,
,,,,,David Baron,color,Exclusive,,,,,,,,,,,,,,,,,,,,,,,,,,,,,,,,,,,,,,,,,,
,Arrow 608,"as Dark Arrow:
Green Arrow & Black Canary #27",Feb-2010,Y,Andrew Kreisberg,writer,WFH,,,,,,,,,,,,,,,,,,,,,,,,,,,,,,,,,,,,,,,,,,
,,,,,Mike Norton,pencils,WFH,,,,,,,,,,,,,,,,,,,,,,,,,,,,,,,,,,,,,,,,,,
,,,,,Bill Sienkiewicz,inks,WFH,,,,,,,,,,,,,,,,,,,,,,,,,,,,,,,,,,,,,,,,,,
,,,,,Jose Ladronn,cover,WFH,,,,,,,,,,,,,,,,,,,,,,,,,,,,,,,,,,,,,,,,,,
,,,,,David Baron,color,Exclusive,,,,,,,,,,,,,,,,,,,,,,,,,,,,,,,,,,,,,,,,,,
"Hans Hendrickson
(Weapons Master)",,"in Quality Comics:
Military Comics #2
""The Coward Dies Twice""",Sep-1941,N,Will Eisner,writer,Independent Contractor,,See Quality Comics purchase agreements dated 7/26/56 & 8/1/67.,,,,,,,,,,,,,,,,,,,,,,,,,,,,,,,,,,,,,,,,
,,,,,Charles Cuidera,"pencils, inks, cover",None,,,,,,,,,,,,,,,,,,,,,,,,,,,,,,,,,,,,,,,,,,
,,,,,Bill Smith,cover,None,,,,,,,,,,,,,,,,,,,,,,,,,,,,,,,,,,,,,,,,,,
,,"in DC Comics:
Blackhawk #108",Jan-1957,N,Dick Dillin,"pencils, cover pencils",None,,Deceased,,,,,,,,,,,,,,,,,,,,,,,,,,,,,,,,,,,,,,,,
,,,,,Charles Cuidera,"inks, cover inks",None,,,,,,,,,,,,,,,,,,,,,,,,,,,,,,,,,,,,,,,,,,
Hardhat,"Arrow 414
(2/17/2016)",Green Lantern #176,May-1984,N,Len Wein,writer,WFH,2005,Deceased,,,,,,,,,,,,,,,,,,,,,,,,,,,,,,,,,,,,,,,,
,,,,,Dave Gibbons,"pencils, cover",WFH,,,,,,,,,,,,,,,,,,,,,,,,,,,,,,,,,,,,,,,,,,
,,,,,Dick Giordano,inks,WFH,,"Giordano was an employee of DC at this time.
Deceased",,,,,,,,,,,,,,,,,,,,,,,,,,,,,,,,,,,,,,,,
,,,,,Anthony Tollin,color,Exclusive,,,,,,,,,,,,,,,,,,,,,,,,,,,,,,,,,,,,,,,,,,
"Harbinger
(Lyla Michaels)",Flash 308,"New Teen Titans #21
""Beware the Wrath of… Brother Blood""",Jul-1982,N,Marv Wolfman,writer,Exclusive,2004,,,,,,,,,,,,,,,,,,,,,,,,,,,,,,,,,,,,,,,,,
,,,,,George Perez,"pencils, cover",Exclusive,2004,,,,,,,,,,,,,,,,,,,,,,,,,,,,,,,,,,,,,,,,,
,,,,,Romeo Tanghal,inks,Exclusive,,,,,,,,,,,,,,,,,,,,,,,,,,,,,,,,,,,,,,,,,,
,,,,,Adrienne Roy,color,Exclusive,,Deceased,,,,,,,,,,,,,,,,,,,,,,,,,,,,,,,,,,,,,,,,
"Harley Quinn
(Dr. Harleen Quinzel)",Gotham Girls,"Batman: The Animated Series
""Joker's Favor""",Sep-1992,,Paul Dini,"writer, creator",,1996,Character equity agreement for everything except media rights,,,,,,,,,,,,,,,,,,,,,,,,,,,,,,,,,,,,,,,,
,,,,,Bruce Timm,creator,,2015,Character equity agreement for everything except media rights,,,,,,,,,,,,,,,,,,,,,,,,,,,,,,,,,,,,,,,,
,,"First Comic Appearance:
The Batman Adventures #12",Sep-1993,Y,Kelley Puckett,writer,WFH,,,,,,,,,,,,,,,,,,,,,,,,,,,,,,,,,,,,,,,,,,
,,,,,Michael Parobeck,"pencils, cover pencils",WFH; Continuity,,,,,,,,,,,,,,,,,,,,,,,,,,,,,,,,,,,,,,,,,,
,,,,,Rick Burchett,"inks, cover inks",Continuity,,,,,,,,,,,,,,,,,,,,,,,,,,,,,,,,,,,,,,,,,,
,,,,,Rick Taylor,color,N/A,,,,,,,,,,,,,,,,,,,,,,,,,,,,,,,,,,,,,,,,,,
Harvey Bullock,,"Detective Comics #441
""Judgment Day""",Jun-1974,N,Archie Goodwin,writer,None,,Deceased,,,,,,,,,,,,,,,,,,,,,,,,,,,,,,,,,,,,,,,,
,,,,,Howard Chaykin,"pencils, inks",None,,,,,,,,,,,,,,,,,,,,,,,,,,,,,,,,,,,,,,,,,,
,,,,,Jim Aparo,cover,None,,Deceased,,,,,,,,,,,,,,,,,,,,,,,,,,,,,,,,,,,,,,,,
"The Hat
(Rampotatek)",Supergirl 413,Action Comics #775,Mar-2001,N,Joe Kelly,writer,Continuity Writer,,,,,,,,,,,,,,,,,,,,,,,,,,,,,,,,,,,,,,,,,,
,,,,,Doug Mahnke,pencils,Continuity Artist; WFH,,,,,,,,,,,,,,,,,,,,,,,,,,,,,,,,,,,,,,,,,,
,,,,,Lee Bermejo,pencils,None,,,,,,,,,,,,,,,,,,,,,,,,,,,,,,,,,,,,,,,,,,
,,,,,Tom Nguyen,inks,WFH,,,,,,,,,,,,,,,,,,,,,,,,,,,,,,,,,,,,,,,,,,
,,,,,Dexter Vines,inks,WFH,,,,,,,,,,,,,,,,,,,,,,,,,,,,,,,,,,,,,,,,,,
,,,,,Jim Royal,inks,None,,,,,,,,,,,,,,,,,,,,,,,,,,,,,,,,,,,,,,,,,,
,,,,,Jose Marzan,inks,WFH,,,,,,,,,,,,,,,,,,,,,,,,,,,,,,,,,,,,,,,,,,
,,,,,Wade von Grawbadger,inks,WFH,,,,,,,,,,,,,,,,,,,,,,,,,,,,,,,,,,,,,,,,,,
,,,,,Wayne Faucher,inks,WFH,,,,,,,,,,,,,,,,,,,,,,,,,,,,,,,,,,,,,,,,,,
,,,,,Tim Bradstreet,cover,WFH,,,,,,,,,,,,,,,,,,,,,,,,,,,,,,,,,,,,,,,,,,
,,,,,Rob Schwager,color,N/A,,,,,,,,,,,,,,,,,,,,,,,,,,,,,,,,,,,,,,,,,,
"Hawk
(Henry ""Hank"" Hall; Monarch)",Birds of Prey,Showcase #75,Jun-1968,Y,Steve Skeates,writer,None,,"According to the GCD, Giordano and Infantino were both involved with the creation of Hawk & Dove. Infantino claimed to have come up with the original idea. Giordano claimed that Ditko wrote the rough plot and Skeates worked from that. Skeates claimed that Infantino came up with the title, but the rest of the creation was ""by committee.""
Giordano and Infantino were both employees of DC at this time and are both Deceased ",,,,,,,,,,,,,,,,,,,,,,,,,,,,,,,,,,,,,,,,
,,,,,Steve Ditko,"plot, pencils, inks, cover",Creator Recognition,2017,,,,,,,,,,,,,,,,,,,,,,,,,,,,,,,,,,,,,,,,,
,,,,,Dick Giordano,editor,N/A,,,,,,,,,,,,,,,,,,,,,,,,,,,,,,,,,,,,,,,,,,
,,,,,Carmine Infantino,editor,Settlement,,,,,,,,,,,,,,,,,,,,,,,,,,,,,,,,,,,,,,,,,,
"Hawk
(Sasha Martens)",Birds of Prey,Genesis #2,Oct-1997,N,John Byrne,writer,WFH,,,,,,,,,,,,,,,,,,,,,,,,,,,,,,,,,,,,,,,,,,
,,,,,Ron Wagner,pencils,WFH,,,,,,,,,,,,,,,,,,,,,,,,,,,,,,,,,,,,,,,,,,
,,,,,Joe Rubinstein,inks,WFH,,,,,,,,,,,,,,,,,,,,,,,,,,,,,,,,,,,,,,,,,,
,,,,,Alan Davis,cover pencils,WFH,,,,,,,,,,,,,,,,,,,,,,,,,,,,,,,,,,,,,,,,,,
,,,,,Mark Farmer,cover inks,WFH,,,,,,,,,,,,,,,,,,,,,,,,,,,,,,,,,,,,,,,,,,
,,,,,Patricia Mulvihill,color,Exclusive,,,,,,,,,,,,,,,,,,,,,,,,,,,,,,,,,,,,,,,,,,
"Hawk
(Holly Granger)",Birds of Prey,Teen Titans #22,May-2005,N,Geoff Johns,writer,Exclusive; WFH,,,,,,,,,,,,,,,,,,,,,,,,,,,,,,,,,,,,,,,,,,
,,,,,Mike McKone,"pencils, cover pencils",WFH,,,,,,,,,,,,,,,,,,,,,,,,,,,,,,,,,,,,,,,,,,
,,,,,Marlo Alquiza,"inks, cover inks",WFH,,,,,,,,,,,,,,,,,,,,,,,,,,,,,,,,,,,,,,,,,,
,,,,,Jeromy Cox,color,N/A,,,,,,,,,,,,,,,,,,,,,,,,,,,,,,,,,,,,,,,,,,
"Hawkgirl
(Sheira Sanders; Chay-Ara)",,"Flash Comics #1
""The Origin of Hawkman""",Jan-1940,Y,Gardner F. Fox,writer,Creator Recognition,2009,Deceased Creator recognition agreement with is with heirs.,,,,,,,,,,,,,,,,,,,,,,,,,,,,,,,,,,,,,,,,
,,,,,Dennis Neville,"pencils, inks",None,,,,,,,,,,,,,,,,,,,,,,,,,,,,,,,,,,,,,,,,,,
,,,,,Sheldon Moldoff,cover,Artist,,Deceased,,,,,,,,,,,,,,,,,,,,,,,,,,,,,,,,,,,,,,,,
"Hawkgirl
(Kendra Saunders)","Flash 205
(11/3/2015)","JSA Secret Files & Origins  #1
""Gathering Storms""",Aug-1999,Y,James Robinson,writer,WFH,,,,,,,,,,,,,,,,,,,,,,,,,,,,,,,,,,,,,,,,,,
,,,,,David S. Goyer,writer,WFH,,,,,,,,,,,,,,,,,,,,,,,,,,,,,,,,,,,,,,,,,,
,,,,,Scott Benefiel,pencils,WFH,,,,,,,,,,,,,,,,,,,,,,,,,,,,,,,,,,,,,,,,,,
,,,,,Mark Propst,inks,WFH,,,,,,,,,,,,,,,,,,,,,,,,,,,,,,,,,,,,,,,,,,
,,,,,Steve Sadowski,cover pencils,WFH,,,,,,,,,,,,,,,,,,,,,,,,,,,,,,,,,,,,,,,,,,
,,,,,"Michael Bair
(Michael Hernandez)",cover inks,WFH,,,,,,,,,,,,,,,,,,,,,,,,,,,,,,,,,,,,,,,,,,
,,,,,John Kalisz,color,N/A,,,,,,,,,,,,,,,,,,,,,,,,,,,,,,,,,,,,,,,,,,
"Hawkman
(Carter Hall / Khufu)","Flash 208
(12/1/2015)","Flash Comics #1
""The Origin of Hawkman""",Jan-1940,Y,Gardner F. Fox,writer,Creator Recognition,2009,Deceased Creator recognition agreement with is with heirs.  Cleared for cameo single use in DC Superhero Girls,,,,,,,,,,,,,,,,,,,,,,,,,,,,,,,,,,,,,,,,
,,,,,Dennis Neville,"pencils, inks",None,,,,,,,,,,,,,,,,,,,,,,,,,,,,,,,,,,,,,,,,,,
,,,,,Sheldon Moldoff,cover,Artist,,Deceased,,,,,,,,,,,,,,,,,,,,,,,,,,,,,,,,,,,,,,,,
"Hawkman
(Katar Hol)",,The Brave and the Bold #34,Feb-1961,Y,Gardner F. Fox,writer,Creator Recognition,,Deceased Creator recognition agreement with is with heirs.,,,,,,,,,,,,,,,,,,,,,,,,,,,,,,,,,,,,,,,,
,,,,,Joe Kubert,"pencils, inks, cover",None,,Deceased,,,,,,,,,,,,,,,,,,,,,,,,,,,,,,,,,,,,,,,,
"Hawkman
(Fel Andar)",,"Pre-Hawkworld:
The Shadow War of Hawkman #1",May-1985,Y,Anthony Isabella,writer,None,2016,,,,,,,,,,,,,,,,,,,,,,,,,,,,,,,,,,,,,,,,,
,,,,,Richard Howell,"pencils, cover pencils",None,2016,,,,,,,,,,,,,,,,,,,,,,,,,,,,,,,,,,,,,,,,,
,,,,,Alfredo Alcala,inks,None,,Deceased,,,,,,,,,,,,,,,,,,,,,,,,,,,,,,,,,,,,,,,,
,,,,,Dick Giordano,cover inks,N/A,,"Giordano was an employee of DC at this time.
Deceased",,,,,,,,,,,,,,,,,,,,,,,,,,,,,,,,,,,,,,,,
,,,,,Michele Wolfman,color,N/A,,,,,,,,,,,,,,,,,,,,,,,,,,,,,,,,,,,,,,,,,,
,,"Post-Hawkworld:
Hawkworld #22",Apr-1992,Y,John Ostrander,writer,WFH,,,,,,,,,,,,,,,,,,,,,,,,,,,,,,,,,,,,,,,,,,
,,,,,Graham Nolan,"pencils, cover",WFH,,,,,,,,,,,,,,,,,,,,,,,,,,,,,,,,,,,,,,,,,,
,,,,,Richard Bryant,inks,WFH,,,,,,,,,,,,,,,,,,,,,,,,,,,,,,,,,,,,,,,,,,
,,,,,Sam Parsons,color,N/A,,,,,,,,,,,,,,,,,,,,,,,,,,,,,,,,,,,,,,,,,,
"Hawkman
(Charley Parker / Golden Eagle)",,"as Charley Parker:
Justice League of America #116
""The Kid Who Won Hawkman's Wings""",Mar-1975,N,Cary Bates,writer,None,,,,,,,,,,,,,,,,,,,,,,,,,,,,,,,,,,,,,,,,,,
,,,,,Richard Dillin,pencils,None,,Deceased,,,,,,,,,,,,,,,,,,,,,,,,,,,,,,,,,,,,,,,,
,,,,,Dick Giordano,inks,N/A,,"Giordano was an employee of DC at this time.
Deceased",,,,,,,,,,,,,,,,,,,,,,,,,,,,,,,,,,,,,,,,
,,,,,Nicholas Peter Cardy,cover,None,,Deceased,,,,,,,,,,,,,,,,,,,,,,,,,,,,,,,,,,,,,,,,
,,"as Hawkman:
Hawkman #43",Oct-2005,Y,Justin Gray,writer,WFH,,,,,,,,,,,,,,,,,,,,,,,,,,,,,,,,,,,,,,,,,,
,,,,,Jimmy Palmiotti,writer,WFH,,,,,,,,,,,,,,,,,,,,,,,,,,,,,,,,,,,,,,,,,,
,,,,,"Benedito Jose Nascimento
(Joe Bennett)",pencils,WFH,,,,,,,,,,,,,,,,,,,,,,,,,,,,,,,,,,,,,,,,,,
,,,,,Ruy Jose,inks,WFH,,,,,,,,,,,,,,,,,,,,,,,,,,,,,,,,,,,,,,,,,,
,,,,,Dale Eaglesham,cover pencils,WFH,,,,,,,,,,,,,,,,,,,,,,,,,,,,,,,,,,,,,,,,,,
,,,,,Wade Von Grawbadger,cover inks,WFH,,,,,,,,,,,,,,,,,,,,,,,,,,,,,,,,,,,,,,,,,,
,,,,,Sno-Cone Studios,color,N/A,,,,,,,,,,,,,,,,,,,,,,,,,,,,,,,,,,,,,,,,,,
 Hawkman Cruiser,Black Adam,The Brave and the Bold #34,March-1961,N,Gardner F. Fox,writer,Creator Recognition,,"Creator recognition agreement with is with heirs. (DCBL 11899) (Hawkman is on the Exhibit List and Agreement covers ""all other related elements"")","Information here is for the first appearance of Hawkman's Thanagarian ship (Thanagarian Star Cruiser) in the comics, which our understanding, is the idea behind the version being used in the movie but that the team created the film version so that it doesn’t look very similar to anything from the comics.",,,,,,,,,,,,,,,,,,,,,,,,,,,,,,,,,,,,,,,
,,,,,Joe Kubert,"pencils, inks, cover",None,,Deceased,,,,,,,,,,,,,,,,,,,,,,,,,,,,,,,,,,,,,,,,
 Hawkman Mansion/JSA headquarters in St. Roch,Black Adam,Hawkman vol 4 #1,May-2002,N,Geoff Johns,writer,WFH,,,"It is our understanding that the version in the movie is based on the Hawkman Mansion/Museum from the comics. According to information online, the name of the museum is Stonechat Museum. The first appearance information listed is for the Stonechat Museum. St. Roch as a location also has the same first appearance issue.",,,,,,,,,,,,,,,,,,,,,,,,,,,,,,,,,,,,,,,
,,,,,James Robinson,writer,WFH,,,,,,,,,,,,,,,,,,,,,,,,,,,,,,,,,,,,,,,,,,
,,,,,"Ralph ""Rags"" Morales",pencils,WFH,,,,,,,,,,,,,,,,,,,,,,,,,,,,,,,,,,,,,,,,,,
,,,,,"Michael Bair
(Michael Hernandez)",inks,WFH,,,,,,,,,,,,,,,,,,,,,,,,,,,,,,,,,,,,,,,,,,
,,,,,Andrew C. Robinson,cover,WFH,,,,,,,,,,,,,,,,,,,,,,,,,,,,,,,,,,,,,,,,,,
"Hawkwoman
(Shayera Hol)",,The Brave and the Bold #34,Feb-1961,Y,Gardner F. Fox,writer,Creator Recognition,,Deceased Creator recognition agreement with is with heirs.,,,,,,,,,,,,,,,,,,,,,,,,,,,,,,,,,,,,,,,,
,,,,,Joe Kubert,"pencils, inks, cover",None,,Deceased,,,,,,,,,,,,,,,,,,,,,,,,,,,,,,,,,,,,,,,,
"Hawkwoman
(Shayera Thal)",,Hawkworld #1,1989,N,Timothy Truman,"writer, pencils, cover",Prestige,,,,,,,,,,,,,,,,,,,,,,,,,,,,,,,,,,,,,,,,,,
,,,,,"Enrique Alcatena
(Quique Alcatena)",inks,Prestige,,,,,,,,,,,,,,,,,,,,,,,,,,,,,,,,,,,,,,,,,,
,,,,,Sam Parsons,color,N/A,,,,,,,,,,,,,,,,,,,,,,,,,,,,,,,,,,,,,,,,,,
"Hawkwoman
(Shayera Ma; Sharon Parker Hall)",,Hawkworld #22,Apr-1992,Y,John Ostrander,writer,WFH,,,,,,,,,,,,,,,,,,,,,,,,,,,,,,,,,,,,,,,,,,
,,,,,Graham Nolan,"pencils, cover",WFH,,,,,,,,,,,,,,,,,,,,,,,,,,,,,,,,,,,,,,,,,,
,,,,,Rick J. Bryant,inks,WFH,,,,,,,,,,,,,,,,,,,,,,,,,,,,,,,,,,,,,,,,,,
,,,,,Sam Parsons,color,N/A,,,,,,,,,,,,,,,,,,,,,,,,,,,,,,,,,,,,,,,,,,
"Hazard
(Becky Sharpe)",Flash 403,Infinity Inc. #34,Jan-1987,N,Roy Thomas,co-writer,Writer,,,,,,,,,,,,,,,,,,,,,,,,,,,,,,,,,,,,,,,,,,
,,,,,"Dannette ""Dann"" Thomas",co-writer,None,,"We believe that Roy Thomas entered into a separate agreement with Dann Thomas for writing services, but we do not have a copy of it.",,,,,,,,,,,,,,,,,,,,,,,,,,,,,,,,,,,,,,,,
,,,,,Todd McFarlane,"pencils, cover pencils",WFH,,,,,,,,,,,,,,,,,,,,,,,,,,,,,,,,,,,,,,,,,,
,,,,,Tony DeZuniga,"inks, cover inks",WFH,,,,,,,,,,,,,,,,,,,,,,,,,,,,,,,,,,,,,,,,,,
,,,,,Liz Berube,color,N/A,,,,,,,,,,,,,,,,,,,,,,,,,,,,,,,,,,,,,,,,,,
"Headhunter
(Batman villain)",Gotham 407,Batman #487,Dec-1992,Y,Doug Moench,writer,Continuity; WFH,,,,,,,,,,,,,,,,,,,,,,,,,,,,,,,,,,,,,,,,,,
,,,,,Jim Aparo,"pencils, inks, cover inks",Exclusive,,Deceased,,,,,,,,,,,,,,,,,,,,,,,,,,,,,,,,,,,,,,,,
,,,,,Ed Hannigan,cover pencils,WFH,,,,,,,,,,,,,,,,,,,,,,,,,,,,,,,,,,,,,,,,,,
,,,,,Adrienne Roy,color,Exclusive,,Deceased,,,,,,,,,,,,,,,,,,,,,,,,,,,,,,,,,,,,,,,,
"Headhunter
(Hawkman villain)",,Hawkman #19,Nov-2003,N,Geoff Johns,writer,Exclusive; WFH,,,,,,,,,,,,,,,,,,,,,,,,,,,,,,,,,,,,,,,,,,
,,,,,Scot Eaton,pencils,WFH,,,,,,,,,,,,,,,,,,,,,,,,,,,,,,,,,,,,,,,,,,
,,,,,Ray Kryssing,inks,WFH,,,,,,,,,,,,,,,,,,,,,,,,,,,,,,,,,,,,,,,,,,
,,,,,John Watson,cover,WFH,,,,,,,,,,,,,,,,,,,,,,,,,,,,,,,,,,,,,,,,,,
,,,,,John Kalisz,color,N/A,,,,,,,,,,,,,,,,,,,,,,,,,,,,,,,,,,,,,,,,,,
,,,,,Heroic Age,color,N/A,,,,,,,,,,,,,,,,,,,,,,,,,,,,,,,,,,,,,,,,,,
"Heat Wave
(Mick Rory)","Flash 104
(10/28/2014)","Flash #140
""The Heat is On for Captain Cold""",Nov-1963,Y,John Broome,writer,None,,Deceased,,,,,,,,,,,,,,,,,,,,,,,,,,,,,,,,,,,,,,,,
,,,,,Carmine Infantino,"pencils, cover pencils",Settlement,,Deceased,,,,,,,,,,,,,,,,,,,,,,,,,,,,,,,,,,,,,,,,
,,,,,Joe Giella,inks,None,,,,,,,,,,,,,,,,,,,,,,,,,,,,,,,,,,,,,,,,,,
,,,,,Murphy Anderson,cover inks,None,,Deceased,,,,,,,,,,,,,,,,,,,,,,,,,,,,,,,,,,,,,,,,
Hecate,,Wonder Woman Annual vol 4 #1,Aug-2015,N,Meredith Finch,writer,WFH,,,,,,,,,,,,,,,,,,,,,,,,,,,,,,,,,,,,,,,,,,
,,,,,David Finch,pencils,WFH,,,,,,,,,,,,,,,,,,,,,,,,,,,,,,,,,,,,,,,,,,
,,,,,Jonathan Glapion,inks,WFH,,,,,,,,,,,,,,,,,,,,,,,,,,,,,,,,,,,,,,,,,,
,,,,,Johnny Desjardins,inks,WFH,,,,,,,,,,,,,,,,,,,,,,,,,,,,,,,,,,,,,,,,,,
Heckler,,The Heckler #1,Sep-1992,Y,Keith Giffen,"writer, pencils",Property Agreement,,,DC owns media rights,,,,,,,,,,,,,,,,,,,,,,,,,,,,,,,,,,,,,,,
,,,,,Mary Bierbaum,writer,Property Agreement,,,,,,,,,,,,,,,,,,,,,,,,,,,,,,,,,,,,,,,,,,
,,,,,Tom Bierbaum,writer,Property Agreement,,,,,,,,,,,,,,,,,,,,,,,,,,,,,,,,,,,,,,,,,,
,,,,,Malcolm Jones III,inks,WFH,,,,,,,,,,,,,,,,,,,,,,,,,,,,,,,,,,,,,,,,,,
Hector Hammond,"Green Lantern
(2011)",Green Lantern #5,Mar-1961,N,John Broome,writer,None,,Deceased,,,,,,,,,,,,,,,,,,,,,,,,,,,,,,,,,,,,,,,,
,,,,,Gil Kane,"pencils, cover pencils",None,,Deceased,,,,,,,,,,,,,,,,,,,,,,,,,,,,,,,,,,,,,,,,
,,,,,Joe Giella,"inks, cover inks",None,,,,,,,,,,,,,,,,,,,,,,,,,,,,,,,,,,,,,,,,,,
Hellene,"Wonder Woman
(2017)",Wonder Woman #14,Mar-1988,N,George Perez,"plot, pencils, cover",Continuity,,,,,,,,,,,,,,,,,,,,,,,,,,,,,,,,,,,,,,,,,,
,,,,,Len Wein,script,WFH,,Deceased,,,,,,,,,,,,,,,,,,,,,,,,,,,,,,,,,,,,,,,,
,,,,,Bruce Patterson,inks,WFH,,,,,,,,,,,,,,,,,,,,,,,,,,,,,,,,,,,,,,,,,,
,,,,,Carl Gafford,color,N/A,,,,,,,,,,,,,,,,,,,,,,,,,,,,,,,,,,,,,,,,,,
Henry Allen,"Justice League
(2017)","The Flash #126
""Snare of the Headline Huntress""",Feb-1962,N,John Broome,writer,None,,Deceased,,,,,,,,,,,,,,,,,,,,,,,,,,,,,,,,,,,,,,,,
,,,,,Carmine Infantino,"pencils, cover pencils",Settlement,,Deceased,,,,,,,,,,,,,,,,,,,,,,,,,,,,,,,,,,,,,,,,
,,,,,Joe Giella,inks,None,,,,,,,,,,,,,,,,,,,,,,,,,,,,,,,,,,,,,,,,,,
,,,,,Murphy Anderson,cover inks,None,,Deceased,,,,,,,,,,,,,,,,,,,,,,,,,,,,,,,,,,,,,,,,
Hermes,"Wonder Woman
(2017)","Golden Age:
Wonder Woman #1
""The Origin of Wonder Woman""",Summer 1942,N,William Moulton Marston,writer,Marston agreements (7/31/41; 1/15/46; 7/25/51),,Deceased Final agreement is with Estate.,,,,,,,,,,,,,,,,,,,,,,,,,,,,,,,,,,,,,,,,
,,,,,Harry G. Peter,"pencils, inks, cover",Artist,,Deceased,,,,,,,,,,,,,,,,,,,,,,,,,,,,,,,,,,,,,,,,
,,"New 52:
Wonder Woman #1",Nov-2011,N,Brian Azzarello,writer,WFH,,,,,,,,,,,,,,,,,,,,,,,,,,,,,,,,,,,,,,,,,,
,,,,,Cliff Wu Chiang,"pencils, inks, cover",WFH,,,,,,,,,,,,,,,,,,,,,,,,,,,,,,,,,,,,,,,,,,
,,,,,Matthew Wilson,color,N/A,,,,,,,,,,,,,,,,,,,,,,,,,,,,,,,,,,,,,,,,,,
"Highfather
(Izaya the Inheritor)",,New Gods #1,Mar-1971,N,Jack Kirby,"writer, pencils, cover pencils",Fourth World Agreement,1982,Deceased,,,,,,,,,,,,,,,,,,,,,,,,,,,,,,,,,,,,,,,,
,,,,,Vince Colletta,inks,None,,Deceased,,,,,,,,,,,,,,,,,,,,,,,,,,,,,,,,,,,,,,,,
,,,,,Frank Giacoia,cover inks,None,,Deceased,,,,,,,,,,,,,,,,,,,,,,,,,,,,,,,,,,,,,,,,
The Highwaymen,,The Highwaymen #1,Aug-2007,Y,Marc Bernardin,writer,WFH,2009,,,,,,,,,,,,,,,,,,,,,,,,,,,,,,,,,,,,,,,,,
,,,,,Adam Freeman,writer,WFH,2007,,,,,,,,,,,,,,,,,,,,,,,,,,,,,,,,,,,,,,,,,
,,,,,Lee Garbett,"pencils, inks",WFH,2007,,,,,,,,,,,,,,,,,,,,,,,,,,,,,,,,,,,,,,,,,
,,,,,"Brian Stelfreeze
(Jefferson Mitchell)",cover,WFH,,,,,,,,,,,,,,,,,,,,,,,,,,,,,,,,,,,,,,,,,,
,,,,,Jonny Rench,color,N/A,,,,,,,,,,,,,,,,,,,,,,,,,,,,,,,,,,,,,,,,,,
Hippolyta,,"All-Star Comics #8
""Introducing Wonder Woman""",Dec-1941,N,William Moulton Marston,writer,Marston agreements (7/31/41; 1/15/46; 7/25/51),,Deceased Final agreement is with Estate.,,,,,,,,,,,,,,,,,,,,,,,,,,,,,,,,,,,,,,,,
,,,,,Harry G. Peter,"pencils, inks",Artist,,Deceased,,,,,,,,,,,,,,,,,,,,,,,,,,,,,,,,,,,,,,,,
,,,,,Everett E. Hibbard,cover,None,,Deceased,,,,,,,,,,,,,,,,,,,,,,,,,,,,,,,,,,,,,,,,
"H.I.V.E.
(Hierarchy of International Vengeance and Eliminations)",,New Teen Titans #2,Dec-1980,N,Marv Wolfman,writer,Exclusive,1983,,,,,,,,,,,,,,,,,,,,,,,,,,,,,,,,,,,,,,,,,
,,,,,George Perez,"pencils, cover",None,1983,,,,,,,,,,,,,,,,,,,,,,,,,,,,,,,,,,,,,,,,,
,,,,,Romeo Tanghal,inks,Exclusive,,,,,,,,,,,,,,,,,,,,,,,,,,,,,,,,,,,,,,,,,,
,,,,,Adrienne Roy,color,N/A,,,,,,,,,,,,,,,,,,,,,,,,,,,,,,,,,,,,,,,,,,
Hogan's Alley,Arrow 619,Nightwing #4,Jan-1997,N,Chuck Dixon,writer,Continuity,,,,,,,,,,,,,,,,,,,,,,,,,,,,,,,,,,,,,,,,,,
,,,,,Scott McDaniel,"pencils, cover pencils",WFH,,,,,,,,,,,,,,,,,,,,,,,,,,,,,,,,,,,,,,,,,,
,,,,,Karl Story,"inks, color inks",Continuity; WFH,,,,,,,,,,,,,,,,,,,,,,,,,,,,,,,,,,,,,,,,,,
,,,,,Roberta Tewes,color,N/A,,,,,,,,,,,,,,,,,,,,,,,,,,,,,,,,,,,,,,,,,,
Holden Crosse,,Challengers of the Unknown #1,Aug-2004,N,Howard Chaykin,"writer, pencils, inks, cover",WFH,,,,,,,,,,,,,,,,,,,,,,,,,,,,,,,,,,,,,,,,,,
,,,,,Rian Hughes,art direction,WFH,,,,,,,,,,,,,,,,,,,,,,,,,,,,,,,,,,,,,,,,,,
,,,,,Michelle Madsen,color,N/A,,,,,,,,,,,,,,,,,,,,,,,,,,,,,,,,,,,,,,,,,,
Homo Magi,"Arrow 418
(4/6/2016)",Secret Origins #27,Jun-1988,N,Erich Weiss,plot,None,,,,,,,,,,,,,,,,,,,,,,,,,,,,,,,,,,,,,,,,,,
,,,,,Roy Thomas,plot,Continuity,,,,,,,,,,,,,,,,,,,,,,,,,,,,,,,,,,,,,,,,,,
,,,,,Robert Loren Fleming,script,WFH,,,,,,,,,,,,,,,,,,,,,,,,,,,,,,,,,,,,,,,,,,
,,,,,Tom Artis,"pencils, cover pencils",WFH,,,,,,,,,,,,,,,,,,,,,,,,,,,,,,,,,,,,,,,,,,
,,,,,Grant Miehm,pencils,WFH,,,,,,,,,,,,,,,,,,,,,,,,,,,,,,,,,,,,,,,,,,
,,,,,P. Craig Russell,inks,WFH,,,,,,,,,,,,,,,,,,,,,,,,,,,,,,,,,,,,,,,,,,
,,,,,Fred Fredericks,inks,WFH,,,,,,,,,,,,,,,,,,,,,,,,,,,,,,,,,,,,,,,,,,
,,,,,Doug Hazlewood,cover inks,WFH,,,,,,,,,,,,,,,,,,,,,,,,,,,,,,,,,,,,,,,,,,
,,,,,Gene D'Angelo,color,N/A,,,,,,,,,,,,,,,,,,,,,,,,,,,,,,,,,,,,,,,,,,
Hooty the Owl,Stargirl 103,"All-American Comics #25
""Dr. Mid-Nite, How He Began""",Apr-1941,N,Charles Reizenstein,writer,None,,,,,,,,,,,,,,,,,,,,,,,,,,,,,,,,,,,,,,,,,,
,,,,,Stanley Josephs Aschmeier,"pencils, inks",Artist,,Deceased,,,,,,,,,,,,,,,,,,,,,,,,,,,,,,,,,,,,,,,,
,,,,,Howard Purcell,cover,Artist,,Deceased,,,,,,,,,,,,,,,,,,,,,,,,,,,,,,,,,,,,,,,,
"Hope Springs, West Virginia
(Desolation, West Virginia)",,"as Desolation:
Green Lantern #77",Jun-1970,N,Denny O'Neil,writer,Creator Recognition Agreement,,,,,,,,,,,,,,,,,,,,,,,,,,,,,,,,,,,,,,,,,,
,,,,,Neal Adams,"pencils, cover pencils & inks",Creator Recognition Agreement,,,,,,,,,,,,,,,,,,,,,,,,,,,,,,,,,,,,,,,,,,
,,,,,Frank Giacoia,inks,None,,Deceased,,,,,,,,,,,,,,,,,,,,,,,,,,,,,,,,,,,,,,,,
,Arrow 701,"as Hope Springs:
Green Lantern #1",Jun-1990,N,Gerard Jones,writer,Continuity Writer; WFH,,DC no longer has an active relationship with Jones due to criminal conviction.,,,,,,,,,,,,,,,,,,,,,,,,,,,,,,,,,,,,,,,,
,,,,,Pat Broderick,"pencils, cover pencils",WFH,,,,,,,,,,,,,,,,,,,,,,,,,,,,,,,,,,,,,,,,,,
,,,,,Bruce Patterson,inks,WFH,,,,,,,,,,,,,,,,,,,,,,,,,,,,,,,,,,,,,,,,,,
,,,,,Mark Nelson,cover inks,WFH,,,,,,,,,,,,,,,,,,,,,,,,,,,,,,,,,,,,,,,,,,
,,,,,Anthony Tollin,color,N/A,,,,,,,,,,,,,,,,,,,,,,,,,,,,,,,,,,,,,,,,,,
The Hotness,Flash 416,Forever Evil: A.R.G.U.S. #2,Jan-2014,N,Sterling Gates,writer,WFH,2017,,,,,,,,,,,,,,,,,,,,,,,,,,,,,,,,,,,,,,,,,
,,,,,Neil Edwards,pencils,WFH,,Character equity agreement sent; not yet signed,,,,,,,,,,,,,,,,,,,,,,,,,,,,,,,,,,,,,,,,
,,,,,Jason Paz,inks,WFH,,,,,,,,,,,,,,,,,,,,,,,,,,,,,,,,,,,,,,,,,,
,,,,,Jay Leisten,inks,WFH,,,,,,,,,,,,,,,,,,,,,,,,,,,,,,,,,,,,,,,,,,
,,,,,Doug Mahnke,cover,WFH,,,,,,,,,,,,,,,,,,,,,,,,,,,,,,,,,,,,,,,,,,
,,,,,Nathan Eyring,color,N/A,,,,,,,,,,,,,,,,,,,,,,,,,,,,,,,,,,,,,,,,,,
"The Hounds
(Pit Bull; Blackwolf; Electron)","Point Blank
Sleeper",Sleeper: Season 2 #1,Aug-2004,N,Ed Brubaker,writer,WFH,,,,,,,,,,,,,,,,,,,,,,,,,,,,,,,,,,,,,,,,,,
,,,,,Sean Phillips,"pencils, inks, cover",WFH,,,,,,,,,,,,,,,,,,,,,,,,,,,,,,,,,,,,,,,,,,
,,,,,Alex Sinclair,color,N/A,,,,,,,,,,,,,,,,,,,,,,,,,,,,,,,,,,,,,,,,,,
,,,,,Carrie Strachan,color,N/A,,,,,,,,,,,,,,,,,,,,,,,,,,,,,,,,,,,,,,,,,,
"Hourman
(Rex Tyler)",Legends 201,"Adventure Comics #48
""Presenting Tick-Tock Tyler, the Hour-Man""",Mar-1940,Y,Kenneth W. Fitch,writer,Creator Recognition,2013,Deceased Creator Recognition Agreement is with heirs.,,,,,,,,,,,,,,,,,,,,,,,,,,,,,,,,,,,,,,,,
,,,,,Bernard Baily,"pencils, inks, cover",None,,Deceased Creator Recognition Agreement with heirs was never signed.,,,,,,,,,,,,,,,,,,,,,,,,,,,,,,,,,,,,,,,,
"Hourman
(Rick Tyler)",,"Infinity, Inc. #20",Nov-1985,N,Roy Thomas,co-writer,Writer,1985,,,,,,,,,,,,,,,,,,,,,,,,,,,,,,,,,,,,,,,,,
,,,,,"Dannette ""Dann"" Thomas",co-writer,None,,"We believe that Roy Thomas entered into a separate agreement with Dann Thomas for writing services, but we do not have a copy of it.",,,,,,,,,,,,,,,,,,,,,,,,,,,,,,,,,,,,,,,,
,,,,,Todd McFarlane,pencils,Artist,1985,,,,,,,,,,,,,,,,,,,,,,,,,,,,,,,,,,,,,,,,,
,,,,,Steve Montano,inks,None,,,,,,,,,,,,,,,,,,,,,,,,,,,,,,,,,,,,,,,,,,
,,,,,"Michael Bair
(Michael Hernandez)",cover,None,,,,,,,,,,,,,,,,,,,,,,,,,,,,,,,,,,,,,,,,,,
,,,,,Adrienne Roy,color,N/A,,Deceased,,,,,,,,,,,,,,,,,,,,,,,,,,,,,,,,,,,,,,,,
,,,,,Anthony Tollin,color,Exclusive,,,,,,,,,,,,,,,,,,,,,,,,,,,,,,,,,,,,,,,,,,
"Hourman
(Matthew Tyler)",,JLA #12,Nov-1997,N,Grant Morrison,writer,Continuity,,,,,,,,,,,,,,,,,,,,,,,,,,,,,,,,,,,,,,,,,,
,,,,,Howard Porter,"pencils, cover pencils",Continuity,,,,,,,,,,,,,,,,,,,,,,,,,,,,,,,,,,,,,,,,,,
,,,,,John Dell III,"inks, cover inks",Continuity,,,,,,,,,,,,,,,,,,,,,,,,,,,,,,,,,,,,,,,,,,
,,,,,Pat Garrahy,color,N/A,,,,,,,,,,,,,,,,,,,,,,,,,,,,,,,,,,,,,,,,,,
House of El,"Man of Steel
(2013)",The Krypton Chronicles #1,Sep-1981,N,E. Nelson Bridwell,writer,N/A,,"Bridwell was an employee of DC at this time.
Deceased",,,,,,,,,,,,,,,,,,,,,,,,,,,,,,,,,,,,,,,,
,,,,,Curt Swan,pencils,Exclusive,,Deceased,,,,,,,,,,,,,,,,,,,,,,,,,,,,,,,,,,,,,,,,
,,,,,Frank Chiaramonte,inks,Exclusive,,Deceased,,,,,,,,,,,,,,,,,,,,,,,,,,,,,,,,,,,,,,,,
,,,,,"Richard Buckler, Sr.",cover pencils,Exclusive,,,,,,,,,,,,,,,,,,,,,,,,,,,,,,,,,,,,,,,,,,
,,,,,Dick Giordano,cover inks,Exclusive,,"Giordano was an employee of DC at this time.
Deceased",,,,,,,,,,,,,,,,,,,,,,,,,,,,,,,,,,,,,,,,
,,,,,Carl Gafford,color,N/A,,,,,,,,,,,,,,,,,,,,,,,,,,,,,,,,,,,,,,,,,,
"House of Mystery
(Golden Age)",,House of Mystery #1,Dec-1951,Y,Curt Swan,pencils,None,,Deceased,,,,,,,,,,,,,,,,,,,,,,,,,,,,,,,,,,,,,,,,
,,,,,Ray Burnley,inks,None,,Deceased,,,,,,,,,,,,,,,,,,,,,,,,,,,,,,,,,,,,,,,,
,,,,,Bob Brown,"pencils, inks",None,,Deceased,,,,,,,,,,,,,,,,,,,,,,,,,,,,,,,,,,,,,,,,
,,,,,Bernard Krigstein,pencils,None,,Deceased,,,,,,,,,,,,,,,,,,,,,,,,,,,,,,,,,,,,,,,,
,,,,,Henry Boltinoff,"writer, pencils, inks",None,,Deceased,,,,,,,,,,,,,,,,,,,,,,,,,,,,,,,,,,,,,,,,
,,,,,John Prentice,pencils,None,,Deceased,,,,,,,,,,,,,,,,,,,,,,,,,,,,,,,,,,,,,,,,
,,,,,Morris Waldinger,"pencils, inks",None,,,,,,,,,,,,,,,,,,,,,,,,,,,,,,,,,,,,,,,,,,
,,,,,"James Winslow ""Win"" Mortimer",cover pencils,None,,Deceased,,,,,,,,,,,,,,,,,,,,,,,,,,,,,,,,,,,,,,,,
,,,,,Charles Paris,cover inks,None,,Deceased,,,,,,,,,,,,,,,,,,,,,,,,,,,,,,,,,,,,,,,,
"House of Mystery
(Modern Age)",,House of Mystery #1,Jul-2008,Y,Matthew Sturges,writer,WFH,,,,,,,,,,,,,,,,,,,,,,,,,,,,,,,,,,,,,,,,,,
,,,,,Bill Willingham,writer,WFH,,,,,,,,,,,,,,,,,,,,,,,,,,,,,,,,,,,,,,,,,,
,,,,,"Luca Rossi
(Luke Rossi)","pencils, inks",WFH,,,,,,,,,,,,,,,,,,,,,,,,,,,,,,,,,,,,,,,,,,
,,,,,Ross Campbell,"pencils, inks",WFH,,,,,,,,,,,,,,,,,,,,,,,,,,,,,,,,,,,,,,,,,,
,,,,,Sam Weber,cover,WFH,,,,,,,,,,,,,,,,,,,,,,,,,,,,,,,,,,,,,,,,,,
,,,,,Berni Wrightson,cover (variant),WFH,,Deceased,,,,,,,,,,,,,,,,,,,,,,,,,,,,,,,,,,,,,,,,
,,,,,Lee Loughridge,color,N/A,,,,,,,,,,,,,,,,,,,,,,,,,,,,,,,,,,,,,,,,,,
"House of Mystery
(The House)",,"House of Mystery #175
""Welcome to the House of Mystery""",Jul-1968,N,Joe Orlando,"writer, pencils, inks, editor",None,,Deceased,,,,,,,,,,,,,,,,,,,,,,,,,,,,,,,,,,,,,,,,
,,,,,Bob Haney,writer,Contributor Recognition,,Deceased Contributor Recognition agreement is with heir.,,,,,,,,,,,,,,,,,,,,,,,,,,,,,,,,,,,,,,,,
,,,,,Jack Sparling,"pencils, inks",None,,Deceased,,,,,,,,,,,,,,,,,,,,,,,,,,,,,,,,,,,,,,,,
,,,,,Neal Adams,cover,Creator Recognition,,,,,,,,,,,,,,,,,,,,,,,,,,,,,,,,,,,,,,,,,,
House of Themyscira,,Wonder Woman: The Hiketeia,2002,N,Greg Rucka,writer,Graphic Novel Writer,,,,,,,,,,,,,,,,,,,,,,,,,,,,,,,,,,,,,,,,,,
,,,,,Jeffrey G. Jones,"pencils, cover",Graphic Novel Artist,,,,,,,,,,,,,,,,,,,,,,,,,,,,,,,,,,,,,,,,,,
,,,,,Wade Von Grawbadger,inks,Graphic Novel Artist,,,,,,,,,,,,,,,,,,,,,,,,,,,,,,,,,,,,,,,,,,
,,,,,David Stewart,color,N/A,,,,,,,,,,,,,,,,,,,,,,,,,,,,,,,,,,,,,,,,,,
Horst Eismann,Doom Patrol 117,Doom Patrol #27 ,Nov-1989,N,Grant Morrison,writer,"WFH, Equity",2017,,,,,,,,,,,,,,,,,,,,,,,,,,,,,,,,,,,,,,,,,
,,,,,Richard Case,pencils,WFH,,,,,,,,,,,,,,,,,,,,,,,,,,,,,,,,,,,,,,,,,,
,,,,,John Nyberg,inks,WFH,,,,,,,,,,,,,,,,,,,,,,,,,,,,,,,,,,,,,,,,,,
Howard Jordan,"Green Lantern
(2011)","Green Lantern #53
""Two Green Lanterns in the Family""",Jun-1967,N,John Broome,writer,None,,Deceased,,,,,,,,,,,,,,,,,,,,,,,,,,,,,,,,,,,,,,,,
,,,,,Carmine Infantino,"pencils, cover pencils",Settlement,,Deceased,,,,,,,,,,,,,,,,,,,,,,,,,,,,,,,,,,,,,,,,
,,,,,Sid Greene,inks,None,,Deceased,,,,,,,,,,,,,,,,,,,,,,,,,,,,,,,,,,,,,,,,
,,,,,Murphy Anderson,cover inks,None,,Deceased,,,,,,,,,,,,,,,,,,,,,,,,,,,,,,,,,,,,,,,,
H'ronmeer,Supergirl 204,Martian Manhunter #1,May-1988,N,John Marc DeMatteis,writer,WFH,,,,,,,,,,,,,,,,,,,,,,,,,,,,,,,,,,,,,,,,,,
,,,,,Mark Badger,"pencils, inks, cover, color",WFH,,,,,,,,,,,,,,,,,,,,,,,,,,,,,,,,,,,,,,,,,,
Hub City,,"in Charlton Comics:
Blue Beetle #1
""Who Is The Question?""",Jun-1967,Y,Steve Ditko,"pencils, cover pencils",Creator Recognition,2017,See Charlton Comics Purchase Agreement,,,,,,,,,,,,,,,,,,,,,,,,,,,,,,,,,,,,,,,,
Hugo Lark,"Point Blank
Sleeper",Sleeper #2,Apr-2003,N,Ed Brubaker,writer,WFH,,,,,,,,,,,,,,,,,,,,,,,,,,,,,,,,,,,,,,,,,,
,,,,,Sean Phillips,"pencils, inks, cover",WFH,,,,,,,,,,,,,,,,,,,,,,,,,,,,,,,,,,,,,,,,,,
,,,,,Tony Avina,color,N/A,,,,,,,,,,,,,,,,,,,,,,,,,,,,,,,,,,,,,,,,,,
,,,,,Randy Mayor,color,N/A,,,,,,,,,,,,,,,,,,,,,,,,,,,,,,,,,,,,,,,,,,
"Human Target
(Christopher Chance)",Arrow 505,"Action Comics #419
""The Assassin-Express Contract""",Dec-1972,N,Len Wein,writer,None,2005,"Character equity agreement references a prior agreement for this work that has not been located. We believe that, consistent with business practices at the time, it was set forth on the back of the check paid to Len Wein.
Deceased",,,,,,,,,,,,,,,,,,,,,,,,,,,,,,,,,,,,,,,,
,,,,,Carmine Infantino,"pencils, inks",Settlement,,Deceased,,,,,,,,,,,,,,,,,,,,,,,,,,,,,,,,,,,,,,,,
,,,,,Neal Adams,cover pencils,Creator Recognition,,,,,,,,,,,,,,,,,,,,,,,,,,,,,,,,,,,,,,,,,,
,,,,,Murphy Anderson,cover inks,None,,Deceased,,,,,,,,,,,,,,,,,,,,,,,,,,,,,,,,,,,,,,,,
Hunk Norvock,Flash 401,"All-Flash #12
""Tumble Inn to Trouble""",Fall 1943,N,Gardner F. Fox,writer,Creator Recognition,,Deceased Creator recognition agreement with heirs.,,,,,,,,,,,,,,,,,,,,,,,,,,,,,,,,,,,,,,,,
,,,,,Everett E. Hibbard,"artist, cover",None,,Deceased,,,,,,,,,,,,,,,,,,,,,,,,,,,,,,,,,,,,,,,,
"Huntress
(Helena Wayne)
Earth-2 Huntress only. For the Earth-1 Huntress, see Batgirl/Helena Bertinelli.",,"DC Super-Stars #17
""From Each Ending… a Beginning""",Dec-1977,Y,Paul Levitz,writer,Exclusive,1979,,,,,,,,,,,,,,,,,,,,,,,,,,,,,,,,,,,,,,,,,
,,,,,Joe Staton,"pencils, cover pencils",Exclusive,1979,,,,,,,,,,,,,,,,,,,,,,,,,,,,,,,,,,,,,,,,,
,,,,,Bob Layton,"inks, cover inks",Exclusive,1979,,,,,,,,,,,,,,,,,,,,,,,,,,,,,,,,,,,,,,,,,
,,,,,Anthony Tollin,color,N/A,,,,,,,,,,,,,,,,,,,,,,,,,,,,,,,,,,,,,,,,,,
"Hush
Doctor (Dr.) Thomas Elliot (Tommy Elliot)",Batwoman 117,Batman #609,Jan-2003,N,Jeph Loeb,writer,"Creative Contributor, Equity",2003,,,,,,,,,,,,,,,,,,,,,,,,,,,,,,,,,,,,,,,,,
,,,,,Jim Lee,pencils,Firewall,2003,,,,,,,,,,,,,,,,,,,,,,,,,,,,,,,,,,,,,,,,,
,,,,,Scott Williams,inks,WFH,,,,,,,,,,,,,,,,,,,,,,,,,,,,,,,,,,,,,,,,,,
"Hydra
(Mythical Serpent)",Plastic Man,"Superman #28
""Stand-In for Hercules""",May-1944,N,"Jerome ""Jerry"" Siegel",writer,Continuity; Settlement,,Deceased Settlement is with heirs.,,,,,,,,,,,,,,,,,,,,,,,,,,,,,,,,,,,,,,,,
,,,,,Ian Yarbrough,pencils,None,,,,,,,,,,,,,,,,,,,,,,,,,,,,,,,,,,,,,,,,,,
,,,,,George Roussos,inks,None,,Deceased,,,,,,,,,,,,,,,,,,,,,,,,,,,,,,,,,,,,,,,,
,,,,,Wayne Boring,cover pencils,None,,Deceased,,,,,,,,,,,,,,,,,,,,,,,,,,,,,,,,,,,,,,,,
,,,,,Stan Kaye,cover inks,None,,Deceased,,,,,,,,,,,,,,,,,,,,,,,,,,,,,,,,,,,,,,,,
Hydra,Plastic Man,Power Girl #2,Jul-1988,N,Paul Kupperberg,writer,WFH,,,,,,,,,,,,,,,,,,,,,,,,,,,,,,,,,,,,,,,,,,
,,,,,Rick Hoberg,pencils,WFH,,,,,,,,,,,,,,,,,,,,,,,,,,,,,,,,,,,,,,,,,,
,,,,,Arne Starr,inks,WFH,,,,,,,,,,,,,,,,,,,,,,,,,,,,,,,,,,,,,,,,,,
,,,,,Kerry Gammill,cover pencils,WFH,,,,,,,,,,,,,,,,,,,,,,,,,,,,,,,,,,,,,,,,,,
,,,,,Dick Giordano,cover inks,WFH,,Deceased,,,,,,,,,,,,,,,,,,,,,,,,,,,,,,,,,,,,,,,,
,,,,,Julianna Ferriter,color,N/A,,,,,,,,,,,,,,,,,,,,,,,,,,,,,,,,,,,,,,,,,,
"Hyena
(Summer Day)",,Firestorm #4,Jun-1968,N,Gerry Conway,writer,Writer,Y,,,,,,,,,,,,,,,,,,,,,,,,,,,,,,,,,,,,,,,,,
,,,,,Al Milgrom,pencils,Equity,Y,,,,,,,,,,,,,,,,,,,,,,,,,,,,,,,,,,,,,,,,,
"Ibac
(Stanley ""Stinky"" Printwhistle)",Plastic Man,"in Fawcett Comics:
Captain Marvel Adventures #8
""The Curse of Ibac""",Mar-1942,N,"Charles Clarence ""C.C."" Beck",cover pencils,None,,See also: Fawcett Purchase Agreements,,,,,,,,,,,,,,,,,,,,,,,,,,,,,,,,,,,,,,,,
,,,,,Pete Costanza,cover inks,None,,,,,,,,,,,,,,,,,,,,,,,,,,,,,,,,,,,,,,,,,,
,,"in DC Comics:
Shazam #4",Jul-1973,N,Dennis J. O'Neil,writer,Creator Recognition,,,,,,,,,,,,,,,,,,,,,,,,,,,,,,,,,,,,,,,,,,
,,,,,"Charles Clarence ""C.C."" Beck","pencils, inks, cover",None,,Deceased,,,,,,,,,,,,,,,,,,,,,,,,,,,,,,,,,,,,,,,,
"Ice
(Tora Olafsdotter, Icemaiden II)",,Justice League International #12* ,Apr-1988,N,Keith Giffen,writer,WFH,,,*Character is on the equity list with conflicting first appearance information (Super Friends #25 October 1979) with equity to Nelson Bridwell (employee of DC from 1/13/1964-1/23/1987) and Ramona Fradon (Creator Recognition Agreement DCBL 225190),,,,,,,,,,,,,,,,,,,,,,,,,,,,,,,,,,,,,,,
,,,,,J.M. DeMatteis,writer,WFH,,,,,,,,,,,,,,,,,,,,,,,,,,,,,,,,,,,,,,,,,,
,,,,,Kevin Maguire,"pencils,",WFH,,,,,,,,,,,,,,,,,,,,,,,,,,,,,,,,,,,,,,,,,,
,,,,,Al Gordon,inks,WFH,,,,,,,,,,,,,,,,,,,,,,,,,,,,,,,,,,,,,,,,,,
Iceberg Lounge,Gotham 401,Detective Comics #683,Mar-1995,N,Chuck Dixon,writer,Continuity,,,,,,,,,,,,,,,,,,,,,,,,,,,,,,,,,,,,,,,,,,
,,,,,Graham Nolan,"pencils, cover pencils",Continuity; WFH,,,,,,,,,,,,,,,,,,,,,,,,,,,,,,,,,,,,,,,,,,
,,,,,Scott Hanna,"inks, cover inks",WFH,,,,,,,,,,,,,,,,,,,,,,,,,,,,,,,,,,,,,,,,,,
,,,,,Adrienne Roy,color,Exclusive,,Deceased,,,,,,,,,,,,,,,,,,,,,,,,,,,,,,,,,,,,,,,,
"Ice Cream Soldier
(Phillip Mason)",,"Our Army At War #85
""Ice Cream Soldier""",Aug-1959,Y,Robert Kanigher,writer,N/A,,"Kanigher was an employee of DC from 2/3/47 - 5/31/82.
Deceased",,,,,,,,,,,,,,,,,,,,,,,,,,,,,,,,,,,,,,,,
,,,,,Joe Kubert,"pencils, inks",None,,Deceased,,,,,,,,,,,,,,,,,,,,,,,,,,,,,,,,,,,,,,,,
,,,,,"Jerry Grandenetti
(Charles J. Grandenetti)",cover,None,,Deceased,,,,,,,,,,,,,,,,,,,,,,,,,,,,,,,,,,,,,,,,
"Icicle
(Dr. Joar Mahkent)",Flash 506,"All-American Comics #90
""The Icicle!""",Oct-1947,Y,Robert Kanigher,writer,N/A,,"Kanigher was an employee of DC from 2/3/47 through 5/31/82.
Deceased",,,,,,,,,,,,,,,,,,,,,,,,,,,,,,,,,,,,,,,,
,,,,,Irwin Hasen,"pencils, cover",None,,,,,,,,,,,,,,,,,,,,,,,,,,,,,,,,,,,,,,,,,,
,,,,,John Belfi,inks,None,,,,,,,,,,,,,,,,,,,,,,,,,,,,,,,,,,,,,,,,,,
"Icicle, Jr.
(Cameron Mahkent; Ice)",Flash 501,Infinity Inc. #34,Jan-1987,N,Roy Thomas,co-writer,Writer,,,,,,,,,,,,,,,,,,,,,,,,,,,,,,,,,,,,,,,,,,
,,,,,"Dannette ""Dann"" Thomas",co-writer,None,,"We believe that Roy Thomas entered into a separate agreement with Dann Thomas for writing services, but we do not have a copy of it.",,,,,,,,,,,,,,,,,,,,,,,,,,,,,,,,,,,,,,,,
,,,,,Todd McFarlane,"pencils, cover pencils",WFH,,,,,,,,,,,,,,,,,,,,,,,,,,,,,,,,,,,,,,,,,,
,,,,,Tony DeZuniga,"inks, cover inks",WFH,,,,,,,,,,,,,,,,,,,,,,,,,,,,,,,,,,,,,,,,,,
,,,,,Liz Berube,color,N/A,,,,,,,,,,,,,,,,,,,,,,,,,,,,,,,,,,,,,,,,,,
Imperceptible Man,,Detective Comics vol 2 #6 ,Apr-2012,N,Tony S. Daniel,"writer, pencils",WFH,,,,,,,,,,,,,,,,,,,,,,,,,,,,,,,,,,,,,,,,,,
,,,,,Sandu Florea,inks,WFH,,,,,,,,,,,,,,,,,,,,,,,,,,,,,,,,,,,,,,,,,,
Imps,Supergirl 413,"Superman #30
""The Mysterious Mr. Mxyztplk!""",Sep-1944,N,"Jerome ""Jerry"" Siegel",writer,Settlement,,Deceased Settlement is with heirs.,,,,,,,,,,,,,,,,,,,,,,,,,,,,,,,,,,,,,,,,
,,,,,Joseph Shuster,pencils,Settlement,,Deceased,,,,,,,,,,,,,,,,,,,,,,,,,,,,,,,,,,,,,,,,
,,,,,Ira Yarbrough,"pencils, inks",None,,,,,,,,,,,,,,,,,,,,,,,,,,,,,,,,,,,,,,,,,,
,,,,,Jack Burnley,cover,None,,,,,,,,,,,,,,,,,,,,,,,,,,,,,,,,,,,,,,,,,,
Incubus,"Suicide Squad
(2016)","in Charlton Comics (text only):
Captain Atom #87
""The Image's Idyll""",Aug-1967,N,David Kaler,writer,None,,See Charlton Comics Purchase Agreement.,,,,,,,,,,,,,,,,,,,,,,,,,,,,,,,,,,,,,,,,
,,,,,Jim Aparo,"pencils, inks",None,,,,,,,,,,,,,,,,,,,,,,,,,,,,,,,,,,,,,,,,,,
,,,,,Steve Ditko,cover pencils,None,,,,,,,,,,,,,,,,,,,,,,,,,,,,,,,,,,,,,,,,,,
,,,,,Rocco Mastroserio,cover inks,None,,,,,,,,,,,,,,,,,,,,,,,,,,,,,,,,,,,,,,,,,,
,,"in DC Comics (claiming to be Larry Eden):
Suicide Squad #14",Jun-1988,N,John Ostrander,writer,WFH,,,,,,,,,,,,,,,,,,,,,,,,,,,,,,,,,,,,,,,,,,
,,,,,Luke McDonnell,"pencils, inks",WFH,,,,,,,,,,,,,,,,,,,,,,,,,,,,,,,,,,,,,,,,,,
,,,,,Jerry Bingham,cover,WFH,,,,,,,,,,,,,,,,,,,,,,,,,,,,,,,,,,,,,,,,,,
,,,,,Carl Gafford,color,N/A,,,,,,,,,,,,,,,,,,,,,,,,,,,,,,,,,,,,,,,,,,
,,"as Incubus:
Secret Origins #28",Jul-1988,N,Robert Greenberger,writer,WFH,,,,,,,,,,,,,,,,,,,,,,,,,,,,,,,,,,,,,,,,,,
,,,,,Rob Liefeld,pencils,WFH,,,,,,,,,,,,,,,,,,,,,,,,,,,,,,,,,,,,,,,,,,
,,,,,Bob Lewis,inks,WFH,,,,,,,,,,,,,,,,,,,,,,,,,,,,,,,,,,,,,,,,,,
,,,,,Keith Wilson,cover pencils,WFH,,,,,,,,,,,,,,,,,,,,,,,,,,,,,,,,,,,,,,,,,,
,,,,,William Messner-Loebs,cover inks,WFH,,,,,,,,,,,,,,,,,,,,,,,,,,,,,,,,,,,,,,,,,,
,,,,,Carl Gafford,color,N/A,,,,,,,,,,,,,,,,,,,,,,,,,,,,,,,,,,,,,,,,,,
"Indigo
(Brainiac-8)","Supergirl 115
(2/29/2016)",Titans/Young Justice: Graduation Day #1,Jul-2003,N,Judd Winick,writer,WFH; Exclusive,2013,,,,,,,,,,,,,,,,,,,,,,,,,,,,,,,,,,,,,,,,,
,,,,,Alejandro Garza,"pencils, cover pencils",WFH,2013,,,,,,,,,,,,,,,,,,,,,,,,,,,,,,,,,,,,,,,,,
,,,,,Trevor Scott,"inks, cover inks",WFH,,,,,,,,,,,,,,,,,,,,,,,,,,,,,,,,,,,,,,,,,,
,,,,,Jeremy Cox,color,N/A,,,,,,,,,,,,,,,,,,,,,,,,,,,,,,,,,,,,,,,,,,
Injustice Society,Stargirl 101,"All-Star Comics #37
""The Injustice Society of the World!""
(This story is told in 7 chapters, all written by Kanigher and drawn by different artists.)",Nov-1947,Y,Robert Kanigher,writer,N/A,,"Kanigher was an employee of DC from 2/3/1947-5/31/1982/
Deceased",,,,,,,,,,,,,,,,,,,,,,,,,,,,,,,,,,,,,,,,
,,,,,Irwin Hasen,"pencils, inks, cover (Introduction, Ch. 3, Conclusion)",None,,Deceased,,,,,,,,,,,,,,,,,,,,,,,,,,,,,,,,,,,,,,,,
,,,,,Joe Kubert,"pencils, inks (Ch. 1)",None,,Deceased,,,,,,,,,,,,,,,,,,,,,,,,,,,,,,,,,,,,,,,,
,,,,,Carmine Infantino,pencils (Ch. 2),Settlement,,Deceased,,,,,,,,,,,,,,,,,,,,,,,,,,,,,,,,,,,,,,,,
,,,,,Alex Toth,"pencils, inks (Ch. 4, Ch. 5)",None,,Deceased,,,,,,,,,,,,,,,,,,,,,,,,,,,,,,,,,,,,,,,,
,,,,,John Belfi,"inks (Introduction, Ch. 2, Conclusion)",None,,Deceased,,,,,,,,,,,,,,,,,,,,,,,,,,,,,,,,,,,,,,,,
"Invisible Kid
(Lyle Norg)",,"Action Comics #267
""The Three Super-Heroes""",Aug-1960,N,"Jerome ""Jerry"" Siegel",writer,Settlement,,Deceased Settlement is with heirs.,,,,,,,,,,,,,,,,,,,,,,,,,,,,,,,,,,,,,,,,
,,,,,"James ""Jim"" Mooney","pencils, inks",None,,Deceased,,,,,,,,,,,,,,,,,,,,,,,,,,,,,,,,,,,,,,,,
,,,,,Curt Swan,cover pencils,None,,Deceased,,,,,,,,,,,,,,,,,,,,,,,,,,,,,,,,,,,,,,,,
,,,,,Stan Kaye,cover inks,None,,Deceased,,,,,,,,,,,,,,,,,,,,,,,,,,,,,,,,,,,,,,,,
"Invisible Kid
(Jacques Foccart)",,Legion of Super-Heroes Annual #1,Aug-1982,N,Paul Levitz,writer,None,1985,,,,,,,,,,,,,,,,,,,,,,,,,,,,,,,,,,,,,,,,,
,,,,,Keith Giffen,"pencils, cover pencils",Exclusive,,,,,,,,,,,,,,,,,,,,,,,,,,,,,,,,,,,,,,,,,,
,,,,,Bruce Patterson,inks,Exclusive,,,,,,,,,,,,,,,,,,,,,,,,,,,,,,,,,,,,,,,,,,
,,,,,Dick Giordano,cover inks,Exclusive,,"Giordano may have been an employee of DC at this time.
Deceased",,,,,,,,,,,,,,,,,,,,,,,,,,,,,,,,,,,,,,,,
,,,,,Carl Gafford,color,N/A,,,,,,,,,,,,,,,,,,,,,,,,,,,,,,,,,,,,,,,,,,
The Invisibles,,The Invisibles #1,Sep-1994,,Grant Morrison,writer,Services Agreement,,,DC does not own any media rights in the property as they were all reserved to Grant Morrison (and may or may not be with Netflix currently),,,,,,,,,,,,,,,,,,,,,,,,,,,,,,,,,,,,,,,
,,,,,Steve Yeowell,"pencils, inks",None,,,,,,,,,,,,,,,,,,,,,,,,,,,,,,,,,,,,,,,,,,
The Invunche,Dark Universe,Saga of the Swamp Thing #37,Jun-1985,N,Alan Moore,writer,None,2016,,,,,,,,,,,,,,,,,,,,,,,,,,,,,,,,,,,,,,,,,
,,,,,Rick Veitch,pencils,None,,,,,,,,,,,,,,,,,,,,,,,,,,,,,,,,,,,,,,,,,,
,,,,,John Totleben,"inks, cover inks",None,,Character equity agreement sent. (6/9/16),,,,,,,,,,,,,,,,,,,,,,,,,,,,,,,,,,,,,,,,
,,,,,Steven Bissette,cover pencils,None,,Character equity agreement sent. (6/9/16),,,,,,,,,,,,,,,,,,,,,,,,,,,,,,,,,,,,,,,,
,,,,,Tatjana Wood,color,N/A,,,,,,,,,,,,,,,,,,,,,,,,,,,,,,,,,,,,,,,,,,
Io,"Wonder Woman
(2017)",Wonder Woman #196,Nov-2003,N,Greg Rucka,writer,WFH; Exclusive,2014,,,,,,,,,,,,,,,,,,,,,,,,,,,,,,,,,,,,,,,,,
,,,,,Drew Edward Johnson,pencils,WFH,2014,,,,,,,,,,,,,,,,,,,,,,,,,,,,,,,,,,,,,,,,,
,,,,,Ray Snyder,inks,WFH,,,,,,,,,,,,,,,,,,,,,,,,,,,,,,,,,,,,,,,,,,
,,,,,Adam Hughes,cover,WFH,,,,,,,,,,,,,,,,,,,,,,,,,,,,,,,,,,,,,,,,,,
,,,,,Patricia Mulvihill,color,Exclusive,,,,,,,,,,,,,,,,,,,,,,,,,,,,,,,,,,,,,,,,,,
Iphthime,"Wonder Woman
(2017)",Wonder Woman #27,Feb-1989,N,George Perez,"writer, cover",WFH; Continuity,,,,,,,,,,,,,,,,,,,,,,,,,,,,,,,,,,,,,,,,,,
,,,,,Chris Marrinan,pencils,WFH; Continuity,,,,,,,,,,,,,,,,,,,,,,,,,,,,,,,,,,,,,,,,,,
,,,,,Will Blyberg,inks,WFH,,,,,,,,,,,,,,,,,,,,,,,,,,,,,,,,,,,,,,,,,,
,,,,,Carl Gafford,color,N/A,,,,,,,,,,,,,,,,,,,,,,,,,,,,,,,,,,,,,,,,,,
"Iris West 
(Iris West Allen)",,"Showcase #4
""Mystery of the Human Thunderbolt""",Sep-1956,N,Robert Kanigher,writer,N/A,,"Kanigher was an employee of DC from 2/3/47 - 5/31/82.
Deceased",,,,,,,,,,,,,,,,,,,,,,,,,,,,,,,,,,,,,,,,
,,,,,Carmine Infantino,"pencils, cover pencils",Settlement,,Deceased,,,,,,,,,,,,,,,,,,,,,,,,,,,,,,,,,,,,,,,,
,,,,,Joe Kubert,"inks, cover inks",None,,Deceased,,,,,,,,,,,,,,,,,,,,,,,,,,,,,,,,,,,,,,,,
"The Irishman
(Costello)",,Blackhawks #1,Nov-2011,Y,Mike Costa,writer,WFH,,,,,,,,,,,,,,,,,,,,,,,,,,,,,,,,,,,,,,,,,,
,,,,,Graham Nolan,pencils,WFH,,,,,,,,,,,,,,,,,,,,,,,,,,,,,,,,,,,,,,,,,,
,,,,,Ken Lashley,"pencils, inks, cover",WFH,,,,,,,,,,,,,,,,,,,,,,,,,,,,,,,,,,,,,,,,,,
,,,,,Guy Major,color,Exclusive,,,,,,,,,,,,,,,,,,,,,,,,,,,,,,,,,,,,,,,,,,
Iron,,Showcase #37,Mar-1962,Y,Robert Kanigher,writer,N/A,,"Kanigher was an employee of DC from 2/3/47 through 5/31/82.
Deceased",,,,,,,,,,,,,,,,,,,,,,,,,,,,,,,,,,,,,,,,
,,,,,Ross Andru,"pencils, cover pencils",None,,Deceased,,,,,,,,,,,,,,,,,,,,,,,,,,,,,,,,,,,,,,,,
,,,,,Mike Esposito,"inks, cover inks",None,,Deceased,,,,,,,,,,,,,,,,,,,,,,,,,,,,,,,,,,,,,,,,
Iron Heights,"Justice League
(2017)",Flash: Iron Heights,2001,N,Geoff Johns,writer,Prestige Writer,2010,,,,,,,,,,,,,,,,,,,,,,,,,,,,,,,,,,,,,,,,,
,,,,,Ethan Van Sciver,"pencils, cover pencils",Prestige Artist,2010,,,,,,,,,,,,,,,,,,,,,,,,,,,,,,,,,,,,,,,,,
,,,,,Prentis Rollins,"inks, cover inks",Prestige Artist,,,,,,,,,,,,,,,,,,,,,,,,,,,,,,,,,,,,,,,,,,
,,,,,Chris Chuckry,color,Color Artist,,,,,,,,,,,,,,,,,,,,,,,,,,,,,,,,,,,,,,,,,,
Intergang,,"Superman's Pal, Jimmy Olsen #133",Oct-1970,N,Jack Kirby,"writer, pencils, cover pencils",None,,Deceased,Intergang arguably created by Kirby as part of Fourth World even though first appearance in Superman’s Pal Jimmy Olsen ,,,,,,,,,,,,,,,,,,,,,,,,,,,,,,,,,,,,,,,
,,,,,Vince Colletta,"writer, inks, cover inks",None,,,,,,,,,,,,,,,,,,,,,,,,,,,,,,,,,,,,,,,,,,
"Isis
(Andrea Thomas)",,"The Secrets of Isis 
(The Shazam/Isis Hour)
""The Lights of Mystery Mountain""",Sep-1975,,Filmation Associates,,,,This character is owned by Filmation Associates. All subsequent comic appearances are (c) Filmation.,,,,,,,,,,,,,,,,,,,,,,,,,,,,,,,,,,,,,,,,
,,"First DC appearance:
Shazam! #25",Oct-1976,Y,Denny O'Neil,writer,Creator Recognition,,,,,,,,,,,,,,,,,,,,,,,,,,,,,,,,,,,,,,,,,,
,,,,,Dick Giordano,"pencils, inks",None,,"Giordano may have been an employee of DC at this time.
Deceased",,,,,,,,,,,,,,,,,,,,,,,,,,,,,,,,,,,,,,,,
,,,,,Kurt Schaffenberger,cover,None,,"Schaffenberger may have been an employee of DC at this time.
Deceased",,,,,,,,,,,,,,,,,,,,,,,,,,,,,,,,,,,,,,,,
"Isis
(Adrianna Tomaz)",,52 #3,Jul-2006,N,Geoff Johns,writer,Exclusive; Continuity; WFH,,,,,,,,,,,,,,,,,,,,,,,,,,,,,,,,,,,,,,,,,,
,,,,,Grant Morrison,writer,WFH; Continuity,,,,,,,,,,,,,,,,,,,,,,,,,,,,,,,,,,,,,,,,,,
,,,,,Greg Rucka,writer,WFH; Continuity,,,,,,,,,,,,,,,,,,,,,,,,,,,,,,,,,,,,,,,,,,
,,,,,Mark Waid,writer,WFH; Continuity,,,,,,,,,,,,,,,,,,,,,,,,,,,,,,,,,,,,,,,,,,
,,,,,Keith Giffen,pencils,Continuity,,,,,,,,,,,,,,,,,,,,,,,,,,,,,,,,,,,,,,,,,,
,,,,,Joe Bennett,pencils,WFH,,,,,,,,,,,,,,,,,,,,,,,,,,,,,,,,,,,,,,,,,,
,,,,,Ruy Jose,inks,WFH,,,,,,,,,,,,,,,,,,,,,,,,,,,,,,,,,,,,,,,,,,
,,,,,J. G. Jones,cover,WFH,,,,,,,,,,,,,,,,,,,,,,,,,,,,,,,,,,,,,,,,,,
,,,,,Alex Sinclair,color,Exclusive,,,,,,,,,,,,,,,,,,,,,,,,,,,,,,,,,,,,,,,,,,
"Ivan Illyich Gort 
(Stanoivolk; Steel Wolf)",Aquaman (2018),Firestorm #67,Jan-1988,N,John Ostrander,writer,WFH,,,,,,,,,,,,,,,,,,,,,,,,,,,,,,,,,,,,,,,,,,
,,,,,"Joe Brozowski
(J.J. Birch)",pencils,WFH,,,,,,,,,,,,,,,,,,,,,,,,,,,,,,,,,,,,,,,,,,
,,,,,Sam de la Rosa,inks,WFH,,,,,,,,,,,,,,,,,,,,,,,,,,,,,,,,,,,,,,,,,,
,,,,,Mark Bright,cover pencils,WFH,,,,,,,,,,,,,,,,,,,,,,,,,,,,,,,,,,,,,,,,,,
,,,,,Dick Giordano,cover inks,WFH,,"Giordano may have been an employee of DC at this time.
Deceased",,,,,,,,,,,,,,,,,,,,,,,,,,,,,,,,,,,,,,,,
,,,,,Nansi Hoolahan,color,N/A,,,,,,,,,,,,,,,,,,,,,,,,,,,,,,,,,,,,,,,,,,
Ivo Laboratories,Flash 509,Brave & the Bold #30,Jun-1960,Y,Gardner F. Fox,writer,Creator Recognition,2009,Deceased Creator recognition agreement is with heirs.,,,,,,,,,,,,,,,,,,,,,,,,,,,,,,,,,,,,,,,,
,,,,,Mike Sekowsky,"pencils, cover pencils",None,,Deceased,,,,,,,,,,,,,,,,,,,,,,,,,,,,,,,,,,,,,,,,
,,,,,Bernard Sachs,inks,None,,Deceased,,,,,,,,,,,,,,,,,,,,,,,,,,,,,,,,,,,,,,,,
,,,,,Murphy Anderson,cover inks,None,,Deceased,,,,,,,,,,,,,,,,,,,,,,,,,,,,,,,,,,,,,,,,
Jack Gold,Night Force,"New Teen Titans #21
""Night Force""",Jul-1982,N,Marv Wolfman,writer,Writer,,,,,,,,,,,,,,,,,,,,,,,,,,,,,,,,,,,,,,,,,,
,,,,,Eugene Colan,"pencils, cover pencils",Exclusive,,Deceased,,,,,,,,,,,,,,,,,,,,,,,,,,,,,,,,,,,,,,,,
,,,,,Robert R. Smith,"inks, cover inks",None,,,,,,,,,,,,,,,,,,,,,,,,,,,,,,,,,,,,,,,,,,
,,,,,Michele Wolfman,color,N/A,,,,,,,,,,,,,,,,,,,,,,,,,,,,,,,,,,,,,,,,,,
Jack Hawksmoor,,Stormwatch #37,Jul-1996,Y,Warren Ellis,writer,None,,,,,,,,,,,,,,,,,,,,,,,,,,,,,,,,,,,,,,,,,,
,,,,,Tom Raney,"pencils, cover pencils",None,,,,,,,,,,,,,,,,,,,,,,,,,,,,,,,,,,,,,,,,,,
,,,,,Randy Elliott,"inks, cover inks",None,,,,,,,,,,,,,,,,,,,,,,,,,,,,,,,,,,,,,,,,,,
,,,,,Gina Going-Raney,color,N/A,,,,,,,,,,,,,,,,,,,,,,,,,,,,,,,,,,,,,,,,,,
"Jack O'Lantern
(Daniel Cormac)","Powerless
(Global Guardians)",Super Friends #8,Nov-1977,N,E. Nelson Bridwell,writer,N/A,,"Bridwell was an employee of DC at this time.
Deceased",,,,,,,,,,,,,,,,,,,,,,,,,,,,,,,,,,,,,,,,
,,,,,Ramona Fradon,"pencils, cover pencils",Exclusive; Creator Recognition,2016,,,,,,,,,,,,,,,,,,,,,,,,,,,,,,,,,,,,,,,,,
,,,,,Robert R. Smith,"inks, cover inks",None,,,,,,,,,,,,,,,,,,,,,,,,,,,,,,,,,,,,,,,,,,
,,,,,Liz Berube,color,N/A,,,,,,,,,,,,,,,,,,,,,,,,,,,,,,,,,,,,,,,,,,
"Jack O'Lantern
(Marvin Noronsa)",,Justice League Europe Annual #1,Nov-1990,Y,Keith Giffen,plot,WFH,,,,,,,,,,,,,,,,,,,,,,,,,,,,,,,,,,,,,,,,,,
,,,,,John Mark DeMatteis,script,WFH,,,,,,,,,,,,,,,,,,,,,,,,,,,,,,,,,,,,,,,,,,
,,,,,Linda Medley,"pencils, cover pencils",WFH,,,,,,,,,,,,,,,,,,,,,,,,,,,,,,,,,,,,,,,,,,
,,,,,"Jose Marzan, Jr.","inks, cover inks",WFH,,,,,,,,,,,,,,,,,,,,,,,,,,,,,,,,,,,,,,,,,,
,,,,,Gene D'Angelo,color,Exclusive,,,,,,,,,,,,,,,,,,,,,,,,,,,,,,,,,,,,,,,,,,
"Jack O'Lantern
(Liam McHugh)",,"Justice League International Quarterly #14
""Flight""",Mar-1994,N,Steven Seagle,writer,WFH,,,,,,,,,,,,,,,,,,,,,,,,,,,,,,,,,,,,,,,,,,
,,,,,Frank Squillace,pencils,WFH,,,,,,,,,,,,,,,,,,,,,,,,,,,,,,,,,,,,,,,,,,
,,,,,"Jamal Tate
(Bam)",inks,WFH,,,,,,,,,,,,,,,,,,,,,,,,,,,,,,,,,,,,,,,,,,
,,,,,Mike Mignola,cover,WFH,,,,,,,,,,,,,,,,,,,,,,,,,,,,,,,,,,,,,,,,,,
,,,,,Matt Webb,color,N/A,,,,,,,,,,,,,,,,,,,,,,,,,,,,,,,,,,,,,,,,,,
"Jackal
(William ""Bill"" Walsh; Ravager)",,Tales of the Teen Titans #44,Jul-1984,N,Marv Wolfman,writer,Co-writer/Co-editor; Exclusive,,,,,,,,,,,,,,,,,,,,,,,,,,,,,,,,,,,,,,,,,,
,,,,,George Perez,"pencils, cover",Co-writer/Artist/Co-editor,,,,,,,,,,,,,,,,,,,,,,,,,,,,,,,,,,,,,,,,,,
,,,,,Mike DeCarlo,inks,Exclusive,,,,,,,,,,,,,,,,,,,,,,,,,,,,,,,,,,,,,,,,,,
,,,,,Dick Giordano,inks,N/A,,"Giordano was an employee of DC at this time.
Deceased",,,,,,,,,,,,,,,,,,,,,,,,,,,,,,,,,,,,,,,,
,,,,,Adrienne Roy,color,Exclusive,,Deceased,,,,,,,,,,,,,,,,,,,,,,,,,,,,,,,,,,,,,,,,
The Jackals,,Batwing #10,Aug-2012,Y,Judd Winick,writer,WFH,,,,,,,,,,,,,,,,,,,,,,,,,,,,,,,,,,,,,,,,,,
,,,,,Marcus To,"pencils, cover",WFH,,,,,,,,,,,,,,,,,,,,,,,,,,,,,,,,,,,,,,,,,,
,,,,,Ryan Winn,inks,WFH,,,,,,,,,,,,,,,,,,,,,,,,,,,,,,,,,,,,,,,,,,
,,,,,Brian Reber,color,N/A,,,,,,,,,,,,,,,,,,,,,,,,,,,,,,,,,,,,,,,,,,
"Jackhammer
(Hammersmith)","Arrow 414
(2/17/2016)",Green Lantern #176,May-1984,N,Len Wein,writer,WFH,2005,Deceased,,,,,,,,,,,,,,,,,,,,,,,,,,,,,,,,,,,,,,,,
,,,,,Dave Gibbons,"pencils, cover",WFH,,,,,,,,,,,,,,,,,,,,,,,,,,,,,,,,,,,,,,,,,,
,,,,,Dick Giordano,inks,WFH,,"Giordano was an employee of DC at this time.
Deceased",,,,,,,,,,,,,,,,,,,,,,,,,,,,,,,,,,,,,,,,
,,,,,Anthony Tollin,color,Exclusive,,,,,,,,,,,,,,,,,,,,,,,,,,,,,,,,,,,,,,,,,,
Jackie Johnson,,"Our Army At War #113
""Eyes of a Blind Gunner""",Dec-1961,Y,Robert Kanigher,writer,N/A,,"Kanigher was an employee of DC from 2/3/47 - 5/31/82.
Deceased",,,,,,,,,,,,,,,,,,,,,,,,,,,,,,,,,,,,,,,,
,,,,,Joe Kubert,"pencils, inks, cover",None,,Deceased,,,,,,,,,,,,,,,,,,,,,,,,,,,,,,,,,,,,,,,,
"Jacob ""Jake"" Kane",Batwoman 101,"Detective Comics #854
""Agitato""",Aug-2009,N,Greg Rucka,writer,WFH,,,,,,,,,,,,,,,,,,,,,,,,,,,,,,,,,,,,,,,,,,
,,,,,James H. Williams III,"pencils, inks, cover",WFH,,,,,,,,,,,,,,,,,,,,,,,,,,,,,,,,,,,,,,,,,,
,,,,,Dave Stewart,color,N/A,,,,,,,,,,,,,,,,,,,,,,,,,,,,,,,,,,,,,,,,,,
"Jakeem Thunder
(J.J. Thunder; Jakeem Johnny Williams)",,"Cameo (Unamed):
Flash vol. 2 #134",Feb-1998,,Grant Morrison,writer,Exclusive,,,,,,,,,,,,,,,,,,,,,,,,,,,,,,,,,,,,,,,,,,
,,,,,Mark Millar,writer,None,,,,,,,,,,,,,,,,,,,,,,,,,,,,,,,,,,,,,,,,,,
,,,,,Paul Ryan,pencils,None,,,,,,,,,,,,,,,,,,,,,,,,,,,,,,,,,,,,,,,,,,
,,,,,John Nyberg,inks,None,,,,,,,,,,,,,,,,,,,,,,,,,,,,,,,,,,,,,,,,,,
,,"First Named Apearance:
JLA #26",Feb-1999,,Grant Morrison,writer,Exclusive,,,,,,,,,,,,,,,,,,,,,,,,,,,,,,,,,,,,,,,,,,
,,,,,Mark Pajarillo,pencils,WFH,,,,,,,,,,,,,,,,,,,,,,,,,,,,,,,,,,,,,,,,,,
,,,,,Walden Wong ,inks,WFH,,,,,,,,,,,,,,,,,,,,,,,,,,,,,,,,,,,,,,,,,,
James Carver,"Point Blank
Sleeper",Sleeper #1,Mar-2003,N,Ed Brubaker,writer,WFH,,,,,,,,,,,,,,,,,,,,,,,,,,,,,,,,,,,,,,,,,,
,,,,,Sean Phillips,"pencils, inks, cover",WFH,,,,,,,,,,,,,,,,,,,,,,,,,,,,,,,,,,,,,,,,,,
,,,,,Tony Avina,color,N/A,,,,,,,,,,,,,,,,,,,,,,,,,,,,,,,,,,,,,,,,,,
,,,,,Randy Mayor,color,N/A,,,,,,,,,,,,,,,,,,,,,,,,,,,,,,,,,,,,,,,,,,
James Forrest,"Flash
(2018)",Flash: Rebirth #2,Jun-2009,,Geoff Johns,writer,Exclusive; WFH,,,,,,,,,,,,,,,,,,,,,,,,,,,,,,,,,,,,,,,,,,
,,,,,Ethan Van Sciver,"pencils, inks, cover",WFH,,,,,,,,,,,,,,,,,,,,,,,,,,,,,,,,,,,,,,,,,,
,,,,,Alex Sinclair,color,Exclusive,,,,,,,,,,,,,,,,,,,,,,,,,,,,,,,,,,,,,,,,,,
Janus Cosmetics,,Batman #386,Aug-1985,Y,Doug Moench,writer,WFH,,,,,,,,,,,,,,,,,,,,,,,,,,,,,,,,,,,,,,,,,,
,,,,,Tom Mandrake,"pencils, inks, cover",WFH,,,,,,,,,,,,,,,,,,,,,,,,,,,,,,,,,,,,,,,,,,
,,,,,Adrienne Roy,color,Exclusive,,Deceased,,,,,,,,,,,,,,,,,,,,,,,,,,,,,,,,,,,,,,,,
Jamie Harper,Gotham 403,Detective Comics #817,May-2006,N,James Robinson,writer,WFH,,,,,,,,,,,,,,,,,,,,,,,,,,,,,,,,,,,,,,,,,,
,,,,,Leonard Kirk,pencils,WFH,,,,,,,,,,,,,,,,,,,,,,,,,,,,,,,,,,,,,,,,,,
,,,,,Andy Clarke,inks,WFH,,,,,,,,,,,,,,,,,,,,,,,,,,,,,,,,,,,,,,,,,,
,,,,,Simone Bianchi,cover,WFH,,,,,,,,,,,,,,,,,,,,,,,,,,,,,,,,,,,,,,,,,,
,,,,,John Kalisz,color,N/A,,,,,,,,,,,,,,,,,,,,,,,,,,,,,,,,,,,,,,,,,,
Jarrett Parker,Arrow 704,Flash #10,Mar-1988,N,Mike Baron,writer,WFH,,,,,,,,,,,,,,,,,,,,,,,,,,,,,,,,,,,,,,,,,,
,,,,,Mike Collins,pencils,WFH,,,,,,,,,,,,,,,,,,,,,,,,,,,,,,,,,,,,,,,,,,
,,,,,Larry Mahlstedt,inks,WFH,,,,,,,,,,,,,,,,,,,,,,,,,,,,,,,,,,,,,,,,,,
,,,,,Steve Lightle,cover,WFH,,,,,,,,,,,,,,,,,,,,,,,,,,,,,,,,,,,,,,,,,,
,,,,,Michele Wolfman,color,Exclusive,,,,,,,,,,,,,,,,,,,,,,,,,,,,,,,,,,,,,,,,,,
"Jason Woodrue
(Floronic Man / The Seeder)",Dark Universe,"as Jason Woodrue:
Atom #1",Jun-1962,Y,Gardner F. Fox,writer,Creator Recognition,,Deceased Creator recognition agreement with is with heirs.,,,,,,,,,,,,,,,,,,,,,,,,,,,,,,,,,,,,,,,,
,,,,,Gil Kane,"pencils, cover pencils",None,,Deceased,,,,,,,,,,,,,,,,,,,,,,,,,,,,,,,,,,,,,,,,
,,,,,Murphy Anderson,"inks, cover inks",None,,Deceased,,,,,,,,,,,,,,,,,,,,,,,,,,,,,,,,,,,,,,,,
,,"as Floronic Man:
The Flash #245
""Perilous Plan of the Plant-Master""",Nov-1976,N,Dennis O'Neil,writer,Creator Recognition,,,,,,,,,,,,,,,,,,,,,,,,,,,,,,,,,,,,,,,,,,
,,,,,Richard Dillin,pencils,None,,Deceased,,,,,,,,,,,,,,,,,,,,,,,,,,,,,,,,,,,,,,,,
,,,,,Terry Austin,inks,None,,,,,,,,,,,,,,,,,,,,,,,,,,,,,,,,,,,,,,,,,,
,,,,,Ernie Chan,cover,None,,Deceased,,,,,,,,,,,,,,,,,,,,,,,,,,,,,,,,,,,,,,,,
,,"as The Seeder:
Swamp Thing #21",Aug-2013,N,Charles Soule,writer,WFH,,,,,,,,,,,,,,,,,,,,,,,,,,,,,,,,,,,,,,,,,,
,,,,,Jesus Saiz,"pencils, inks",WFH,,,,,,,,,,,,,,,,,,,,,,,,,,,,,,,,,,,,,,,,,,
,,,,,Mark Simpson,cover,WFH,,,,,,,,,,,,,,,,,,,,,,,,,,,,,,,,,,,,,,,,,,
,,,,,Matthew Wilson,color,N/A,,,,,,,,,,,,,,,,,,,,,,,,,,,,,,,,,,,,,,,,,,
Javelin,Arrow 705,"Green Lantern #173
""Old Friends, New Foes""",Feb-1984,Y,Len Wein,writer,WFH,2005,Deceased,,,,,,,,,,,,,,,,,,,,,,,,,,,,,,,,,,,,,,,,
,,,,,Dave Gibbons,"pencils, inks, cover art",WFH,,,,,,,,,,,,,,,,,,,,,,,,,,,,,,,,,,,,,,,,,,
,,,,,Anthony Tollin,color,Exclusive,,,,,,,,,,,,,,,,,,,,,,,,,,,,,,,,,,,,,,,,,,
"Jax
(Jefferson Jackson)","Flash 204
(10/27/2015)",Fury of Firestorm #1,Jun-1982,Y,Gerry Conway,writer,Exclusive,1979,,,,,,,,,,,,,,,,,,,,,,,,,,,,,,,,,,,,,,,,,
,,,,,Pat Broderick,"pencils, cover pencils",Exclusive,,Character equity agreement sent. (6/9/16),,,,,,,,,,,,,,,,,,,,,,,,,,,,,,,,,,,,,,,,
,,,,,"Rodolfo ""Rodin"" Rodriguez",inks,None,,,,,,,,,,,,,,,,,,,,,,,,,,,,,,,,,,,,,,,,,,
,,,,,Dick Giordano,cover inks,N/A,,"Giordano may have been an employee of DC at this time.
Deceased",,,,,,,,,,,,,,,,,,,,,,,,,,,,,,,,,,,,,,,,
,,,,,Gene D'Angelo,color,N/A,,,,,,,,,,,,,,,,,,,,,,,,,,,,,,,,,,,,,,,,,,
Jax-Ur,Man of Steel,"Adventure Comics #289
""Clark Kent's Super-Father!""",Oct-1961,N,Robert Bernstein,writer,None,,Deceased,,,,,,,,,,,,,,,,,,,,,,,,,,,,,,,,,,,,,,,,
,,,,,George Papp,"pencils, inks",None,,Deceased,,,,,,,,,,,,,,,,,,,,,,,,,,,,,,,,,,,,,,,,
,,,,,Curt Swan,cover pencils,None,,Deceased,,,,,,,,,,,,,,,,,,,,,,,,,,,,,,,,,,,,,,,,
,,,,,Stan Kaye,cover inks,None,,Deceased,,,,,,,,,,,,,,,,,,,,,,,,,,,,,,,,,,,,,,,,
Jed Walker,,"Sandman #1
(First Appearance)",Winter 1974,N,Joe Simon,writer,None,,Deceased,"Approved for use in episodes of the Sandman series on Netflix only.  Jay Kogan notes we sought a creator recognition agreement from Joe Simon, but his heirs have been non-responsive, and an expanded creator recognition agreement from Jack Kirby’s counsel but no movement on that request.",,,,,,,,,,,,,,,,,,,,,,,,,,,,,,,,,,,,,,,
,,,,,Jack Kirby,"pencils, cover pencils",None,,Deceased,,,,,,,,,,,,,,,,,,,,,,,,,,,,,,,,,,,,,,,,
,,,,,Mike Royer,"inks, cover inks",None,,Deceased,,,,,,,,,,,,,,,,,,,,,,,,,,,,,,,,,,,,,,,,
,,"The Sandman vol 2 #11
(First Appearance in Gaiman Series)",Dec-1989,N,Neil Gaiman,writer,WFH,,,,,,,,,,,,,,,,,,,,,,,,,,,,,,,,,,,,,,,,,,
,,,,,Mike Dringenberg,pencils ,WFH,,,,,,,,,,,,,,,,,,,,,,,,,,,,,,,,,,,,,,,,,,
,,,,,Malcolm Jones III,inks ,N/A,,,,,,,,,,,,,,,,,,,,,,,,,,,,,,,,,,,,,,,,,,
Jeffers Nilsun,"Point Blank
Sleeper",Sleeper #6,Aug-2003,N,Ed Brubaker,writer,WFH,,,,,,,,,,,,,,,,,,,,,,,,,,,,,,,,,,,,,,,,,,
,,,,,Sean Phillips,"pencils, inks, cover",WFH,,,,,,,,,,,,,,,,,,,,,,,,,,,,,,,,,,,,,,,,,,
,,,,,Tony Avina,color,N/A,,,,,,,,,,,,,,,,,,,,,,,,,,,,,,,,,,,,,,,,,,
"Jemm, Son of Saturn","Supergirl 107
(12/7/2015)","Jemm, Son of Saturn #1",Sep-1984,Y,Greg Potter,writer,WFH; Writer,1983,,,,,,,,,,,,,,,,,,,,,,,,,,,,,,,,,,,,,,,,,
,,,,,"Eugene ""Gene"" Colan","pencils, cover pencils",WFH,,,,,,,,,,,,,,,,,,,,,,,,,,,,,,,,,,,,,,,,,,
,,,,,Klaus Janson,"inks, cover inks",WFH,,,,,,,,,,,,,,,,,,,,,,,,,,,,,,,,,,,,,,,,,,
,,,,,Thomas Ziuko,color,N/A,,,,,,,,,,,,,,,,,,,,,,,,,,,,,,,,,,,,,,,,,,
Jenet Klyburn,"Batman v Superman
(2016)",Superman #304,Oct-1976,N,Gerry Conway,writer,None,,,,,,,,,,,,,,,,,,,,,,,,,,,,,,,,,,,,,,,,,,
,,,,,Curt Swan,pencils,None,,,,,,,,,,,,,,,,,,,,,,,,,,,,,,,,,,,,,,,,,,
,,,,,Robert Oksner,"inks, cover",None,,,,,,,,,,,,,,,,,,,,,,,,,,,,,,,,,,,,,,,,,,
Jennifer Kling,,Superman #420 ,Jun-1986,N,Elliot S. Maggin,writer,None,,"vouchers around the same time period located for Maggin, including some for Superman with no listed issue # (but none that specifically list #420)",,,,,,,,,,,,,,,,,,,,,,,,,,,,,,,,,,,,,,,,
,,,,,Curt Swan,pencils,Exclusive,,,,,,,,,,,,,,,,,,,,,,,,,,,,,,,,,,,,,,,,,,
,,,,,Dave Hunt,inks,Exclusive,,,,,,,,,,,,,,,,,,,,,,,,,,,,,,,,,,,,,,,,,,
"Jenny Sparks
(The Spirit of the 20th Century)",,Stormwatch #37,Jul-1996,Y,Warren Ellis,writer,None,,,,,,,,,,,,,,,,,,,,,,,,,,,,,,,,,,,,,,,,,,
,,,,,Tom Raney,"pencils, cover pencils",None,,,,,,,,,,,,,,,,,,,,,,,,,,,,,,,,,,,,,,,,,,
,,,,,Randy Elliott,"inks, cover inks",None,,,,,,,,,,,,,,,,,,,,,,,,,,,,,,,,,,,,,,,,,,
,,,,,Gina Going-Raney,color,N/A,,,,,,,,,,,,,,,,,,,,,,,,,,,,,,,,,,,,,,,,,,
"Jericho
(Joseph Wilson)",,Tales of the Teen Titans #42,May-1984,N,Marv Wolfman,writer,Employment,1983,,,,,,,,,,,,,,,,,,,,,,,,,,,,,,,,,,,,,,,,,
,,,,,George Perez,"writer, pencils, cover",Employment,1983,,,,,,,,,,,,,,,,,,,,,,,,,,,,,,,,,,,,,,,,,
,,,,,Dick Giordano,inks,WFH,,"Giordano may have been an employee of DC at this time.
Deceased",,,,,,,,,,,,,,,,,,,,,,,,,,,,,,,,,,,,,,,,
,,,,,Adrienne Roy,color,Exclusive,,Deceased,,,,,,,,,,,,,,,,,,,,,,,,,,,,,,,,,,,,,,,,
"Jess Bright
(Jeff Bright; Koshchei the Deathless)","Suicide Squad
(2016)","as Jess Bright:
The Brave and the Bold #25",Aug-1959,N,Robert Kanigher,writer,N/A,,"Kanigher was an employee of DC from 2/3/47 - 5/31/82.
Deceased",,,,,,,,,,,,,,,,,,,,,,,,,,,,,,,,,,,,,,,,
,,,,,Ross Andru,"pencils, cover pencils",None,,Deceased,,,,,,,,,,,,,,,,,,,,,,,,,,,,,,,,,,,,,,,,
,,,,,Mike Esposito,"inks, cover inks",None,,Deceased,,,,,,,,,,,,,,,,,,,,,,,,,,,,,,,,,,,,,,,,
,,"as Koshchei the Deathless:
Suicide Squad #50",Feb-1991,N,John Ostrander,writer,WFH,,Yale was Ostrander's wife & co-writer. We credit her for writing but all payment went to John. She is deceased & John is the executor of her estate.,,,,,,,,,,,,,,,,,,,,,,,,,,,,,,,,,,,,,,,,
,,,,,Kim Yale,writer,None,,,,,,,,,,,,,,,,,,,,,,,,,,,,,,,,,,,,,,,,,,
,,,,,Luke McDonnell,pencils,WFH,,,,,,,,,,,,,,,,,,,,,,,,,,,,,,,,,,,,,,,,,,
,,,,,Geof Isherwood,"pencils, inks, cover pencils",WFH,,,,,,,,,,,,,,,,,,,,,,,,,,,,,,,,,,,,,,,,,,
,,,,,Grant Miehm,pencils,WFH,,,,,,,,,,,,,,,,,,,,,,,,,,,,,,,,,,,,,,,,,,
,,,,,Karl Kesel,"inks, cover inks",WFH,,,,,,,,,,,,,,,,,,,,,,,,,,,,,,,,,,,,,,,,,,
,,,,,Tom McCraw,color,N/A,,,,,,,,,,,,,,,,,,,,,,,,,,,,,,,,,,,,,,,,,,
"Jesse Quick
(Jesse Chambers; Liberty Belle)
(See also: Elizabeth ""Libby"" Lawrence Chambers)","Flash 206
(11/10/2015)",Justice Society of America #1,Aug-1992,N,Len Strazewski,writer,WFH,,,,,,,,,,,,,,,,,,,,,,,,,,,,,,,,,,,,,,,,,,
,,,,,Mike Parobeck,"pencils, cover pencils",WFH,,,,,,,,,,,,,,,,,,,,,,,,,,,,,,,,,,,,,,,,,,
,,,,,Mike Machlan,"inks, cover inks",WFH,,,,,,,,,,,,,,,,,,,,,,,,,,,,,,,,,,,,,,,,,,
,,,,,Glenn Whitmore,color,N/A,,,,,,,,,,,,,,,,,,,,,,,,,,,,,,,,,,,,,,,,,,
Jessica Jordan,"Green Lantern
(2011)",Green Lantern #48,Jan-1994,N,Ron Marz,writer,WFH,,,,,,,,,,,,,,,,,,,,,,,,,,,,,,,,,,,,,,,,,,
,,,,,Bill Willingham,pencils,WFH,,,,,,,,,,,,,,,,,,,,,,,,,,,,,,,,,,,,,,,,,,
,,,,,Romeo Tanghal,"inks, cover inks",WFH,,,,,,,,,,,,,,,,,,,,,,,,,,,,,,,,,,,,,,,,,,
,,,,,Robert Campanella,inks,WFH,,,,,,,,,,,,,,,,,,,,,,,,,,,,,,,,,,,,,,,,,,
,,,,,Darryl Banks,cover pencils,WFH,,,,,,,,,,,,,,,,,,,,,,,,,,,,,,,,,,,,,,,,,,
,,,,,Anthony Tollin,color,N/A,,,,,,,,,,,,,,,,,,,,,,,,,,,,,,,,,,,,,,,,,,
"Jet
(Celia Windward)","Powerless
(Global Guardians)",Millennium #2,Jan-1988,N,Steve Englehart,writer,WFH; Writer,,,,,,,,,,,,,,,,,,,,,,,,,,,,,,,,,,,,,,,,,,
,,,,,Joe Staton,"pencils, cover pencils",WFH; Artist,,,,,,,,,,,,,,,,,,,,,,,,,,,,,,,,,,,,,,,,,,
,,,,,Ian Gibson,inks,WFH; Artist,,,,,,,,,,,,,,,,,,,,,,,,,,,,,,,,,,,,,,,,,,
,,,,,Bruce Patterson,cover inks,WFH,,,,,,,,,,,,,,,,,,,,,,,,,,,,,,,,,,,,,,,,,,
,,,,,Carl Gafford,color,N/A,,,,,,,,,,,,,,,,,,,,,,,,,,,,,,,,,,,,,,,,,,
"Jewelee
(Pre-Crisis)",,"in Charlton Comics:
Captain Atom #85",Mar-1967,Y,Steve Ditko,"plot, pencils, inks, cover",Creator Recognition,2017,See Charlton Comics Purchase Agreement.,,,,,,,,,,,,,,,,,,,,,,,,,,,,,,,,,,,,,,,,
,,,,,David Kaler,writer,None,,,,,,,,,,,,,,,,,,,,,,,,,,,,,,,,,,,,,,,,,,
,,,,,Rocco Mastroserio,"inks, cover inks",None,,,,,,,,,,,,,,,,,,,,,,,,,,,,,,,,,,,,,,,,,,
,,"in DC Comics:
Crisis on Infinite Earths #9",Dec-1985,Y,Marv Wolfman,writer,Writer-Editor,,,,,,,,,,,,,,,,,,,,,,,,,,,,,,,,,,,,,,,,,,
,,,,,George Perez,"pencils, cover",Exclusive,,,,,,,,,,,,,,,,,,,,,,,,,,,,,,,,,,,,,,,,,,
,,,,,Jerry Ordway,inks,None,,,,,,,,,,,,,,,,,,,,,,,,,,,,,,,,,,,,,,,,,,
,,,,,Anthony Tollin,color,Exclusive,,,,,,,,,,,,,,,,,,,,,,,,,,,,,,,,,,,,,,,,,,
"Jewelee
(Post Crisis)",,"Secret Origins #28
""A Princess Story""",Jul-1988,N,Robert Greenberger,writer,WFH,,,,,,,,,,,,,,,,,,,,,,,,,,,,,,,,,,,,,,,,,,
,,,,,Rob Liefeld,pencils,WFH,,,,,,,,,,,,,,,,,,,,,,,,,,,,,,,,,,,,,,,,,,
,,,,,Bob Lewis,inks,WFH,,,,,,,,,,,,,,,,,,,,,,,,,,,,,,,,,,,,,,,,,,
,,,,,Keith Wilson,cover pencils,WFH,,,,,,,,,,,,,,,,,,,,,,,,,,,,,,,,,,,,,,,,,,
,,,,,William Messner-Loebs,cover inks,WFH,,,,,,,,,,,,,,,,,,,,,,,,,,,,,,,,,,,,,,,,,,
,,,,,Carl Gafford,color,N/A,,,,,,,,,,,,,,,,,,,,,,,,,,,,,,,,,,,,,,,,,,
Ji Daggle,,Legion of Super-Heroes #8,Jun-1990,N,Tom Bierbaum,writer,WFH,,,,,,,,,,,,,,,,,,,,,,,,,,,,,,,,,,,,,,,,,,
,,,,,Mary Bierbaum,writer,WFH,,,,,,,,,,,,,,,,,,,,,,,,,,,,,,,,,,,,,,,,,,
,,,,,Keith Giffen,"writer, pencils, cover pencils",WFH,,,,,,,,,,,,,,,,,,,,,,,,,,,,,,,,,,,,,,,,,,
,,,,,Chris Sprouse,pencils,WFH,,,,,,,,,,,,,,,,,,,,,,,,,,,,,,,,,,,,,,,,,,
,,,,,Al Gordon,"writer, inks, cover inks",WFH,,,,,,,,,,,,,,,,,,,,,,,,,,,,,,,,,,,,,,,,,,
,,,,,Tom McCraw,color,N/A,,,,,,,,,,,,,,,,,,,,,,,,,,,,,,,,,,,,,,,,,,
Jim Jordan,"Green Lantern
(2011)","Green Lantern #9
""Green Lantern's Brother Act""",Nov-1961,N,John Broome,writer,None,,Deceased,,,,,,,,,,,,,,,,,,,,,,,,,,,,,,,,,,,,,,,,
,,,,,Gil Kane,"pencils, cover pencils",None,,Deceased,,,,,,,,,,,,,,,,,,,,,,,,,,,,,,,,,,,,,,,,
,,,,,Joe Giella,inks,None,,,,,,,,,,,,,,,,,,,,,,,,,,,,,,,,,,,,,,,,,,
,,,,,Murphy Anderson,cover inks,None,,Deceased,,,,,,,,,,,,,,,,,,,,,,,,,,,,,,,,,,,,,,,,
"Jimmy Olsen
(Golden Age; Earth-Two)",Lego Aquaman,"as unnamed office boy:
Action Comics #6
""Superman's Phony Manager""",Nov-1938,N,"Jerome ""Jerry"" Siegel",writer,Settlement,,Deceased Settlement is with heirs.,,,,,,,,,,,,,,,,,,,,,,,,,,,,,,,,,,,,,,,,
,,,,,Joe Shuster,"pencils, inks",Settlement,,Deceased,,,,,,,,,,,,,,,,,,,,,,,,,,,,,,,,,,,,,,,,
,,,,,Leo O'Mealia,cover,None,,,,,,,,,,,,,,,,,,,,,,,,,,,,,,,,,,,,,,,,,,
,,"as Jimmy Olsen:
Adventures of Superman Radio Show
""Donelli's Protection Racket""",Apr-1940,,"B.P. Freeman
Jack Johnstone",writers,,,,,,,,,,,,,,,,,,,,,,,,,,,,,,,,,,,,,,,,,,,
,,"as Jimmy Olsen in DC Comics:
Superman #13
""The Archer""",Nov-1941,N,"Jerome ""Jerry"" Siegel",writer,Settlement,,Deceased Settlement is with heirs.,,,,,,,,,,,,,,,,,,,,,,,,,,,,,,,,,,,,,,,,
,,,,,Joe Shuster,"pencils, inks",Settlement,,Deceased,,,,,,,,,,,,,,,,,,,,,,,,,,,,,,,,,,,,,,,,
,,,,,Leo Nowak,"pencils, inks",None,,"According to the GCD, Nowak was a ghost-artist for Joe Shuster on this story.",,,,,,,,,,,,,,,,,,,,,,,,,,,,,,,,,,,,,,,,
,,,,,Fred Ray,cover,None,,,,,,,,,,,,,,,,,,,,,,,,,,,,,,,,,,,,,,,,,,
"Jimmy Olsen
(Silver Age; Earth-One)",Lego Aquaman,"Superman #86
""Jimmy Olsen… Editor!""",Jan-1954,N,Bill Woolfolk,writer,None,,,,,,,,,,,,,,,,,,,,,,,,,,,,,,,,,,,,,,,,,,
,,,,,Wayne Boring,"pencils, cover pencils",None,,,,,,,,,,,,,,,,,,,,,,,,,,,,,,,,,,,,,,,,,,
,,,,,Stan Kaye,"inks, cover inks",None,,,,,,,,,,,,,,,,,,,,,,,,,,,,,,,,,,,,,,,,,,
"Jimmy Olsen
(Post-Crisis)",Lego Aquaman,Man of Steel #2,Oct-1986,N,John Byrne,"writer, pencils, cover",WFH,,,,,,,,,,,,,,,,,,,,,,,,,,,,,,,,,,,,,,,,,,
,,,,,Dick Giordano,inks,N/A,,"Giordano was an employee of DC at this time.
Deceased",,,,,,,,,,,,,,,,,,,,,,,,,,,,,,,,,,,,,,,,
,,,,,Tom Ziuko,color,N/A,,,,,,,,,,,,,,,,,,,,,,,,,,,,,,,,,,,,,,,,,,
"Jimmy Olsen
(New 52)",Lego Aquaman,Action Comics #1,Nov-2011,N,Grant Morrison,writer,WFH,,,,,,,,,,,,,,,,,,,,,,,,,,,,,,,,,,,,,,,,,,
,,,,,"Ralph ""Rags"" Morales","pencils, cover",WFH,,WFH Agreement was numbered incorrectly since it was signed prior to the decision to restart the numbering sequence. Action Comics #905 corresponds to Action Comics #1,,,,,,,,,,,,,,,,,,,,,,,,,,,,,,,,,,,,,,,,
,,,,,Rick Bryant,inks,WFH,,,,,,,,,,,,,,,,,,,,,,,,,,,,,,,,,,,,,,,,,,
,,,,,Brad Anderson,color,N/A,,,,,,,,,,,,,,,,,,,,,,,,,,,,,,,,,,,,,,,,,,
Jinx,,Tales of the Teen Titans #56,Aug-1985,N,Marv Wolfman,writer,Employment,,,,,,,,,,,,,,,,,,,,,,,,,,,,,,,,,,,,,,,,,,
,,,,,"Francis ""Chuck"" Patton","pencils, cover pencils",Exclusive; WFH,,,,,,,,,,,,,,,,,,,,,,,,,,,,,,,,,,,,,,,,,,
,,,,,Mike DeCarlo,"inks, cover inks",Exclusive; WFH,,,,,,,,,,,,,,,,,,,,,,,,,,,,,,,,,,,,,,,,,,
,,,,,Adrienne Roy,color,Exclusive,,Deceased,,,,,,,,,,,,,,,,,,,,,,,,,,,,,,,,,,,,,,,,
Jitters Coffee,"Flash
(2018)",Flash #1,Jun-2010,,Geoff Johns,writer,Exclusive; WFH,,,,,,,,,,,,,,,,,,,,,,,,,,,,,,,,,,,,,,,,,,
,,,,,Francis J. Manapul,"pencils, inks, cover",WFH,,,,,,,,,,,,,,,,,,,,,,,,,,,,,,,,,,,,,,,,,,
,,,,,Brian Buccellato,color,N/A,,,,,,,,,,,,,,,,,,,,,,,,,,,,,,,,,,,,,,,,,,
Joan Lincoln,Black Lightning 102,"Batman & The Outsiders #21
""Jaws, 4 -- Gotham, 0!""",May-1985,N,Mike W. Barr,writer,Writer Agreement,,,,,,,,,,,,,,,,,,,,,,,,,,,,,,,,,,,,,,,,,,
,,,,,Trevor Von Eeden,"pencils, inks",None,,,,,,,,,,,,,,,,,,,,,,,,,,,,,,,,,,,,,,,,,,
,,,,,Jim Aparo,cover,Artist Agreement,,,,,,,,,,,,,,,,,,,,,,,,,,,,,,,,,,,,,,,,,,
Joan Williams,Flash 602,"Flash Comics #1
""Origin of the Flash""",Jan-1940,Y,Gardner F. Fox,writer,Creator Recognition,2009,Deceased Creator recognition agreement with is with heirs.,,,,,,,,,,,,,,,,,,,,,,,,,,,,,,,,,,,,,,,,
,,,,,Harry Lampert,"pencils, inks",None,,,,,,,,,,,,,,,,,,,,,,,,,,,,,,,,,,,,,,,,,,
Joe Chill,Lego Batman,"Detective Comics #33
""The Batman Wars Against the Dirigible of Doom""",Nov-1939,N,Gardner F. Fox,writer,Creator Recognition,,Deceased Creator recognition agreement with is with heirs.,,,,,,,,,,,,,,,,,,,,,,,,,,,,,,,,,,,,,,,,
,,,,,Bob Kane,"pencils, inks, cover",Services Agreements,,Deceased,,,,,,,,,,,,,,,,,,,,,,,,,,,,,,,,,,,,,,,,
John Constantine,Dark Universe,Saga of the Swamp Thing #37,Jun-1985,N,Alan Moore,writer,None,"1987
1988",All character equity payments to Moore for the Constantine feature film split between the other creators per his 11/14/2003 letter,,,,,,,,,,,,,,,,,,,,,,,,,,,,,,,,,,,,,,,,
,,,,,Rick Veitch,pencils,None,Y,,,,,,,,,,,,,,,,,,,,,,,,,,,,,,,,,,,,,,,,,
,,,,,John Totleben,"inks, cover inks",None,1987,,,,,,,,,,,,,,,,,,,,,,,,,,,,,,,,,,,,,,,,,
,,,,,Stephen Bissette,cover pencils,None,1987,,,,,,,,,,,,,,,,,,,,,,,,,,,,,,,,,,,,,,,,,
,,,,,Tatjana Wood,color,N/A,,,,,,,,,,,,,,,,,,,,,,,,,,,,,,,,,,,,,,,,,,
John Economos,Suicide Squad 2,Suicide Squad #1,May-1987,N,John Ostrander,writer,WFH,,,,,,,,,,,,,,,,,,,,,,,,,,,,,,,,,,,,,,,,,,
,,,,,Luke McDonnell,pencils,WFH,,,,,,,,,,,,,,,,,,,,,,,,,,,,,,,,,,,,,,,,,,
,,,,,Karl Kesel,inks,WFH,,,,,,,,,,,,,,,,,,,,,,,,,,,,,,,,,,,,,,,,,,
,,,,,Howard Chaykin,cover,WFH,,,,,,,,,,,,,,,,,,,,,,,,,,,,,,,,,,,,,,,,,,
,,,,,Carl Gafford,color,N/A,,,,,,,,,,,,,,,,,,,,,,,,,,,,,,,,,,,,,,,,,,
John Lynch,"Point Blank
Sleeper",WildC.A.T.S.: Covert Action Teams #1,Aug-1992,N,Jim Lee,"writer, pencils, cover pencils",WildStorm Employment Agreement,,See also: WildStorm Asset Purchase Agreement,,,,,,,,,,,,,,,,,,,,,,,,,,,,,,,,,,,,,,,,
,,,,,Brandon Choi,writer,WildStorm WFH Acknowledgement,,,,,,,,,,,,,,,,,,,,,,,,,,,,,,,,,,,,,,,,,,
,,,,,Scott Williams,"inks, cover inks",WildStorm WFH Acknowledgement,,,,,,,,,,,,,,,,,,,,,,,,,,,,,,,,,,,,,,,,,,
,,,,,Joe Rosas,color,N/A,,,,,,,,,,,,,,,,,,,,,,,,,,,,,,,,,,,,,,,,,,
"Johnny Cloud, Navajo Ace",The Losers (DC),"All-American Men of War #82
""The Flying Chief""",Nov-1960,Y,Robert Kanigher,writer,N/A,,"Kanigher was an employee of DC Comics from 2/3/47 - 5/31/82.
Deceased",,,,,,,,,,,,,,,,,,,,,,,,,,,,,,,,,,,,,,,,
,,,,,"Irving ""Irv"" Novick","pencils, inks, cover",None,,Deceased,,,,,,,,,,,,,,,,,,,,,,,,,,,,,,,,,,,,,,,,
Johnny DC,,House Ads,1962,N,Unknown - possibly Mike Sekowsky,artist,None,,Deceased,,,,,,,,,,,,,,,,,,,,,,,,,,,,,,,,,,,,,,,,
Johnny Quick,,"Justice League of America vol 1 #29
Crisis on Earth Three",Aug-1964,N,Gardner Fox,writer,Equity,Y,,,,,,,,,,,,,,,,,,,,,,,,,,,,,,,,,,,,,,,,,
,,,,,Mike Sekowsky,pencils,None,,,,,,,,,,,,,,,,,,,,,,,,,,,,,,,,,,,,,,,,,,
,,,,,Bernard Sachs,inks,None,,,,,,,,,,,,,,,,,,,,,,,,,,,,,,,,,,,,,,,,,,
,,"Justice League vol 2 #23
(Earth 3)",Oct-2013,Y,Geoff Johns,writer,WFH,,,,,,,,,,,,,,,,,,,,,,,,,,,,,,,,,,,,,,,,,,
,,,,,Ivan Reis,"pencils, inks",WFH,,,,,,,,,,,,,,,,,,,,,,,,,,,,,,,,,,,,,,,,,,
Johnny Sabatino,,Detective Comics #843,Aug-1964,N,Paul Dini,writer,WFH,,,,,,,,,,,,,,,,,,,,,,,,,,,,,,,,,,,,,,,,,,
,,,,,Dustin Nguyen,pencils,WFH,,,,,,,,,,,,,,,,,,,,,,,,,,,,,,,,,,,,,,,,,,
,,,,,Derek Fridolfs,inks,WFH,,,,,,,,,,,,,,,,,,,,,,,,,,,,,,,,,,,,,,,,,,
Johnny Thunder,"Stargirl 102
(dialogue only)","Flash Comics #1
""The Kidnapping of Johnny Thunder""",Jan-1940,N,John B. Wentworth,writer,Writer-Artist,,"Agreement is undated and untitled
Deceased",Cleared by Wayne Smith on 11/4/20 for character in Stargirl Season 2,,,,,,,,,,,,,,,,,,,,,,,,,,,,,,,,,,,,,,,
,,,,,Stan Aschmeier,"pencils, inks",None,,Deceased,,,,,,,,,,,,,,,,,,,,,,,,,,,,,,,,,,,,,,,,
,,,,,Sheldon Moldoff,cover,Writer-Artist,,"Agreement is undated and untitled
Deceased",,,,,,,,,,,,,,,,,,,,,,,,,,,,,,,,,,,,,,,,
Jonni DC the Continuity Cop,,Ambush Bug #2,Jul-1985,N,Keith Giffen,"plot, pencils, cover pencils",,,,,,,,,,,,,,,,,,,,,,,,,,,,,,,,,,,,,,,,,,,
,,,,,Robert Fleming,script,None,,,,,,,,,,,,,,,,,,,,,,,,,,,,,,,,,,,,,,,,,,
,,,,,Bob Oksner,"inks, cover inks",None,,Deceased,,,,,,,,,,,,,,,,,,,,,,,,,,,,,,,,,,,,,,,,
,,,,,Anthony Tollin,color,Exclusive,,,,,,,,,,,,,,,,,,,,,,,,,,,,,,,,,,,,,,,,,,
"The Joker
(Red Hood)",,"as The Joker:
Batman #1
""The Joker""",Spring 1940,N,Bill Finger,writer,Contributor Recognition,,Deceased Contributor Recognition Agreement is with heir.,,,,,,,,,,,,,,,,,,,,,,,,,,,,,,,,,,,,,,,,
,,,,,Bob Kane,"pencils, inks, cover",Services Agreements,,Deceased,,,,,,,,,,,,,,,,,,,,,,,,,,,,,,,,,,,,,,,,
,,,,,Jerry Robinson,inks,Settlement,,Deceased,,,,,,,,,,,,,,,,,,,,,,,,,,,,,,,,,,,,,,,,
,,"as Red Hood:
Detective Comics #168
""The Man Behind the Red Hood""",Feb-1951,Y,Bill Finger,writer,Contributor Recognition,,Deceased Contributor Recognition Agreement is with heir.,,,,,,,,,,,,,,,,,,,,,,,,,,,,,,,,,,,,,,,,
,,,,,Lew Sayre Schwartz,"pencils, cover pencils",None,,"Deceased
Schwartz's 2010 equity agreement for Deadshot acknowledges that all his services on Batman were WFH, regardless of whether he was employed by DC or Bob Kane.",,,,,,,,,,,,,,,,,,,,,,,,,,,,,,,,,,,,,,,,
,,,,,George Roussos,inks,None,,Deceased,,,,,,,,,,,,,,,,,,,,,,,,,,,,,,,,,,,,,,,,
,,,,,Charles Paris,cover inks,None,,Deceased,,,,,,,,,,,,,,,,,,,,,,,,,,,,,,,,,,,,,,,,
Joker Venom,Powerless 102,"Batman #1
""The Joker""",Spring 1940,N,Bill Finger,writer,Contributor Recognition,,Deceased Contributor Recognition Agreement is with heir.,,,,,,,,,,,,,,,,,,,,,,,,,,,,,,,,,,,,,,,,
,,,,,Bob Kane,"pencils, inks, cover",Services Agreements,,Deceased,,,,,,,,,,,,,,,,,,,,,,,,,,,,,,,,,,,,,,,,
,,,,,Jerry Robinson,inks,Settlement,,Deceased,,,,,,,,,,,,,,,,,,,,,,,,,,,,,,,,,,,,,,,,
Jonah Hex,Jonah Hex (2010),"All-Star Western #10
""Welcome to Paradise""",Feb-1972,Y,John Albano,writer,WFH Acknowledgement (1978),1978,Deceased,,,,,,,,,,,,,,,,,,,,,,,,,,,,,,,,,,,,,,,,
,,,,,Tony DeZuñiga,"pencils, inks, cover",None,,Deceased,,,,,,,,,,,,,,,,,,,,,,,,,,,,,,,,,,,,,,,,
"Jonathan Kent
(Pa Kent)",,Superman #1,Jun-1939,N,"Jerome ""Jerry"" Siegel",writer,Settlement,,Deceased Settlement is with heirs.,,,,,,,,,,,,,,,,,,,,,,,,,,,,,,,,,,,,,,,,
,,,,,Joe Shuster,"pencils, inks",Settlement,,Deceased,,,,,,,,,,,,,,,,,,,,,,,,,,,,,,,,,,,,,,,,
Jongleur,Gotham 420,Villains United #4,Oct-2005,N,"Tamra L. James
(Gail Simone)",writer,WFH,,,,,,,,,,,,,,,,,,,,,,,,,,,,,,,,,,,,,,,,,,
,,,,,Dale Eaglesham,pencils,WFH,,,,,,,,,,,,,,,,,,,,,,,,,,,,,,,,,,,,,,,,,,
,,,,,Wade Von Grawbadger,inks,WFH,,,,,,,,,,,,,,,,,,,,,,,,,,,,,,,,,,,,,,,,,,
,,,,,J.G. Jones,cover,WFH,,,,,,,,,,,,,,,,,,,,,,,,,,,,,,,,,,,,,,,,,,
,,,,,Sno-Cone,color,N/A,,,,,,,,,,,,,,,,,,,,,,,,,,,,,,,,,,,,,,,,,,
Jonny Frost,"Suicide Squad
(2016)",Joker HC,2008,N,Brian Azzarello,writer,Graphic Novel,2017,,,,,,,,,,,,,,,,,,,,,,,,,,,,,,,,,,,,,,,,,
,,,,,Lee Bermejo,"pencils, inks, cover",Graphic Novel,2017,,,,,,,,,,,,,,,,,,,,,,,,,,,,,,,,,,,,,,,,,
,,,,,Patricia Mulvihill,color,Exclusive,,,,,,,,,,,,,,,,,,,,,,,,,,,,,,,,,,,,,,,,,,
Jor-El,,"More Fun Comics #101
""The Origin of Superboy""",Jan-1945,N,"Jerome ""Jerry"" Siegel",writer,Settlement,,Deceased Settlement is with heirs.,,,,,,,,,,,,,,,,,,,,,,,,,,,,,,,,,,,,,,,,
,,,,,Joe Shuster,"pencils, inks",Settlement,,Deceased,,,,,,,,,,,,,,,,,,,,,,,,,,,,,,,,,,,,,,,,
,,,,,Maurice Del Bourgo,cover,None,,,,,,,,,,,,,,,,,,,,,,,,,,,,,,,,,,,,,,,,,,
Joseph Carver,Flash 610,The Flash vol 5 #1,Sep-2016,N,Joshua Williamson,writer,WFH,,,,,,,,,,,,,,,,,,,,,,,,,,,,,,,,,,,,,,,,,,
,,,,,Carmine Di Giandomenico,"pencils, inks",WFH,,,,,,,,,,,,,,,,,,,,,,,,,,,,,,,,,,,,,,,,,,
Joseph Kline,Flash 319,"Flash TV Show (1990):
""Pilot""",Sep-1990,,Danny Bilson & Paul DeMeo,writers,,,,,,,,,,,,,,,,,,,,,,,,,,,,,,,,,,,,,,,,,,,
,,"in DC Comics:
The Flash: The Fastest Man Alive #4",Nov-2006,N,Danny Bilson,writer,WFH,,,,,,,,,,,,,,,,,,,,,,,,,,,,,,,,,,,,,,,,,,
,,,,,Paul DeMeo,writer,WFH,,,,,,,,,,,,,,,,,,,,,,,,,,,,,,,,,,,,,,,,,,
,,,,,Ken Lashley,"pencils, cover pencils",Exclusive; WFH,,,,,,,,,,,,,,,,,,,,,,,,,,,,,,,,,,,,,,,,,,
,,,,,Sal Velluto,pencils,WFH,,,,,,,,,,,,,,,,,,,,,,,,,,,,,,,,,,,,,,,,,,
,,,,,Art Thibert,"inks, cover inks",Exclusive; WFH,,,,,,,,,,,,,,,,,,,,,,,,,,,,,,,,,,,,,,,,,,
,,,,,Jay Leisten,inks,WFH,,,,,,,,,,,,,,,,,,,,,,,,,,,,,,,,,,,,,,,,,,
,,,,,Walden Wong,inks,WFH,,,,,,,,,,,,,,,,,,,,,,,,,,,,,,,,,,,,,,,,,,
,,,,,Richard Horie,color,Exclusive,,,,,,,,,,,,,,,,,,,,,,,,,,,,,,,,,,,,,,,,,,
,,,,,Tanya Horie,color,Exclusive,,,,,,,,,,,,,,,,,,,,,,,,,,,,,,,,,,,,,,,,,,
"Joseph ""Joey"" Toledo",Black Lightning 101,Black Lightning #1,Apr-1977,Y,Anthony Isabella,writer,Exclusive; Creator Recognition,2016,,,,,,,,,,,,,,,,,,,,,,,,,,,,,,,,,,,,,,,,,
,,,,,Trevor Von Eeden,pencils,None,2016,,,,,,,,,,,,,,,,,,,,,,,,,,,,,,,,,,,,,,,,,
,,,,,Frank Springer,"inks, cover inks",None,,,,,,,,,,,,,,,,,,,,,,,,,,,,,,,,,,,,,,,,,,
,,,,,Rich Buckler,cover pencils,None,,,,,,,,,,,,,,,,,,,,,,,,,,,,,,,,,,,,,,,,,,
,,,,,Liz Berube,color,N/A,,,,,,,,,,,,,,,,,,,,,,,,,,,,,,,,,,,,,,,,,,
"Josephine MacDonald
(Josie Mac)","Gotham 204
(10/12/2015)","Detective Comics #763
""Lost Voices Part One""",Dec-2001,N,Judd Winick,writer,Joint Creator/All Rights; Writer,2001,,,,,,,,,,,,,,,,,,,,,,,,,,,,,,,,,,,,,,,,,
,,,,,Cliff Chiang,"pencils, inks",Joint Creator/All Rights; Artist,2001,,,,,,,,,,,,,,,,,,,,,,,,,,,,,,,,,,,,,,,,,
,,,,,Tim Sale,cover,WFH,,,,,,,,,,,,,,,,,,,,,,,,,,,,,,,,,,,,,,,,,,
,,,,,Lee Loughridge,color,N/A,,,,,,,,,,,,,,,,,,,,,,,,,,,,,,,,,,,,,,,,,,
Joshua March,"Point Blank
Sleeper",Sleeper #4,Jun-2003,N,Ed Brubaker,writer,WFH,,,,,,,,,,,,,,,,,,,,,,,,,,,,,,,,,,,,,,,,,,
,,,,,Sean Phillips,"pencils, inks, cover",WFH,,,,,,,,,,,,,,,,,,,,,,,,,,,,,,,,,,,,,,,,,,
,,,,,Tony Avina,color,N/A,,,,,,,,,,,,,,,,,,,,,,,,,,,,,,,,,,,,,,,,,,
"Juan Montez
(Mauler Montez; Kid Montez)",Stargirl 104,Infinity Inc. #30,Sep-1986,N,Roy Thomas,co-writer,Writer,,,,,,,,,,,,,,,,,,,,,,,,,,,,,,,,,,,,,,,,,,
,,,,,"Dannette ""Dann"" Thomas",co-writer,None,,"We believe that Roy Thomas entered into a separate agreement with Dann Thomas for writing services, but we do not have a copy of it.",,,,,,,,,,,,,,,,,,,,,,,,,,,,,,,,,,,,,,,,
,,,,,Todd McFarlane,"pencils, cover pencils",WFH,,,,,,,,,,,,,,,,,,,,,,,,,,,,,,,,,,,,,,,,,,
,,,,,Tony DeZuniga,"inks, cover inks",WFH,,,,,,,,,,,,,,,,,,,,,,,,,,,,,,,,,,,,,,,,,,
,,,,,Carl Gafford,color,N/A,,,,,,,,,,,,,,,,,,,,,,,,,,,,,,,,,,,,,,,,,,
"The Judge
(Batman villain)",,"Detective Comics #441
""Judgment Day""",Jun-1974,N,Archie Goodwin,writer,None,,Deceased,,,,,,,,,,,,,,,,,,,,,,,,,,,,,,,,,,,,,,,,
,,,,,Howard Chaykin,"pencils, inks",None,,,,,,,,,,,,,,,,,,,,,,,,,,,,,,,,,,,,,,,,,,
,,,,,Jim Aparo,cover,None,,Deceased,,,,,,,,,,,,,,,,,,,,,,,,,,,,,,,,,,,,,,,,
"Judge
(Team Titans villain)",,Team Titans #4,Dec-1992,Y,Marv Wolfman,writer,Writer,,,,,,,,,,,,,,,,,,,,,,,,,,,,,,,,,,,,,,,,,,
,,,,,Vince Russell,pencils,WFH,,,,,,,,,,,,,,,,,,,,,,,,,,,,,,,,,,,,,,,,,,
,,,,,Will Blyberg,inks,None,,,,,,,,,,,,,,,,,,,,,,,,,,,,,,,,,,,,,,,,,,
,,,,,Phil Jimenez,cover,WFH,,,,,,,,,,,,,,,,,,,,,,,,,,,,,,,,,,,,,,,,,,
,,,,,Adrienne Roy,color,Exclusive,,Deceased,,,,,,,,,,,,,,,,,,,,,,,,,,,,,,,,,,,,,,,,
"Judomaster
(Hadley ""Rip"" Jagger)",,"in Charlton Comics:
Special War Series #4
""Introducing Rip Jagger… Judomaster""",Nov-1965,Y,Joe Gill,writer,None,,"See Charlton Comics Purchase Agreement dated 4/22/1983.
According to the Grand Comics Database, McLaughlin claims to have written all the Judomaster stories, although Joe Gill was credited to satisfy an arrangement between Gill and John Santangelo.",,,,,,,,,,,,,,,,,,,,,,,,,,,,,,,,,,,,,,,,
,,,,,Frank McLaughlin,"writer, pencils, inks, cover",None,,,,,,,,,,,,,,,,,,,,,,,,,,,,,,,,,,,,,,,,,,
,,"in DC Comics:
History of the DC Universe #1",1986,N,Marv Wolfman,writer,None,,,,,,,,,,,,,,,,,,,,,,,,,,,,,,,,,,,,,,,,,,
,,,,,George Perez,"pencils, cover pencils",Exclusive,,,,,,,,,,,,,,,,,,,,,,,,,,,,,,,,,,,,,,,,,,
,,,,,Karl Kesel,"inks, cover inks",WFH,,,,,,,,,,,,,,,,,,,,,,,,,,,,,,,,,,,,,,,,,,
,,,,,Thomas Ziuko,color,N/A,,,,,,,,,,,,,,,,,,,,,,,,,,,,,,,,,,,,,,,,,,
Judomaster II,,"Justice League Quarterly #14
""Havoc Unleashed""",Spring 1994,N,Paul Kupperberg,writer,WFH,,,,,,,,,,,,,,,,,,,,,,,,,,,,,,,,,,,,,,,,,,
,,,,,Michael Collins,pencils,WFH,,,,,,,,,,,,,,,,,,,,,,,,,,,,,,,,,,,,,,,,,,
,,,,,Eduardo Barreto,inks,WFH,,,,,,,,,,,,,,,,,,,,,,,,,,,,,,,,,,,,,,,,,,
,,,,,Mike Mignola,cover,WFH,,,,,,,,,,,,,,,,,,,,,,,,,,,,,,,,,,,,,,,,,,
,,,,,Gene D'Angelo,color,Exclusive,,,,,,,,,,,,,,,,,,,,,,,,,,,,,,,,,,,,,,,,,,
"Judomaster
(Sonia Sato)",Birds of Prey,"Birds of Prey #100
""Blood & Circuits Part One: A Chance to Do Good""",Jan-2007,Y,"Tamra L. James
(Gail Simone)",writer,WFH; Exclusive,,,,,,,,,,,,,,,,,,,,,,,,,,,,,,,,,,,,,,,,,,
,,,,,Nicola Scott,pencils,WFH,,,,,,,,,,,,,,,,,,,,,,,,,,,,,,,,,,,,,,,,,,
,,,,,Doug Hazlewood,inks,WFH,,,,,,,,,,,,,,,,,,,,,,,,,,,,,,,,,,,,,,,,,,
,,,,,Jerry Ordway,cover,WFH,,,,,,,,,,,,,,,,,,,,,,,,,,,,,,,,,,,,,,,,,,
,,,,,Hi-Fi Design,color,N/A,,,,,,,,,,,,,,,,,,,,,,,,,,,,,,,,,,,,,,,,,,
Julia Pennyworth,,Detective Comics vol 1 #501 ,Apr-1981,N,Gerry Conway,writer,Exclusive,,,,,,,,,,,,,,,,,,,,,,,,,,,,,,,,,,,,,,,,,,
,,,,,Don Newton,pencils,Freelancer,,,,,,,,,,,,,,,,,,,,,,,,,,,,,,,,,,,,,,,,,,
,,,,,Dan Adkins,inks,None,,,,,,,,,,,,,,,,,,,,,,,,,,,,,,,,,,,,,,,,,,
Julio Mendez,Flash 301,"Flash TV Show (1990):
""Pilot""",Sep-1990,,Danny Bilson & Paul DeMeo,writers,,,,,,,,,,,,,,,,,,,,,,,,,,,,,,,,,,,,,,,,,,,
,,"Only Comic Appearance:
The Flash TV Special #1
""Meet Kid Flash""",1991,N,Mark Waid,writer,WFH,,,,,,,,,,,,,,,,,,,,,,,,,,,,,,,,,,,,,,,,,,
,,,,,David Williams,pencils,WFH,,,,,,,,,,,,,,,,,,,,,,,,,,,,,,,,,,,,,,,,,,
,,,,,Darick Robertson,pencils,WFH,,,,,,,,,,,,,,,,,,,,,,,,,,,,,,,,,,,,,,,,,,
,,,,,Gary Martin,inks,WFH,,,,,,,,,,,,,,,,,,,,,,,,,,,,,,,,,,,,,,,,,,
,,,,,Glenn Whitmore,color,N/A,,,,,,,,,,,,,,,,,,,,,,,,,,,,,,,,,,,,,,,,,,
June Robbins,,Showcase #7,Mar-1957,Y,Dave Wood,writer,None,,Deceased,,,,,,,,,,,,,,,,,,,,,,,,,,,,,,,,,,,,,,,,
,,,,,Jack Kirby,"pencils, cover",None,,Deceased,,,,,,,,,,,,,,,,,,,,,,,,,,,,,,,,,,,,,,,,
,,,,,Rosalind Kirby,inks,None,,Deceased,,,,,,,,,,,,,,,,,,,,,,,,,,,,,,,,,,,,,,,,
Juris,,Tales of the New Teen Titans #2,Jul-1982,N,Marv Wolfman,writer,Exclusive,,,,,,,,,,,,,,,,,,,,,,,,,,,,,,,,,,,,,,,,,,
,,,,,George Perez,"writer, pencils, cover",Exclusive,,,,,,,,,,,,,,,,,,,,,,,,,,,,,,,,,,,,,,,,,,
,,,,,Pablo Marcos,inks,None,,,,,,,,,,,,,,,,,,,,,,,,,,,,,,,,,,,,,,,,,,
,,,,,Adrienne Roy,color,Exclusive,,Deceased,,,,,,,,,,,,,,,,,,,,,,,,,,,,,,,,,,,,,,,,
Justice League Europe,,"Justice League International #24
""Across A Crowded Room…""",Feb-1989,N,Keith Giffen,writer,WFH,,,,,,,,,,,,,,,,,,,,,,,,,,,,,,,,,,,,,,,,,,
,,,,,J.M. DeMatteis,writer,WFH,,,,,,,,,,,,,,,,,,,,,,,,,,,,,,,,,,,,,,,,,,
,,,,,Kevin Maguire,"pencils, cover pencils",WFH,,,,,,,,,,,,,,,,,,,,,,,,,,,,,,,,,,,,,,,,,,
,,,,,Joe Rubinstein,"inks, cover inks",WFH,,,,,,,,,,,,,,,,,,,,,,,,,,,,,,,,,,,,,,,,,,
,,,,,Gene D'Angelo,color,N/A,,,,,,,,,,,,,,,,,,,,,,,,,,,,,,,,,,,,,,,,,,
"Justice League of America
(JLA)",,Brave and the Bold #28,Feb-1960,Y,Gardner F. Fox,writer,Creator Recognition,2009,Deceased Creator recognition agreement with is with heirs.,,,,,,,,,,,,,,,,,,,,,,,,,,,,,,,,,,,,,,,,
,,,,,Mike Sekowsky,"pencils, cover pencils",None,,,,,,,,,,,,,,,,,,,,,,,,,,,,,,,,,,,,,,,,,,
,,,,,Bernard Sachs,inks,None,,Deceased,,,,,,,,,,,,,,,,,,,,,,,,,,,,,,,,,,,,,,,,
,,,,,Joe Giella,inks,None,,,,,,,,,,,,,,,,,,,,,,,,,,,,,,,,,,,,,,,,,,
,,,,,Murphy Anderson,"inks, cover inks",None,,Deceased,,,,,,,,,,,,,,,,,,,,,,,,,,,,,,,,,,,,,,,,
"Justice Society of America
(JSA)",,All-Star Comics #3,Winter 1940,Y,Gardner F. Fox,writer,Creator Recognition,2009,Deceased Creator recognition agreement with heirs.,,,,,,,,,,,,,,,,,,,,,,,,,,,,,,,,,,,,,,,,
,,,,,Everett E. Hibbard,"artist, cover",None,,Deceased,,,,,,,,,,,,,,,,,,,,,,,,,,,,,,,,,,,,,,,,
,,,,,Sheldon Moldoff,artist,None,,Deceased,,,,,,,,,,,,,,,,,,,,,,,,,,,,,,,,,,,,,,,,
,,,,,Martin Nodell,artist,Settlement,,Deceased,,,,,,,,,,,,,,,,,,,,,,,,,,,,,,,,,,,,,,,,
,,,,,Craig Flessel,artist,None,,Deceased,,,,,,,,,,,,,,,,,,,,,,,,,,,,,,,,,,,,,,,,
,,,,,Bernard Baily,artist,None,,Deceased,,,,,,,,,,,,,,,,,,,,,,,,,,,,,,,,,,,,,,,,
"Justice Society of America Headquarters
(Golden Age; Civic City)",,All-Star Comics #3,Dec-1940,N,Gardner F. Fox,writer,Creator Recognition,,Deceased Creator recognition agreement with heirs.,,,,,,,,,,,,,,,,,,,,,,,,,,,,,,,,,,,,,,,,
,,,,,Everett E. Hibbard,"artist, cover",None,,Deceased,,,,,,,,,,,,,,,,,,,,,,,,,,,,,,,,,,,,,,,,
,,,,,Sheldon Moldoff,artist,None,,Deceased,,,,,,,,,,,,,,,,,,,,,,,,,,,,,,,,,,,,,,,,
,,,,,Martin Nodell,artist,Settlement,,Deceased,,,,,,,,,,,,,,,,,,,,,,,,,,,,,,,,,,,,,,,,
,,,,,Craig Flessel,artist,None,,Deceased,,,,,,,,,,,,,,,,,,,,,,,,,,,,,,,,,,,,,,,,
,,,,,Bernard Baily,artist,None,,Deceased,,,,,,,,,,,,,,,,,,,,,,,,,,,,,,,,,,,,,,,,
"Justice Society of America Headquarters
(1970s; Gotham)",,All-Star Comics #58,Feb-1976,N,Gerry Conway,writer,None,,,,,,,,,,,,,,,,,,,,,,,,,,,,,,,,,,,,,,,,,,
,,,,,Ric Estrada,pencils,None,,Deceased,,,,,,,,,,,,,,,,,,,,,,,,,,,,,,,,,,,,,,,,
,,,,,Wally Wood,inks,None,,Deceased,,,,,,,,,,,,,,,,,,,,,,,,,,,,,,,,,,,,,,,,
,,,,,Mike Grell,cover,None,,,,,,,,,,,,,,,,,,,,,,,,,,,,,,,,,,,,,,,,,,
"Justice Society of America Headquarters
(Wesley Dodds' Manor)",,"as Wesley Dodds' Manor:
Adventure Comics #40",Jul-1939,N,Gardner F. Fox,writer,Creator Recognition,,Deceased Creator recognition agreement with is with heirs.,,,,,,,,,,,,,,,,,,,,,,,,,,,,,,,,,,,,,,,,
,,,,,Bert Christman,"pencils, inks",None,,,,,,,,,,,,,,,,,,,,,,,,,,,,,,,,,,,,,,,,,,
,,,,,Craig Flessel,cover,None,,,,,,,,,,,,,,,,,,,,,,,,,,,,,,,,,,,,,,,,,,
,,"as JSA Headquarters:
JSA Secret Files and Origins #1
""Gathering Storms""",Aug-1999,N,James Robinson,writer,WFH,,,,,,,,,,,,,,,,,,,,,,,,,,,,,,,,,,,,,,,,,,
,,,,,David S. Goyer,writer,WFH,,,,,,,,,,,,,,,,,,,,,,,,,,,,,,,,,,,,,,,,,,
,,,,,Scott Benefiel,pencils,WFH,,,,,,,,,,,,,,,,,,,,,,,,,,,,,,,,,,,,,,,,,,
,,,,,Mark Propst,inks,WFH,,,,,,,,,,,,,,,,,,,,,,,,,,,,,,,,,,,,,,,,,,
,,,,,Steve Sadowski,cover pencils,WFH,,,,,,,,,,,,,,,,,,,,,,,,,,,,,,,,,,,,,,,,,,
,,,,,"Michael Bair
(Michael Hernandez)",cover inks,WFH,,,,,,,,,,,,,,,,,,,,,,,,,,,,,,,,,,,,,,,,,,
,,,,,John Kalisz,color,N/A,,,,,,,,,,,,,,,,,,,,,,,,,,,,,,,,,,,,,,,,,,
"Justice Society of America Headquarters
(Battery Park)",Legends 202,Justice Society of America #1,Feb-2007,N,Geoff Johns,writer,WFH,,,,,,,,,,,,,,,,,,,,,,,,,,,,,,,,,,,,,,,,,,
,,,,,Dale Eaglesham,pencils,WFH,,,,,,,,,,,,,,,,,,,,,,,,,,,,,,,,,,,,,,,,,,
,,,,,Art Thibert,inks,WFH,,,,,,,,,,,,,,,,,,,,,,,,,,,,,,,,,,,,,,,,,,
,,,,,Alex Ross,cover,WFH,,,,,,,,,,,,,,,,,,,,,,,,,,,,,,,,,,,,,,,,,,
,,,,,Jeromy Cox,color,N/A,,,,,,,,,,,,,,,,,,,,,,,,,,,,,,,,,,,,,,,,,,
Kahndaq,Flash 417,JSA #44,Mar-2003,N,David Goyer,writer,WFH,,,,,,,,,,,,,,,,,,,,,,,,,,,,,,,,,,,,,,,,,,
,,,,,Geoff Johns,writer,WFH,,,,,,,,,,,,,,,,,,,,,,,,,,,,,,,,,,,,,,,,,,
,,,,,Leonard Kirk,pencils,WFH,,,,,,,,,,,,,,,,,,,,,,,,,,,,,,,,,,,,,,,,,,
,,,,,Keith Champagne,inks,WFH,,,,,,,,,,,,,,,,,,,,,,,,,,,,,,,,,,,,,,,,,,
,,,,,"Ralph ""Rags"" Morales",cover,WFH,,,,,,,,,,,,,,,,,,,,,,,,,,,,,,,,,,,,,,,,,,
,,,,,Heroic Age,color,N/A,,,,,,,,,,,,,,,,,,,,,,,,,,,,,,,,,,,,,,,,,,
,,,,,John Kalisz,color,N/A,,,,,,,,,,,,,,,,,,,,,,,,,,,,,,,,,,,,,,,,,,
Kalista,Krypton,Green Lantern #141,Jun-1981,Y,Marv Wolfman,writer,Exclusive,1982,,,,,,,,,,,,,,,,,,,,,,,,,,,,,,,,,,,,,,,,,
,,,,,Joe Staton,"pencils, inks",Exclusive,1982,,,,,,,,,,,,,,,,,,,,,,,,,,,,,,,,,,,,,,,,,
,,,,,George Perez,cover,None,,,,,,,,,,,,,,,,,,,,,,,,,,,,,,,,,,,,,,,,,,
,,,,,Carl Gafford,color,N/A,,,,,,,,,,,,,,,,,,,,,,,,,,,,,,,,,,,,,,,,,,
Kaleidoscope,SS2,The New Adventures of Superboy #36,Dec-1982,N,E. Nelson Bridwell,writer (plot),N/A,,Deceased May have been an employee of DC from 01/13/1964 to 01/23/1987.,,,,,,,,,,,,,,,,,,,,,,,,,,,,,,,,,,,,,,,,
,,,,,Bob Rozakis ,writer (dialogue),Exclusive,,"Character created by Chris and Nancy Mae Lawton from Fall River Massachusetts, for which we have the signed entry forms",,,,,,,,,,,,,,,,,,,,,,,,,,,,,,,,,,,,,,,,
,,,,,Howard Bender,pencils,WFH,,,,,,,,,,,,,,,,,,,,,,,,,,,,,,,,,,,,,,,,,,
,,,,,Joe Giella,inks,Exclusive,,,,,,,,,,,,,,,,,,,,,,,,,,,,,,,,,,,,,,,,,,
Kamandi,,Kamandi: The Last Boy on Earth #1,Oct-1972,Y,Jack Kirby,"creator, writer, pencils, cover pencils",1982 Agreement,,Deceased,,,,,,,,,,,,,,,,,,,,,,,,,,,,,,,,,,,,,,,,
,,,,,Mike Royer,"inks, cover inks",None,,,,,,,,,,,,,,,,,,,,,,,,,,,,,,,,,,,,,,,,,,
KAMO,,Suicide Squad vol 4 #25,Jan-2014,N,Matt Kindt,writer,WFH,,,,,,,,,,,,,,,,,,,,,,,,,,,,,,,,,,,,,,,,,,
,,,,,Patrick Zircher,"pencils, inks",WFH,,,,,,,,,,,,,,,,,,,,,,,,,,,,,,,,,,,,,,,,,,
Kandor,"Supergirl 115
(2/29/2016)","Action Comics #242
""The Super-Duel in Space""",Jul-1958,N,Otto Binder,writer,None ,,Deceased,,,,,,,,,,,,,,,,,,,,,,,,,,,,,,,,,,,,,,,,
,,,,,Al Plastino,"pencils, inks",None ,,Deceased,,,,,,,,,,,,,,,,,,,,,,,,,,,,,,,,,,,,,,,,
,,,,,Curt Swan,cover pencils,None ,,Deceased,,,,,,,,,,,,,,,,,,,,,,,,,,,,,,,,,,,,,,,,
,,,,,Stan Kaye,cover inks,None ,,Deceased,,,,,,,,,,,,,,,,,,,,,,,,,,,,,,,,,,,,,,,,
The Kane Family,"Gotham 205
(10/19/2015)","Detective Comics #233
""The Batwoman""",Jul-1956,N,Edmond Hamilton,writer,None,,Deceased,,,,,,,,,,,,,,,,,,,,,,,,,,,,,,,,,,,,,,,,
,,,,,Sheldon Moldoff,"pencils, cover",None,,"Deceased
Per the library and Wayne Smith (Corp. Legal), please check to see if Bob Kane should also be included in credits.",,,,,,,,,,,,,,,,,,,,,,,,,,,,,,,,,,,,,,,,
,,,,,Stan Kaye,inks,None,,Deceased,,,,,,,,,,,,,,,,,,,,,,,,,,,,,,,,,,,,,,,,
Kanjar Ro,Krypton,Justice League of America #3,Feb-1961,Y,Gardner F. Fox,writer,Creator Recognition,,Deceased Creator recognition agreement with heirs.,,,,,,,,,,,,,,,,,,,,,,,,,,,,,,,,,,,,,,,,
,,,,,Mike Sekowsky,"pencils, cover pencils",None,,Deceased,,,,,,,,,,,,,,,,,,,,,,,,,,,,,,,,,,,,,,,,
,,,,,Bernard Sachs,inks,None,,Deceased,,,,,,,,,,,,,,,,,,,,,,,,,,,,,,,,,,,,,,,,
,,,,,Murphy Anderson,cover inks,None,,Deceased,,,,,,,,,,,,,,,,,,,,,,,,,,,,,,,,,,,,,,,,
Karin Grace,"Suicide Squad
(2016)",The Brave and the Bold #25,Aug-1959,Y,Robert Kanigher,writer,N/A,,"Kanigher was an employee of DC from 2/3/47 - 5/31/82.
Deceased",,,,,,,,,,,,,,,,,,,,,,,,,,,,,,,,,,,,,,,,
,,,,,Ross Andru,"pencils, cover pencils",None,,Deceased,,,,,,,,,,,,,,,,,,,,,,,,,,,,,,,,,,,,,,,,
,,,,,Mike Esposito,"inks, cover inks",None,,Deceased,,,,,,,,,,,,,,,,,,,,,,,,,,,,,,,,,,,,,,,,
Karin Preus,,Flash #10,Mar-1988,N,Mike Baron,writer,WFH,,,,,,,,,,,,,,,,,,,,,,,,,,,,,,,,,,,,,,,,,,
,,,,,Mike Collins,pencils,WFH,,,,,,,,,,,,,,,,,,,,,,,,,,,,,,,,,,,,,,,,,,
,,,,,Larry Mahlstedt,inks,WFH,,,,,,,,,,,,,,,,,,,,,,,,,,,,,,,,,,,,,,,,,,
,,,,,Steve Lightle,cover,WFH,,,,,,,,,,,,,,,,,,,,,,,,,,,,,,,,,,,,,,,,,,
,,,,,Michele Wolfman,color,Exclusive,,,,,,,,,,,,,,,,,,,,,,,,,,,,,,,,,,,,,,,,,,
"Karma
(Wayne Hawkins)
","Suicide Squad
(2019)",Doom Patrol #4,Jan-1988,N,Paul Kupperberg,writer,WFH,,,,,,,,,,,,,,,,,,,,,,,,,,,,,,,,,,,,,,,,,,
,,,,,Steve Lightle,pencils,WFH,,,,,,,,,,,,,,,,,,,,,,,,,,,,,,,,,,,,,,,,,,
,,,,,Gary Martin,inks,WFH,,,,,,,,,,,,,,,,,,,,,,,,,,,,,,,,,,,,,,,,,,
Karna,Supergirl 209,Omega Men #14,May-1984,N,Todd Klein,writer,WFH,,,,,,,,,,,,,,,,,,,,,,,,,,,,,,,,,,,,,,,,,,
,,,,,Tod Smith,"pencils, cover pencils",WFH,,,,,,,,,,,,,,,,,,,,,,,,,,,,,,,,,,,,,,,,,,
,,,,,Ricardo Villagran,inks,WFH,,,,,,,,,,,,,,,,,,,,,,,,,,,,,,,,,,,,,,,,,,
,,,,,Mike DeCarlo,cover inks,WFH,,,,,,,,,,,,,,,,,,,,,,,,,,,,,,,,,,,,,,,,,,
,,,,,Adrienne Roy,color,Exclusive,,Deceased,,,,,,,,,,,,,,,,,,,,,,,,,,,,,,,,,,,,,,,,
"Karshon
(The Shark)",Necrus,"Green Lantern Vol 2 #24
""The Shark That Hunted Human Prey!""",Oct-1963,N,John Broome,writer,None,,,,,,,,,,,,,,,,,,,,,,,,,,,,,,,,,,,,,,,,,,
,,,,,Gil Kane,pencils,None,,,,,,,,,,,,,,,,,,,,,,,,,,,,,,,,,,,,,,,,,,
,,,,,Joe Giella,inks,None,,,,,,,,,,,,,,,,,,,,,,,,,,,,,,,,,,,,,,,,,,
"Katana
(Tatsu Yamashiro)",,"The Brave and the Bold #200
""Batman and the Outsiders""",Jul-1983,N,Mike Barr,writer,WFH; Writer,2006,,,,,,,,,,,,,,,,,,,,,,,,,,,,,,,,,,,,,,,,,
,,,,,Jim Aparo,"pencils, inks, cover",Artist,1983,Deceased,,,,,,,,,,,,,,,,,,,,,,,,,,,,,,,,,,,,,,,,
,,,,,Adrienne Roy,color,Exclusive,,Deceased,,,,,,,,,,,,,,,,,,,,,,,,,,,,,,,,,,,,,,,,
Kaznia / Kasnia,Legends 110,"Superman Animated Series
""The Last Son of Krypton""",Sep-1996,,"Alan Burnett
Paul Dini",writers,N/A,,,,,,,,,,,,,,,,,,,,,,,,,,,,,,,,,,,,,,,,,,
,,"First Comic Appearance:
Superman Adventures #1",Nov-1996,N,Paul Dini,writer,WFH,,,,,,,,,,,,,,,,,,,,,,,,,,,,,,,,,,,,,,,,,,
,,,,,Rick Burchett,pencils,WFH,,,,,,,,,,,,,,,,,,,,,,,,,,,,,,,,,,,,,,,,,,
,,,,,Terry Austin,inks,None,,,,,,,,,,,,,,,,,,,,,,,,,,,,,,,,,,,,,,,,,,
,,,,,Bruce Timm,cover,WFH,,,,,,,,,,,,,,,,,,,,,,,,,,,,,,,,,,,,,,,,,,
,,,,,Marie Severin,color,N/A,,,,,,,,,,,,,,,,,,,,,,,,,,,,,,,,,,,,,,,,,,
Kelex,"Man of Steel
(2013)",Man of Steel #1,1986,N,John Byrne,"writer, pencils, cover",WFH; Writer/Artist,,Character equity agreement sent. (5/31/16),,,,,,,,,,,,,,,,,,,,,,,,,,,,,,,,,,,,,,,,
,,,,,Dick Giordano,inks,N/A,,"Giordano was an employee of DC at this time.
Deceased",,,,,,,,,,,,,,,,,,,,,,,,,,,,,,,,,,,,,,,,
,,,,,Thomas Ziuko,color,N/A,,,,,,,,,,,,,,,,,,,,,,,,,,,,,,,,,,,,,,,,,,
Kelor,"Man of Steel
(2013)",Man of Steel #1,1986,N,John Byrne,"writer, pencils, cover",WFH; Writer/Artist,,,,,,,,,,,,,,,,,,,,,,,,,,,,,,,,,,,,,,,,,,
,,,,,Dick Giordano,inks,N/A,,"Giordano was an employee of DC at this time.
Deceased",,,,,,,,,,,,,,,,,,,,,,,,,,,,,,,,,,,,,,,,
,,,,,Thomas Ziuko,color,N/A,,,,,,,,,,,,,,,,,,,,,,,,,,,,,,,,,,,,,,,,,,
Kendra Harte,,Challengers of the Unknown #1,Aug-2004,N,Howard Chaykin,"writer, pencils, inks, cover",WFH,,,,,,,,,,,,,,,,,,,,,,,,,,,,,,,,,,,,,,,,,,
,,,,,Rian Hughes,art direction,WFH,,,,,,,,,,,,,,,,,,,,,,,,,,,,,,,,,,,,,,,,,,
,,,,,Michelle Madsen,color,N/A,,,,,,,,,,,,,,,,,,,,,,,,,,,,,,,,,,,,,,,,,,
Kenn Kawa,,Challengers of the Unknown #1,Feb-1997,Y,Steven Grant,co-writer,WFH,,,,,,,,,,,,,,,,,,,,,,,,,,,,,,,,,,,,,,,,,,
,,,,,Len Kaminski,co-writer,None,,WFH agreements for issues #2-3 have been located.,,,,,,,,,,,,,,,,,,,,,,,,,,,,,,,,,,,,,,,,
,,,,,John Paul Leon,"pencils, cover pencils",WFH,,,,,,,,,,,,,,,,,,,,,,,,,,,,,,,,,,,,,,,,,,
,,,,,Shawn C. Martinbrough,"inks, cover inks",WFH,,,,,,,,,,,,,,,,,,,,,,,,,,,,,,,,,,,,,,,,,,
,,,,,Matt Hollingsworth,color,Exclusive,,,,,,,,,,,,,,,,,,,,,,,,,,,,,,,,,,,,,,,,,,
Kent Farm,Flash 509,"More Fun Comics #101
""The Origin of Superboy""",Jan-1945,N,"Jerome ""Jerry"" Siegel",writer,Settlement,,Deceased Settlement is with heirs.,,,,,,,,,,,,,,,,,,,,,,,,,,,,,,,,,,,,,,,,
,,,,,Joe Shuster,"pencils, inks",Settlement,,Deceased,,,,,,,,,,,,,,,,,,,,,,,,,,,,,,,,,,,,,,,,
,,,,,Maurice Del Bourgo,cover,None,,,,,,,,,,,,,,,,,,,,,,,,,,,,,,,,,,,,,,,,,,
Keystone City,"Flash 218
(4/19/2016)","Flash Comics #1
""Origin of the Flash""",Jan-1940,Y,Gardner F. Fox,writer,Creator Recognition,,Deceased Creator recognition agreement with is with heirs.,,,,,,,,,,,,,,,,,,,,,,,,,,,,,,,,,,,,,,,,
,,,,,Harry Lampert,"pencils, inks",None,,,,,,,,,,,,,,,,,,,,,,,,,,,,,,,,,,,,,,,,,,
,,,,,Sheldon Moldoff,cover,Artist,,Deceased,,,,,,,,,,,,,,,,,,,,,,,,,,,,,,,,,,,,,,,,
Keystone Saloon,Flash 502,Flash #11,Sep-2012,N,Francis Manapul,"writer, cover",WFH,,,,,,,,,,,,,,,,,,,,,,,,,,,,,,,,,,,,,,,,,,
,,,,,Brian Buccellato,"writer, color",WFH,,,,,,,,,,,,,,,,,,,,,,,,,,,,,,,,,,,,,,,,,,
,,,,,Marcus To,pencils,WFh,,,,,,,,,,,,,,,,,,,,,,,,,,,,,,,,,,,,,,,,,,
,,,,,Ray McCarthy,inks,WFH,,,,,,,,,,,,,,,,,,,,,,,,,,,,,,,,,,,,,,,,,,
,,,,,Ian Herring,color,N/A,,,,,,,,,,,,,,,,,,,,,,,,,,,,,,,,,,,,,,,,,,
"KGBeast
(Anatoli Knyazev)","Batman v Superman
(2016)",Batman #417,Mar-1988,N,Jim Starlin,writer,WFH,2013,,,,,,,,,,,,,,,,,,,,,,,,,,,,,,,,,,,,,,,,,
,,,,,Jim Aparo,pencils,WFH,,Deceased,,,,,,,,,,,,,,,,,,,,,,,,,,,,,,,,,,,,,,,,
,,,,,Mike DeCarlo,inks,WFH,,,,,,,,,,,,,,,,,,,,,,,,,,,,,,,,,,,,,,,,,,
,,,,,Mike Zeck,cover,WFH,,,,,,,,,,,,,,,,,,,,,,,,,,,,,,,,,,,,,,,,,,
,,,,,Adrienne Roy,color,N/A,,Deceased,,,,,,,,,,,,,,,,,,,,,,,,,,,,,,,,,,,,,,,,
Khunds,"Supergirl 116
(3/14/2016)",Adventure Comics #346,Jul-1966,N,James Shooter,"writer, pencils",None,,,,,,,,,,,,,,,,,,,,,,,,,,,,,,,,,,,,,,,,,,
,,,,,Sheldon Moldoff,inks,None,,Deceased,,,,,,,,,,,,,,,,,,,,,,,,,,,,,,,,,,,,,,,,
,,,,,Curt Swan,cover pencils,None,,Deceased,,,,,,,,,,,,,,,,,,,,,,,,,,,,,,,,,,,,,,,,
,,,,,George Klein,cover inks,None,,Deceased,,,,,,,,,,,,,,,,,,,,,,,,,,,,,,,,,,,,,,,,
K'hym J'onzz,"Supergirl 111
(1/25/2016)",Martian Manhunter #2,Jun-1988,N,John Marc DeMatteis,writer,WFH,,,,,,,,,,,,,,,,,,,,,,,,,,,,,,,,,,,,,,,,,,
,,,,,Mark Badger,"writer, pencils, inks, cover, color",WFH,,,,,,,,,,,,,,,,,,,,,,,,,,,,,,,,,,,,,,,,,,
"Kid Eternity
(Christopher ""Kit"" Freeman)",,"in Quality Comics:
Hit Comics #25
""The Boy Who Died Too Soon""",Dec-1942,Y,Otto Binder,writer,None,,See Quality Comics purchase agreement dated 7/26/56.,,,,,,,,,,,,,,,,,,,,,,,,,,,,,,,,,,,,,,,,
,,,,,Sheldon Molodff,"pencils, inks, cover",None,,,,,,,,,,,,,,,,,,,,,,,,,,,,,,,,,,,,,,,,,,
,,"in DC Comics:
Shazam #27",Jan-1977,N,E. Nelson Bridwell,writer,N/A,,"Bridwell was an employee of DC at this time.
Deceased",,,,,,,,,,,,,,,,,,,,,,,,,,,,,,,,,,,,,,,,
,,,,,Kurt Schaffenberger,"pencils, cover pencils",N/A,,"Schaffenberger was an employee of DC at this time.
Deceased",,,,,,,,,,,,,,,,,,,,,,,,,,,,,,,,,,,,,,,,
,,,,,Vincent Colletta,inks,Artist,,Deceased,,,,,,,,,,,,,,,,,,,,,,,,,,,,,,,,,,,,,,,,
,,,,,Ernie Chan,cover inks,None,,Deceased,,,,,,,,,,,,,,,,,,,,,,,,,,,,,,,,,,,,,,,,
Kilowog,"Green Lantern
(2011)",Green Lantern Corps #201,Jun-1986,Y,Steve Englehart,writer,Continuity,2006,,,,,,,,,,,,,,,,,,,,,,,,,,,,,,,,,,,,,,,,,
,,,,,Joe Staton,"pencils, cover pencils",WFH,2006,,,,,,,,,,,,,,,,,,,,,,,,,,,,,,,,,,,,,,,,,
,,,,,Mark Farmer,inks,WFH,,,,,,,,,,,,,,,,,,,,,,,,,,,,,,,,,,,,,,,,,,
,,,,,Bruce Patterson,cover inks,WFH,,,,,,,,,,,,,,,,,,,,,,,,,,,,,,,,,,,,,,,,,,
,,,,,Carl Gafford,color,N/A,,,,,,,,,,,,,,,,,,,,,,,,,,,,,,,,,,,,,,,,,,
"Killer Croc
(Waylon Jones)","Suicide Squad
(2016)","in shadows:
Detective Comics #523
""Inferno""",Feb-1983,N,Don Newton,creator,Exclusive,1993,"Newton is recognized as the co-creator (with Conway) of Killer Croc although he did not contribute to Detective Comics #523 or Batman #358. His first contribution appears in Batman #357.
Deceased",,,,,,,,,,,,,,,,,,,,,,,,,,,,,,,,,,,,,,,,
,,,,,Gerry Conway,writer,Exclusive,1993,,,,,,,,,,,,,,,,,,,,,,,,,,,,,,,,,,,,,,,,,
,,,,,"Eugene ""Gene"" Colan",pencils,WFH,,Deceased,,,,,,,,,,,,,,,,,,,,,,,,,,,,,,,,,,,,,,,,
,,,,,Tony DeZuniga,inks,WFH,,Deceased,,,,,,,,,,,,,,,,,,,,,,,,,,,,,,,,,,,,,,,,
,,,,,Ed Hannigan,cover pencils,WFH,,,,,,,,,,,,,,,,,,,,,,,,,,,,,,,,,,,,,,,,,,
,,,,,Dick Giordano,cover inks,WFH,,Deceased,,,,,,,,,,,,,,,,,,,,,,,,,,,,,,,,,,,,,,,,
,,,,,Adrienne Roy,color,Exclusive,,Deceased,,,,,,,,,,,,,,,,,,,,,,,,,,,,,,,,,,,,,,,,
,,"in full:
Batman #358",Apr-1983,N,Gerry Conway,writer,Exclusive,1993,,,,,,,,,,,,,,,,,,,,,,,,,,,,,,,,,,,,,,,,,
,,,,,Curt Swan,pencils,WFH,,Deceased,,,,,,,,,,,,,,,,,,,,,,,,,,,,,,,,,,,,,,,,
,,,,,"Rodolfo ""Rodin"" Rodriguez",inks,WFH,,,,,,,,,,,,,,,,,,,,,,,,,,,,,,,,,,,,,,,,,,
,,,,,Ed Hannigan,cover pencils,WFH,,,,,,,,,,,,,,,,,,,,,,,,,,,,,,,,,,,,,,,,,,
,,,,,Dick Giordano,cover inks,WFH,,Deceased,,,,,,,,,,,,,,,,,,,,,,,,,,,,,,,,,,,,,,,,
,,,,,Adrienne Roy,color,Exclusive,,Deceased,,,,,,,,,,,,,,,,,,,,,,,,,,,,,,,,,,,,,,,,
"Killer Frost 
(Crystal Frost)",,Firestorm #3,Jun-1978,Y,Gerry Conway,Writer,Exclusive,1979,,,,,,,,,,,,,,,,,,,,,,,,,,,,,,,,,,,,,,,,,
,,,,,Al Milgrom,"Pencils, Cover",None,1980,,,,,,,,,,,,,,,,,,,,,,,,,,,,,,,,,,,,,,,,,
,,,,,Bob McLeod,Inks,None,,,,,,,,,,,,,,,,,,,,,,,,,,,,,,,,,,,,,,,,,,
,,,,,Mario Sen,Color,N/A,,,,,,,,,,,,,,,,,,,,,,,,,,,,,,,,,,,,,,,,,,
"Killer Frost 
(Louise Lincoln)",,Fury of Firestorm #21,Mar-1984,Y,Gerry Conway,Writer,Writer/Editor; Exclusive,,,,,,,,,,,,,,,,,,,,,,,,,,,,,,,,,,,,,,,,,,
,,,,,Rafael Kayanan,"Pencils, Cover Pencils",WFH,,,,,,,,,,,,,,,,,,,,,,,,,,,,,,,,,,,,,,,,,,
,,,,,"Rodolfo ""Rodin"" Rodriguez",Inks,Artist,,,,,,,,,,,,,,,,,,,,,,,,,,,,,,,,,,,,,,,,,,
,,,,,Carl Gafford,Color,N/A,,,,,,,,,,,,,,,,,,,,,,,,,,,,,,,,,,,,,,,,,,
,,,,,Dick Giordano,Cover Inks,WFH,,"Giordano was an employee of DC at this time.
Deceased",,,,,,,,,,,,,,,,,,,,,,,,,,,,,,,,,,,,,,,,
"Killer Frost
(Caitlin Snow)","Flash 101
(10/7/2014)",Fury of Firestorm: The Nuclear Men #19,Jun-2013,Y,Dan Jurgens,"Writer, Pencils, Cover Pencils",WFH,,,,,,,,,,,,,,,,,,,,,,,,,,,,,,,,,,,,,,,,,,
,,,,,Ray McCarthy,"Inks, Cover Inks",WFH,,,,,,,,,,,,,,,,,,,,,,,,,,,,,,,,,,,,,,,,,,
,,,,,Karl Kesel,Inks,WFH,,,,,,,,,,,,,,,,,,,,,,,,,,,,,,,,,,,,,,,,,,
,,,,,Brian Miller,Color,N/A,,,,,,,,,,,,,,,,,,,,,,,,,,,,,,,,,,,,,,,,,,
Killer Moth,Lego Batman,"Batman #63
""The Origin of Killer Moth""",Feb-1951,Y,Bill Finger,writer,Contributor Recognition,,Deceased Contributor Recognition Agreement is with heir.,,,,,,,,,,,,,,,,,,,,,,,,,,,,,,,,,,,,,,,,
,,,,,Lew Sayre Schwartz,"pencils, cover pencils",None,,"Deceased
Schwartz's 2010 equity agreement for Deadshot acknowledges that all his services on Batman were WFH, regardless of whether he was employed by DC or Bob Kane.",,,,,,,,,,,,,,,,,,,,,,,,,,,,,,,,,,,,,,,,
,,,,,Charles Paris,"inks, cover inks",None,,Deceased,,,,,,,,,,,,,,,,,,,,,,,,,,,,,,,,,,,,,,,,
King Kull,Plastic Man,"in Fawcett Comics:
Captain Marvel Adventures #125
""The Return of the Ancient Villian""",Oct-1951,N,Otto Binder,writer,None,,See also: Fawcett Purchase Agreements,,,,,,,,,,,,,,,,,,,,,,,,,,,,,,,,,,,,,,,,
,,,,,"Charles Clarence ""C.C."" Beck","pencils, cover",None,,,,,,,,,,,,,,,,,,,,,,,,,,,,,,,,,,,,,,,,,,
,,,,,Pete Costanza,inks,None,,,,,,,,,,,,,,,,,,,,,,,,,,,,,,,,,,,,,,,,,,
,,"in DC Comics:
Justice League of America #135",Oct-1976,Y,E. Nelson Bridwell,plot,N/A,,"Bridwell was an employee of DC at this time.
Deceased",,,,,,,,,,,,,,,,,,,,,,,,,,,,,,,,,,,,,,,,
,,,,,Martin Pasko,script,Exclusive,,,,,,,,,,,,,,,,,,,,,,,,,,,,,,,,,,,,,,,,,,
,,,,,Dick Dillin,pencils,None,,Deceased,,,,,,,,,,,,,,,,,,,,,,,,,,,,,,,,,,,,,,,,
,,,,,Frank McLaughlin,inks,None,,,,,,,,,,,,,,,,,,,,,,,,,,,,,,,,,,,,,,,,,,
,,,,,Ernie Chan,cover,None,,Deceased,,,,,,,,,,,,,,,,,,,,,,,,,,,,,,,,,,,,,,,,
King Savage,"Suicide Squad
(2016)",Secret Six #1,Apr-1968,Y,E. Nelson Bridwell,writer,N/A,,"Bridwell was an employee of DC at this time.
Deceased",,,,,,,,,,,,,,,,,,,,,,,,,,,,,,,,,,,,,,,,
,,,,,Frank Springer,"pencils, inks, cover",None,,Deceased,,,,,,,,,,,,,,,,,,,,,,,,,,,,,,,,,,,,,,,,
"King Shark
(Nanaue)",,Superboy #0,Oct-1994,N,Karl Kesel,"writer, cover inks","Continuity, WFH",2016,,,,,,,,,,,,,,,,,,,,,,,,,,,,,,,,,,,,,,,,,
,,,,,Tom Grummett,"pencils, cover pencils","Continuity, WFH",,,,,,,,,,,,,,,,,,,,,,,,,,,,,,,,,,,,,,,,,,
,,,,,Doug Hazlewood,inks,Continuity,,,,,,,,,,,,,,,,,,,,,,,,,,,,,,,,,,,,,,,,,,
,,,,,Dennis Janke,inks,WFH,,,,,,,,,,,,,,,,,,,,,,,,,,,,,,,,,,,,,,,,,,
,,,,,Tom J. McCraw,color,N/A,,,,,,,,,,,,,,,,,,,,,,,,,,,,,,,,,,,,,,,,,,
"King Shark
(Shay Lamden)","Flash 204
(10/27/2015)","The Flash: Season Zero #11
(Digital First release)",May-2015,N,Andrew Kreisberg,writer,WFH,,,,,,,,,,,,,,,,,,,,,,,,,,,,,,,,,,,,,,,,,,
,,,,,Lauren Certo,writer,WFH,,,,,,,,,,,,,,,,,,,,,,,,,,,,,,,,,,,,,,,,,,
,,,,,Kai Wu,writer,WFH,,,,,,,,,,,,,,,,,,,,,,,,,,,,,,,,,,,,,,,,,,
,,,,,Phillip Hestur,pencils,WFH,,,,,,,,,,,,,,,,,,,,,,,,,,,,,,,,,,,,,,,,,,
,,,,,Eric Gapstur,inks,WFH,,,,,,,,,,,,,,,,,,,,,,,,,,,,,,,,,,,,,,,,,,
,,,,,Kelsey Shannon,color,WFH,,,,,,,,,,,,,,,,,,,,,,,,,,,,,,,,,,,,,,,,,,
Kingfish,Necrus,Aquaman Vol 5 #54,Apr-1999,N,Erik Larsen,writer,WFH,,,,,,,,,,,,,,,,,,,,,,,,,,,,,,,,,,,,,,,,,,
,,,,,Eric Battle,pencils,WFH,,,,,,,,,,,,,,,,,,,,,,,,,,,,,,,,,,,,,,,,,,
,,,,,Norm Rapmund,inks,WFH,,,,,,,,,,,,,,,,,,,,,,,,,,,,,,,,,,,,,,,,,,
The Kitchen,,The Kitchen #1,Jan-2015,Y,Oliver John Masters,writer,Joint Creator/Rolling Option; Writer,2014,,,,,,,,,,,,,,,,,,,,,,,,,,,,,,,,,,,,,,,,,
,,,,,Rebecca Ming Doyle,"pencils, inks, variant cover",Joint Creator/Rolling Option; Artist; WFH,2014,,,,,,,,,,,,,,,,,,,,,,,,,,,,,,,,,,,,,,,,,
,,,,,"Rebecca ""Becky"" Cloonan",cover,WFH,,,,,,,,,,,,,,,,,,,,,,,,,,,,,,,,,,,,,,,,,,
,,,,,Jordie Ballaire,color,WFH,,,,,,,,,,,,,,,,,,,,,,,,,,,,,,,,,,,,,,,,,,
"Kite-Man
(Charles ""Chuck"" Brown)",Lego Batman,"Batman #133
""Crimes of the Kite-Man""",Aug-1960,N,Bill Finger,writer,Contributor Recognition,,Deceased Contributor Recognition Agreement is with heir.,,,,,,,,,,,,,,,,,,,,,,,,,,,,,,,,,,,,,,,,
,,,,,Dick Sprang,pencils,None,,Deceased,Dick Sprang’s beneficiary is Yavapai Symphony Association. We’ve been paying Yavapai Symphony Association since 2000 for Dick Sprang’s royalties,,,,,,,,,,,,,,,,,,,,,,,,,,,,,,,,,,,,,,,
,,,,,Charles Paris,inks,None,,Deceased,,,,,,,,,,,,,,,,,,,,,,,,,,,,,,,,,,,,,,,,
,,,,,Sheldon Moldoff,cover,None,,"Deceased
Per the library and Wayne Smith (Corp. Legal), please check to see if Bob Kane should also be included in credits.",,,,,,,,,,,,,,,,,,,,,,,,,,,,,,,,,,,,,,,,
"Klarion the Witch Boy
(Klarion Bleak)",Dark Universe,The Demon #7,Mar-1973,Y,Jack Kirby,"creator, writer, pencils, cover pencils",1982 Agreement,,Deceased,,,,,,,,,,,,,,,,,,,,,,,,,,,,,,,,,,,,,,,,
,,,,,Mike Royer,"inks, cover inks",None,,,,,,,,,,,,,,,,,,,,,,,,,,,,,,,,,,,,,,,,,,
Knightwatch,Arrow 716,Young Justice #20,Jun-2000,N,Peter David,writer,WFH,,,,,,,,,,,,,,,,,,,,,,,,,,,,,,,,,,,,,,,,,,
,,,,,Todd Nauck,"pencils, cover pencils",WFH,,,,,,,,,,,,,,,,,,,,,,,,,,,,,,,,,,,,,,,,,,
,,,,,Larry Stucker,"inks, cover inks",WFH,,,,,,,,,,,,,,,,,,,,,,,,,,,,,,,,,,,,,,,,,,
,,,,,Jason Wright,color,N/A,,,,,,,,,,,,,,,,,,,,,,,,,,,,,,,,,,,,,,,,,,
,,,,,Digital Chameleon,color,N/A,,,,,,,,,,,,,,,,,,,,,,,,,,,,,,,,,,,,,,,,,,
"Knockout
(this is for the DC character only. For the Vertigo character Angela St. Grace, see CODENAME: KNOCKOUT)",,Superboy #1,Feb-1994,N,Karl Kesel,"writer, cover inks",WFH; Continuity,,,,,,,,,,,,,,,,,,,,,,,,,,,,,,,,,,,,,,,,,,
,,,,,Tom Grummett,"pencils, cover pencils",Continuity,,,,,,,,,,,,,,,,,,,,,,,,,,,,,,,,,,,,,,,,,,
,,,,,Doug Hazlewood,inks,Continuity,,,,,,,,,,,,,,,,,,,,,,,,,,,,,,,,,,,,,,,,,,
,,,,,Tom McCraw,color,Exclusive,,,,,,,,,,,,,,,,,,,,,,,,,,,,,,,,,,,,,,,,,,
Kobra   ,,Kobra #1,Mar-1976,N,Martin Pasko,writer,Creator Recognition,,,,,,,,,,,,,,,,,,,,,,,,,,,,,,,,,,,,,,,,,,
,,,,,Jack Kirby,"writer, pencils",None,,Unsigned Creative Contributor Agreement with Trust,,,,,,,,,,,,,,,,,,,,,,,,,,,,,,,,,,,,,,,,
,,,,,Steve Sherman,writer,None,,,,,,,,,,,,,,,,,,,,,,,,,,,,,,,,,,,,,,,,,,
,,,,,Pablo Marcos,"pencils, inks",None,,,,,,,,,,,,,,,,,,,,,,,,,,,,,,,,,,,,,,,,,,
,,,,,D. Bruce Berry ,inks,None,,,,,,,,,,,,,,,,,,,,,,,,,,,,,,,,,,,,,,,,,,
Kobra Cult,,Kobra #1,Mar-1976,N,Martin Pasko,writer,Creator Recognition,,,,,,,,,,,,,,,,,,,,,,,,,,,,,,,,,,,,,,,,,,
,,,,,Jack Kirby,"writer, pencils",,,,,,,,,,,,,,,,,,,,,,,,,,,,,,,,,,,,,,,,,,,
,,,,,Steve Sherman,writer,,,,,,,,,,,,,,,,,,,,,,,,,,,,,,,,,,,,,,,,,,,
,,,,,Pablo Marcos,"pencils, inks",,,,,,,,,,,,,,,,,,,,,,,,,,,,,,,,,,,,,,,,,,,
,,,,,D. Bruce Berry ,inks,,,,,,,,,,,,,,,,,,,,,,,,,,,,,,,,,,,,,,,,,,,
Kodiak,Arrow 702,Green Arrow #26,Feb-2014,N,Jeff Lemire,writer,WFH,,,,,,,,,,,,,,,,,,,,,,,,,,,,,,,,,,,,,,,,,,
,,,,,Andrea Sorrentino,"pencils, inks",WFH,,,,,,,,,,,,,,,,,,,,,,,,,,,,,,,,,,,,,,,,,,
,,,,,Marcelo Maiolo,color,N/A,,,,,,,,,,,,,,,,,,,,,,,,,,,,,,,,,,,,,,,,,,
Konstantin Kovar,Arrow 501,New Titans #94,Feb-1993,N,Louise Simonson,writer,WFH,,,,,,,,,,,,,,,,,,,,,,,,,,,,,,,,,,,,,,,,,,
,,,,,Phil Jimenez,"pencils, cover pencils",WFH,,,,,,,,,,,,,,,,,,,,,,,,,,,,,,,,,,,,,,,,,,
,,,,,Ray McCarthy,inks,WFH,,,,,,,,,,,,,,,,,,,,,,,,,,,,,,,,,,,,,,,,,,
,,,,,Art Nichols,cover inks,WFH,,,,,,,,,,,,,,,,,,,,,,,,,,,,,,,,,,,,,,,,,,
,,,,,Matt Hollingsworth,color,N/A,,,,,,,,,,,,,,,,,,,,,,,,,,,,,,,,,,,,,,,,,,
Kordax,Necrus,Atlantis Chronicles Vol 1 #4,Jul-1990,Y,Peter David,writer,WFH,,,Request for NECRUS/Aquaman 2 use is for King Kordax but character is just “Kordax” from the comics and it doesn’t appear that the character was actually a King.,,,,,,,,,,,,,,,,,,,,,,,,,,,,,,,,,,,,,,,
,,,,,Esteban Maroto,"pencils, inks, cover",WFH,,,,,,,,,,,,,,,,,,,,,,,,,,,,,,,,,,,,,,,,,,
,,,,,Eric Kachelhofer,color,None,,,,,,,,,,,,,,,,,,,,,,,,,,,,,,,,,,,,,,,,,,
"Kristin Wells
(Superwoman; Karsta Wor-Ul)
For Superwoman, see also: Lucy Lane","Man of Steel
(2013)","as Superwoman (pre-Crisis):
DC Comics Presents Annual #2",1983,Y,Elliot S. Maggin,writer,WFH,,,,,,,,,,,,,,,,,,,,,,,,,,,,,,,,,,,,,,,,,,
,,,,,Keith Pollard,pencils,WFH,,,,,,,,,,,,,,,,,,,,,,,,,,,,,,,,,,,,,,,,,,
,,,,,Mike DeCarlo,inks,WFH,,,,,,,,,,,,,,,,,,,,,,,,,,,,,,,,,,,,,,,,,,
,,,,,Gil Kane,cover,WFH,,Deceased,,,,,,,,,,,,,,,,,,,,,,,,,,,,,,,,,,,,,,,,
,,,,,Gene D'Angelo,color,N/A,,,,,,,,,,,,,,,,,,,,,,,,,,,,,,,,,,,,,,,,,,
,,"as Karsta Wor-Ul (post-Crisis):
Superman #668",Dec-2007,N,Kurt Busiek,writer,WFH,,,,,,,,,,,,,,,,,,,,,,,,,,,,,,,,,,,,,,,,,,
,,,,,Rick Leonardi,pencils,None,,,,,,,,,,,,,,,,,,,,,,,,,,,,,,,,,,,,,,,,,,
,,,,,Daniel Green,inks,None,,,,,,,,,,,,,,,,,,,,,,,,,,,,,,,,,,,,,,,,,,
,,,,,Renato Guedes,cover pencils,WFH,,,,,,,,,,,,,,,,,,,,,,,,,,,,,,,,,,,,,,,,,,
,,,,,Jose Wilson Magalhaes,cover inks,WFH,,,,,,,,,,,,,,,,,,,,,,,,,,,,,,,,,,,,,,,,,,
,,,,,Pete Pantazis,color,N/A,,,,,,,,,,,,,,,,,,,,,,,,,,,,,,,,,,,,,,,,,,
K'rkzar,Supergirl 207,Martian Manhunter Special #1,Jul-1996,N,Paul Kupperberg,writer,None,,,,,,,,,,,,,,,,,,,,,,,,,,,,,,,,,,,,,,,,,,
,,,,,Michael T. Collins,pencils,None,,,,,,,,,,,,,,,,,,,,,,,,,,,,,,,,,,,,,,,,,,
,,,,,Anibal Rodriguez,inks,WFH,,,,,,,,,,,,,,,,,,,,,,,,,,,,,,,,,,,,,,,,,,
,,,,,Jeff Albrecht,inks,WFH,,,,,,,,,,,,,,,,,,,,,,,,,,,,,,,,,,,,,,,,,,
,,,,,Keith Champagne,inks,WFH,,,,,,,,,,,,,,,,,,,,,,,,,,,,,,,,,,,,,,,,,,
,,,,,Prentis Rollins,inks,WFH,,,,,,,,,,,,,,,,,,,,,,,,,,,,,,,,,,,,,,,,,,
,,,,,Howard Porter,cover,WFH,,,,,,,,,,,,,,,,,,,,,,,,,,,,,,,,,,,,,,,,,,
,,,,,Lee Loughridge,color,N/A,,,,,,,,,,,,,,,,,,,,,,,,,,,,,,,,,,,,,,,,,,
Krona,,Green Lantern #40,Oct-1965,Y,John Broome,writer,None,,Deceased,,,,,,,,,,,,,,,,,,,,,,,,,,,,,,,,,,,,,,,,
,,,,,Gil Kane,"pencils, cover pencils",None,,Deceased,,,,,,,,,,,,,,,,,,,,,,,,,,,,,,,,,,,,,,,,
,,,,,Sid Greene,inks,None,,Deceased,,,,,,,,,,,,,,,,,,,,,,,,,,,,,,,,,,,,,,,,
,,,,,Murphy Anderson,cover inks,None,,Deceased,,,,,,,,,,,,,,,,,,,,,,,,,,,,,,,,,,,,,,,,
Krypto the Superdog,,"Adventure Comics #210
""The Super-Dog From Krypton""",Mar-1955,Y,Otto Binder,writer,None,,Deceased,,,,,,,,,,,,,,,,,,,,,,,,,,,,,,,,,,,,,,,,
,,,,,Curt Swan,"pencils, cover pencils",None,,Deceased,,,,,,,,,,,,,,,,,,,,,,,,,,,,,,,,,,,,,,,,
,,,,,Sy Barry,inks,None,,,,,,,,,,,,,,,,,,,,,,,,,,,,,,,,,,,,,,,,,,
,,,,,Stan Kaye,cover inks,None,,Deceased,,,,,,,,,,,,,,,,,,,,,,,,,,,,,,,,,,,,,,,,
Kryptonite,,"Superman #61
""Superman Returns To Krypton""",Nov-1949,N,Bill Finger,writer,Contributor Recognition,,Deceased Contributor Agreement is with heir.,,,,,,,,,,,,,,,,,,,,,,,,,,,,,,,,,,,,,,,,
,,,,,Al Plastino,"pencils, inks",None,,Deceased,,,,,,,,,,,,,,,,,,,,,,,,,,,,,,,,,,,,,,,,
,,,,,Wayne Boring,cover pencils,None,,Deceased,,,,,,,,,,,,,,,,,,,,,,,,,,,,,,,,,,,,,,,,
,,,,,Stan Kaye,cover inks,None,,Deceased,,,,,,,,,,,,,,,,,,,,,,,,,,,,,,,,,,,,,,,,
Kuasa Jiwe,Legends 302,Vixen Animated Series 102,Sep-2015,N,Wendy Mericle; Keto Shimizu; Brian Ford Sullivan; Lauren Certo,writers,,,,,,,,,,,,,,,,,,,,,,,,,,,,,,,,,,,,,,,,,,,
Kunoichi,,Blackhawks #1,Nov-2011,Y,Mike Costa,writer,WFH,,,,,,,,,,,,,,,,,,,,,,,,,,,,,,,,,,,,,,,,,,
,,,,,Graham Nolan,pencils,WFH,,,,,,,,,,,,,,,,,,,,,,,,,,,,,,,,,,,,,,,,,,
,,,,,Ken Lashley,"pencils, inks, cover",WFH,,,,,,,,,,,,,,,,,,,,,,,,,,,,,,,,,,,,,,,,,,
,,,,,Guy Major,color,Exclusive,,,,,,,,,,,,,,,,,,,,,,,,,,,,,,,,,,,,,,,,,,
"Kyle ""Ace"" Morgan",,Showcase #6,Jan-1957,Y,Dave Wood,co-writer,None,,Deceased,,,,,,,,,,,,,,,,,,,,,,,,,,,,,,,,,,,,,,,,
,,,,,Jack Kirby,"co-writer, pencils, cover",None,,Deceased,,,,,,,,,,,,,,,,,,,,,,,,,,,,,,,,,,,,,,,,
,,,,,Rosalind Kirby,inks,None,,Deceased,,,,,,,,,,,,,,,,,,,,,,,,,,,,,,,,,,,,,,,,
LaDonna Jameal,,"Action Comics Weekly #601
""Listening to the Mockingbird""",1988,N,Martin Pasko,writer,WFH,,,,,,,,,,,,,,,,,,,,,,,,,,,,,,,,,,,,,,,,,,
,,,,,Dan Spiegle,"pencils, inks",WFH,,,,,,,,,,,,,,,,,,,,,,,,,,,,,,,,,,,,,,,,,,
,,,,,Dave Gibbons,cover,WFH,,,,,,,,,,,,,,,,,,,,,,,,,,,,,,,,,,,,,,,,,,
,,,,,Carl Gafford,color,N/A,,,,,,,,,,,,,,,,,,,,,,,,,,,,,,,,,,,,,,,,,,
"Lady Blackhawk
(Zinda Blake)",Birds of Prey,"Blackhawk #133
""The Lady Blackhawk""",Feb-1959,Y,Jack Schiff,editor,N/A,,"Although the writer of this issue is unknown, we believe there is a strong possibility that it may have been Schiff.
Schiff was an employee of DC at this time.
Deceased",,,,,,,,,,,,,,,,,,,,,,,,,,,,,,,,,,,,,,,,
,,,,,Dick Dillin,"pencils, cover pencils",None,,Deceased,,,,,,,,,,,,,,,,,,,,,,,,,,,,,,,,,,,,,,,,
,,,,,Charles Cuidera,"inks, cover inks",None,,,,,,,,,,,,,,,,,,,,,,,,,,,,,,,,,,,,,,,,,,
"Lady Blackhawk
(Natalie Reed)",,Blackhawk #1,Mar-1989,N,Howard Chaykin,"writer, pencils, inks, cover",,,,,,,,,,,,,,,,,,,,,,,,,,,,,,,,,,,,,,,,,,,
,,,,,Steve Oliff,color,N/A,,,,,,,,,,,,,,,,,,,,,,,,,,,,,,,,,,,,,,,,,,
"Lady Blackhawk
(New 52)",,Blackhawks #1,Nov-2011,Y,Mike Costa,writer,WFH,,,,,,,,,,,,,,,,,,,,,,,,,,,,,,,,,,,,,,,,,,
,,,,,Graham Nolan,pencils,WFH,,,,,,,,,,,,,,,,,,,,,,,,,,,,,,,,,,,,,,,,,,
,,,,,Ken Lashley,"pencils, inks, cover",WFH,,,,,,,,,,,,,,,,,,,,,,,,,,,,,,,,,,,,,,,,,,
,,,,,Guy Major,color,Exclusive,,,,,,,,,,,,,,,,,,,,,,,,,,,,,,,,,,,,,,,,,,
Lady Eve,Black Lightning 103,Batman & The Outsiders #24,Aug-1985,N,Mike W. Barr,writer,Writer Agreement,,,,,,,,,,,,,,,,,,,,,,,,,,,,,,,,,,,,,,,,,,
,,,,,Alan Davis,"pencils, inks, cover",WFH,,,,,,,,,,,,,,,,,,,,,,,,,,,,,,,,,,,,,,,,,,
,,,,,Ron Randall,cover layouts,WFH,,,,,,,,,,,,,,,,,,,,,,,,,,,,,,,,,,,,,,,,,,
,,,,,Adrienne Roy,color,Exclusive,,Deceased,,,,,,,,,,,,,,,,,,,,,,,,,,,,,,,,,,,,,,,,
"Lady Shiva
(Sandra Woosan/Wu-San; Jade Canary)",Birds of Prey,"as Lady Shiva:
Richard Dragon, Kung-Fu Fighter #5",Dec-1975,Y,Denny O'Neil,writer,Creator Recognition,2012,,,,,,,,,,,,,,,,,,,,,,,,,,,,,,,,,,,,,,,,,
,,,,,Ric Estrada,pencils,None,,Deceased,,,,,,,,,,,,,,,,,,,,,,,,,,,,,,,,,,,,,,,,
,,,,,Wally Wood,inks,None,,Deceased,,,,,,,,,,,,,,,,,,,,,,,,,,,,,,,,,,,,,,,,
,,,,,Dick Giordano,cover,None,,Deceased,,,,,,,,,,,,,,,,,,,,,,,,,,,,,,,,,,,,,,,,
,,"as Jade Canary:
Birds of Prey #92",May-2006,N,"Tamra L. James
(Gail Simone)",writer,WFH,,,,,,,,,,,,,,,,,,,,,,,,,,,,,,,,,,,,,,,,,,
,,,,,Paolo Siqueira,pencils,WFH; Exclusive,,,,,,,,,,,,,,,,,,,,,,,,,,,,,,,,,,,,,,,,,,
,,,,,Robin Riggs,inks,WFH,,,,,,,,,,,,,,,,,,,,,,,,,,,,,,,,,,,,,,,,,,
,,,,,Terry Dodson,cover pencils,WFH,,,,,,,,,,,,,,,,,,,,,,,,,,,,,,,,,,,,,,,,,,
,,,,,Rachel Dodson,cover inks,WFH,,,,,,,,,,,,,,,,,,,,,,,,,,,,,,,,,,,,,,,,,,
,,,,,Hi-Fi Design,color,N/A,,,,,,,,,,,,,,,,,,,,,,,,,,,,,,,,,,,,,,,,,,
"Ladytron
(Maxine Manchester)","Point Blank
Sleeper",WildC.A.T.S.: Covert Action Teams #21,Jul-1995,Y,Alan Moore,writer,None,,See also: WildStorm Asset Purchase Agreement,,,,,,,,,,,,,,,,,,,,,,,,,,,,,,,,,,,,,,,,
,,,,,Travis Charest,pencils,None,,,,,,,,,,,,,,,,,,,,,,,,,,,,,,,,,,,,,,,,,,
,,,,,Troy Hubbs,"inks, cover inks",None,,,,,,,,,,,,,,,,,,,,,,,,,,,,,,,,,,,,,,,,,,
,,,,,Jim Lee,cover pencils,WildStorm Employment Agreement,,,,,,,,,,,,,,,,,,,,,,,,,,,,,,,,,,,,,,,,,,
,,,,,Joe Chiodo,color,N/A,,,,,,,,,,,,,,,,,,,,,,,,,,,,,,,,,,,,,,,,,,
,,,,,Martin Jimenez,color,N/A,,,,,,,,,,,,,,,,,,,,,,,,,,,,,,,,,,,,,,,,,,
,,,,,WildStorm FX,color,N/A,,,,,,,,,,,,,,,,,,,,,,,,,,,,,,,,,,,,,,,,,,
Lallor,Supergirl 213,Adventure Comics #324,Sep-1964,N,Edmond Hamilton,writer,None,,Deceased,,,,,,,,,,,,,,,,,,,,,,,,,,,,,,,,,,,,,,,,
,,,,,John Forte,"pencils, inks",None,,Deceased,,,,,,,,,,,,,,,,,,,,,,,,,,,,,,,,,,,,,,,,
,,,,,Curt Swan,cover pencils,None,,Deceased,,,,,,,,,,,,,,,,,,,,,,,,,,,,,,,,,,,,,,,,
,,,,,George Klein,cover inks,None,,Deceased,,,,,,,,,,,,,,,,,,,,,,,,,,,,,,,,,,,,,,,,
Lamb Valley,Arrow 509,Green Arrow #26,Jul-2003,N,Judd Winick,writer,WFH,,,,,,,,,,,,,,,,,,,,,,,,,,,,,,,,,,,,,,,,,,
,,,,,Phillip Hester,pencils,WFH,,,,,,,,,,,,,,,,,,,,,,,,,,,,,,,,,,,,,,,,,,
,,,,,Ande Parks,inks,WFH,,,,,,,,,,,,,,,,,,,,,,,,,,,,,,,,,,,,,,,,,,
,,,,,Matt Wagner,cover,WFH,,,,,,,,,,,,,,,,,,,,,,,,,,,,,,,,,,,,,,,,,,
,,,,,Guy Major,color,N/A,,,,,,,,,,,,,,,,,,,,,,,,,,,,,,,,,,,,,,,,,,
"Lancepesade Gor
(Commander Gor)","Supergirl 102
(11/2/2015)",Action Comics #871,Jan-2009,N,Geoff Johns,writer,WFH; Exclusive,,,,,,,,,,,,,,,,,,,,,,,,,,,,,,,,,,,,,,,,,,
,,,,,Pete Woods,"pencils, inks",WFH,,,,,,,,,,,,,,,,,,,,,,,,,,,,,,,,,,,,,,,,,,
,,,,,Alex Ross,cover,WFH,,,,,,,,,,,,,,,,,,,,,,,,,,,,,,,,,,,,,,,,,,
,,,,,Stephane Roux,variant cover,WFH,,,,,,,,,,,,,,,,,,,,,,,,,,,,,,,,,,,,,,,,,,
,,,,,Brad Anderson,color,N/A,,,,,,,,,,,,,,,,,,,,,,,,,,,,,,,,,,,,,,,,,,
Lashina,,"Mister Miracle #6
""Funky Flashman""",Feb-1972,N,Jack Kirby,"writer, pencils, cover",Fourth World Agreement,1982,Deceased,,,,,,,,,,,,,,,,,,,,,,,,,,,,,,,,,,,,,,,,
,,,,,Mike Royer,inks,None,,Deceased,,,,,,,,,,,,,,,,,,,,,,,,,,,,,,,,,,,,,,,,
Lawrence Snart,"Flash 203
(10/20/2015)",Flash #182,Mar-2002,N,Geoff Johns,writer,WFH,,,,,,,,,,,,,,,,,,,,,,,,,,,,,,,,,,,,,,,,,,
,,,,,Scott Kolins,pencils,WFH,,,,,,,,,,,,,,,,,,,,,,,,,,,,,,,,,,,,,,,,,,
,,,,,Dan Panosian,inks,WFH,,,,,,,,,,,,,,,,,,,,,,,,,,,,,,,,,,,,,,,,,,
,,,,,Brian Bolland,cover,None,,,,,,,,,,,,,,,,,,,,,,,,,,,,,,,,,,,,,,,,,,
,,,,,James Sinclair,color,N/A,,,,,,,,,,,,,,,,,,,,,,,,,,,,,,,,,,,,,,,,,,
Lazarus Pit,Gotham 322,Batman #243,Aug-1972,N,Denny O'Neil,writer,Creator Recognition,2013,,,,,,,,,,,,,,,,,,,,,,,,,,,,,,,,,,,,,,,,,
,,,,,Neal Adams,"pencils, cover",Creator Recognition,2014,,,,,,,,,,,,,,,,,,,,,,,,,,,,,,,,,,,,,,,,,
,,,,,Dick Giordano,inks,None,,"Giordano may have been an employee of DC at this time.
Deceased",,,,,,,,,,,,,,,,,,,,,,,,,,,,,,,,,,,,,,,,
Lead,,Showcase #37,Mar-1962,Y,Robert Kanigher,writer,N/A,,"Kanigher was an employee of DC from 2/3/47 through 5/31/82.
Deceased",,,,,,,,,,,,,,,,,,,,,,,,,,,,,,,,,,,,,,,,
,,,,,Ross Andru,"pencils, cover pencils",None,,Deceased,,,,,,,,,,,,,,,,,,,,,,,,,,,,,,,,,,,,,,,,
,,,,,Mike Esposito,"inks, cover inks",None,,Deceased,,,,,,,,,,,,,,,,,,,,,,,,,,,,,,,,,,,,,,,,
League of Assassins,,"Strange Adventures #215
""A New Lease on Death""",Nov-1968,Y,Neal Adams,"writer, pencils, inks, cover",Creator Recognition,2014,,,,,,,,,,,,,,,,,,,,,,,,,,,,,,,,,,,,,,,,,
"League of Shadows
(Multiversity)",,"Multiversity Guidebook #1
""Earth 13""",Mar-2015,N,Grant Morrison,writer,WFH,,,,,,,,,,,,,,,,,,,,,,,,,,,,,,,,,,,,,,,,,,
,,,,,Jae Lee,"pencils, inks",WFH,,,,,,,,,,,,,,,,,,,,,,,,,,,,,,,,,,,,,,,,,,
,,,,,Rian Hughes,cover,WFH,,,,,,,,,,,,,,,,,,,,,,,,,,,,,,,,,,,,,,,,,,
,,,,,June Chung,color,N/A,,,,,,,,,,,,,,,,,,,,,,,,,,,,,,,,,,,,,,,,,,
"League of Shadows
(League of Assassins Splinter Group)",Gotham 416,"Detective Comics #950
""League of Shadows. Prologue: Shadow of a Tear""",Apr-2017,N,James Tynion IV,writer,WFH,,,,,,,,,,,,,,,,,,,,,,,,,,,,,,,,,,,,,,,,,,
,,,,,Marcio Takara,"pencils, inks",WFH,,,,,,,,,,,,,,,,,,,,,,,,,,,,,,,,,,,,,,,,,,
,,,,,Eddy Barrows,cover pencils,WFH,,,,,,,,,,,,,,,,,,,,,,,,,,,,,,,,,,,,,,,,,,
,,,,,Eber Ferreira,cover inks,WFH,,,,,,,,,,,,,,,,,,,,,,,,,,,,,,,,,,,,,,,,,,
,,,,,Dean White,color,WFH,,,,,,,,,,,,,,,,,,,,,,,,,,,,,,,,,,,,,,,,,,
,,,,,Adriano Lucas,cover color,WFH,,,,,,,,,,,,,,,,,,,,,,,,,,,,,,,,,,,,,,,,,,
L.E.G.I.O.N.,,L.E.G.I.O.N. '89 #1,Feb-1989,Y,Keith Giffen,plot,WFH,,,,,,,,,,,,,,,,,,,,,,,,,,,,,,,,,,,,,,,,,,
,,,,,Alan Grant,dialogue,WFH,,,,,,,,,,,,,,,,,,,,,,,,,,,,,,,,,,,,,,,,,,
,,,,,Barry Kitson,pencils,WFH,,,,,,,,,,,,,,,,,,,,,,,,,,,,,,,,,,,,,,,,,,
,,,,,Mike DeCarlo,inks,WFH,,,,,,,,,,,,,,,,,,,,,,,,,,,,,,,,,,,,,,,,,,
,,,,,Al Gordon,cover pencils,WFH,,,,,,,,,,,,,,,,,,,,,,,,,,,,,,,,,,,,,,,,,,
,,,,,Kevin Maguire,cover inks,WFH,,,,,,,,,,,,,,,,,,,,,,,,,,,,,,,,,,,,,,,,,,
,,,,,Lovern Kindzierski,color,N/A,,,,,,,,,,,,,,,,,,,,,,,,,,,,,,,,,,,,,,,,,,
Legion,,Green Lantern: Emerald Dawn #2,Jan-1990,N,Gerard Jones,script,WFH,,DC no longer has an active relationship with Jones due to criminal conviction.,,,,,,,,,,,,,,,,,,,,,,,,,,,,,,,,,,,,,,,,
,,,,,Keith Giffen,"plot, pencils",Exclusive,,,,,,,,,,,,,,,,,,,,,,,,,,,,,,,,,,,,,,,,,,
,,,,,Romeo Tanghal,"inks, cover inks",WFH,,,,,,,,,,,,,,,,,,,,,,,,,,,,,,,,,,,,,,,,,,
,,,,,"Mark ""M.D."" Bright",cover pencils,WFH,,,,,,,,,,,,,,,,,,,,,,,,,,,,,,,,,,,,,,,,,,
,,,,,Anthony Tollin,color,Exclusive,,,,,,,,,,,,,,,,,,,,,,,,,,,,,,,,,,,,,,,,,,
Legion of Doom,Legends 208,"Challenge of the Super Friends
""Wanted: The Superfriends""",Sep-1978,,Jeffrey Scott,writer,,,,,,,,,,,,,,,,,,,,,,,,,,,,,,,,,,,,,,,,,,,
,,Extreme Justice #14,Mar-1996,N,Robert L. Washington III,writer,WFH,,,,,,,,,,,,,,,,,,,,,,,,,,,,,,,,,,,,,,,,,,
,,,,,Tom Morgan,pencils,Continuity,,,,,,,,,,,,,,,,,,,,,,,,,,,,,,,,,,,,,,,,,,
,,,,,Ken Branch,inks,Continuity,,,,,,,,,,,,,,,,,,,,,,,,,,,,,,,,,,,,,,,,,,
,,,,,Chris Batista,cover pencils,WFH,,,,,,,,,,,,,,,,,,,,,,,,,,,,,,,,,,,,,,,,,,
,,,,,Chip Wallace,cover inks,WFH,,,,,,,,,,,,,,,,,,,,,,,,,,,,,,,,,,,,,,,,,,
,,,,,Lee Loughridge,color,N/A,,,,,,,,,,,,,,,,,,,,,,,,,,,,,,,,,,,,,,,,,,
Legion of Substitute-Heroes,,Adventure Comics #306,Mar-1963,Y,Edmond Hamilton,writer,None,,Deceased,"From Wayne Smith- This issue has a publication date of 1/31/63, which means that a termination notice could be sent up to 1/31/22.
I do think that the group is clearly a derivative of Legion of Super-Heroes, and Adventure Comics #247 is not terminable.  That said, it seems like all the characters were newly created for the story so who knows where they came from. Hamilton might be a good candidate for looking into obtaining rights.  He and Leigh Brackett (who survived him) did not have any children.  ",,,,,,,,,,,,,,,,,,,,,,,,,,,,,,,,,,,,,,,
,,,,,John Forte,"pencils, inks",None,,Deceased,,,,,,,,,,,,,,,,,,,,,,,,,,,,,,,,,,,,,,,,
,,,,,Curt Swan,cover pencils,None,,Deceased,,,,,,,,,,,,,,,,,,,,,,,,,,,,,,,,,,,,,,,,
,,,,,George Klein,cover inks,None,,Deceased,,,,,,,,,,,,,,,,,,,,,,,,,,,,,,,,,,,,,,,,
Legion of Super-Heroes,,"Adventure Comics #247
""The Legion of Super-Heroes""",Apr-1958,Y,Otto Binder,writer,None,,Deceased,,,,,,,,,,,,,,,,,,,,,,,,,,,,,,,,,,,,,,,,
,,,,,Al Plastino,"pencils, inks",None,,Deceased,,,,,,,,,,,,,,,,,,,,,,,,,,,,,,,,,,,,,,,,
,,,,,Curt Swan,cover pencils,None,,Deceased,,,,,,,,,,,,,,,,,,,,,,,,,,,,,,,,,,,,,,,,
,,,,,Stan Kaye,cover inks,None,,Deceased,,,,,,,,,,,,,,,,,,,,,,,,,,,,,,,,,,,,,,,,
Leland McCauley III,,Adventure Comics #374,Nov-1968,N,"James ""Jim"" Shooter",writer,None,,,,,,,,,,,,,,,,,,,,,,,,,,,,,,,,,,,,,,,,,,
,,,,,"James Winslow ""Win"" Mortimer","pencils, inks",None,,Deceased,,,,,,,,,,,,,,,,,,,,,,,,,,,,,,,,,,,,,,,,
,,,,,Curt Swan,cover pencils,None,,Deceased,,,,,,,,,,,,,,,,,,,,,,,,,,,,,,,,,,,,,,,,
,,,,,Mike Esposito,cover inks,None,,Deceased,,,,,,,,,,,,,,,,,,,,,,,,,,,,,,,,,,,,,,,,
Leland McCauley IV,,"Superboy #214
""No Price Too High""",Jan-1976,Y,"James ""Jim"" Shooter",writer,None,,,,,,,,,,,,,,,,,,,,,,,,,,,,,,,,,,,,,,,,,,
,,,,,Mike Grell,"pencils, inks, cover",None,,,,,,,,,,,,,,,,,,,,,,,,,,,,,,,,,,,,,,,,,,
"Lena Luthor
(Lena Thorul-Colby, sister of Lex Luthor)",,"Superman's Girl Friend, Lois Lane #23
""The Curse of Lena Thorul""",Feb-1961,N,"Jerome ""Jerry"" Siegel",writer,Settlement,,Deceased Settlement is with heirs.,,,,,,,,,,,,,,,,,,,,,,,,,,,,,,,,,,,,,,,,
,,,,,Kurt Schaffenberger,"pencils, inks",None,,"Schaffenberger may have been an employee of DC at this time.
Deceased",,,,,,,,,,,,,,,,,,,,,,,,,,,,,,,,,,,,,,,,
,,,,,Curt Swan,cover pencils,None,,Deceased,,,,,,,,,,,,,,,,,,,,,,,,,,,,,,,,,,,,,,,,
,,,,,Stan Kaye,cover inks,None,,Deceased,,,,,,,,,,,,,,,,,,,,,,,,,,,,,,,,,,,,,,,,
"Lena Luthor
(daughter of Lex Luthor)",,Superman #131,Jan-1998,N,Dan Jurgens,writer,Writer,,,,,,,,,,,,,,,,,,,,,,,,,,,,,,,,,,,,,,,,,,
,,,,,Ron Frenz,"pencils, cover pencils",Artist,,,,,,,,,,,,,,,,,,,,,,,,,,,,,,,,,,,,,,,,,,
,,,,,Josef Rubinstein,"inks, cover inks",Artist,,,,,,,,,,,,,,,,,,,,,,,,,,,,,,,,,,,,,,,,,,
,,,,,Glenn Whitmore,color,Exclusive,,,,,,,,,,,,,,,,,,,,,,,,,,,,,,,,,,,,,,,,,,
Lenore Parris,,"Super Friends #36
""The Dinosaur Demon!""",Jul-1980,N,E. Nelson Bridwell,writer,N/A,,"Bridwell was an employee of DC at this time.
Deceased",,,,,,,,,,,,,,,,,,,,,,,,,,,,,,,,,,,,,,,,
,,,,,Ramona Fradon,"pencils, cover pencils",Exclusive,,,,,,,,,,,,,,,,,,,,,,,,,,,,,,,,,,,,,,,,,,
,,,,,Vince Colletta,inks,Exclusive,,Deceased,,,,,,,,,,,,,,,,,,,,,,,,,,,,,,,,,,,,,,,,
,,,,,Ross Andru,cover pencils,None,,"Andru may have been an employee of DC at this time.
Deceased",,,,,,,,,,,,,,,,,,,,,,,,,,,,,,,,,,,,,,,,
,,,,,Bob Smith,cover inks,None,,,,,,,,,,,,,,,,,,,,,,,,,,,,,,,,,,,,,,,,,,
,,,,,Jerry Serpe,color,N/A,,Deceased,,,,,,,,,,,,,,,,,,,,,,,,,,,,,,,,,,,,,,,,
"Leslie ""Rocky"" Davis",,Showcase #6,Jan-1957,Y,Dave Wood,co-writer,None,,Deceased,,,,,,,,,,,,,,,,,,,,,,,,,,,,,,,,,,,,,,,,
,,,,,Jack Kirby,"co-writer, pencils, cover",None,,Deceased,,,,,,,,,,,,,,,,,,,,,,,,,,,,,,,,,,,,,,,,
,,,,,Rosalind Kirby,inks,None,,Deceased,,,,,,,,,,,,,,,,,,,,,,,,,,,,,,,,,,,,,,,,
"Leslie Thompkins
(Dr. Leslie Maurin Thompkins)",,"Detective Comics #457
""There is No Hope in Crime Alley!""",Mar-1976,N,Denny O'Neil,writer,Creator Recognition,2012,,,,,,,,,,,,,,,,,,,,,,,,,,,,,,,,,,,,,,,,,
,,,,,Dick Giordano,"pencils, inks, cover",N/A,,"Giordano may have been an employee of DC at this time.
Deceased",,,,,,,,,,,,,,,,,,,,,,,,,,,,,,,,,,,,,,,,
Leviathan,Supergirl Season 4,Batman: The Return #1,Jan-2011,N,Grant Morrison,writer,WFH,,,,,,,,,,,,,,,,,,,,,,,,,,,,,,,,,,,,,,,,,,
,,,,,David Finch,pencils,Exclusive,,,,,,,,,,,,,,,,,,,,,,,,,,,,,,,,,,,,,,,,,,
,,,,,Matt Banning,inks,Exclusive,,,,,,,,,,,,,,,,,,,,,,,,,,,,,,,,,,,,,,,,,,
,,,,,Ryan Winn,inks,WFH,,,,,,,,,,,,,,,,,,,,,,,,,,,,,,,,,,,,,,,,,,
Lex Luthor,"Batman v Superman
(2016)","Action Comics #23
""Europe At War""",Apr-1940,N,"Jerome ""Jerry"" Siegel",writer,Settlement,,Deceased Settlement is with heirs.,,,,,,,,,,,,,,,,,,,,,,,,,,,,,,,,,,,,,,,,
,,,,,Joseph Shuster,"pencils, cover pencils",Settlement,,Deceased,,,,,,,,,,,,,,,,,,,,,,,,,,,,,,,,,,,,,,,,
,,,,,Paul Cassidy,"inks, cover inks",None,,,,,,,,,,,,,,,,,,,,,,,,,,,,,,,,,,,,,,,,,,
LexCorp,"Batman v Superman
(2016)","First mention:
Superman #416
""The Ghost of Superman Future""",Feb-1986,N,Elliot S. Maggin,writer,None,,,,,,,,,,,,,,,,,,,,,,,,,,,,,,,,,,,,,,,,,,
,,,,,Curt Swan,pencils,Exclusive,,Deceased,,,,,,,,,,,,,,,,,,,,,,,,,,,,,,,,,,,,,,,,
,,,,,Al Williamson,inks,None,,,,,,,,,,,,,,,,,,,,,,,,,,,,,,,,,,,,,,,,,,
,,,,,Eduardo Barreto,cover,None,,,,,,,,,,,,,,,,,,,,,,,,,,,,,,,,,,,,,,,,,,
,,,,,Gene D'Angelo,color,N/A,,,,,,,,,,,,,,,,,,,,,,,,,,,,,,,,,,,,,,,,,,
,,"First appearance:
Superman #2",Feb-1987,N,John Byrne,"writer, pencils, cover",WFH,,,,,,,,,,,,,,,,,,,,,,,,,,,,,,,,,,,,,,,,,,
,,,,,Terry Austin,inks,WFH,,,,,,,,,,,,,,,,,,,,,,,,,,,,,,,,,,,,,,,,,,
,,,,,Thomas Ziuko,color,N/A,,,,,,,,,,,,,,,,,,,,,,,,,,,,,,,,,,,,,,,,,,
Lia Nelson,Flash 319,Tangent Comics: Flash #1,Dec-1997,Y,Todd DeZago,writer,WFH,,,,,,,,,,,,,,,,,,,,,,,,,,,,,,,,,,,,,,,,,,
,,,,,Gary Frank,"pencils, cover pencils",WFH,,,,,,,,,,,,,,,,,,,,,,,,,,,,,,,,,,,,,,,,,,
,,,,,Cam Smith,"inks, cover inks",WFH,,,,,,,,,,,,,,,,,,,,,,,,,,,,,,,,,,,,,,,,,,
,,,,,Patricia Mulvihill,color,Exclusive,,,,,,,,,,,,,,,,,,,,,,,,,,,,,,,,,,,,,,,,,,
"Liberty Belle
(Elizabeth ""Libby"" Lawrence Chambers)
(See also: Jesse Quick)",Flash 508,"Boy Commandos #1
""Liberty Belle""",Winter 1942,N,Don Cameron,writer,None,,Deceased,,,,,,,,,,,,,,,,,,,,,,,,,,,,,,,,,,,,,,,,
,,,,,"Charles ""Chuck"" Winter","pencils, inks",None,,Deceased,,,,,,,,,,,,,,,,,,,,,,,,,,,,,,,,,,,,,,,,
,,,,,Jack Kirby,cover pencils,None,,Deceased,,,,,,,,,,,,,,,,,,,,,,,,,,,,,,,,,,,,,,,,
,,,,,Joe Simon,cover inks,None,,Deceased,,,,,,,,,,,,,,,,,,,,,,,,,,,,,,,,,,,,,,,,
"Libra
(Justin Ballantine)",,"Justice League of America #111
""Balance of Power""",May-1974,Y,Len Wein,writer,None,2008,Deceased,,,,,,,,,,,,,,,,,,,,,,,,,,,,,,,,,,,,,,,,
,,,,,Dick Dillin,pencils,None,Y,Deceased,,,,,,,,,,,,,,,,,,,,,,,,,,,,,,,,,,,,,,,,
,,,,,Dick Giordano,inks,N/A,,"Giordano may have been an employee at this time.
Deceased",,,,,,,,,,,,,,,,,,,,,,,,,,,,,,,,,,,,,,,,
,,,,,Nick Cardy,cover,None,,Deceased,,,,,,,,,,,,,,,,,,,,,,,,,,,,,,,,,,,,,,,,
,,,,,Anthony Tollin,color,None,,,,,,,,,,,,,,,,,,,,,,,,,,,,,,,,,,,,,,,,,,
"Lightning
(Tavis Williams)",DC Nation Shorts,New Teen Titans #32,Jun-1983,Y,Marv Wolfman,writer,Exclusive,1983,,,,,,,,,,,,,,,,,,,,,,,,,,,,,,,,,,,,,,,,,
,,,,,George Perez,"pencils, cover",Exclusive,1983,,,,,,,,,,,,,,,,,,,,,,,,,,,,,,,,,,,,,,,,,
,,,,,Romeo Tanghal,inks,Exclusive,,,,,,,,,,,,,,,,,,,,,,,,,,,,,,,,,,,,,,,,,,
,,,,,Adrienne Roy,color,Exclusive,,Deceased,,,,,,,,,,,,,,,,,,,,,,,,,,,,,,,,,,,,,,,,
"Lightning
(Jennifer Pierce)",DC Nation Shorts,Justice Society of America #12,Apr-2008,Y,Geoff Johns,writer,WFH; Exclusive,,,,,,,,,,,,,,,,,,,,,,,,,,,,,,,,,,,,,,,,,,
,,,,,Alex Ross,"writer, cover",WFH,,,,,,,,,,,,,,,,,,,,,,,,,,,,,,,,,,,,,,,,,,
,,,,,Dale Eaglesham,pencils,WFH,,,,,,,,,,,,,,,,,,,,,,,,,,,,,,,,,,,,,,,,,,
,,,,,Ruy Jose,inks,WFH,,,,,,,,,,,,,,,,,,,,,,,,,,,,,,,,,,,,,,,,,,
,,,,,Alex Sinclair,color,N/A,,,,,,,,,,,,,,,,,,,,,,,,,,,,,,,,,,,,,,,,,,
"Lightning
(Alya)",DC Nation Shorts,Teen Titans Annual #1,Jul-2012,N,Tom DeFalco,writer,WFH,,,,,,,,,,,,,,,,,,,,,,,,,,,,,,,,,,,,,,,,,,
,,,,,Scott Lobdell,writer,WFH,,,,,,,,,,,,,,,,,,,,,,,,,,,,,,,,,,,,,,,,,,
,,,,,Brett Booth,"pencils, cover pencils",WFH,,,,,,,,,,,,,,,,,,,,,,,,,,,,,,,,,,,,,,,,,,
,,,,,Norm Rapmund,inks,WFH,,,,,,,,,,,,,,,,,,,,,,,,,,,,,,,,,,,,,,,,,,
,,,,,Sal Regla,inks,WFH,,,,,,,,,,,,,,,,,,,,,,,,,,,,,,,,,,,,,,,,,,
,,,,,John Livesay,inks,WFH,,,,,,,,,,,,,,,,,,,,,,,,,,,,,,,,,,,,,,,,,,
,,,,,Rob Hunter,cover inks,WFH,,,,,,,,,,,,,,,,,,,,,,,,,,,,,,,,,,,,,,,,,,
,,,,,Andrew Dalhouse,color,N/A,,,,,,,,,,,,,,,,,,,,,,,,,,,,,,,,,,,,,,,,,,
"Lightning Lad
(Lightning Boy; Garth Ranzz)",,"Adventure Comics #247
""The Legion of Super-Heroes""",Apr-1958,Y,Otto Binder,writer,None,,Deceased,,,,,,,,,,,,,,,,,,,,,,,,,,,,,,,,,,,,,,,,
,,,,,Al Plastino,"pencils, inks",None,,Deceased,,,,,,,,,,,,,,,,,,,,,,,,,,,,,,,,,,,,,,,,
,,,,,Curt Swan,cover pencils,None,,Deceased,,,,,,,,,,,,,,,,,,,,,,,,,,,,,,,,,,,,,,,,
,,,,,Stan Kaye,cover inks,None,,Deceased,,,,,,,,,,,,,,,,,,,,,,,,,,,,,,,,,,,,,,,,
"Lightning Lass
(Ayla Ranzz)",,"Adventure Comics #308
""The Return of Lightning Lad""",May-1963,N,Edmond Hamilton,writer,None,,Deceased,,,,,,,,,,,,,,,,,,,,,,,,,,,,,,,,,,,,,,,,
,,,,,John Forte,"pencils, inks",None,,Deceased,,,,,,,,,,,,,,,,,,,,,,,,,,,,,,,,,,,,,,,,
,,,,,Curt Swan,cover pencils,None,,Deceased,,,,,,,,,,,,,,,,,,,,,,,,,,,,,,,,,,,,,,,,
,,,,,George Klein,cover inks,None,,Deceased,,,,,,,,,,,,,,,,,,,,,,,,,,,,,,,,,,,,,,,,
"Lightning Lord
(Mekt Ranzz)",,"Superman #147
""The Legion of Super-Villains""",Aug-1961,Y,"Jerome ""Jerry"" Siegel",writer,Settlement,,Deceased Settlement is with heirs.,,,,,,,,,,,,,,,,,,,,,,,,,,,,,,,,,,,,,,,,
,,,,,Curt Swan,"pencils, cover pencils",None,,Deceased,,,,,,,,,,,,,,,,,,,,,,,,,,,,,,,,,,,,,,,,
,,,,,Sheldon Moldoff,inks,None,,Deceased,,,,,,,,,,,,,,,,,,,,,,,,,,,,,,,,,,,,,,,,
,,,,,Stan Kaye,cover inks,None,,Deceased,,,,,,,,,,,,,,,,,,,,,,,,,,,,,,,,,,,,,,,,
Lili De Nueuve,,Secret Six #1,Apr-1968,Y,E. Nelson Bridwell,writer,N/A,,"Bridwell was an employee of DC at this time.
Deceased",,,,,,,,,,,,,,,,,,,,,,,,,,,,,,,,,,,,,,,,
,,,,,Frank Springer,"pencils, inks, cover",None,,Deceased,,,,,,,,,,,,,,,,,,,,,,,,,,,,,,,,,,,,,,,,
"Lionel Luthor
(Jules Thorul; father of Lex Luthor)",Supergirl 212,"as Jules Thorul/Jules Luthor:
Superman's Girl Friend, Lois Lane #23
""The Curse of Lena Thorul""",Feb-1961,N,"Jerome ""Jerry"" Siegel",writer,Settlement,,Deceased Settlement is with heirs.,,,,,,,,,,,,,,,,,,,,,,,,,,,,,,,,,,,,,,,,
,,,,,Kurt Schaffenberger,"pencils, inks",None,,"Schaffenberger may have been an employee of DC at this time.
Deceased",,,,,,,,,,,,,,,,,,,,,,,,,,,,,,,,,,,,,,,,
,,,,,Curt Swan,cover pencils,None,,Deceased,,,,,,,,,,,,,,,,,,,,,,,,,,,,,,,,,,,,,,,,
,,,,,Stan Kaye,cover inks,None,,Deceased,,,,,,,,,,,,,,,,,,,,,,,,,,,,,,,,,,,,,,,,
,,"as Lionel Luthor:
Smallville
""Pilot""",Oct-2001,,"Alfred Gough, Miles Millar",writers,,,,,,,,,,,,,,,,,,,,,,,,,,,,,,,,,,,,,,,,,,,
Linda Park,"Arrow 209
(12/11/2013)",Flash #28,Jul-1989,N,William Messner-Loebs,writer,WFH,2014,,,,,,,,,,,,,,,,,,,,,,,,,,,,,,,,,,,,,,,,,
,,,,,Greg LaRocque,"pencils, cover pencils",WFH,2014,,,,,,,,,,,,,,,,,,,,,,,,,,,,,,,,,,,,,,,,,
,,,,,Timothy Dzon,inks,WFH,,,,,,,,,,,,,,,,,,,,,,,,,,,,,,,,,,,,,,,,,,
,,,,,Larry Mahlstedt,cover inks,None,,,,,,,,,,,,,,,,,,,,,,,,,,,,,,,,,,,,,,,,,,
,,,,,Carl Gafford,color,N/A,,,,,,,,,,,,,,,,,,,,,,,,,,,,,,,,,,,,,,,,,,
Lita Brand,,"Strange Adventures #211
""How Close to Me My Killer?""",Apr-1968,N,Jack Miller,writer,None,,Deceased,,,,,,,,,,,,,,,,,,,,,,,,,,,,,,,,,,,,,,,,
,,,,,Neal Adams,"pencils, inks, cover",Creator Recognition,2014,,,,,,,,,,,,,,,,,,,,,,,,,,,,,,,,,,,,,,,,,
"Little Sure Shot
(Louis Kiyahani)",,Our Army At War #127,Feb-1963,N,Robert Kanigher,writer,N/A,,"Kanigher was an employee of DC from 2/3/47 - 5/31/82.
Deceased",,,,,,,,,,,,,,,,,,,,,,,,,,,,,,,,,,,,,,,,
,,,,,Joe Kubert,"pencils, inks, cover",None,,Deceased,,,,,,,,,,,,,,,,,,,,,,,,,,,,,,,,,,,,,,,,
"Lizabeth ""Liz"" Tremayne",Swamp Thing 101,"The Saga of the Swamp Thing #3
""A Town Has Turned to Blood""",Jul-1982,N,Martin Pasko,writer,None,,,,,,,,,,,,,,,,,,,,,,,,,,,,,,,,,,,,,,,,,,
,,,,,Thomas Yeates,"pencils, inks, cover",None,,,,,,,,,,,,,,,,,,,,,,,,,,,,,,,,,,,,,,,,,,
,,,,,Tatjana Wood,color,Exclusive,,,,,,,,,,,,,,,,,,,,,,,,,,,,,,,,,,,,,,,,,,
Lobo,,Omega Men #3,Jun-1983,Y,Roger Slifer,writer,WFH; Writer,1992,Deceased,,,,,,,,,,,,,,,,,,,,,,,,,,,,,,,,,,,,,,,,
,,,,,Keith Giffen,"pencils, cover pencils",WFH; Artist,"1990
1991",,,,,,,,,,,,,,,,,,,,,,,,,,,,,,,,,,,,,,,,,
,,,,,Mike DeCarlo,"inks, cover inks",WFH; Exclusive,,,,,,,,,,,,,,,,,,,,,,,,,,,,,,,,,,,,,,,,,,
,,,,,Anthony Tollin,color,N/A,,,,,,,,,,,,,,,,,,,,,,,,,,,,,,,,,,,,,,,,,,
"Lodestone
(Rhea Jones)",Doom Patrol 106,Doom Patrol #3,Dec-1987,N,Paul Kupperberg,writer,WFH,,,,,,,,,,,,,,,,,,,,,,,,,,,,,,,,,,,,,,,,,,
,,,,,Steve Lightle,"pencils, cover",WFH,,,,,,,,,,,,,,,,,,,,,,,,,,,,,,,,,,,,,,,,,,
,,,,,Gary Martin,inks,WFH,,,,,,,,,,,,,,,,,,,,,,,,,,,,,,,,,,,,,,,,,,
,,,,,Carl Gafford,color,N/A,,,,,,,,,,,,,,,,,,,,,,,,,,,,,,,,,,,,,,,,,,
Lois Lane,,"Action Comics #1
""Superman, Champion of the Oppressed""",Jun-1938,N,"Jerome ""Jerry"" Siegel",writer,Settlement,2001,Deceased Settlement is with heirs.,,,,,,,,,,,,,,,,,,,,,,,,,,,,,,,,,,,,,,,,
,,,,,Joseph Shuster,"pencils, inks, cover",Settlement,Y,Deceased,,,,,,,,,,,,,,,,,,,,,,,,,,,,,,,,,,,,,,,,
,,"as Superwoman:
Action Comics #60
""Lois Lane -- Superwoman""",May-1943,N,"Jerome ""Jerry"" Siegel",writer,None,,Deceased Settlement is with heirs.,,,,,,,,,,,,,,,,,,,,,,,,,,,,,,,,,,,,,,,,
,,,,,George Roussos,"pencils, inks",None,,Deceased,,,,,,,,,,,,,,,,,,,,,,,,,,,,,,,,,,,,,,,,
,,,,,Jack Burnley,cover,None,,,,,,,,,,,,,,,,,,,,,,,,,,,,,,,,,,,,,,,,,,
"Looker
(Emily ""Lia"" Briggs)",Black Lightning 206,"as Emily Briggs:
Batman & The Outsiders #25",Sep-1985,N,Mike W. Barr,writer,Writer Agreement,2006,,,,,,,,,,,,,,,,,,,,,,,,,,,,,,,,,,,,,,,,,
,,,,,Alan Davis,"pencils, inks, cover",WFH,,,,,,,,,,,,,,,,,,,,,,,,,,,,,,,,,,,,,,,,,,
,,,,,Adrienne Roy,color,Exclusive,,Deceased,,,,,,,,,,,,,,,,,,,,,,,,,,,,,,,,,,,,,,,,
,,"as Looker:
The Outsiders #1",Nov-1985,Y,Mike W. Barr,writer,Writer Agreement,2006,,,,,,,,,,,,,,,,,,,,,,,,,,,,,,,,,,,,,,,,,
,,,,,Jim Aparo,"pencils, inks, cover",Artist Agreement,1991,Deceased,,,,,,,,,,,,,,,,,,,,,,,,,,,,,,,,,,,,,,,,
,,,,,Helen Vesik,color,N/A,,,,,,,,,,,,,,,,,,,,,,,,,,,,,,,,,,,,,,,,,,
Lords of Order,,DC Special Series #10 ,1978,N,Paul Levitz,writer,Freelancer Term,,,,,,,,,,,,,,,,,,,,,,,,,,,,,,,,,,,,,,,,,,
,,,,,Joe Staton,pencils,Exclusive Artist,,,,,,,,,,,,,,,,,,,,,,,,,,,,,,,,,,,,,,,,,,
,,,,,Michael Netzer as Mike Nasser,inks,None,,,,,,,,,,,,,,,,,,,,,,,,,,,,,,,,,,,,,,,,,,
The Lords of the Avenues,"Birds of Prey
(2020)",Robin #158,Mar-2007,N,Adam Beechen,writer,WFH,,,,,,,,,,,,,,,,,,,,,,,,,,,,,,,,,,,,,,,,,,
,,,,,Frazer Irving,"pencils, inks, color",WFH,,,,,,,,,,,,,,,,,,,,,,,,,,,,,,,,,,,,,,,,,,
,,,,,"Patrick ""Pat"" Gleason",cover pencils,WFH,,,,,,,,,,,,,,,,,,,,,,,,,,,,,,,,,,,,,,,,,,
,,,,,Wayne Faucher,cover inks,WFH,,,,,,,,,,,,,,,,,,,,,,,,,,,,,,,,,,,,,,,,,,
Lor-Em,"Man of Steel
(2013)",Superman Annual #11,1985,N,Alan Moore,writer,None,,,,,,,,,,,,,,,,,,,,,,,,,,,,,,,,,,,,,,,,,,
,,,,,Dave Gibbons,"pencils, inks, cover",WFH,,,,,,,,,,,,,,,,,,,,,,,,,,,,,,,,,,,,,,,,,,
,,,,,Thomas Ziuko,color,N/A,,,,,,,,,,,,,,,,,,,,,,,,,,,,,,,,,,,,,,,,,,
The Losers (DC Team),,"G.I. Combat #138
""The Losers""",Oct-1969,Y,Robert Kanigher,writer,N/A,,"Kanigher was an employee of DC Comics from 2/3/47 - 5/31/82.
Deceased",,,,,,,,,,,,,,,,,,,,,,,,,,,,,,,,,,,,,,,,
,,,,,Russ Heath,"pencils, inks, cover",None,,Deceased,,,,,,,,,,,,,,,,,,,,,,,,,,,,,,,,,,,,,,,,
,,,,,Joe Kubert,cover,None,,Deceased,,,,,,,,,,,,,,,,,,,,,,,,,,,,,,,,,,,,,,,,
The Losers (Vertigo),,The Losers #1,Aug-2003,Y,Andy Diggle,writer,Exclusive,2006,,,,,,,,,,,,,,,,,,,,,,,,,,,,,,,,,,,,,,,,,
,,,,,"Mark Simpson
(Jock)","pencils, inks, cover",Exclusive,2006,,,,,,,,,,,,,,,,,,,,,,,,,,,,,,,,,,,,,,,,,
,,,,,Lee Loughridge,color,N/A,,,,,,,,,,,,,,,,,,,,,,,,,,,,,,,,,,,,,,,,,,
Loveless,,Loveless #1,Dec-2005,Y,Brian Azzarello,"writer, creator",Joint Creator/First & Last Rights; Writer,2004,,,,,,,,,,,,,,,,,,,,,,,,,,,,,,,,,,,,,,,,,
,,,,,Marcelo Frusin,"pencils, inks, cover, creator",Joint Creator/First & Last Rights; Artist,2005,,,,,,,,,,,,,,,,,,,,,,,,,,,,,,,,,,,,,,,,,
,,,,,Patricia Mulvihill,color,Exclusive,,,,,,,,,,,,,,,,,,,,,,,,,,,,,,,,,,,,,,,,,,
Luand'r,Titans 111,New Teen Titans #3,Jan-1981,N,Marv Wolfman,writer,Exclusive,1983,,,,,,,,,,,,,,,,,,,,,,,,,,,,,,,,,,,,,,,,,
,,,,,George Perez,"pencils, cover",Exclusive,1983,,,,,,,,,,,,,,,,,,,,,,,,,,,,,,,,,,,,,,,,,
,,,,,Frank Chiaramonte,inks,Exclusive,,Deceased,,,,,,,,,,,,,,,,,,,,,,,,,,,,,,,,,,,,,,,,
,,,,,Adrienne Roy,color,Exclusive,,Deceased,,,,,,,,,,,,,,,,,,,,,,,,,,,,,,,,,,,,,,,,
"Lucas ""Snapper"" Carr",Supergirl 202,Brave and the Bold #28,Feb-1960,N,Gardner F. Fox,writer,Creator Recognition,,Deceased Creator recognition agreement with is with heirs.,,,,,,,,,,,,,,,,,,,,,,,,,,,,,,,,,,,,,,,,
,,,,,Mike Sekowsky,"pencils, cover pencils",None,,,,,,,,,,,,,,,,,,,,,,,,,,,,,,,,,,,,,,,,,,
,,,,,Bernard Sachs,inks,None,,Deceased,,,,,,,,,,,,,,,,,,,,,,,,,,,,,,,,,,,,,,,,
,,,,,Joe Giella,inks,None,,,,,,,,,,,,,,,,,,,,,,,,,,,,,,,,,,,,,,,,,,
,,,,,Murphy Anderson,"inks, cover inks",None,,Deceased,,,,,,,,,,,,,,,,,,,,,,,,,,,,,,,,,,,,,,,,
Lucifer Samael Morningstar,"Lucifer 101
(1/25/2016)",The Sandman #4,Apr-1989,N,Neil Gaiman,writer,WFH,,,,,,,,,,,,,,,,,,,,,,,,,,,,,,,,,,,,,,,,,,
,,,,,Sam Kieth,pencils,WFH,,,,,,,,,,,,,,,,,,,,,,,,,,,,,,,,,,,,,,,,,,
,,,,,Mike Dringenberg,inks,WFH,,,,,,,,,,,,,,,,,,,,,,,,,,,,,,,,,,,,,,,,,,
,,,,,Dave McKean,cover,None,,,,,,,,,,,,,,,,,,,,,,,,,,,,,,,,,,,,,,,,,,
,,,,,Robbie Busch,color,N/A,,,,,,,,,,,,,,,,,,,,,,,,,,,,,,,,,,,,,,,,,,
Lucius Fox,Batwoman 101,Batman #307,Jan-1979,N,Len Wein,writer,None,1993,Deceased,,,,,,,,,,,,,,,,,,,,,,,,,,,,,,,,,,,,,,,,
,,,,,John Calnan,pencils,None,1993,,,,,,,,,,,,,,,,,,,,,,,,,,,,,,,,,,,,,,,,,
,,,,,Dick Giordano,inks,Exclusive,,Deceased,,,,,,,,,,,,,,,,,,,,,,,,,,,,,,,,,,,,,,,,
,,,,,Jim Aparo,cover,Exclusive,,Deceased,,,,,,,,,,,,,,,,,,,,,,,,,,,,,,,,,,,,,,,,
,,,,,Glynis Wein,color,N/A,,,,,,,,,,,,,,,,,,,,,,,,,,,,,,,,,,,,,,,,,,
Luck Lords,," Adventure Comics #343
""The Evil Hand of the Luck Lords""",Apr-1966,N,Edmond Hamilton,writer,None,,Deceased,Cleared by Jay for Creative for Featured Character in potential Space Cabbie Series 03/23/21,,,,,,,,,,,,,,,,,,,,,,,,,,,,,,,,,,,,,,,
,,,,,Curt Swan,pencils,None,,Deceased,,,,,,,,,,,,,,,,,,,,,,,,,,,,,,,,,,,,,,,,
,,,,,George Klein,inks,None,,Deceased,,,,,,,,,,,,,,,,,,,,,,,,,,,,,,,,,,,,,,,,
"Lucy Lane
(Superwoman)
For Superwoman, see also: Kristin Wells","Supergirl 106
(11/30/2015)","as Lucy Lane:
Superman's Pal, Jimmy Olsen #36
""Lois Lane's Sister""",Apr-1959,N,Otto Binder,writer,None,,Deceased,,,,,,,,,,,,,,,,,,,,,,,,,,,,,,,,,,,,,,,,
,,,,,Curt Swan,"pencils, cover pencils",None,,Deceased,,,,,,,,,,,,,,,,,,,,,,,,,,,,,,,,,,,,,,,,
,,,,,Stan Kaye,"inks, cover inks",None,,Deceased,,,,,,,,,,,,,,,,,,,,,,,,,,,,,,,,,,,,,,,,
,,"as Superwoman:
Supergirl #35",Jan-2009,N,Sterling Gates,writer,WFH,,,,,,,,,,,,,,,,,,,,,,,,,,,,,,,,,,,,,,,,,,
,,,,,Jamal Igle,pencils,WFH,,,,,,,,,,,,,,,,,,,,,,,,,,,,,,,,,,,,,,,,,,
,,,,,Keith Champagne,inks,WFH,,,,,,,,,,,,,,,,,,,,,,,,,,,,,,,,,,,,,,,,,,
,,,,,Alex Ross,cover,WFH,,,,,,,,,,,,,,,,,,,,,,,,,,,,,,,,,,,,,,,,,,
,,,,,Nei Ruffino,color,N/A,,,,,,,,,,,,,,,,,,,,,,,,,,,,,,,,,,,,,,,,,,
Luka Volk,Gotham 310,Batman #3,Jan-2012,N,Scott Snyder,writer,Exclusive; WFH,,All WFH Agreements for this issue are numbered incorrectly since they were signed prior to the decision to restart the numbering sequence. Therefore WFH agreements for Batman #716 correspond to Batman #3,,,,,,,,,,,,,,,,,,,,,,,,,,,,,,,,,,,,,,,,
,,,,,Greg Capullo,pencils,Exclusive; WFH,,,,,,,,,,,,,,,,,,,,,,,,,,,,,,,,,,,,,,,,,,
,,,,,Jonathan Glapion,inks,WFH,,,,,,,,,,,,,,,,,,,,,,,,,,,,,,,,,,,,,,,,,,
,,,,,Fco Plascencia,color,N/A,,,,,,,,,,,,,,,,,,,,,,,,,,,,,,,,,,,,,,,,,,
Luke McKendrick,,"Action Comics Weekly #601
""Listening to the Mockingbird""",1988,N,Martin Pasko,writer,WFH,,,,,,,,,,,,,,,,,,,,,,,,,,,,,,,,,,,,,,,,,,
,,,,,Dan Spiegle,"pencils, inks",WFH,,,,,,,,,,,,,,,,,,,,,,,,,,,,,,,,,,,,,,,,,,
,,,,,Dave Gibbons,cover,WFH,,,,,,,,,,,,,,,,,,,,,,,,,,,,,,,,,,,,,,,,,,
,,,,,Carl Gafford,color,N/A,,,,,,,,,,,,,,,,,,,,,,,,,,,,,,,,,,,,,,,,,,
Lunkhead,Gotham 416,Arkham Asylum: Living Hell #1,Jul-2003,N,Dan Slott,writer,WFH,,,,,,,,,,,,,,,,,,,,,,,,,,,,,,,,,,,,,,,,,,
,,,,,Ryan Sook,"pencils, inks",WFH,,"Sook signed a WFH agreement for the cover of this issue; however, Powell clearly did the artwork. We do have WFH for Powell for issues #2-6.",,,,,,,,,,,,,,,,,,,,,,,,,,,,,,,,,,,,,,,,
,,,,,Eric Powell,cover,None,,,,,,,,,,,,,,,,,,,,,,,,,,,,,,,,,,,,,,,,,,
,,,,,Lee Loughridge,color,N/A,,,,,,,,,,,,,,,,,,,,,,,,,,,,,,,,,,,,,,,,,,
Luthor Mansion,Supergirl 212,"Smallville
""Pilot""",Oct-2001,,"Alfred Gough, Miles Millar",writers,,,,,,,,,,,,,,,,,,,,,,,,,,,,,,,,,,,,,,,,,,,
Lynn Stewart,Black Lightning 101,Black Lightning #3,Jul-1977,N,Tony Isabella,writer,Exclusive; Creator Recognition,2016,,,,,,,,,,,,,,,,,,,,,,,,,,,,,,,,,,,,,,,,,
,,,,,Trevor Von Eeden,pencils,None,2016,,,,,,,,,,,,,,,,,,,,,,,,,,,,,,,,,,,,,,,,,
,,,,,Vince Colletta,"inks, cover inks",None,,Deceased,,,,,,,,,,,,,,,,,,,,,,,,,,,,,,,,,,,,,,,,
,,,,,Rich Buckler,cover pencils,None,,,,,,,,,,,,,,,,,,,,,,,,,,,,,,,,,,,,,,,,,,
Lyrissa Mallor,,Invasion #2,1988,N,Keith Giffen,plot,WFH,,,,,,,,,,,,,,,,,,,,,,,,,,,,,,,,,,,,,,,,,,
,,,,,Bill Mantlo,dialogue,WFH,,Mantlo is living but brain damaged. His affairs are handled by his brother.,,,,,,,,,,,,,,,,,,,,,,,,,,,,,,,,,,,,,,,,
,,,,,Todd McFarlane,"pencils, inks",WFH,,,,,,,,,,,,,,,,,,,,,,,,,,,,,,,,,,,,,,,,,,
,,,,,Al Gordon,inks,WFH,,,,,,,,,,,,,,,,,,,,,,,,,,,,,,,,,,,,,,,,,,
,,,,,Josef Rubinstein,"inks, cover inks",WFH,,,,,,,,,,,,,,,,,,,,,,,,,,,,,,,,,,,,,,,,,,
,,,,,Philip Craig Russell,inks,WFH,,,,,,,,,,,,,,,,,,,,,,,,,,,,,,,,,,,,,,,,,,
,,,,,Bart Sears,cover pencils,WFH,,,,,,,,,,,,,,,,,,,,,,,,,,,,,,,,,,,,,,,,,,
,,,,,Carl Gafford,color,N/A,,,,,,,,,,,,,,,,,,,,,,,,,,,,,,,,,,,,,,,,,,
MAD: A MAD Look At…,MAD Features,MAD Magazine #76,Jan-1963,N,Sergio Aragones,artist,Consulting,,,,,,,,,,,,,,,,,,,,,,,,,,,,,,,,,,,,,,,,,,
MAD: Cause of Death Betting Odds,MAD Features,MAD Magazine #357,May-1997,N,Mike Snider,writer,WFH,,,,,,,,,,,,,,,,,,,,,,,,,,,,,,,,,,,,,,,,,,
MAD: Don Martin Gags,MAD Features,MAD Magazine #29,Sep-1956,N,Don Martin,artist,None,,Deceased,,,,,,,,,,,,,,,,,,,,,,,,,,,,,,,,,,,,,,,,
MAD: Fantabulaman,MAD Features,MAD Magazine #455,Jul-2005,N,Ted Rall,"writer, artist",WFH,,,,,,,,,,,,,,,,,,,,,,,,,,,,,,,,,,,,,,,,,,
MAD: Father O'Flannity,MAD Features,MAD Magazine #455,Jul-2005,N,Keith Knight,"writer, artist",WFH,,,,,,,,,,,,,,,,,,,,,,,,,,,,,,,,,,,,,,,,,,
MAD: Fold-Ins,MAD Features,MAD Magazine #86,Apr-1964,N,Al Jaffee,artist,None,,,,,,,,,,,,,,,,,,,,,,,,,,,,,,,,,,,,,,,,,,
MAD: Guess Who's Working At… McDonald's,MAD Features,MAD Magazine #422,Oct-2002,N,Mike Snider,writer,None,,,,,,,,,,,,,,,,,,,,,,,,,,,,,,,,,,,,,,,,,,
,,,,,John Kissee,artist,WFH,,,,,,,,,,,,,,,,,,,,,,,,,,,,,,,,,,,,,,,,,,
MAD: Least Emailed Articles,MAD Features,MAD Magazine #486,Feb-2008,N,Jacob Lambert,writer,WFH,,,,,,,,,,,,,,,,,,,,,,,,,,,,,,,,,,,,,,,,,,
MAD: The Lighter Side of…,MAD Features,MAD Magazine #66,Oct-1961,N,Dave Berg,"writer, artist",None,,Deceased,,,,,,,,,,,,,,,,,,,,,,,,,,,,,,,,,,,,,,,,
MAD: MAD Marginals,MAD Features,MAD Magazine #76,Jan-1963,N,Sergio Aragones,artist,Consulting,,,,,,,,,,,,,,,,,,,,,,,,,,,,,,,,,,,,,,,,,,
MAD: Melvin & Jenkins,MAD Features,MAD Magazine #356,Apr-1997,N,Desmond Devlin,writer,WFH,,,,,,,,,,,,,,,,,,,,,,,,,,,,,,,,,,,,,,,,,,
,,,,,Kevin Pope,artist,WFH,,,,,,,,,,,,,,,,,,,,,,,,,,,,,,,,,,,,,,,,,,
MAD: Monroe,MAD Features,MAD Magazine #356,Apr-1997,N,Anthony Barbieri,writer,WFH,,,,,,,,,,,,,,,,,,,,,,,,,,,,,,,,,,,,,,,,,,
,,,,,William Wray,artist,WFH,,,,,,,,,,,,,,,,,,,,,,,,,,,,,,,,,,,,,,,,,,
MAD: Outrageously Stupid Cell Phone Features & Accessories,MAD Features,MAD Magazine #467,Jul-2006,N,John Caldwell,"writer, artist",WFH,,,,,,,,,,,,,,,,,,,,,,,,,,,,,,,,,,,,,,,,,,
MAD: Planet Tad,MAD Features,MAD Magazine #458,Oct-2005,N,Tim Carvell,writer,WFH,,,,,,,,,,,,,,,,,,,,,,,,,,,,,,,,,,,,,,,,,,
,,,,,Brian Durniak,artist,WFH,,,,,,,,,,,,,,,,,,,,,,,,,,,,,,,,,,,,,,,,,,
MAD: Pre-Movie Screens We'd Like To See,MAD Features,MAD Magazine #457,Sep-2005,N,Jeff Kruse,writer,WFH,,,,,,,,,,,,,,,,,,,,,,,,,,,,,,,,,,,,,,,,,,
,,,,,Al Jaffee,artist,WFH,,,,,,,,,,,,,,,,,,,,,,,,,,,,,,,,,,,,,,,,,,
MAD: Snappy Answers to Stupid Questions,MAD Features,MAD Magazine #98,Oct-1965,N,Al Jaffee,writer,Cancelled check; Settlement,,,,,,,,,,,,,,,,,,,,,,,,,,,,,,,,,,,,,,,,,,
MAD: When Tattoo Artists Go Bad,MAD Features,MAD Magazine #453,May-2005,N,John Caldwell,"writer, artist",WFH,,,,,,,,,,,,,,,,,,,,,,,,,,,,,,,,,,,,,,,,,,
MAD: Where Your iPhone $$$ Goes,MAD Features,MAD Magazine #481,Sep-2007,N,Dick DeBartolo,writer,WFH,,,,,,,,,,,,,,,,,,,,,,,,,,,,,,,,,,,,,,,,,,
MAD: The Young Man's Guide to Successful Mall Romance,MAD Features,MAD Magazine #481,Sep-2007,N,Jacob Lambert,writer,WFH,,,,,,,,,,,,,,,,,,,,,,,,,,,,,,,,,,,,,,,,,,
,,,,,Rich Powell,artist,WFH,,,,,,,,,,,,,,,,,,,,,,,,,,,,,,,,,,,,,,,,,,
Mad Harriet,,"Mister Miracle #6
""Funky Flashman""",Feb-1972,N,Jack Kirby,"writer, pencils, cover",Fourth World Agreement,1982,Deceased,,,,,,,,,,,,,,,,,,,,,,,,,,,,,,,,,,,,,,,,
,,,,,Mike Royer,inks,None,,Deceased,,,,,,,,,,,,,,,,,,,,,,,,,,,,,,,,,,,,,,,,
"Mad Hatter
(Jervis Tetch)",Gotham 302,"Batman #49
""The Scoop of the Century""",Oct-1948,N,Bill Finger,writer,Contributor Recognition,,Deceased Contributor Recognition Agreement is with heir.,,,,,,,,,,,,,,,,,,,,,,,,,,,,,,,,,,,,,,,,
,,,,,Lew Sayre Schwartz,pencils,None,,"Deceased
Schwartz's 2010 equity agreement for Deadshot acknowledges that all his services on Batman were WFH, regardless of whether he was employed by DC or Bob Kane.",,,,,,,,,,,,,,,,,,,,,,,,,,,,,,,,,,,,,,,,
,,,,,Bob Kane,"pencils, cover pencils",Services Agreements,,Deceased,,,,,,,,,,,,,,,,,,,,,,,,,,,,,,,,,,,,,,,,
,,,,,Charles Paris,"inks, cover inks",None,,Deceased,,,,,,,,,,,,,,,,,,,,,,,,,,,,,,,,,,,,,,,,
"Madame .44
(Jeanne Walker)",,"All-Star Western #117
""Six Gun Showdown with Madame .44!""",Feb-1961,Y,Gardner Fox,writer,Creator Recognition,,Deceased Creator Recognition Agreemen is with heirs.,,,,,,,,,,,,,,,,,,,,,,,,,,,,,,,,,,,,,,,,
,,,,,Gil Kane,"pencils, cover pencils",None,,Deceased,,,,,,,,,,,,,,,,,,,,,,,,,,,,,,,,,,,,,,,,
,,,,,Joe Giella,"inks, cover inks",None,,,,,,,,,,,,,,,,,,,,,,,,,,,,,,,,,,,,,,,,,,
"Madame Xanadu
(Nimue Inwudu)",Dark Universe,Doorway to Nightmare #1,Jan-1978,Y,David Michelinie,writer,Exclusive,Y,Wayne Smith confirmed Madame Xanadu cleared for use in Swamp Thing TV show.,,,,,,,,,,,,,,,,,,,,,,,,,,,,,,,,,,,,,,,,
,,,,,Val Mayerik,"pencils, inks",None,Y,,,,,,,,,,,,,,,,,,,,,,,,,,,,,,,,,,,,,,,,,
,,,,,Michael William Kaluta,cover,None,,,,,,,,,,,,,,,,,,,,,,,,,,,,,,,,,,,,,,,,,,
,,,,,Liz Berube,color,N/A,,,,,,,,,,,,,,,,,,,,,,,,,,,,,,,,,,,,,,,,,,
Mademoiselle Marie,,"Star Spangled War Stories #84
""Battle Doll""",Aug-1959,Y,Robert Kanigher,writer,N/A,,"Kanigher was an employee of DC from 2/3/47 - 5/31/82.
Deceased",,,,,,,,,,,,,,,,,,,,,,,,,,,,,,,,,,,,,,,,
,,,,,"Jerry Grandenetti
(Charles J. Grandenetti)","pencils, inks",None,,Deceased,,,,,,,,,,,,,,,,,,,,,,,,,,,,,,,,,,,,,,,,
,,,,,"Irving ""Irv"" Novick",cover,None,,Deceased,,,,,,,,,,,,,,,,,,,,,,,,,,,,,,,,,,,,,,,,
"Magenta
(Frances / Francis / Francine / Fran / Frankie Kane)",Flash 303,New Teen Titans #17,Mar-1982,Y,Marv Wolfman,writer,Exclusive,1983,,,,,,,,,,,,,,,,,,,,,,,,,,,,,,,,,,,,,,,,,
,,,,,George Perez,"pencils, cover pencils",Exclusive,1983,,,,,,,,,,,,,,,,,,,,,,,,,,,,,,,,,,,,,,,,,
,,,,,Romeo Tanghal,"inks, cover inks",Exclusive,,,,,,,,,,,,,,,,,,,,,,,,,,,,,,,,,,,,,,,,,,
,,,,,Adrienne Roy,color,Exclusive,,,,,,,,,,,,,,,,,,,,,,,,,,,,,,,,,,,,,,,,,,
Maggie Sawyer,Justice League (2017),Superman #4,Apr-1987,N,John Byrne,"writer, pencils, cover",WFH; Continuity,1996,,,,,,,,,,,,,,,,,,,,,,,,,,,,,,,,,,,,,,,,,
,,,,,Karl Kesel,inks,WFH; Exclusive,,,,,,,,,,,,,,,,,,,,,,,,,,,,,,,,,,,,,,,,,,
,,,,,Anthony Tollin,color,N/A,,,,,,,,,,,,,,,,,,,,,,,,,,,,,,,,,,,,,,,,,,
"Magpie
(Merg Gaterra)",,"Tales of the Legion of Super-Heroes #320
""Magpie Complex""",Feb-1985,Y,Paul Levitz,plot,None,,,,,,,,,,,,,,,,,,,,,,,,,,,,,,,,,,,,,,,,,,
,,,,,Mindy Newell,script,Exclusive,,,,,,,,,,,,,,,,,,,,,,,,,,,,,,,,,,,,,,,,,,
,,,,,Dan Jurgens,"pencils, cover pencils",None,,,,,,,,,,,,,,,,,,,,,,,,,,,,,,,,,,,,,,,,,,
,,,,,Karl Kesel,"inks, cover inks",None,,,,,,,,,,,,,,,,,,,,,,,,,,,,,,,,,,,,,,,,,,
,,,,,Carl Gafford ,color,N/A,,,,,,,,,,,,,,,,,,,,,,,,,,,,,,,,,,,,,,,,,,
"Magpie
(Margaret Pye)",Lego Batman,Man of Steel #3,Nov-1986,Y,John Byrne,"writer, pencils, cover",WFH; Writer,,,,,,,,,,,,,,,,,,,,,,,,,,,,,,,,,,,,,,,,,,
,,,,,Dick Giordano,inks,WFH,,"Giordano may have been an employee of DC at this time.
Deceased",,,,,,,,,,,,,,,,,,,,,,,,,,,,,,,,,,,,,,,,
,,,,,Thomas Ziuko,color,N/A,,,,,,,,,,,,,,,,,,,,,,,,,,,,,,,,,,,,,,,,,,
Major Vincent Velcoro,,"Weird War Tales #93
""The Creature Commandos""",Nov-1980,Y,J.M. DeMatteis,writer,None,1980,,,,,,,,,,,,,,,,,,,,,,,,,,,,,,,,,,,,,,,,,
,,,,,Pat Broderick,pencils,None,1985,,,,,,,,,,,,,,,,,,,,,,,,,,,,,,,,,,,,,,,,,
,,,,,John Celardo,inks,None,,,,,,,,,,,,,,,,,,,,,,,,,,,,,,,,,,,,,,,,,,
,,,,,Joe Kubert,cover,None,,Deceased,,,,,,,,,,,,,,,,,,,,,,,,,,,,,,,,,,,,,,,,
,,,,,Adrienne Roy,color,N/A,,Deceased,,,,,,,,,,,,,,,,,,,,,,,,,,,,,,,,,,,,,,,,
Mala,"Wonder Woman
(2017)","All-Star Comics #8
""Introducing Wonder Woman""",Dec-1941,N,William Moulton Marston,writer,Marston agreements (7/31/41; 1/15/46; 7/25/51),,Deceased Final agreement is with Estate.,,,,,,,,,,,,,,,,,,,,,,,,,,,,,,,,,,,,,,,,
,,,,,Harry G. Peter,"pencils, inks",Artist,,Deceased,,,,,,,,,,,,,,,,,,,,,,,,,,,,,,,,,,,,,,,,
,,,,,Everett E. Hibbard,cover,None,,Deceased,,,,,,,,,,,,,,,,,,,,,,,,,,,,,,,,,,,,,,,,
Mala of Themyscira,"Wonder Woman
(2017)",Wonder Woman #0,Oct-1994,N,William Messner-Loebs,writer,Continuity,,,,,,,,,,,,,,,,,,,,,,,,,,,,,,,,,,,,,,,,,,
,,,,,"Mike Deodato, Jr.","pencils, inks",WFH,,,,,,,,,,,,,,,,,,,,,,,,,,,,,,,,,,,,,,,,,,
,,,,,Brian Bolland,cover,WFH,,,,,,,,,,,,,,,,,,,,,,,,,,,,,,,,,,,,,,,,,,
,,,,,Patricia Mulvihill,color,N/A,,,,,,,,,,,,,,,,,,,,,,,,,,,,,,,,,,,,,,,,,,
Mala of Bana-Mighdall,"Wonder Woman
(2017)",Wonder Woman #0,Oct-1994,N,William Messner-Loebs,writer,Continuity,,,,,,,,,,,,,,,,,,,,,,,,,,,,,,,,,,,,,,,,,,
,,,,,"Mike Deodato, Jr.","pencils, inks",WFH,,,,,,,,,,,,,,,,,,,,,,,,,,,,,,,,,,,,,,,,,,
,,,,,Brian Bolland,cover,WFH,,,,,,,,,,,,,,,,,,,,,,,,,,,,,,,,,,,,,,,,,,
,,,,,Patricia Mulvihill,color,N/A,,,,,,,,,,,,,,,,,,,,,,,,,,,,,,,,,,,,,,,,,,
"Malefic
(Ma'alefa'ak J'onzz)",,Martian Manhunter #0,Oct-1998,Y,John Ostrander,writer,WFH,,,,,,,,,,,,,,,,,,,,,,,,,,,,,,,,,,,,,,,,,,
,,,,,Tom Mandrake,"pencils, inks, cover",WFH,,,,,,,,,,,,,,,,,,,,,,,,,,,,,,,,,,,,,,,,,,
,,,,,Carla Feeny,color,N/A,,,,,,,,,,,,,,,,,,,,,,,,,,,,,,,,,,,,,,,,,,
"Mammoth
(Baran Flinders)",,New Teen Titans #3,Jan-1981,N,Marv Wolfman,writer,Exclusive,1983,,,,,,,,,,,,,,,,,,,,,,,,,,,,,,,,,,,,,,,,,
,,,,,George Perez,"pencils, cover",Exclusive,1983,,,,,,,,,,,,,,,,,,,,,,,,,,,,,,,,,,,,,,,,,
,,,,,Frank Chiaramonte,inks,Exclusive,,Deceased,,,,,,,,,,,,,,,,,,,,,,,,,,,,,,,,,,,,,,,,
,,,,,Adrienne Roy,color,Exclusive,,Deceased,,,,,,,,,,,,,,,,,,,,,,,,,,,,,,,,,,,,,,,,
"Man-Bat
(Kirk Langstrom)",Lego Batman,"Detective Comics #400
""Challenge of the Man-Bat""",Jun-1970,Y,Frank Robbins,writer,None,,,,,,,,,,,,,,,,,,,,,,,,,,,,,,,,,,,,,,,,,,
,,,,,Neal Adams,"pencils, cover",Creative Contributor,,,,,,,,,,,,,,,,,,,,,,,,,,,,,,,,,,,,,,,,,,
,,,,,Dick Giordano,inks,N/A,,"Giordano may have been an employee of DC at this time.
Deceased",,,,,,,,,,,,,,,,,,,,,,,,,,,,,,,,,,,,,,,,
Manchester Black,Supergirl 404,Action Comics #775,Mar-2001,N,Joe Kelly,writer,Continuity Writer,,Character equity agreement drafted; unsigned (2016),,,,,,,,,,,,,,,,,,,,,,,,,,,,,,,,,,,,,,,,
,,,,,Doug Mahnke,pencils,Continuity Artist; WFH,2016,,,,,,,,,,,,,,,,,,,,,,,,,,,,,,,,,,,,,,,,,
,,,,,Lee Bermejo,pencils,None,,,,,,,,,,,,,,,,,,,,,,,,,,,,,,,,,,,,,,,,,,
,,,,,Tom Nguyen,inks,WFH,,,,,,,,,,,,,,,,,,,,,,,,,,,,,,,,,,,,,,,,,,
,,,,,Dexter Vines,inks,WFH,,,,,,,,,,,,,,,,,,,,,,,,,,,,,,,,,,,,,,,,,,
,,,,,Jim Royal,inks,None,,,,,,,,,,,,,,,,,,,,,,,,,,,,,,,,,,,,,,,,,,
,,,,,Jose Marzan,inks,WFH,,,,,,,,,,,,,,,,,,,,,,,,,,,,,,,,,,,,,,,,,,
,,,,,Wade von Grawbadger,inks,WFH,,,,,,,,,,,,,,,,,,,,,,,,,,,,,,,,,,,,,,,,,,
,,,,,Wayne Faucher,inks,WFH,,,,,,,,,,,,,,,,,,,,,,,,,,,,,,,,,,,,,,,,,,
,,,,,Tim Bradstreet,cover,WFH,,,,,,,,,,,,,,,,,,,,,,,,,,,,,,,,,,,,,,,,,,
,,,,,Rob Schwager,color,N/A,,,,,,,,,,,,,,,,,,,,,,,,,,,,,,,,,,,,,,,,,,
"Manhunter
(Paul Kirk)",,"Adventure Comics #58
""Manhunt on the Sun Limited""",Jan-1941,N,Ed Moore,"writer, pencils, inks",None,,Deceased,,,,,,,,,,,,,,,,,,,,,,,,,,,,,,,,,,,,,,,,
,,,,,Bernard Baily,cover,None,,Deceased,,,,,,,,,,,,,,,,,,,,,,,,,,,,,,,,,,,,,,,,
"Manhunter
(Dan Richards)",,"Quality Comics:
Police Comics #8
""The Origin of Manhunter""",Mar-1942,N,Tex Blaisdell,writer,None,,See also Quality Comics Purchase Agreement.,,,,,,,,,,,,,,,,,,,,,,,,,,,,,,,,,,,,,,,,
,,,,,Alex Kotzky,"pencils, inks",None,,,,,,,,,,,,,,,,,,,,,,,,,,,,,,,,,,,,,,,,,,
,,,,,Gill Fox,cover,None,,,,,,,,,,,,,,,,,,,,,,,,,,,,,,,,,,,,,,,,,,
"Manhunter
(Rick Nelson; Paul Kirk II)",,"Adventure Comics #73
""The Secret of the Buzzard's Revenge""",Apr-1942,Y,Jack Kirby,"writer, pencils, cover pencils",None,,Deceased,,,,,,,,,,,,,,,,,,,,,,,,,,,,,,,,,,,,,,,,
,,,,,Joe Simon,"inks, cover inks",None,,Deceased,,,,,,,,,,,,,,,,,,,,,,,,,,,,,,,,,,,,,,,,
"Manhunter
(Mark Shaw; Privateer)",,1st Issue Special #5,Aug-1975,Y,Jack Kirby,"writer, pencils, cover",None,,,,,,,,,,,,,,,,,,,,,,,,,,,,,,,,,,,,,,,,,,
,,,,,D. Bruce Berry ,inks,None,,,,,,,,,,,,,,,,,,,,,,,,,,,,,,,,,,,,,,,,,,
"Manhunter
(Paul Kirk Clone)",,Secret Society of Super-Villains #1,May-1976,N,Gerry Conway,writer,Exclusive,,,,,,,,,,,,,,,,,,,,,,,,,,,,,,,,,,,,,,,,,,
,,,,,Pablo Marcos,pencils,None,,,,,,,,,,,,,,,,,,,,,,,,,,,,,,,,,,,,,,,,,,
,,,,,Robert R. Smith,inks,None,,,,,,,,,,,,,,,,,,,,,,,,,,,,,,,,,,,,,,,,,,
,,,,,Ernie Chan,cover,None,,Deceased,,,,,,,,,,,,,,,,,,,,,,,,,,,,,,,,,,,,,,,,
"Manhunter
(Chase Lawler)",,Manhunter #0,Oct-1994,Y,Steven Grant,writer,WFH,1994,,,,,,,,,,,,,,,,,,,,,,,,,,,,,,,,,,,,,,,,,
,,,,,Vincent Giarrano,"pencils, inks, cover",WFH,1994,,,,,,,,,,,,,,,,,,,,,,,,,,,,,,,,,,,,,,,,,
,,,,,Adrienne Roy,color,Exclusive,,Deceased,,,,,,,,,,,,,,,,,,,,,,,,,,,,,,,,,,,,,,,,
"Manhunter
(Kirk DePaul)",,"JLA #61
""The Power Principle""",Feb-2002,N,Kurt Busiek,writer,WFH,,,,,,,,,,,,,,,,,,,,,,,,,,,,,,,,,,,,,,,,,,
,,,,,Tom Grummett,pencils,WFH,,,,,,,,,,,,,,,,,,,,,,,,,,,,,,,,,,,,,,,,,,
,,,,,Wade Von Grawbadger,inks,WFH,,,,,,,,,,,,,,,,,,,,,,,,,,,,,,,,,,,,,,,,,,
,,,,,Doug Mahnke,cover pencils,WFH,,,,,,,,,,,,,,,,,,,,,,,,,,,,,,,,,,,,,,,,,,
,,,,,Tom Nguyen,cover inks,WFH,,,,,,,,,,,,,,,,,,,,,,,,,,,,,,,,,,,,,,,,,,
,,,,,Alex Sinclair,color,N/A,,,,,,,,,,,,,,,,,,,,,,,,,,,,,,,,,,,,,,,,,,
"Manhunter
(Kate Spencer)",,Manhunter #1,Oct-2004,Y,Marc Andreyko,writer,WFH,,,,,,,,,,,,,,,,,,,,,,,,,,,,,,,,,,,,,,,,,,
,,,,,Jesus Saiz,pencils,WFH,,,,,,,,,,,,,,,,,,,,,,,,,,,,,,,,,,,,,,,,,,
,,,,,Jimmy Palmiotti,inks,WFH,,,,,,,,,,,,,,,,,,,,,,,,,,,,,,,,,,,,,,,,,,
,,,,,Jae Lee,cover,WFH,,,,,,,,,,,,,,,,,,,,,,,,,,,,,,,,,,,,,,,,,,
,,,,,Steve Buccellato,color,N/A,,,,,,,,,,,,,,,,,,,,,,,,,,,,,,,,,,,,,,,,,,
The Manhunters,,1st Issue Special #5,Aug-1975,Y,Jack Kirby,"writer, pencils, cover",None,,,From Benjamin Le Clear: No 4th World Connection at all. 1st Issue Special was where they tried out new series ideas. Kirby had done the original Mahunter (Paul Kirk) strip back in the 40’s for us with Joe Simon. The 1st issue Special story took the old strip name updated it with a new character/version named Mark Shaw with a distinctive costume that would also be used by the later versions of the Manhunters.This 1975 tryout strip and character is just called MANHUNTER. DC did not launch it as a new series – but picked up the concept  and expanded it greatly in other series starting with Justice League of America #140. But Justice League of America #140 is actually directly connected to earlier Jack Kirby story in 1st Issue Specials (I’ve wrongly thought for years that they only took the look of the Manhunters from Kirby – but  it’s Mark Shaw and his other characters appearing in JLA #140). Even though The Manhunters have morphed into an Army of Machines –  Kirby deserves credit for both the original design and concept of The Manhunters. JLA #140 expanded the concept – but is a follow-up issue to Kirby.  ,,,,,,,,,,,,,,,,,,,,,,,,,,,,,,,,,,,,,,,
,,,,,D. Bruce Berry ,inks,None,,,,,,,,,,,,,,,,,,,,,,,,,,,,,,,,,,,,,,,,,,
Mano,,Adventure Comics #352,Jan-1967,Y,"James ""Jim"" Shooter",writer,None,,,,,,,,,,,,,,,,,,,,,,,,,,,,,,,,,,,,,,,,,,
,,,,,Curt Swan,"pencils, cover pencils",None,,Deceased,,,,,,,,,,,,,,,,,,,,,,,,,,,,,,,,,,,,,,,,
,,,,,George Klein,"inks, cover inks",None,,Deceased,,,,,,,,,,,,,,,,,,,,,,,,,,,,,,,,,,,,,,,,
"Manticore
(Mythological figure)",Doom Patrol 110,Justice League of America #2,Dec-1960,N,Gardner F. Fox,writer,Creator Recognition,,Deceased Creator recognition agreement is with heirs.,,,,,,,,,,,,,,,,,,,,,,,,,,,,,,,,,,,,,,,,
,,,,,Mike Sekowsky,"pencils, cover pencils",None,,Deceased,,,,,,,,,,,,,,,,,,,,,,,,,,,,,,,,,,,,,,,,
,,,,,Bernard Sachs,inks,None,,Deceased,,,,,,,,,,,,,,,,,,,,,,,,,,,,,,,,,,,,,,,,
,,,,,Murphy Anderson,cover inks,None,,Deceased,,,,,,,,,,,,,,,,,,,,,,,,,,,,,,,,,,,,,,,,
"Manticore
(Global Guardians hero)","Powerless
(Global Guardians)",Green Lantern #10,May-2006,N,Geoff Johns,writer,WFH,,,,,,,,,,,,,,,,,,,,,,,,,,,,,,,,,,,,,,,,,,
,,,,,Ivan Reis,pencils,WFH,,,,,,,,,,,,,,,,,,,,,,,,,,,,,,,,,,,,,,,,,,
,,,,,Marc Campos,inks,WFH,,,,,,,,,,,,,,,,,,,,,,,,,,,,,,,,,,,,,,,,,,
,,,,,Simone Bianchi,cover,WFH,,,,,,,,,,,,,,,,,,,,,,,,,,,,,,,,,,,,,,,,,,
,,,,,William Moose Baumann,color,N/A,,,,,,,,,,,,,,,,,,,,,,,,,,,,,,,,,,,,,,,,,,
"March Hare
(Harriet Pratt)",Lego Batman,Detective Comics #841,Apr-2008,Y,Paul Dini,writer,Exclusive,,,,,,,,,,,,,,,,,,,,,,,,,,,,,,,,,,,,,,,,,,
,,,,,Dustin Nguyen,"pencils, cover",WFH,,,,,,,,,,,,,,,,,,,,,,,,,,,,,,,,,,,,,,,,,,
,,,,,Derek Fridolfs,inks,WFH,,,,,,,,,,,,,,,,,,,,,,,,,,,,,,,,,,,,,,,,,,
,,,,,John Kalisz,color,N/A,,,,,,,,,,,,,,,,,,,,,,,,,,,,,,,,,,,,,,,,,,
Marcy Reynolds,,New Teen Titans #8,Jun-1981,N,Marv Wolfman,writer,Exclusive,,,,,,,,,,,,,,,,,,,,,,,,,,,,,,,,,,,,,,,,,,
,,,,,George Perez,"pencils, cover",None,,,,,,,,,,,,,,,,,,,,,,,,,,,,,,,,,,,,,,,,,,
,,,,,Romeo Tanghal,inks,Exclusive,,,,,,,,,,,,,,,,,,,,,,,,,,,,,,,,,,,,,,,,,,
,,,,,Adrienne Roy,color,Exclusive,,Deceased,,,,,,,,,,,,,,,,,,,,,,,,,,,,,,,,,,,,,,,,
Maria Montez,Stargirl 104,Infinity Inc. #26,May-1986,N,Roy Thomas,co-writer,Writer,,,,,,,,,,,,,,,,,,,,,,,,,,,,,,,,,,,,,,,,,,
,,,,,"Dannette ""Dann"" Thomas",co-writer,None,,"We believe that Roy Thomas entered into a separate agreement with Dann Thomas for writing services, but we do not have a copy of it.",,,,,,,,,,,,,,,,,,,,,,,,,,,,,,,,,,,,,,,,
,,,,,Todd McFarlane,"pencils, cover",None,,,,,,,,,,,,,,,,,,,,,,,,,,,,,,,,,,,,,,,,,,
,,,,,Tony DeZuniga,inks,None,,,,,,,,,,,,,,,,,,,,,,,,,,,,,,,,,,,,,,,,,,
,,,,,Carl Gafford,color,N/A,,,,,,,,,,,,,,,,,,,,,,,,,,,,,,,,,,,,,,,,,,
Marie Granger,Titans 110,Hawk & Dove #5,Feb-1989,N,Karl Kesel,"co-writer, inks, cover inks",WFH,,,,,,,,,,,,,,,,,,,,,,,,,,,,,,,,,,,,,,,,,,
,,,,,Barbara Kesel,co-writer,WFH,,,,,,,,,,,,,,,,,,,,,,,,,,,,,,,,,,,,,,,,,,
,,,,,Rob Liefeld,"pencils, cover pencils",WFH,,,,,,,,,,,,,,,,,,,,,,,,,,,,,,,,,,,,,,,,,,
,,,,,Glenn Whitmore,color,N/A,,,,,,,,,,,,,,,,,,,,,,,,,,,,,,,,,,,,,,,,,,
Mario Falcone,Gotham 311,Batman: Dark Victory #1,Dec-1999,N,Jeph Loeb,writer,Prestige Writer,,,,,,,,,,,,,,,,,,,,,,,,,,,,,,,,,,,,,,,,,,
,,,,,Tim Sale,"pencils, inks, cover",Prestige Artist,,,,,,,,,,,,,,,,,,,,,,,,,,,,,,,,,,,,,,,,,,
,,,,,Gregory Wright,color,Color Artist (Upscale),,,,,,,,,,,,,,,,,,,,,,,,,,,,,,,,,,,,,,,,,,
Marlon,"Point Blank
Sleeper",Sleeper: Season 2 #7,Feb-2005,N,Ed Brubaker,writer,WFH,,,,,,,,,,,,,,,,,,,,,,,,,,,,,,,,,,,,,,,,,,
,,,,,Sean Phillips,"pencils, inks, cover",WFH,,,,,,,,,,,,,,,,,,,,,,,,,,,,,,,,,,,,,,,,,,
,,,,,Carrie Strachan,color,N/A,,,,,,,,,,,,,,,,,,,,,,,,,,,,,,,,,,,,,,,,,,
Marlon Corbet,,Challengers of the Unknown #1,Feb-1997,Y,Steven Grant,co-writer,WFH,,,,,,,,,,,,,,,,,,,,,,,,,,,,,,,,,,,,,,,,,,
,,,,,Len Kaminski,co-writer,None,,WFH agreements for issues #2-3 have been located.,,,,,,,,,,,,,,,,,,,,,,,,,,,,,,,,,,,,,,,,
,,,,,John Paul Leon,"pencils, cover pencils",WFH,,,,,,,,,,,,,,,,,,,,,,,,,,,,,,,,,,,,,,,,,,
,,,,,Shawn C. Martinbrough,"inks, cover inks",WFH,,,,,,,,,,,,,,,,,,,,,,,,,,,,,,,,,,,,,,,,,,
,,,,,Matt Hollingsworth,color,Exclusive,,,,,,,,,,,,,,,,,,,,,,,,,,,,,,,,,,,,,,,,,,
"Martha Kent
(Ma Kent; Mary Kent)","Justice League
(2017)","as Mary Kent:
Superman #1",Jun-1939,N,"Jerome ""Jerry"" Siegel",writer,Settlement,,Deceased Settlement is with heirs.,,,,,,,,,,,,,,,,,,,,,,,,,,,,,,,,,,,,,,,,
,,,,,Joe Shuster,"pencils, inks",Settlement,,Deceased,,,,,,,,,,,,,,,,,,,,,,,,,,,,,,,,,,,,,,,,
,,"as Martha Kent:
More Fun Comics #101
""The Origin of Superboy""",Jan-1945,N,"Jerome ""Jerry"" Siegel",writer,Settlement,,Deceased Settlement is with heirs.,,,,,,,,,,,,,,,,,,,,,,,,,,,,,,,,,,,,,,,,
,,,,,Joe Shuster,"pencils, inks",Settlement,,Deceased,,,,,,,,,,,,,,,,,,,,,,,,,,,,,,,,,,,,,,,,
,,,,,Maurice Del Bourgo,cover,None,,,,,,,,,,,,,,,,,,,,,,,,,,,,,,,,,,,,,,,,,,
"Martha Wayne
(Martha Kane)",,"Detective Comics #33
""The Batman - How He Came To Be""",Nov-1939,N,Bill Finger,writer,Contributor Recognition,Y,Deceased Contributor Recognition Agreement is with heir.,,,,,,,,,,,,,,,,,,,,,,,,,,,,,,,,,,,,,,,,
,,,,,Bob Kane,"pencils, inks, cover",Services Agreements,Y,Deceased,,,,,,,,,,,,,,,,,,,,,,,,,,,,,,,,,,,,,,,,
"Martian Manhunter
(J'onn J'onzz; John Jones)",,"Detective Comics #225
""The Strange Experiment of Dr. Erdel""",Nov-1955,N,Joe Samachson,writer,Creator Recognition,2011,Deceased Creator Recognition Agreement is with heirs.,,,,,,,,,,,,,,,,,,,,,,,,,,,,,,,,,,,,,,,,
,,,,,Joe Certa,"pencils, inks",Creator Recognition,2011,Deceased Creator Recognition Agreement is with heirs.,,,,,,,,,,,,,,,,,,,,,,,,,,,,,,,,,,,,,,,,
,,,,,"James Winslow ""Win"" Mortimer",cover,None,,Deceased,,,,,,,,,,,,,,,,,,,,,,,,,,,,,,,,,,,,,,,,
Martin Jordan,"Green Lantern
(2011)",Green Lantern: Emerald Dawn #1,Dec-1989,N,"Jim Owsley
(Christopher Priest)",writer,WFH,,,,,,,,,,,,,,,,,,,,,,,,,,,,,,,,,,,,,,,,,,
,,,,,"Mark ""M.D."" Bright","pencils, cover pencils",WFH,,,,,,,,,,,,,,,,,,,,,,,,,,,,,,,,,,,,,,,,,,
,,,,,Romeo Tanghal,inks,WFH,,,,,,,,,,,,,,,,,,,,,,,,,,,,,,,,,,,,,,,,,,
,,,,,Klaus Janson,cover inks,WFH,,,,,,,,,,,,,,,,,,,,,,,,,,,,,,,,,,,,,,,,,,
,,,,,Anthony Tollin,color,Exclusive,,,,,,,,,,,,,,,,,,,,,,,,,,,,,,,,,,,,,,,,,,
Mary Kramer,Stargirl 101,Stars & S.T.R.I.P.E. #0,Jul-1999,N,Geoff Johns,writer,WFH,,,,,,,,,,,,,,,,,,,,,,,,,,,,,,,,,,,,,,,,,,
,,,,,James Robinson,writer,Exclusive,,,,,,,,,,,,,,,,,,,,,,,,,,,,,,,,,,,,,,,,,,
,,,,,Lee Moder,"pencils, cover pencils",WFH,,,,,,,,,,,,,,,,,,,,,,,,,,,,,,,,,,,,,,,,,,
,,,,,Chris Weston,pencils,WFH,,,,,,,,,,,,,,,,,,,,,,,,,,,,,,,,,,,,,,,,,,
,,,,,Dan W. Davis,"inks, cover inks",WFH,,,,,,,,,,,,,,,,,,,,,,,,,,,,,,,,,,,,,,,,,,
,,,,,John Stokes,inks,WFH,,,,,,,,,,,,,,,,,,,,,,,,,,,,,,,,,,,,,,,,,,
,,,,,Carla Feeny,color,N/A,,,,,,,,,,,,,,,,,,,,,,,,,,,,,,,,,,,,,,,,,,
"Mary Marvel
(Mary Batson)",Shazam,"in Fawcett Comics:
Captain Marvel Adventures #18
""Captain Marvel Introduces Mary Marvel""",Dec-1942,Y,Bill Parker,writer,None,,See also: Fawcett Purchase Agreements,,,,,,,,,,,,,,,,,,,,,,,,,,,,,,,,,,,,,,,,
,,,,,"Charles Clarence ""C.C."" Beck","pencils, inks, cover",None,,,,,,,,,,,,,,,,,,,,,,,,,,,,,,,,,,,,,,,,,,
,,"in DC Comics:
Shazam! #1",Feb-1973,N,Dennis O'Neil,writer,Creator Recognition,,,,,,,,,,,,,,,,,,,,,,,,,,,,,,,,,,,,,,,,,,
,,,,,"Charles Clarence ""C.C."" Beck","pencils, inks, cover",None,,Deceased,,,,,,,,,,,,,,,,,,,,,,,,,,,,,,,,,,,,,,,,
Mas y Menos,,"Teen Titans
""Titans East""",Jan-2005,,Marv Wolfman,writer,,,,,,,,,,,,,,,,,,,,,,,,,,,,,,,,,,,,,,,,,,,
,,,,,Glen Murakami,producer,,,,,,,,,,,,,,,,,,,,,,,,,,,,,,,,,,,,,,,,,,,
,,"in DC Comics:
Teen Titans #38",Sep-2006,N,Geoff Johns,writer,Exclusive; WFH,,,,,,,,,,,,,,,,,,,,,,,,,,,,,,,,,,,,,,,,,,
,,,,,Carlos de Fernando Ferreira Souza,pencils,WFH,,,,,,,,,,,,,,,,,,,,,,,,,,,,,,,,,,,,,,,,,,
,,,,,Art Thibert,inks,WFH,,,,,,,,,,,,,,,,,,,,,,,,,,,,,,,,,,,,,,,,,,
,,,,,Drew Geraci,inks,WFH,,,,,,,,,,,,,,,,,,,,,,,,,,,,,,,,,,,,,,,,,,
,,,,,Tony S. Daniel,cover,WFH,,,,,,,,,,,,,,,,,,,,,,,,,,,,,,,,,,,,,,,,,,
,,,,,Tanya Horie,color,Exclusive,,,,,,,,,,,,,,,,,,,,,,,,,,,,,,,,,,,,,,,,,,
,,,,,Richard Horie,color,Exclusive,,,,,,,,,,,,,,,,,,,,,,,,,,,,,,,,,,,,,,,,,,
"Master Jailer
(Carl Draper)","Supergirl 114
(2/22/2016)",Superman #331,Jan-1979,Y,Martin Pasko,Writer,Exclusive,2016,,,,,,,,,,,,,,,,,,,,,,,,,,,,,,,,,,,,,,,,,
,,,,,Curt Swan,Pencils,Exclusive,,Deceased,,,,,,,,,,,,,,,,,,,,,,,,,,,,,,,,,,,,,,,,
,,,,,Frank Chiaramonte,Inks,None,,"Chiaramonte does have an exclusive agreement beginning in March 1979.
Deceased",,,,,,,,,,,,,,,,,,,,,,,,,,,,,,,,,,,,,,,,
,,,,,Adrienne Roy,Color,N/A,,Deceased,,,,,,,,,,,,,,,,,,,,,,,,,,,,,,,,,,,,,,,,
,,,,,Ross Andru,Cover Pencils,Exclusive,,,,,,,,,,,,,,,,,,,,,,,,,,,,,,,,,,,,,,,,,,
,,,,,Dick Giordano,Cover Inks,Exclusive,,"Giordano was an employee of DC at this time.
Deceased",,,,,,,,,,,,,,,,,,,,,,,,,,,,,,,,,,,,,,,,
Matches Malone,"Gotham 210
(11/23/2015)","Batman #242
""Bruce Wayne -- Rest in Peace""",Jun-1972,N,Dennis O'Neil,writer,Creator Recognition,2012,,,,,,,,,,,,,,,,,,,,,,,,,,,,,,,,,,,,,,,,,
,,,,,"Irving ""Irv"" Novick",pencils,None,,"Novick was an employee of DC Comics from 5/9/67 - 12/28/84.
Deceased",,,,,,,,,,,,,,,,,,,,,,,,,,,,,,,,,,,,,,,,
,,,,,Dick Giordano,inks,N/A,,"Giordano was an employee of DC at this time.
Deceased",,,,,,,,,,,,,,,,,,,,,,,,,,,,,,,,,,,,,,,,
,,,,,Michael William Kaluta,cover,None,,,,,,,,,,,,,,,,,,,,,,,,,,,,,,,,,,,,,,,,,,
"Matter-Eater Lad
(Tenzil Kem)",,"Adventure Comics #303
Legion of Super-Heroes: ""The Fantastic Spy""",Dec-1962,N,Jerry Siegel,writer,None,,,,,,,,,,,,,,,,,,,,,,,,,,,,,,,,,,,,,,,,,,
,,,,,John Forte,"pencils, inks",None,,,,,,,,,,,,,,,,,,,,,,,,,,,,,,,,,,,,,,,,,,
"Matthew Cable
(See also: Matthew the Raven)",Swamp Thing 101,Swamp Thing #1,Oct-1972,Y,Len Wein,writer,Settlement,2002,Deceased,,,,,,,,,,,,,,,,,,,,,,,,,,,,,,,,,,,,,,,,
,,,,,Berni Wrightson,"pencils, inks, cover",Settlement,2002,Deceased,,,,,,,,,,,,,,,,,,,,,,,,,,,,,,,,,,,,,,,,
"Matthew ""Red"" Ryan",,Showcase #6,Jan-1957,Y,Dave Wood,co-writer,None,,Deceased,,,,,,,,,,,,,,,,,,,,,,,,,,,,,,,,,,,,,,,,
,,,,,Jack Kirby,"co-writer, pencils, cover",None,,Deceased,,,,,,,,,,,,,,,,,,,,,,,,,,,,,,,,,,,,,,,,
,,,,,Rosalind Kirby,inks,None,,Deceased,,,,,,,,,,,,,,,,,,,,,,,,,,,,,,,,,,,,,,,,
"Maul
(Jeremy Stone)","Point Blank
Sleeper",WildC.A.T.S.: Covert Action Teams #1,Aug-1992,N,Jim Lee,"writer, pencils, cover pencils",WildStorm Employment Agreement,,See also: WildStorm Asset Purchase Agreement,,,,,,,,,,,,,,,,,,,,,,,,,,,,,,,,,,,,,,,,
,,,,,Brandon Choi,writer,WildStorm WFH Acknowledgement,,,,,,,,,,,,,,,,,,,,,,,,,,,,,,,,,,,,,,,,,,
,,,,,Scott Williams,"inks, cover inks",WildStorm WFH Acknowledgement,,,,,,,,,,,,,,,,,,,,,,,,,,,,,,,,,,,,,,,,,,
,,,,,Joe Rosas,color,N/A,,,,,,,,,,,,,,,,,,,,,,,,,,,,,,,,,,,,,,,,,,
Max Mencken ,Superman and Lois 101,"“It's a Bird, It's a Plane, It's Superman” Broadway musical",1966,,,,,,,Cleared for verbal reference only for one episode.,,,,,,,,,,,,,,,,,,,,,,,,,,,,,,,,,,,,,,,
Maxima,"Supergirl 119
(4/11/2016)",Action Comics #645,Sep-1989,Y,Roger Stern,writer,WFH,1991,,,,,,,,,,,,,,,,,,,,,,,,,,,,,,,,,,,,,,,,,
,,,,,George Perez,"writer, pencils, cover",WFH,1991,,,,,,,,,,,,,,,,,,,,,,,,,,,,,,,,,,,,,,,,,
,,,,,Brett Breeding,inks,WFH,,,,,,,,,,,,,,,,,,,,,,,,,,,,,,,,,,,,,,,,,,
,,,,,Glenn Whitmore,color,N/A,,,,,,,,,,,,,,,,,,,,,,,,,,,,,,,,,,,,,,,,,,
"Maximillian Zeus
(Maxie Zeus)","Gotham 219
(4/25/2016)","Detective Comics #483
""The Curse of Crime Alley""",Apr-1979,N,Denny O'Neil,writer,Exclusive; Creator Recognition,"1993
2012",,,,,,,,,,,,,,,,,,,,,,,,,,,,,,,,,,,,,,,,,
,,,,,Don Newton,pencils,None,1993,Deceased,,,,,,,,,,,,,,,,,,,,,,,,,,,,,,,,,,,,,,,,
,,,,,Dan Adkins,inks,None,,Deceased,,,,,,,,,,,,,,,,,,,,,,,,,,,,,,,,,,,,,,,,
,,,,,Jose Luis Garcia-Lopez,cover,None,,,,,,,,,,,,,,,,,,,,,,,,,,,,,,,,,,,,,,,,,,
,,,,,Adrienne Roy,color,N/A,,Deceased,,,,,,,,,,,,,,,,,,,,,,,,,,,,,,,,,,,,,,,,
Maxwell Lord,"Supergirl 102
(11/2/2015)",Justice League #1,May-1987,N,John Marc DeMatteis,script,WFH,2004,,,,,,,,,,,,,,,,,,,,,,,,,,,,,,,,,,,,,,,,,
,,,,,Keith Giffen,writer,WFH,2004,,,,,,,,,,,,,,,,,,,,,,,,,,,,,,,,,,,,,,,,,
,,,,,Kevin Maguire,"pencils, cover pencils",WFH,,,,,,,,,,,,,,,,,,,,,,,,,,,,,,,,,,,,,,,,,,
,,,,,Terry Austin,"inks, cover inks",WFH,,,,,,,,,,,,,,,,,,,,,,,,,,,,,,,,,,,,,,,,,,
,,,,,Gene D'Angelo,color,N/A,,,,,,,,,,,,,,,,,,,,,,,,,,,,,,,,,,,,,,,,,,
Mayor Brook,,"Adventure Comics #250
Superboy: ""The Imposter from the Year 2958"" ",Jul-1958,N,Bill Finger,writer,Creator Recognition,,,,,,,,,,,,,,,,,,,,,,,,,,,,,,,,,,,,,,,,,,
,,,,,John Sikela,"pencils, inks",None,,,,,,,,,,,,,,,,,,,,,,,,,,,,,,,,,,,,,,,,,,
"Mazahs!
(Alexander Luthor)",,Justice League of America vol 2  #23,Oct-2013,N,Geoff Johns,writer,WFH,,,,,,,,,,,,,,,,,,,,,,,,,,,,,,,,,,,,,,,,,,
,,,,,Ivan Reis,pencils,WFH,,,,,,,,,,,,,,,,,,,,,,,,,,,,,,,,,,,,,,,,,,
,,,,,Joe Prado,inks,WFH,,,,,,,,,,,,,,,,,,,,,,,,,,,,,,,,,,,,,,,,,,
,,,,,Eber Ferreira,inks,WFH,,,,,,,,,,,,,,,,,,,,,,,,,,,,,,,,,,,,,,,,,,
,,,,,Oclair Albert,inks,WFH,,,,,,,,,,,,,,,,,,,,,,,,,,,,,,,,,,,,,,,,,,
"Mazing Man
(Siegfried Horatio Hunch III)",,Mazing Man #1,Jan-1986,Y,Bob Rozakis,writer,Writer,1984,,,,,,,,,,,,,,,,,,,,,,,,,,,,,,,,,,,,,,,,,
,,,,,Stephen DeStefano,"pencils, cover pencils",Artist,1984,,,,,,,,,,,,,,,,,,,,,,,,,,,,,,,,,,,,,,,,,
,,,,,Karl Kesel,"inks, cover inks",Artist,,,,,,,,,,,,,,,,,,,,,,,,,,,,,,,,,,,,,,,,,,
M'Changa,Legends 302,"As Vixen's home country (changed to Zambesi in 1987):
Justice League of America #234",Jan-1985,N,Gerry Conway,writer,Exclusive,,,,,,,,,,,,,,,,,,,,,,,,,,,,,,,,,,,,,,,,,,
,,,,,Chuck Patton,"pencils, cover pencils",Exclusive,,,,,,,,,,,,,,,,,,,,,,,,,,,,,,,,,,,,,,,,,,
,,,,,Bill Anderson,inks,None,,,,,,,,,,,,,,,,,,,,,,,,,,,,,,,,,,,,,,,,,,
,,,,,Dick Giordano,cover inks,None,,"Giordano may have been an employee of DC at this time.
Deceased",,,,,,,,,,,,,,,,,,,,,,,,,,,,,,,,,,,,,,,,
,,,,,Gene D'Angelo,color,N/A,,,,,,,,,,,,,,,,,,,,,,,,,,,,,,,,,,,,,,,,,,
,,"As a province of Zambesi:
Vixen Animated Series 102",Sep-2015,N,Wendy Mericle; Keto Shimizu; Brian Ford Sullivan; Lauren Certo,writers,,,,,,,,,,,,,,,,,,,,,,,,,,,,,,,,,,,,,,,,,,,
"Meena Dhawan
(Negative Flash, Fast Track, Doctor Dhawan)",,The Flash vol 5 #1,Sep-2016,N,Joshua Williamson,writer,WFH,,,,,,,,,,,,,,,,,,,,,,,,,,,,,,,,,,,,,,,,,,
,,,,,Carmine Di Giandomenico,"pencils, inks",WFH,,,,,,,,,,,,,,,,,,,,,,,,,,,,,,,,,,,,,,,,,,
"Melting Point
(Dr. Wangari Hollowell)",Flash 416,Flash: Season Zero #12,Nov-2015,N,Sterling Gates,writer,WFH,2017,"This comic was originally published in digital format; all vouchers are for digital issue #24, which is print issue #12",,,,,,,,,,,,,,,,,,,,,,,,,,,,,,,,,,,,,,,,
,,,,,Ibrahim Moustafa,"pencils, inks",WFH,2017,,,,,,,,,,,,,,,,,,,,,,,,,,,,,,,,,,,,,,,,,
,,,,,Philip Hester,pencils,WFH,,,,,,,,,,,,,,,,,,,,,,,,,,,,,,,,,,,,,,,,,,
,,,,,Eric Gapstur,inks,WFH,,,,,,,,,,,,,,,,,,,,,,,,,,,,,,,,,,,,,,,,,,
,,,,,Nicholas Filardi,color,WFH,,,,,,,,,,,,,,,,,,,,,,,,,,,,,,,,,,,,,,,,,,
"Menagerie
(Pamela)",Supergirl 412,Action Comics #775,Mar-2001,N,Joe Kelly,writer,Continuity Writer,,,,,,,,,,,,,,,,,,,,,,,,,,,,,,,,,,,,,,,,,,
,,,,,Doug Mahnke,pencils,Continuity Artist; WFH,,,,,,,,,,,,,,,,,,,,,,,,,,,,,,,,,,,,,,,,,,
,,,,,Lee Bermejo,pencils,None,,,,,,,,,,,,,,,,,,,,,,,,,,,,,,,,,,,,,,,,,,
,,,,,Tom Nguyen,inks,WFH,,,,,,,,,,,,,,,,,,,,,,,,,,,,,,,,,,,,,,,,,,
,,,,,Dexter Vines,inks,WFH,,,,,,,,,,,,,,,,,,,,,,,,,,,,,,,,,,,,,,,,,,
,,,,,Jim Royal,inks,None,,,,,,,,,,,,,,,,,,,,,,,,,,,,,,,,,,,,,,,,,,
,,,,,Jose Marzan,inks,WFH,,,,,,,,,,,,,,,,,,,,,,,,,,,,,,,,,,,,,,,,,,
,,,,,Wade von Grawbadger,inks,WFH,,,,,,,,,,,,,,,,,,,,,,,,,,,,,,,,,,,,,,,,,,
,,,,,Wayne Faucher,inks,WFH,,,,,,,,,,,,,,,,,,,,,,,,,,,,,,,,,,,,,,,,,,
,,,,,Tim Bradstreet,cover,WFH,,,,,,,,,,,,,,,,,,,,,,,,,,,,,,,,,,,,,,,,,,
,,,,,Rob Schwager,color,N/A,,,,,,,,,,,,,,,,,,,,,,,,,,,,,,,,,,,,,,,,,,
"Menagerie
(Sonja)",,JLA #100,Aug-2004,Y,Joe Kelly,writer,WFH,,,,,,,,,,,,,,,,,,,,,,,,,,,,,,,,,,,,,,,,,,
,,,,,Doug Mahnke,"pencils, cover pencils",WFH,,,,,,,,,,,,,,,,,,,,,,,,,,,,,,,,,,,,,,,,,,
,,,,,Tom Nguyen,"inks, cover inks",WFH,,,,,,,,,,,,,,,,,,,,,,,,,,,,,,,,,,,,,,,,,,
,,,,,David Baron,color,Exclusive,,,,,,,,,,,,,,,,,,,,,,,,,,,,,,,,,,,,,,,,,,
"Menagerie
(team comprised of Weasel, Lion-Mane, Elephant Man, Zebra-Man, Primape, Hellhound, Mauschen)",,Forever Evil: A.R.G.U.S. #5,Apr-2014,N,Sterling Gates,writer,WFH,,,,,,,,,,,,,,,,,,,,,,,,,,,,,,,,,,,,,,,,,,
,,,,,Neil Edwards,pencils,WFH,,,,,,,,,,,,,,,,,,,,,,,,,,,,,,,,,,,,,,,,,,
,,,,,Jason Paz,inks,WFH,,,,,,,,,,,,,,,,,,,,,,,,,,,,,,,,,,,,,,,,,,
,,,,,Jay Leisten,inks,WFH,,,,,,,,,,,,,,,,,,,,,,,,,,,,,,,,,,,,,,,,,,
,,,,,Jeremy Roberts,cover,WFH,,,,,,,,,,,,,,,,,,,,,,,,,,,,,,,,,,,,,,,,,,
,,,,,Nathan Eyring,color,N/A,,,,,,,,,,,,,,,,,,,,,,,,,,,,,,,,,,,,,,,,,,
Menalippe,"Wonder Woman
(2017)",Wonder Woman #1,Feb-1987,N,Greg Potter,writer,WFH,,,,,,,,,,,,,,,,,,,,,,,,,,,,,,,,,,,,,,,,,,
,,,,,George Perez,"plot, pencils, cover",Continuity,,,,,,,,,,,,,,,,,,,,,,,,,,,,,,,,,,,,,,,,,,
,,,,,Bruce Patterson,inks,WFH,,,,,,,,,,,,,,,,,,,,,,,,,,,,,,,,,,,,,,,,,,
,,,,,Tatjana Wood,color,N/A,,,,,,,,,,,,,,,,,,,,,,,,,,,,,,,,,,,,,,,,,,
"Mento
(Steve Dayton)",,Doom Patrol #91,Nov-1964,Y,Arnold Drake,writer,,2006,Deceased,,,,,,,,,,,,,,,,,,,,,,,,,,,,,,,,,,,,,,,,
,,,,,Bruno Premiani,"pencils, inks",None,,,,,,,,,,,,,,,,,,,,,,,,,,,,,,,,,,,,,,,,,,
,,,,,Bob Brown,cover,None,,,,,,,,,,,,,,,,,,,,,,,,,,,,,,,,,,,,,,,,,,
Mera,,Aquaman #11,Sep-1963,N,Jack Miller,writer,N/A,,Miller was an employee of DC at this time.,,,,,,,,,,,,,,,,,,,,,,,,,,,,,,,,,,,,,,,,
,,,,,"Nicholas Viscardi
(Nick Cardy)","pencils, inks, cover",None,,Deceased,,,,,,,,,,,,,,,,,,,,,,,,,,,,,,,,,,,,,,,,
Mercury,,Showcase #37,Mar-1962,Y,Robert Kanigher,writer,N/A,,"Kanigher was an employee of DC from 2/3/47 through 5/31/82.
Deceased",,,,,,,,,,,,,,,,,,,,,,,,,,,,,,,,,,,,,,,,
,,,,,Ross Andru,"pencils, cover pencils",None,,Deceased,,,,,,,,,,,,,,,,,,,,,,,,,,,,,,,,,,,,,,,,
,,,,,Mike Esposito,"inks, cover inks",None,,Deceased,,,,,,,,,,,,,,,,,,,,,,,,,,,,,,,,,,,,,,,,
Mercy Graves,Supergirl 402,"Superman: The Animated Series
""A Little Piece of Home""",Sep-1996,,Hilary J. Bader,writer,,,,,,,,,,,,,,,,,,,,,,,,,,,,,,,,,,,,,,,,,,,
,,"First Comic Appearance:
Detective Comics #735",Aug-1999,N,Greg Rucka,writer,WFH,,,,,,,,,,,,,,,,,,,,,,,,,,,,,,,,,,,,,,,,,,
,,,,,Dan Jurgens,pencils,WFH,,,,,,,,,,,,,,,,,,,,,,,,,,,,,,,,,,,,,,,,,,
,,,,,Bill Sienkiewicz,inks,WFH,,,,,,,,,,,,,,,,,,,,,,,,,,,,,,,,,,,,,,,,,,
,,,,,Glen Orbik,cover painting,WFH,,,,,,,,,,,,,,,,,,,,,,,,,,,,,,,,,,,,,,,,,,
,,,,,Laurel Blechman,cover painting,WFH,,,,,,,,,,,,,,,,,,,,,,,,,,,,,,,,,,,,,,,,,,
,,,,,Noelle Giddings,color,N/A,,,,,,,,,,,,,,,,,,,,,,,,,,,,,,,,,,,,,,,,,,
,,,,,Wildstorm,color,N/A,,,,,,,,,,,,,,,,,,,,,,,,,,,,,,,,,,,,,,,,,,
"Merlin
(Golden Age)",,"New Comics #3
""King Arthur""",Feb-1936,N,Rafael Astarita,"writer, pencils, inks",None,,,,,,,,,,,,,,,,,,,,,,,,,,,,,,,,,,,,,,,,,,
,,,,,Vincent A. Sullivan,cover,None,,,,,,,,,,,,,,,,,,,,,,,,,,,,,,,,,,,,,,,,,,
"Merlin
(Silver Age)",Dark Universe,The Demon #1,Aug-1972,N,Jack Kirby,"writer, pencils, cover pencils",Fourth World Agreement,,Deceased,,,,,,,,,,,,,,,,,,,,,,,,,,,,,,,,,,,,,,,,
,,,,,Michael Royer,"inks, cover inks",None,,,,,,,,,,,,,,,,,,,,,,,,,,,,,,,,,,,,,,,,,,
Merlyn,,"Justice League of America #94
""Where Strikes Demonfang?""",Nov-1971,N,Mike Friedrich,writer,None,2016,,,,,,,,,,,,,,,,,,,,,,,,,,,,,,,,,,,,,,,,,
,,,,,Neal Adams,"pencils, inks, cover",Creator Recognition,,Amendment to creator recognition to grant equity for this character has been sent.,,,,,,,,,,,,,,,,,,,,,,,,,,,,,,,,,,,,,,,,
,,,,,Dick Dillin,pencils,None,,Deceased,,,,,,,,,,,,,,,,,,,,,,,,,,,,,,,,,,,,,,,,
,,,,,Joe Giella,inks,None,,,,,,,,,,,,,,,,,,,,,,,,,,,,,,,,,,,,,,,,,,
"Merry, Girl of 1000 Gimmicks
(Meredith ""Merry"" Creamer Pemberton; Gimmick Girl)",Stargirl 101,"Star-Spangled Comics #81
""The Human Fly!""",Jun-1948,N,Otto Binder,writer,None,,Deceased,,,,,,,,,,,,,,,,,,,,,,,,,,,,,,,,,,,,,,,,
,,,,,"James Winslow ""Win"" Mortimer","pencils, inks, cover",None,,Deceased,,,,,,,,,,,,,,,,,,,,,,,,,,,,,,,,,,,,,,,,
Metal Men,,Showcase #37,Mar-1962,Y,Robert Kanigher,writer,N/A,,"Kanigher was an employee of DC from 2/3/47 through 5/31/82.
Deceased",,,,,,,,,,,,,,,,,,,,,,,,,,,,,,,,,,,,,,,,
,,,,,Ross Andru,"pencils, cover pencils",None,,Deceased,,,,,,,,,,,,,,,,,,,,,,,,,,,,,,,,,,,,,,,,
,,,,,Mike Esposito,"inks, cover inks",None,,Deceased,,,,,,,,,,,,,,,,,,,,,,,,,,,,,,,,,,,,,,,,
"Metallo
(John Corben)",,"Action Comics #252
""The Menace of Metallo""",May-1959,N,Robert Bernstein,writer,None,,Deceased,,,,,,,,,,,,,,,,,,,,,,,,,,,,,,,,,,,,,,,,
,,,,,Al Plastino,"pencils, inks",None,,Deceased,,,,,,,,,,,,,,,,,,,,,,,,,,,,,,,,,,,,,,,,
,,,,,Curt Swan,cover pencils,None,,Deceased,,,,,,,,,,,,,,,,,,,,,,,,,,,,,,,,,,,,,,,,
,,,,,Stan Kaye,cover inks,None,,Deceased,,,,,,,,,,,,,,,,,,,,,,,,,,,,,,,,,,,,,,,,
,,"Post-Crisis:
Superman #1",Jan-1987,Y,John Byrne,"writer, pencils, cover",WFH,,,,,,,,,,,,,,,,,,,,,,,,,,,,,,,,,,,,,,,,,,
,,,,,Terry Austin,inks,WFH,,,,,,,,,,,,,,,,,,,,,,,,,,,,,,,,,,,,,,,,,,
,,,,,Thomas Ziuko,color,N/A,,,,,,,,,,,,,,,,,,,,,,,,,,,,,,,,,,,,,,,,,,
"Metamorpho
(Rex Mason)",,The Brave and the Bold #57,Dec-1964,Y,Bob Haney,writer,Contributor Recognition,,Deceased Contributor recognition agreement is with heirs.,,,,,,,,,,,,,,,,,,,,,,,,,,,,,,,,,,,,,,,,
,,,,,Ramona Fradon,"pencils, cover pencils",Creator Recognition,2016,,,,,,,,,,,,,,,,,,,,,,,,,,,,,,,,,,,,,,,,,
,,,,,Charles Paris,"inks, cover inks",None,,,,,,,,,,,,,,,,,,,,,,,,,,,,,,,,,,,,,,,,,,
Metron,,New Gods #1,Mar-1971,N,Jack Kirby,"writer, pencils, cover pencils",Fourth World Agreement,1982,Deceased,,,,,,,,,,,,,,,,,,,,,,,,,,,,,,,,,,,,,,,,
,,,,,Vince Colletta,inks,None,,Deceased,,,,,,,,,,,,,,,,,,,,,,,,,,,,,,,,,,,,,,,,
,,,,,Frank Giacoia,cover inks,None,,Deceased,,,,,,,,,,,,,,,,,,,,,,,,,,,,,,,,,,,,,,,,
Metropolis,,"Action Comics #16
""Superman and the Numbers Racket""",Sep-1939,N,"Jerome ""Jerry"" Siegel",writer,Settlement,,Deceased Settlement is with heirs.,,,,,,,,,,,,,,,,,,,,,,,,,,,,,,,,,,,,,,,,
,,,,,Joseph Shuster,pencils,Settlement,,Deceased,,,,,,,,,,,,,,,,,,,,,,,,,,,,,,,,,,,,,,,,
,,,,,Paul Cassidy,inks,None,,,,,,,,,,,,,,,,,,,,,,,,,,,,,,,,,,,,,,,,,,
,,,,,Fred Guardineer,cover,Contributor Recognition,,Deceased Contributor Recognition Agreement is with heir.,,,,,,,,,,,,,,,,,,,,,,,,,,,,,,,,,,,,,,,,
"Metropolis Monarchs
(Baseball team)",Supergirl 301,Superman #206,Aug-2004,N,Brian Azzarello,writer,WFH,,,,,,,,,,,,,,,,,,,,,,,,,,,,,,,,,,,,,,,,,,
,,,,,Jim Lee,"pencils, cover pencils",Firewall Agreement,,,,,,,,,,,,,,,,,,,,,,,,,,,,,,,,,,,,,,,,,,
,,,,,Scott Williams,"inks, cover inks",None,,,,,,,,,,,,,,,,,,,,,,,,,,,,,,,,,,,,,,,,,,
,,,,,Alex Sinclair,color,N/A,,,,,,,,,,,,,,,,,,,,,,,,,,,,,,,,,,,,,,,,,,
Midas,Arrow 715,Green Arrow #3,Jan-2012,N,J.T. Krul,writer,WFH,,,,,,,,,,,,,,,,,,,,,,,,,,,,,,,,,,,,,,,,,,
,,,,,Dan Jurgens,layouts,WFH,,,,,,,,,,,,,,,,,,,,,,,,,,,,,,,,,,,,,,,,,,
,,,,,George Perez,"finishes, inks",WFH,,,,,,,,,,,,,,,,,,,,,,,,,,,,,,,,,,,,,,,,,,
,,,,,Ray McCarthy,"finishes, inks, cover inks",WFH,,,,,,,,,,,,,,,,,,,,,,,,,,,,,,,,,,,,,,,,,,
,,,,,Howard Porter,cover pencils,WFH,,,,,,,,,,,,,,,,,,,,,,,,,,,,,,,,,,,,,,,,,,
,,,,,Tanya Horie,color,Exclusive,,,,,,,,,,,,,,,,,,,,,,,,,,,,,,,,,,,,,,,,,,
,,,,,Richard Horie,color,Exclusive,,,,,,,,,,,,,,,,,,,,,,,,,,,,,,,,,,,,,,,,,,
"Midnight, Mass.",,"Midnight, Mass. #1",Jun-2002,Y,John Rozum,"writer, creator",Sole Creator/First & Last Rights; Writer; Option,1999,,,,,,,,,,,,,,,,,,,,,,,,,,,,,,,,,,,,,,,,,
,,,,,Jesus Saiz,pencils,WFH,,,,,,,,,,,,,,,,,,,,,,,,,,,,,,,,,,,,,,,,,,
,,,,,Jimmy Palmiotti,inks,WFH,,,,,,,,,,,,,,,,,,,,,,,,,,,,,,,,,,,,,,,,,,
,,,,,Tomer Hanuka,cover,WFH,,,,,,,,,,,,,,,,,,,,,,,,,,,,,,,,,,,,,,,,,,
,,,,,Noelle Giddings,color,N/A,,,,,,,,,,,,,,,,,,,,,,,,,,,,,,,,,,,,,,,,,,
Midnighter,,Stormwatch #4,Feb-1998,Y,Warren Ellis,writer,None,,,,,,,,,,,,,,,,,,,,,,,,,,,,,,,,,,,,,,,,,,
,,,,,Bryan Hitch,"pencils, cover",None,,,,,,,,,,,,,,,,,,,,,,,,,,,,,,,,,,,,,,,,,,
,,,,,Paul Neary,inks,None,,,,,,,,,,,,,,,,,,,,,,,,,,,,,,,,,,,,,,,,,,
,,,,,"Laura Martin
(Laura DePuy)",color,N/A,,,,,,,,,,,,,,,,,,,,,,,,,,,,,,,,,,,,,,,,,,
Mike Dugan,Stargirl 101,"Infinity Inc. #11
(Newton & DeZuniga drew the frame story; Tuska & Machlan drew the pages in which Mike Dugan appears)",Feb-1985,N,Roy Thomas,co-writer,Writer,,,,,,,,,,,,,,,,,,,,,,,,,,,,,,,,,,,,,,,,,,
,,,,,"Dannette ""Dann"" Thomas",co-writer,None,,"We believe that Roy Thomas entered into a separate agreement with Dann Thomas for writing services, but we do not have a copy of it.",,,,,,,,,,,,,,,,,,,,,,,,,,,,,,,,,,,,,,,,
,,,,,Don Newton,pencils,None,,Deceased,,,,,,,,,,,,,,,,,,,,,,,,,,,,,,,,,,,,,,,,
,,,,,George Tuska,pencils,None,,Deceased,,,,,,,,,,,,,,,,,,,,,,,,,,,,,,,,,,,,,,,,
,,,,,Mike Machlan,inks,Artist,,,,,,,,,,,,,,,,,,,,,,,,,,,,,,,,,,,,,,,,,,
,,,,,Tony DeZuniga,inks,None,,,,,,,,,,,,,,,,,,,,,,,,,,,,,,,,,,,,,,,,,,
,,,,,Jerry Ordway,cover,None,,,,,,,,,,,,,,,,,,,,,,,,,,,,,,,,,,,,,,,,,,
,,,,,Adrienne Roy,color,Exclusive,,Deceased,,,,,,,,,,,,,,,,,,,,,,,,,,,,,,,,,,,,,,,,
,,,,,Anthony Tollin,color,Exclusive,,,,,,,,,,,,,,,,,,,,,,,,,,,,,,,,,,,,,,,,,,
"Mikhail Arkadin
(Pozhar)",Legends 104,Fury of Firestorm #62,Aug-1987,Y,John Ostrander,writer,WFH,,,,,,,,,,,,,,,,,,,,,,,,,,,,,,,,,,,,,,,,,,
,,,,,"Joe J. Brozowski
(J.J. Birch)","pencils, cover pencils",WFH,,,,,,,,,,,,,,,,,,,,,,,,,,,,,,,,,,,,,,,,,,
,,,,,Dick Giordano,"inks, cover inks",WFH,,Deceased,,,,,,,,,,,,,,,,,,,,,,,,,,,,,,,,,,,,,,,,
,,,,,Nansi Hoolahan,color,N/A,,,,,,,,,,,,,,,,,,,,,,,,,,,,,,,,,,,,,,,,,,
"Mime
(Camilla Ortin)",Lego Batman,Batman #412,Oct-1987,Y,Max Allan Collins,writer,WFH,,,,,,,,,,,,,,,,,,,,,,,,,,,,,,,,,,,,,,,,,,
,,,,,Dave Cockrum,pencils,WFH,,,,,,,,,,,,,,,,,,,,,,,,,,,,,,,,,,,,,,,,,,
,,,,,Don Heck,inks,WFH,,,,,,,,,,,,,,,,,,,,,,,,,,,,,,,,,,,,,,,,,,
,,,,,Kevin Nowlan,cover,WFH,,,,,,,,,,,,,,,,,,,,,,,,,,,,,,,,,,,,,,,,,,
,,,,,Adrienne Roy,color,N/A,,Deceased,,,,,,,,,,,,,,,,,,,,,,,,,,,,,,,,,,,,,,,,
"Mindboggler
(Leah Wasserman)","Suicide Squad
(2016)",The Fury of Firestorm #29,Nov-1984,Y,Joey Cavalieri,writer,WFH,,,,,,,,,,,,,,,,,,,,,,,,,,,,,,,,,,,,,,,,,,
,,,,,Rafael Kayanan,"pencils, cover pencils",WFH,,,,,,,,,,,,,,,,,,,,,,,,,,,,,,,,,,,,,,,,,,
,,,,,"Rodolfo ""Rodin"" Rodriguez",inks,WFH,,,,,,,,,,,,,,,,,,,,,,,,,,,,,,,,,,,,,,,,,,
,,,,,Dick Giordano,cover inks,WFH,,"Giordano may have been an employee of DC at this time.
Deceased",,,,,,,,,,,,,,,,,,,,,,,,,,,,,,,,,,,,,,,,
,,,,,Nansi Hoolihan,color,N/A,,,,,,,,,,,,,,,,,,,,,,,,,,,,,,,,,,,,,,,,,,
Miracle Machine,Supergirl  514,Adventure Comics #367 ,Apr-1968,N,Jim Shooter,"writer, pencils",None,,,,,,,,,,,,,,,,,,,,,,,,,,,,,,,,,,,,,,,,,,
,,,,,Curt Swan,cover pencils,None,,,,,,,,,,,,,,,,,,,,,,,,,,,,,,,,,,,,,,,,,,
,,,,,George Klein,inks,None,,,,,,,,,,,,,,,,,,,,,,,,,,,,,,,,,,,,,,,,,,
,,,,,Sheldon Moldoff,inks,None,,Untitled & undated agreement ,,,,,,,,,,,,,,,,,,,,,,,,,,,,,,,,,,,,,,,,
"Mirage
(Kerry Austin)",Arrow 406,Detective Comics #511,Feb-1982,Y,Gerry Conway,writer,Exclusive,,Deceased,,,,,,,,,,,,,,,,,,,,,,,,,,,,,,,,,,,,,,,,
,,,,,Don Newton,pencils,Exclusive,,Deceased,,,,,,,,,,,,,,,,,,,,,,,,,,,,,,,,,,,,,,,,
,,,,,Frank Chiaramonte,inks,Exclusive,,Deceased,,,,,,,,,,,,,,,,,,,,,,,,,,,,,,,,,,,,,,,,
,,,,,Rich Buckler,cover pencils,Exclusive,,,,,,,,,,,,,,,,,,,,,,,,,,,,,,,,,,,,,,,,,,
,,,,,Dick Giordano,cover inks,N/A,,"Giordano may have been an employee of DC at this time.
Deceased",,,,,,,,,,,,,,,,,,,,,,,,,,,,,,,,,,,,,,,,
,,,,,Adrienne Roy,color,Exclusive,,Deceased,,,,,,,,,,,,,,,,,,,,,,,,,,,,,,,,,,,,,,,,
"Mirage
(Miriam Delgado)",Arrow 406,New Titans Annual #7,1991,Y,Marv Wolfman,writer,Continuity,,,,,,,,,,,,,,,,,,,,,,,,,,,,,,,,,,,,,,,,,,
,,,,,Tom Grindberg,"pencils, cover",WFH,,,,,,,,,,,,,,,,,,,,,,,,,,,,,,,,,,,,,,,,,,
,,,,,Will Blyberg,inks,WFH,,,,,,,,,,,,,,,,,,,,,,,,,,,,,,,,,,,,,,,,,,
,,,,,Ian Akin,inks,WFH,,,,,,,,,,,,,,,,,,,,,,,,,,,,,,,,,,,,,,,,,,
,,,,,Al Vey,inks,WFH,,,,,,,,,,,,,,,,,,,,,,,,,,,,,,,,,,,,,,,,,,
,,,,,Adrienne Roy,color,Exclusive,,Deceased,,,,,,,,,,,,,,,,,,,,,,,,,,,,,,,,,,,,,,,,
"Mirror Master 
(Silver Age Sam Scudder)","Flash
(2018)","Flash #105
""The Master of Mirrors""",Feb-1959,,John Broome,writer,None,,,,,,,,,,,,,,,,,,,,,,,,,,,,,,,,,,,,,,,,,,
,,,,,Carmine Infantino,"pencils, cover pencils",Settlement,,,,,,,,,,,,,,,,,,,,,,,,,,,,,,,,,,,,,,,,,,
,,,,,Joe Giella,"inks, cover inks",None,,,,,,,,,,,,,,,,,,,,,,,,,,,,,,,,,,,,,,,,,,
"Mirror Master
(Evan McCulloch)",,Animal Man #8,Feb-1989,,Grant Morrison,writer,WFH,,,,,,,,,,,,,,,,,,,,,,,,,,,,,,,,,,,,,,,,,,
,,,,,Chas Truog,"pencils, cover pencils",WFH,,,,,,,,,,,,,,,,,,,,,,,,,,,,,,,,,,,,,,,,,,
,,,,,Doug Hazlewood,"inks, cover inks",WFH,,,,,,,,,,,,,,,,,,,,,,,,,,,,,,,,,,,,,,,,,,
,,,,,Tatjana Wood,color,N/A,,,,,,,,,,,,,,,,,,,,,,,,,,,,,,,,,,,,,,,,,,
"Mirror Master
(New 52 Sam Scudder)","Flash
(2018)",Flash #12,Oct-2012,,Francis J. Manapul,"writer, pencils, inks, cover",WFH,,,,,,,,,,,,,,,,,,,,,,,,,,,,,,,,,,,,,,,,,,
,,,,,Brian Buccellato,"writer, color",WFH,,,,,,,,,,,,,,,,,,,,,,,,,,,,,,,,,,,,,,,,,,
"Misfit
(Charlotte ""Charlie"" Gage-Radcliffe)",Birds of Prey,"as Batgirl:
Birds of Prey #96",Sep-2006,N,"Tamra L. James
(Gail Simone)",writer,WFH,,,,,,,,,,,,,,,,,,,,,,,,,,,,,,,,,,,,,,,,,,
,,,,,Paolo Siqueira,pencils,WFH; Exclusive,,,,,,,,,,,,,,,,,,,,,,,,,,,,,,,,,,,,,,,,,,
,,,,,Robin Riggs,inks,WFH,,,,,,,,,,,,,,,,,,,,,,,,,,,,,,,,,,,,,,,,,,
,,,,,Terry Dodson,cover pencils,WFH,,,,,,,,,,,,,,,,,,,,,,,,,,,,,,,,,,,,,,,,,,
,,,,,Rachel Dodson,cover inks,WFH,,,,,,,,,,,,,,,,,,,,,,,,,,,,,,,,,,,,,,,,,,
,,,,,Hi-Fi Design,color,N/A,,,,,,,,,,,,,,,,,,,,,,,,,,,,,,,,,,,,,,,,,,
,,"as Misfit:
Birds of Prey #101",Feb-2007,N,"Tamra L. James
(Gail Simone)",writer,WFH; Exclusive,,,,,,,,,,,,,,,,,,,,,,,,,,,,,,,,,,,,,,,,,,
,,,,,Nicola Scott,pencils,WFH,,,,,,,,,,,,,,,,,,,,,,,,,,,,,,,,,,,,,,,,,,
,,,,,Doug Hazlewood,inks,WFH,,,,,,,,,,,,,,,,,,,,,,,,,,,,,,,,,,,,,,,,,,
,,,,,Stephane Roux,cover,WFH,,,,,,,,,,,,,,,,,,,,,,,,,,,,,,,,,,,,,,,,,,
,,,,,Hi-Fi Design,color,N/A,,,,,,,,,,,,,,,,,,,,,,,,,,,,,,,,,,,,,,,,,,
"Miss Martian
(M'gann Morzz; Megan Morse)",Supergirl 203,Teen Titans #37,Aug-2006,N,Geoff Johns,writer,Exclusive; WFH,,,,,,,,,,,,,,,,,,,,,,,,,,,,,,,,,,,,,,,,,,
,,,,,Tony S. Daniel,"pencils, cover",Exclusive; WFH,,,,,,,,,,,,,,,,,,,,,,,,,,,,,,,,,,,,,,,,,,
,,,,,Kevin Conrad,inks,WFH,,,,,,,,,,,,,,,,,,,,,,,,,,,,,,,,,,,,,,,,,,
,,,,,Norman Rapmund,inks,Exclusive; WFH,,,,,,,,,,,,,,,,,,,,,,,,,,,,,,,,,,,,,,,,,,
,,,,,Tanya Horie,color,Exclusive; WFH,,,,,,,,,,,,,,,,,,,,,,,,,,,,,,,,,,,,,,,,,,
,,,,,Richard Horie,color,Exclusive,,,,,,,,,,,,,,,,,,,,,,,,,,,,,,,,,,,,,,,,,,
Miss Misery,"Point Blank
Sleeper",Sleeper #2,Apr-2003,N,Ed Brubaker,writer,WFH,,,,,,,,,,,,,,,,,,,,,,,,,,,,,,,,,,,,,,,,,,
,,,,,Sean Phillips,"pencils, inks, cover",WFH,,,,,,,,,,,,,,,,,,,,,,,,,,,,,,,,,,,,,,,,,,
,,,,,Tony Avina,color,N/A,,,,,,,,,,,,,,,,,,,,,,,,,,,,,,,,,,,,,,,,,,
,,,,,Randy Mayor,color,N/A,,,,,,,,,,,,,,,,,,,,,,,,,,,,,,,,,,,,,,,,,,
"The Mist
(Kyle Nimbus)","DC Creators Series
(Machinima)","Adventure Comics #67
""The Menace of the Invisible Raiders!""",Oct-1941,N,Alfred Bester,writer,None,,Deceased,,,,,,,,,,,,,,,,,,,,,,,,,,,,,,,,,,,,,,,,
,,,,,Jack Burnley,"pencils, inks, cover",None,,Deceased,,,,,,,,,,,,,,,,,,,,,,,,,,,,,,,,,,,,,,,,
"The Mist
(Nash)","DC Creators Series
(Machinima)",Starman #0,Oct-1994,N,James Robinson,writer,WFH,,,,,,,,,,,,,,,,,,,,,,,,,,,,,,,,,,,,,,,,,,
,,,,,Tony Harris,"pencils, cover",WFH,,,,,,,,,,,,,,,,,,,,,,,,,,,,,,,,,,,,,,,,,,
,,,,,Wade Von Grawbadger,inks,WFH,,,,,,,,,,,,,,,,,,,,,,,,,,,,,,,,,,,,,,,,,,
,,,,,Gregory Wright,color,N/A,,,,,,,,,,,,,,,,,,,,,,,,,,,,,,,,,,,,,,,,,,
Mister Mind,Shazam,"in Fawcett Comics:
Captain Marvel Adventures #22
""The Pearl of Peril""",Aug-1942,N,Otto Binder,writer,None,,See also: Fawcett Purchase Agreements,,,,,,,,,,,,,,,,,,,,,,,,,,,,,,,,,,,,,,,,
,,,,,"Charles Clarence ""C.C."" Beck","pencils, inks, cover pencils",None,,,,,,,,,,,,,,,,,,,,,,,,,,,,,,,,,,,,,,,,,,
,,,,,Pete Costanza,cover inks,None,,,,,,,,,,,,,,,,,,,,,,,,,,,,,,,,,,,,,,,,,,
,,"in DC Comics:
Shazam #2
""The Astonishing Arch-Enemy""",Apr-1973,N,Dennis O'Neil,writer,Creator Recognition,,,,,,,,,,,,,,,,,,,,,,,,,,,,,,,,,,,,,,,,,,
,,,,,"Charles Clarence ""C.C."" Beck","pencils, inks, cover pencils",None,,Deceased,,,,,,,,,,,,,,,,,,,,,,,,,,,,,,,,,,,,,,,,
,,,,,Jack Adler,cover inks,None,,Deceased,,,,,,,,,,,,,,,,,,,,,,,,,,,,,,,,,,,,,,,,
"Mister Miracle
(Thaddeus Brown)",,Mister Miracle #1,Mar-1971,N,Jack Kirby,"writer, pencils, cover pencils",Fourth World Agreement,1982,Deceased,,,,,,,,,,,,,,,,,,,,,,,,,,,,,,,,,,,,,,,,
,,,,,Vince Colletta,"inks, cover inks",None,,Deceased,,,,,,,,,,,,,,,,,,,,,,,,,,,,,,,,,,,,,,,,
"Mister Miracle
(Scott Free)",,Mister Miracle #1,Mar-1971,Y,Jack Kirby,"writer, pencils, cover pencils",Fourth World Agreement,1982,Deceased,,,,,,,,,,,,,,,,,,,,,,,,,,,,,,,,,,,,,,,,
,,,,,Vince Colletta,"inks, cover inks",None,,Deceased,,,,,,,,,,,,,,,,,,,,,,,,,,,,,,,,,,,,,,,,
"Mister Miracle
(Shilo Norman)",,Mister Miracle #15,Aug-1973,N,Jack Kirby,"writer, pencils, cover pencils",Fourth World Agreement,1982,Deceased,,,,,,,,,,,,,,,,,,,,,,,,,,,,,,,,,,,,,,,,
,,,,,Mike Royer,"inks, cover inks",None,,,,,,,,,,,,,,,,,,,,,,,,,,,,,,,,,,,,,,,,,,
Mister Mxyzptlk,Powerless 102,"Superman #30
""The Mysterious Mr. Mxyztplk!""",Sep-1944,N,"Jerome ""Jerry"" Siegel",writer,Settlement,,Deceased Settlement is with heirs.,,,,,,,,,,,,,,,,,,,,,,,,,,,,,,,,,,,,,,,,
,,,,,Joseph Shuster,pencils,Settlement,,Deceased,,,,,,,,,,,,,,,,,,,,,,,,,,,,,,,,,,,,,,,,
,,,,,Ira Yarbrough,"pencils, inks",None,,,,,,,,,,,,,,,,,,,,,,,,,,,,,,,,,,,,,,,,,,
,,,,,Jack Burnley,cover,None,,,,,,,,,,,,,,,,,,,,,,,,,,,,,,,,,,,,,,,,,,
"Mister Roulette
(Rigger Sims)",,"Batman #75
""Mr. Roulette's Greatest Gamble""",Feb-1953,N,David Vern Reed,writer,None,,Deceased,Cleared by Jay for Creative for use as Featured Character in Space Cabbie Series 03/23/21,,,,,,,,,,,,,,,,,,,,,,,,,,,,,,,,,,,,,,,
,,,,,Dick Sprang,pencils,None,,"Deceased
Dick Sprang’s beneficiary is Yavapai Symphony Association. We’ve been paying Yavapai Symphony Association since 2000 for Dick Sprang’s royalties.",,,,,,,,,,,,,,,,,,,,,,,,,,,,,,,,,,,,,,,,
,,,,,Charles Paris,inks,None,,Deceased,,,,,,,,,,,,,,,,,,,,,,,,,,,,,,,,,,,,,,,,
,,,,,J. Winslow Mortimer,cover,None,,Deceased,,,,,,,,,,,,,,,,,,,,,,,,,,,,,,,,,,,,,,,,
Mister Tawky Tawny,Shazam,"in Fawcett Comics:
Captain Marvel Adventures #79
""The Talking Tiger""",Dec-1947,N,Otto Binder,writer,None,,See also: Fawcett Purchase Agreements,,,,,,,,,,,,,,,,,,,,,,,,,,,,,,,,,,,,,,,,
,,,,,"Charles Clarence ""C.C."" Beck","pencils, inks, cover",None,,,,,,,,,,,,,,,,,,,,,,,,,,,,,,,,,,,,,,,,,,
,,"in DC Comics:
Shazam! #1",Feb-1973,N,Dennis O'Neil,writer,Creator Recognition,,,,,,,,,,,,,,,,,,,,,,,,,,,,,,,,,,,,,,,,,,
,,,,,"Charles Clarence ""C.C."" Beck","pencils, inks, cover",None,,Deceased,,,,,,,,,,,,,,,,,,,,,,,,,,,,,,,,,,,,,,,,
Mister Toad,"Gotham 308
*character used in show is ""not intended to be"" this character",Batman & Robin #1,Aug-2009,N,Grant Morrison,writer,WFH; Exclusive,2011,,,,,,,,,,,,,,,,,,,,,,,,,,,,,,,,,,,,,,,,,
,,,,,"Vincent Deighan
(Frank Quitely)","pencils, inks, cover",WFH,2011,,,,,,,,,,,,,,,,,,,,,,,,,,,,,,,,,,,,,,,,,
,,,,,Alex Sinclair,color,Exclusive,,,,,,,,,,,,,,,,,,,,,,,,,,,,,,,,,,,,,,,,,,
Mitch Hoberman,,"Action Comics Weekly #601
""Listening to the Mockingbird""",1988,N,Martin Pasko,writer,WFH,,,,,,,,,,,,,,,,,,,,,,,,,,,,,,,,,,,,,,,,,,
,,,,,Dan Spiegle,"pencils, inks",WFH,,,,,,,,,,,,,,,,,,,,,,,,,,,,,,,,,,,,,,,,,,
,,,,,Dave Gibbons,cover,WFH,,,,,,,,,,,,,,,,,,,,,,,,,,,,,,,,,,,,,,,,,,
,,,,,Carl Gafford,color,N/A,,,,,,,,,,,,,,,,,,,,,,,,,,,,,,,,,,,,,,,,,,
"Mnemosyne
(Titan)",,New Teen Titans #11,Sep-1981,N,Marv Wolfman,writer,Exclusive,,,,,,,,,,,,,,,,,,,,,,,,,,,,,,,,,,,,,,,,,,
,,,,,George Perez,"pencils, cover",Exclusive,,,,,,,,,,,,,,,,,,,,,,,,,,,,,,,,,,,,,,,,,,
,,,,,Romeo Tanghal,inks,Exclusive,,,,,,,,,,,,,,,,,,,,,,,,,,,,,,,,,,,,,,,,,,
,,,,,Adrienne Roy,color,N/A,,,,,,,,,,,,,,,,,,,,,,,,,,,,,,,,,,,,,,,,,,
"Mnemosyne
(Amazon)","Wonder Woman
(2017)",Wonder Woman #10,Nov-1987,N,George Perez,"plot, pencils, cover",Continuity,,,,,,,,,,,,,,,,,,,,,,,,,,,,,,,,,,,,,,,,,,
,,,,,Len Wein,script,WFH,,Deceased,,,,,,,,,,,,,,,,,,,,,,,,,,,,,,,,,,,,,,,,
,,,,,Bruce Patterson,inks,WFH,,,,,,,,,,,,,,,,,,,,,,,,,,,,,,,,,,,,,,,,,,
,,,,,Carl Gafford,color,N/A,,,,,,,,,,,,,,,,,,,,,,,,,,,,,,,,,,,,,,,,,,
"Mob Rule
(Manuel Lago)",Flash 501,Flash #1,Nov-2011,N,Francis Manapul,"writer, pencils, inks, cover",WFH,2011,,,,,,,,,,,,,,,,,,,,,,,,,,,,,,,,,,,,,,,,,
,,,,,Brian Buccellato,"writer, color",WFH,2011,,,,,,,,,,,,,,,,,,,,,,,,,,,,,,,,,,,,,,,,,
"Mockingbird
(August Durant)",,"as August Durant:
Secret Six #1",Apr-1968,Y,E. Nelson Bridwell,writer,N/A,,"Bridwell was an employee of DC at this time.
Deceased",,,,,,,,,,,,,,,,,,,,,,,,,,,,,,,,,,,,,,,,
,,,,,Frank Springer,"pencils, inks, cover",None,,Deceased,,,,,,,,,,,,,,,,,,,,,,,,,,,,,,,,,,,,,,,,
,,"as Mockingbird:
Action Comics Weekly #601
""Listening to the Mockingbird""",1988,N,Martin Pasko,writer,WFH,,,,,,,,,,,,,,,,,,,,,,,,,,,,,,,,,,,,,,,,,,
,,,,,Dan Spiegle,"pencils, inks",WFH,,,,,,,,,,,,,,,,,,,,,,,,,,,,,,,,,,,,,,,,,,
,,,,,Dave Gibbons,cover,WFH,,,,,,,,,,,,,,,,,,,,,,,,,,,,,,,,,,,,,,,,,,
,,,,,Carl Gafford,color,N/A,,,,,,,,,,,,,,,,,,,,,,,,,,,,,,,,,,,,,,,,,,
"Mockingbird
(Carlo Di Rienzi)",,"as Carlo DiRienzi:
Secret Six #1",Apr-1968,Y,E. Nelson Bridwell,writer,N/A,,"Bridwell was an employee of DC at this time.
Deceased",,,,,,,,,,,,,,,,,,,,,,,,,,,,,,,,,,,,,,,,
,,,,,Frank Springer,"pencils, inks, cover",None,,Deceased,,,,,,,,,,,,,,,,,,,,,,,,,,,,,,,,,,,,,,,,
,,"as Mockingbird:
Action Comics Weekly #628
""Remains To Be Seen""",1988,N,Martin Pasko,writer,None,,,,,,,,,,,,,,,,,,,,,,,,,,,,,,,,,,,,,,,,,,
,,,,,Frank Springer,pencils,WFH,,,,,,,,,,,,,,,,,,,,,,,,,,,,,,,,,,,,,,,,,,
,,,,,Frank McLaughlin,inks,None,,,,,,,,,,,,,,,,,,,,,,,,,,,,,,,,,,,,,,,,,,
,,,,,George Pratt,cover,None,,,,,,,,,,,,,,,,,,,,,,,,,,,,,,,,,,,,,,,,,,
,,,,,Carl Gafford,color,N/A,,,,,,,,,,,,,,,,,,,,,,,,,,,,,,,,,,,,,,,,,,
Moira Queen,,Green Arrow Annual #7,Sep-1995,N,Chuck Dixon,writer,WFH,,Note that there is some dispute over the first appearance see DCBL 268495,,,,,,,,,,,,,,,,,,,,,,,,,,,,,,,,,,,,,,,,
,,,,,Rick Burchett,pencils,WFH,,,,,,,,,,,,,,,,,,,,,,,,,,,,,,,,,,,,,,,,,,
,,,,,Chris Renaud,pencils,WFH,,,,,,,,,,,,,,,,,,,,,,,,,,,,,,,,,,,,,,,,,,
,,,,,Eduardo Barreto,inks,WFH,,,,,,,,,,,,,,,,,,,,,,,,,,,,,,,,,,,,,,,,,,
,,,,,Gerry Fernandez,inks,WFH,,,,,,,,,,,,,,,,,,,,,,,,,,,,,,,,,,,,,,,,,,
,,"Green Arrow: Secret Files and Origins #1
“The Mantle”",Oct-2002,N,Scott McCullar,writer,WFH,,,,,,,,,,,,,,,,,,,,,,,,,,,,,,,,,,,,,,,,,,
,,,,,Rick Burchett,pencils,WFH,,,,,,,,,,,,,,,,,,,,,,,,,,,,,,,,,,,,,,,,,,
,,,,,Dan Davis,inks,WFH,,,,,,,,,,,,,,,,,,,,,,,,,,,,,,,,,,,,,,,,,,
"Mon-El
(Lar Gand)",Supergirl 202,"Superboy #89
""Superboy's Big Brother""",Jun-1961,Y,Robert Bernstein,writer,None,,Deceased,,,,,,,,,,,,,,,,,,,,,,,,,,,,,,,,,,,,,,,,
,,,,,George Papp,"pencils, inks",None,,Deceased,,,,,,,,,,,,,,,,,,,,,,,,,,,,,,,,,,,,,,,,
,,,,,Curt Swan,cover pencils,None,,Deceased,,,,,,,,,,,,,,,,,,,,,,,,,,,,,,,,,,,,,,,,
,,,,,Stan Kaye,cover inks,None,,Deceased,,,,,,,,,,,,,,,,,,,,,,,,,,,,,,,,,,,,,,,,
Mongal,Suicide Squad 2,"as unnamed infant:
Showcase '95 #8
""Exit to Eden Part 2""",Sep-1995,N,Peter J. Tomasi,writer,WFH,,,,,,,,,,,,,,,,,,,,,,,,,,,,,,,,,,,,,,,,,,
,,,,,Scot Eaton,pencils,WFH,,,,,,,,,,,,,,,,,,,,,,,,,,,,,,,,,,,,,,,,,,
,,,,,Pam Eklund,inks,WFH,,,,,,,,,,,,,,,,,,,,,,,,,,,,,,,,,,,,,,,,,,
,,,,,Dan Jurgens,cover pencils,WFH,,,,,,,,,,,,,,,,,,,,,,,,,,,,,,,,,,,,,,,,,,
,,,,,Terry Austin,cover inks,WFH,,,,,,,,,,,,,,,,,,,,,,,,,,,,,,,,,,,,,,,,,,
,,,,,David Grafe,color,N/A,,,,,,,,,,,,,,,,,,,,,,,,,,,,,,,,,,,,,,,,,,
,,"as Mongal:
Superman #170",Jul-2001,N,Jeph Loeb,writer,Continuity Writer,,,,,,,,,,,,,,,,,,,,,,,,,,,,,,,,,,,,,,,,,,
,,,,,Dale Keown,pencils,WFH,,,,,,,,,,,,,,,,,,,,,,,,,,,,,,,,,,,,,,,,,,
,,,,,Cam Smith,"inks, cover inks",WFH,,,,,,,,,,,,,,,,,,,,,,,,,,,,,,,,,,,,,,,,,,
,,,,,Ed McGuinness,cover pencils,Continuity Artist,,,,,,,,,,,,,,,,,,,,,,,,,,,,,,,,,,,,,,,,,,
,,,,,Richard Horie,color,N/A,,,,,,,,,,,,,,,,,,,,,,,,,,,,,,,,,,,,,,,,,,
,,,,,Tanya Horie,color,N/A,,,,,,,,,,,,,,,,,,,,,,,,,,,,,,,,,,,,,,,,,,
Mongul,,"DC Comics Presents #27
""The Key That Unlocked Chaos""",Nov-1980,Y,Len Wein,writer,None,1995,Deceased,,,,,,,,,,,,,,,,,,,,,,,,,,,,,,,,,,,,,,,,
,,,,,Jim Starlin,"pencils, cover",None,1996,,,,,,,,,,,,,,,,,,,,,,,,,,,,,,,,,,,,,,,,,
,,,,,Dick Giordano,inks,Exclusive,,"Giordano may have been an employee of DC at this time.
Deceased",,,,,,,,,,,,,,,,,,,,,,,,,,,,,,,,,,,,,,,,
,,,,,Jerry Serpe,color,N/A,,,,,,,,,,,,,,,,,,,,,,,,,,,,,,,,,,,,,,,,,,
The Monitor,Arrow 709,"New Teen Titans #21
""Beware the Wrath of… Brother Blood""",Jul-1982,N,Marv Wolfman,writer,Exclusive,2004,,,,,,,,,,,,,,,,,,,,,,,,,,,,,,,,,,,,,,,,,
,,,,,George Perez,"pencils, cover",Exclusive,2004,,,,,,,,,,,,,,,,,,,,,,,,,,,,,,,,,,,,,,,,,
,,,,,Romeo Tanghal,inks,Exclusive,,,,,,,,,,,,,,,,,,,,,,,,,,,,,,,,,,,,,,,,,,
,,,,,Adrienne Roy,color,Exclusive,,Deceased,,,,,,,,,,,,,,,,,,,,,,,,,,,,,,,,,,,,,,,,
The Morae,,,,N,,writer,,,,,,,,,,,,,,,,,,,,,,,,,,,,,,,,,,,,,,,,,,,
,,,,,,"pencils, cover",,,,,,,,,,,,,,,,,,,,,,,,,,,,,,,,,,,,,,,,,,,
,,,,,,inks,,,,,,,,,,,,,,,,,,,,,,,,,,,,,,,,,,,,,,,,,,,
,,,,,,color,,,Deceased,,,,,,,,,,,,,,,,,,,,,,,,,,,,,,,,,,,,,,,,
"Morgan Edge
(Morgan Edelstein)",Supergirl 301,"Superman's Pal, Jimmy Olsen #133",Oct-1970,N,Jack Kirby,"writer, pencils, cover pencils",None,,Deceased,,,,,,,,,,,,,,,,,,,,,,,,,,,,,,,,,,,,,,,,
,,,,,Vince Colletta,"writer, inks, cover inks",None,,,,,,,,,,,,,,,,,,,,,,,,,,,,,,,,,,,,,,,,,,
Mother,Gotham 422,"Batman Day Special #1
""The End of the Beginning""
*preview pages for Batman & Robin Eternal #1*",Oct-2015,N,Scott Snyder,writer,Exclusive,,,,,,,,,,,,,,,,,,,,,,,,,,,,,,,,,,,,,,,,,,
,,,,,James Tynion IV,writer,WFH,2017,,,,,,,,,,,,,,,,,,,,,,,,,,,,,,,,,,,,,,,,,
,,,,,Tony S. Daniel,"pencils, cover pencils",WFH,,Character equity agreement sent; not yet signed,,,,,,,,,,,,,,,,,,,,,,,,,,,,,,,,,,,,,,,,
,,,,,Sandu Florea,"inks, cover inks",WFH,,,,,,,,,,,,,,,,,,,,,,,,,,,,,,,,,,,,,,,,,,
,,,,,Tomeu Morey,color,WFH,,,,,,,,,,,,,,,,,,,,,,,,,,,,,,,,,,,,,,,,,,
Mother Boxes,"Justice League
(2017)",Forever People #1,Feb-1971,N,Jack Kirby,"writer, pencils, cover pencils",Fourth World Agreement,1982,Deceased,,,,,,,,,,,,,,,,,,,,,,,,,,,,,,,,,,,,,,,,
,,,,,Vince Colletta,"inks, cover inks",None,,,,,,,,,,,,,,,,,,,,,,,,,,,,,,,,,,,,,,,,,,
"Mother Mayhem
(May Bennett)",,"New Teen Titans #21
""Beware the Wrath of… Brother Blood""",Jul-1982,N,Marv Wolfman,writer,Exclusive,1983,,,,,,,,,,,,,,,,,,,,,,,,,,,,,,,,,,,,,,,,,
,,,,,George Perez,"pencils, cover",Exclusive,1983,,,,,,,,,,,,,,,,,,,,,,,,,,,,,,,,,,,,,,,,,
,,,,,Romeo Tanghal,inks,Exclusive,,,,,,,,,,,,,,,,,,,,,,,,,,,,,,,,,,,,,,,,,,
,,,,,Adrienne Roy,color,Exclusive,,Deceased,,,,,,,,,,,,,,,,,,,,,,,,,,,,,,,,,,,,,,,,
"Mr. Banjo
(Kurt Filpots)",Plastic Man,"in Fawcett Comics:
Captain Marvel Adventures #8
""The Amazing Case of the Clue in Music""",Mar-1942,N,"Charles Clarence ""C.C."" Beck","pencils, inks, cover pencils",None,,See also: Fawcett Purchase Agreements,,,,,,,,,,,,,,,,,,,,,,,,,,,,,,,,,,,,,,,,
,,,,,Pete Costanza,cover inks,None,,,,,,,,,,,,,,,,,,,,,,,,,,,,,,,,,,,,,,,,,,
,,"in DC Comics:
DC Comics Presents #34",Jun-1981,N,Roy Thomas,writer,Exclusive,,,,,,,,,,,,,,,,,,,,,,,,,,,,,,,,,,,,,,,,,,
,,,,,Rich F. Buckler,"pencils, cover pencils",Exclusive,,,,,,,,,,,,,,,,,,,,,,,,,,,,,,,,,,,,,,,,,,
,,,,,Dick Giordano,"inks, cover inks",N/A,,"Giordano may have been an employee of DC at this time.
Deceased",,,,,,,,,,,,,,,,,,,,,,,,,,,,,,,,,,,,,,,,
,,,,,Gene D'Angelo,color,N/A,,,,,,,,,,,,,,,,,,,,,,,,,,,,,,,,,,,,,,,,,,
Mr. Barker,"Point Blank
Sleeper",Sleeper: Season 2 #6,Jan-2005,N,Ed Brubaker,writer,WFH,,,,,,,,,,,,,,,,,,,,,,,,,,,,,,,,,,,,,,,,,,
,,,,,Sean Phillips,"pencils, inks, cover",WFH,,,,,,,,,,,,,,,,,,,,,,,,,,,,,,,,,,,,,,,,,,
,,,,,Carrie Strachan,color,N/A,,,,,,,,,,,,,,,,,,,,,,,,,,,,,,,,,,,,,,,,,,
"Mr. Freeze
(Mr. Zero; Victor Fries)",Lego Batman,"as Mr. Zero:
Batman #121
""The Ice Crimes of Mr. Zero""",Feb-1959,Y,Dave Wood,writer,None,,Deceased,,,,,,,,,,,,,,,,,,,,,,,,,,,,,,,,,,,,,,,,
,,,,,Sheldon Moldoff,pencils,None,,"Deceased
Per the library and Wayne Smith (Corp. Legal), please check to see if Bob Kane should also be included in credits.",,,,,,,,,,,,,,,,,,,,,,,,,,,,,,,,,,,,,,,,
,,,,,Charles Paris,inks,None,,Deceased,,,,,,,,,,,,,,,,,,,,,,,,,,,,,,,,,,,,,,,,
,,,,,Curt Swan,cover pencils,None,,Deceased,,,,,,,,,,,,,,,,,,,,,,,,,,,,,,,,,,,,,,,,
,,,,,Stan Kaye,cover inks,None,,Deceased,,,,,,,,,,,,,,,,,,,,,,,,,,,,,,,,,,,,,,,,
,,"as Mr. Freeze:
Detective Comics #373
""Mr. Freeze's Chilling Deathtrap""",Mar-1968,Y,Gardner F. Fox,writer,Creator Recognition,2009,Deceased Creator recognition agreement with is with heirs.,,,,,,,,,,,,,,,,,,,,,,,,,,,,,,,,,,,,,,,,
,,,,,Bob Kane,pencils,Services Agreements,,Deceased,,,,,,,,,,,,,,,,,,,,,,,,,,,,,,,,,,,,,,,,
,,,,,Chic Stone,pencils,None,,"According to the GCD, although Kane was paid for this work, the pencil art in this issue was done by Stone.",,,,,,,,,,,,,,,,,,,,,,,,,,,,,,,,,,,,,,,,
,,,,,Sid Greene,inks,None,,Deceased,,,,,,,,,,,,,,,,,,,,,,,,,,,,,,,,,,,,,,,,
,,,,,Irv Novick,cover,N/A,,"Novick was an employee of DC from 5/9/67 - 12/28/84.
Deceased",,,,,,,,,,,,,,,,,,,,,,,,,,,,,,,,,,,,,,,,
Mr. Majestic,"Point Blank
Sleeper",WildC.A.T.S.: Covert Action Teams #11,Jun-1994,N,Chris Claremont,writer,None,,See also: WildStorm Asset Purchase Agreement,,,,,,,,,,,,,,,,,,,,,,,,,,,,,,,,,,,,,,,,
,,,,,H.K. Proeger,writer,None,,,,,,,,,,,,,,,,,,,,,,,,,,,,,,,,,,,,,,,,,,
,,,,,Ryan Benjamin,pencils,None,,,,,,,,,,,,,,,,,,,,,,,,,,,,,,,,,,,,,,,,,,
,,,,,Jim Lee,pencils,WildStorm Employment Agreement,,,,,,,,,,,,,,,,,,,,,,,,,,,,,,,,,,,,,,,,,,
,,,,,Tom McWeeney,inks,None,,,,,,,,,,,,,,,,,,,,,,,,,,,,,,,,,,,,,,,,,,
,,,,,Scott Williams,inks,WFH,,,,,,,,,,,,,,,,,,,,,,,,,,,,,,,,,,,,,,,,,,
,,,,,Joe Chiodo,color,N/A,,,,,,,,,,,,,,,,,,,,,,,,,,,,,,,,,,,,,,,,,,
"Mr. Terrific
(Terry Sloane)",Arrow 403,"Sensation Comics #1
""Who Is Mr. Terrific?""",Jan-1942,N,Charles Reizenstein,writer,Writer,,Deceased,,,,,,,,,,,,,,,,,,,,,,,,,,,,,,,,,,,,,,,,
,,,,,Harold Wilson Sharp,"pencils, inks",Artist,,Deceased,,,,,,,,,,,,,,,,,,,,,,,,,,,,,,,,,,,,,,,,
,,,,,Harry G. Peter,cover,None,,Deceased,,,,,,,,,,,,,,,,,,,,,,,,,,,,,,,,,,,,,,,,
"Mr. Terrific
(Michael Holt)",Arrow 403,The Spectre #54,Jun-1997,N,John Ostrander,writer,Continuity,,,,,,,,,,,,,,,,,,,,,,,,,,,,,,,,,,,,,,,,,,
,,,,,Tom Mandrake,"pencils, inks",Continuity,,,,,,,,,,,,,,,,,,,,,,,,,,,,,,,,,,,,,,,,,,
,,,,,Richard Corben,cover,WFH,,,,,,,,,,,,,,,,,,,,,,,,,,,,,,,,,,,,,,,,,,
,,,,,Carla Feeny,color,N/A,,,,,,,,,,,,,,,,,,,,,,,,,,,,,,,,,,,,,,,,,,
Mr. Who,Plastic Man,"More Fun Comics #73
""Mr. Who""",Nov-1941,N,Gardner F. Fox,writer,Creator Recognition,,Deceased Creator recognition agreement with is with heirs.,,,,,,,,,,,,,,,,,,,,,,,,,,,,,,,,,,,,,,,,
,,,,,"Howard ""Hal"" Sherman","pencils, inks, cover",None,,,,,,,,,,,,,,,,,,,,,,,,,,,,,,,,,,,,,,,,,,
Mr. Who,Plastic Man,"World's Finest #31
""The Who Zoo Crimes""",Nov-1947,N,George Papp,"pencils, inks",None,,Deceased,,,,,,,,,,,,,,,,,,,,,,,,,,,,,,,,,,,,,,,,
,,,,,Jack Burnley,cover pencils,None,,Deceased,,,,,,,,,,,,,,,,,,,,,,,,,,,,,,,,,,,,,,,,
,,,,,Charles Paris,cover inks,None,,Deceased,,,,,,,,,,,,,,,,,,,,,,,,,,,,,,,,,,,,,,,,
"Mr. Who
(""Czar"" Gargan)",Plastic Man,"in Fawcett Comics:
The Marvel Family #22
""The Triple Threat""",Apr-1948,N,Otto Binder,writer,None,,"See also: Fawcett Purchase Agreements
This character has never been published in DC Comics.",,,,,,,,,,,,,,,,,,,,,,,,,,,,,,,,,,,,,,,,
,,,,,Pete Costanza,"pencils, inks, cover",None,,,,,,,,,,,,,,,,,,,,,,,,,,,,,,,,,,,,,,,,,,
"Mr. Who
(Peter Wayne)",Plastic Man,"in Fawcett Comics:
Bulletman #14
""Mr. Who""",Mar-1946,N,Otto Binder,writer,None,,"See also: Fawcett Purchase Agreements
This character has never been published in DC Comics.",,,,,,,,,,,,,,,,,,,,,,,,,,,,,,,,,,,,,,,,
,,,,,Jack Binder,"pencils, inks, cover",None,,,,,,,,,,,,,,,,,,,,,,,,,,,,,,,,,,,,,,,,,,
Mt. Pride Observatory,Supergirl 203,Justice Society of America #1,Apr-1991,N,Len Strazewski,writer,WFH,,,,,,,,,,,,,,,,,,,,,,,,,,,,,,,,,,,,,,,,,,
,,,,,Rick Burchett,"pencils, inks",WFH,,,,,,,,,,,,,,,,,,,,,,,,,,,,,,,,,,,,,,,,,,
,,,,,Tom Lyle,cover,WFH,,,,,,,,,,,,,,,,,,,,,,,,,,,,,,,,,,,,,,,,,,
,,,,,Thomas Ziuko,color,N/A,,,,,,,,,,,,,,,,,,,,,,,,,,,,,,,,,,,,,,,,,,
Mummer,Gotham 420,"Adventure Comics #148
""Superboy Meets the Mummer""",Jan-1950,N,Don Cameron,writer,None,,Deceased,,,,,,,,,,,,,,,,,,,,,,,,,,,,,,,,,,,,,,,,
,,,,,John Sikela,"pencils, inks",None,,Deceased,,,,,,,,,,,,,,,,,,,,,,,,,,,,,,,,,,,,,,,,
,,,,,Al Plastino,cover,None,,Deceased,,,,,,,,,,,,,,,,,,,,,,,,,,,,,,,,,,,,,,,,
"Murder of Crows
(Old Crow, Crows #1-5)",Arrow 709,Batwoman #0,Nov-2012,N,J.H. Williams III,"co-writer, pencils, inks, cover",WFH,2016,,,,,,,,,,,,,,,,,,,,,,,,,,,,,,,,,,,,,,,,,
,,,,,W. Haden Blackman,co-writer,WFH,2016,,,,,,,,,,,,,,,,,,,,,,,,,,,,,,,,,,,,,,,,,
,,,,,Dave Stewart,color,NA,,,,,,,,,,,,,,,,,,,,,,,,,,,,,,,,,,,,,,,,,,
Mutant Leader,Lego Batman,Batman: The Dark Knight Returns,Feb-1986,N,Frank Miller,"writer, pencils, cover",Graphic Novel,,,,,,,,,,,,,,,,,,,,,,,,,,,,,,,,,,,,,,,,,,
,,,,,Klaus Janson,inks,WFH,,,,,,,,,,,,,,,,,,,,,,,,,,,,,,,,,,,,,,,,,,
,,,,,Lynn Varley,color,None,,We understand that Varley's work was subcontracted through Miller.,,,,,,,,,,,,,,,,,,,,,,,,,,,,,,,,,,,,,,,,
Myrina,"Justice League
(2017)","Divergence #1
""Darkseid War, Prologue Two: The Other Amazon""",Jun-2015,N,Geoff Johns,writer,WFH,,"WFH agreements are for ""Justice League #41"" per Danny Alonzo",,,,,,,,,,,,,,,,,,,,,,,,,,,,,,,,,,,,,,,,
,,,,,Jason Fabok,"pencils, inks",WFH,,,,,,,,,,,,,,,,,,,,,,,,,,,,,,,,,,,,,,,,,,
,,,,,Brad Anderson,color,WFH,,,,,,,,,,,,,,,,,,,,,,,,,,,,,,,,,,,,,,,,,,
"Myrra Rhodes
(Medusa)",,"Weird War Tales #110
""A Mirror For Monsters""",Apr-1982,Y,Robert Kanigher,writer,None,,"Robert Kanigher was employed by DCE from 2/3/1947 - 5/31/1982.
Deceased",,,,,,,,,,,,,,,,,,,,,,,,,,,,,,,,,,,,,,,,
,,,,,Dan Spiegle,"pencils, inks",None,,,,,,,,,,,,,,,,,,,,,,,,,,,,,,,,,,,,,,,,,,
,,,,,"Rich Buckler, Sr.",cover pencils,Exclusive,,,,,,,,,,,,,,,,,,,,,,,,,,,,,,,,,,,,,,,,,,
,,,,,Romeo Tanghal,cover inks,Exclusive,,,,,,,,,,,,,,,,,,,,,,,,,,,,,,,,,,,,,,,,,,
,,,,,Jerry Serpe,color,N/A,,Deceased,,,,,,,,,,,,,,,,,,,,,,,,,,,,,,,,,,,,,,,,
Nabu,,"More Fun Comics #67
""The Origin of… Doctor Fate""",May-1941,N,Gardner F. Fox,writer,Creator Recognition,2009,Deceased Creator recognition agreement with is with heirs.,,,,,,,,,,,,,,,,,,,,,,,,,,,,,,,,,,,,,,,,
,,,,,Howard Sherman,"pencils, inks",None,,,,,,,,,,,,,,,,,,,,,,,,,,,,,,,,,,,,,,,,,,
,,,,,Bernard Baily,cover,None,,Deceased,,,,,,,,,,,,,,,,,,,,,,,,,,,,,,,,,,,,,,,,
"Naomi
(Naomi McDuffie)",,Naomi #1,Mar-2019,Y,Brian Michael Bendis ,writer,WFH,YES,BA and Legal should be included in discussions early as there are additional obligations to Bendis. ,,,,,,,,,,,,,,,,,,,,,,,,,,,,,,,,,,,,,,,,
,,,,,David F. Walker,writer,WFH,,,,,,,,,,,,,,,,,,,,,,,,,,,,,,,,,,,,,,,,,,
,,,,,Jamal Campbell,"pencils, inks, color",WFH,,,,,,,,,,,,,,,,,,,,,,,,,,,,,,,,,,,,,,,,,,
Nathan Cobblepot,"Gotham 205
(10/19/2015)",Gotham Underground #9,Aug-2008,N,Frank Tieri,writer,WFH,,,,,,,,,,,,,,,,,,,,,,,,,,,,,,,,,,,,,,,,,,
,,,,,Jim Calafiore,"pencils, cover",WFH,,,,,,,,,,,,,,,,,,,,,,,,,,,,,,,,,,,,,,,,,,
,,,,,Jack Purcell,inks,WFH,,,,,,,,,,,,,,,,,,,,,,,,,,,,,,,,,,,,,,,,,,
,,,,,Brian Reber,color,N/A,,,,,,,,,,,,,,,,,,,,,,,,,,,,,,,,,,,,,,,,,,
Nathan Ellery,Swamp Thing 107,Swamp Thing #1,Oct-1972,N,Len Wein,writer,Settlement,2009,Deceased,,,,,,,,,,,,,,,,,,,,,,,,,,,,,,,,,,,,,,,,
,,,,,Berni Wrightson,"pencils, inks, cover",Settlement,2009,Deceased,,,,,,,,,,,,,,,,,,,,,,,,,,,,,,,,,,,,,,,,
Nathaniel Oberst,"Point Blank
Sleeper",Sleeper #4,Jun-2003,N,Ed Brubaker,writer,WFH,,,,,,,,,,,,,,,,,,,,,,,,,,,,,,,,,,,,,,,,,,
,,,,,Sean Phillips,"pencils, inks, cover",WFH,,,,,,,,,,,,,,,,,,,,,,,,,,,,,,,,,,,,,,,,,,
,,,,,Tony Avina,color,N/A,,,,,,,,,,,,,,,,,,,,,,,,,,,,,,,,,,,,,,,,,,
Necrus,Necrus,Aquaman #30 ,Dec-1966,N,Bob Haney,writer,Contributor Recognition,,Deceased Contributor Recognition Agreement is with heirs. (DCBL #182646),,,,,,,,,,,,,,,,,,,,,,,,,,,,,,,,,,,,,,,,
,,,,,"Nicholas Viscardi
(Nick Cardy)","pencils, inks, cover",None,,Deceased,,,,,,,,,,,,,,,,,,,,,,,,,,,,,,,,,,,,,,,,
"Negative Man
(Larry Trainor)",Doom Patrol,My Greatest Adventure #80,Jun-1963,Y,Arnold Drake,writer,None,2006,Deceased,,,,,,,,,,,,,,,,,,,,,,,,,,,,,,,,,,,,,,,,
,,,,,Bob Haney,writer,Contributor Recognition,,Deceased Contributor Recognition Agreement is with heirs.,,,,,,,,,,,,,,,,,,,,,,,,,,,,,,,,,,,,,,,,
,,,,,Bruno Premiani,"pencils, inks, cover",None,,Deceased,,,,,,,,,,,,,,,,,,,,,,,,,,,,,,,,,,,,,,,,
New Gods,,New Gods #1,Mar-1971,Y,Jack Kirby,"writer, pencils, cover pencils",Fourth World Agreement,1982,Deceased,,,,,,,,,,,,,,,,,,,,,,,,,,,,,,,,,,,,,,,,
,,,,,Vince Colletta,inks,None,,Deceased,,,,,,,,,,,,,,,,,,,,,,,,,,,,,,,,,,,,,,,,
,,,,,Frank Giacoia,cover inks,None,,Deceased,,,,,,,,,,,,,,,,,,,,,,,,,,,,,,,,,,,,,,,,
Nicholas Kotero,Arrow 710,Green Arrow #124,Sep-1997,N,Chuck Dixon,writer,Continuity Writer,,,,,,,,,,,,,,,,,,,,,,,,,,,,,,,,,,,,,,,,,,
,,,,,Will Rosado,pencils,WFH,,,,,,,,,,,,,,,,,,,,,,,,,,,,,,,,,,,,,,,,,,
,,,,,Robert Campanella,"inks, cover inks",WFH,,,,,,,,,,,,,,,,,,,,,,,,,,,,,,,,,,,,,,,,,,
,,,,,Sal Buscema,inks,WFH,,,,,,,,,,,,,,,,,,,,,,,,,,,,,,,,,,,,,,,,,,
,,,,,Rodolfo Damaggio,cover pencils,WFH,,,,,,,,,,,,,,,,,,,,,,,,,,,,,,,,,,,,,,,,,,
,,,,,Lee Loughridge,color,N/A,,,,,,,,,,,,,,,,,,,,,,,,,,,,,,,,,,,,,,,,,,
"Nicholas Nolan
(Nick Necro; Nicholas Edgar Nolan)",,"Justice League Dark #12
""War for the Books of Magic, Part 1""",Oct-2012,N,Jeff Lemire,writer,WFH,,,,,,,,,,,,,,,,,,,,,,,,,,,,,,,,,,,,,,,,,,
,,,,,Mikel Janin,"pencils, inks",WFH,,,,,,,,,,,,,,,,,,,,,,,,,,,,,,,,,,,,,,,,,,
"Night Force
(Baron Winters; Vanessa van Helsing, Donovan Caine, Jack Gold)",,"New Teen Titans #21
""Night Force""",Jul-1982,N,Marv Wolfman,writer,Writer,,,,,,,,,,,,,,,,,,,,,,,,,,,,,,,,,,,,,,,,,,
,,,,,Eugene Colan,"pencils, cover pencils",Exclusive,,Deceased,,,,,,,,,,,,,,,,,,,,,,,,,,,,,,,,,,,,,,,,
,,,,,Robert L. Smith,"inks, cover inks",None,,,,,,,,,,,,,,,,,,,,,,,,,,,,,,,,,,,,,,,,,,
,,,,,Michele Wolfman,color,N/A,,,,,,,,,,,,,,,,,,,,,,,,,,,,,,,,,,,,,,,,,,
"Nighthawk
(Hannibal Hawkes)",,"Western Comics #5
""The Lair of the Timberwolf""",Sep-1948,N,Joe Millard*,writer,None,,Deceased,*There is some question as to the actual writer for this issue as some evidence suggests that it was actually Robert Kanigher (who was an employee at the time). Wayne approved use for All-Star Western,,,,,,,,,,,,,,,,,,,,,,,,,,,,,,,,,,,,,,,
,,,,,Charles Paris,"pencils, inks",None,,Deceased,,,,,,,,,,,,,,,,,,,,,,,,,,,,,,,,,,,,,,,,
,,,,,Howard Sherman,cover,None,,,,,,,,,,,,,,,,,,,,,,,,,,,,,,,,,,,,,,,,,,
"Nightmaster
(James ""Jim"" Rook)",Dark Universe,Showcase #82,May-1969,Y,Denny O'Neil,writer,Creator Recognition,,,,,,,,,,,,,,,,,,,,,,,,,,,,,,,,,,,,,,,,,,
,,,,,"Jerry Grandenetti
(Charles J. Grandenetti)",pencils,None,,,,,,,,,,,,,,,,,,,,,,,,,,,,,,,,,,,,,,,,,,
,,,,,Dick Giordano,inks,N/A,,"Giordano may have been an employee of DC at this time.
Deceased",,,,,,,,,,,,,,,,,,,,,,,,,,,,,,,,,,,,,,,,
,,,,,Joe Kubert,cover,None,,Deceased,,,,,,,,,,,,,,,,,,,,,,,,,,,,,,,,,,,,,,,,
Nightrunner,,Detective Comics Annual #12,Feb-2011,N,David Hine,writer,WFH,,,,,,,,,,,,,,,,,,,,,,,,,,,,,,,,,,,,,,,,,,
,,,,,Agustin Padilla,"pencils, inks",WFH,,,,,,,,,,,,,,,,,,,,,,,,,,,,,,,,,,,,,,,,,,
"Nightshade
(Ramulus)",Plastic Man,"World's Finest #6
""The Adventure of the Magic Forest""",Jun-1942,N,Jack Kirby,"writer, pencils",None,,Deceased,,,,,,,,,,,,,,,,,,,,,,,,,,,,,,,,,,,,,,,,
,,,,,Joe Simon,inks,None,,Deceased,,,,,,,,,,,,,,,,,,,,,,,,,,,,,,,,,,,,,,,,
,,,,,Fred Ray,cover,None,,Deceased,,,,,,,,,,,,,,,,,,,,,,,,,,,,,,,,,,,,,,,,
"Nightshade
(Eve Eden)","Suicide Squad
(2016)","in Charlton Comics:
Captain Atom #82",Sep-1966,Y,David Kaler,writer,None,,See Charlton Publications purchase agreement.,,,,,,,,,,,,,,,,,,,,,,,,,,,,,,,,,,,,,,,,
,,,,,Steve Ditko,"pencils, cover pencils",Creator Recognition,2017,,,,,,,,,,,,,,,,,,,,,,,,,,,,,,,,,,,,,,,,,
,,,,,Rocco Mastroserio,"inks, cover inks",None,,,,,,,,,,,,,,,,,,,,,,,,,,,,,,,,,,,,,,,,,,
,,"in DC Comics:
Crisis on Infinite Earths #6",Sep-1985,N,Marv Wolfman,"writer, editor",Writer,,,,,,,,,,,,,,,,,,,,,,,,,,,,,,,,,,,,,,,,,,
,,,,,George Perez,"pencils, cover",Exclusive,,,,,,,,,,,,,,,,,,,,,,,,,,,,,,,,,,,,,,,,,,
,,,,,"Jeremiah ""Jerry"" Ordway",inks,None,,,,,,,,,,,,,,,,,,,,,,,,,,,,,,,,,,,,,,,,,,
,,,,,Thomas Ziuko,color,N/A,,,,,,,,,,,,,,,,,,,,,,,,,,,,,,,,,,,,,,,,,,
"Nightwing
(Van-Zee)",,"as Van-Zee:
Superman's Girl Friend, Lois Lane #15",Feb-1960,Y,Edmond Hamilton,writer,None,,Deceased,,,,,,,,,,,,,,,,,,,,,,,,,,,,,,,,,,,,,,,,
,,,,,Kurt Schaffenberger,"pencils, inks",N/A,,"Schaffenberger may have been an employee of DC at this time.
Deceased",,,,,,,,,,,,,,,,,,,,,,,,,,,,,,,,,,,,,,,,
,,,,,Curt Swan,cover pencils,None,,Deceased,,,,,,,,,,,,,,,,,,,,,,,,,,,,,,,,,,,,,,,,
,,,,,Stan Kaye,cover inks,None,,Deceased,,,,,,,,,,,,,,,,,,,,,,,,,,,,,,,,,,,,,,,,
,,"as Nightwing:
Superman #158",Jan-1963,N,Edmond Hamilton,writer,None,,Deceased,,,,,,,,,,,,,,,,,,,,,,,,,,,,,,,,,,,,,,,,
,,,,,Curt Swan,"pencils, cover pencils",None,,Deceased,,,,,,,,,,,,,,,,,,,,,,,,,,,,,,,,,,,,,,,,
,,,,,George Klein,"inks, cover inks",None,,Deceased,,,,,,,,,,,,,,,,,,,,,,,,,,,,,,,,,,,,,,,,
"Nightwing
(Cheyenne Freemont)",,Nightwing #118,May-2006,N,Bruce Jones,writer,WFH,,,,,,,,,,,,,,,,,,,,,,,,,,,,,,,,,,,,,,,,,,
,,,,,Joe Dodd,pencils,WFH,,,,,,,,,,,,,,,,,,,,,,,,,,,,,,,,,,,,,,,,,,
,,,,,Javier Bergantino Menor,inks,WFH,,,,,,,,,,,,,,,,,,,,,,,,,,,,,,,,,,,,,,,,,,
,,,,,Mark Simpson,cover,WFH,,,,,,,,,,,,,,,,,,,,,,,,,,,,,,,,,,,,,,,,,,
,,,,,Javier Rodriguez,color,N/A,,,,,,,,,,,,,,,,,,,,,,,,,,,,,,,,,,,,,,,,,,
"Nightwing
(Lor-Zod; Christopher Kent; Superboy)",,"as Christopher Kent:
Action Comics #844",Dec-2006,N,Geoff Johns,writer,WFH,,,,,,,,,,,,,,,,,,,,,,,,,,,,,,,,,,,,,,,,,,
,,,,,Richard Donner,writer,Continuity,,,,,,,,,,,,,,,,,,,,,,,,,,,,,,,,,,,,,,,,,,
,,,,,Adam Kubert,"pencils, inks, cover",WFH,,,,,,,,,,,,,,,,,,,,,,,,,,,,,,,,,,,,,,,,,,
,,,,,Andy Kubert,variant cover pencils,WFH,,,,,,,,,,,,,,,,,,,,,,,,,,,,,,,,,,,,,,,,,,
,,,,,Jesse Delperdang,variant cover inks,WFH,,,,,,,,,,,,,,,,,,,,,,,,,,,,,,,,,,,,,,,,,,
,,,,,David Stewart,color,N/A,,,,,,,,,,,,,,,,,,,,,,,,,,,,,,,,,,,,,,,,,,
,,"as Nightwing:
Action Comics #875",May-2009,Y,Greg Rucka,writer,WFH,,,,,,,,,,,,,,,,,,,,,,,,,,,,,,,,,,,,,,,,,,
,,,,,Eddy Barrows,pencils,WFH,,,,,,,,,,,,,,,,,,,,,,,,,,,,,,,,,,,,,,,,,,
,,,,,Ruy Jose,inks,Exclusive,,,,,,,,,,,,,,,,,,,,,,,,,,,,,,,,,,,,,,,,,,
,,,,,Julio Ferreira,inks,WFH,,,,,,,,,,,,,,,,,,,,,,,,,,,,,,,,,,,,,,,,,,
,,,,,Andrew Robinson,cover,WFH,,,,,,,,,,,,,,,,,,,,,,,,,,,,,,,,,,,,,,,,,,
,,,,,Rod Reis,color,N/A,,,,,,,,,,,,,,,,,,,,,,,,,,,,,,,,,,,,,,,,,,
"Nihilist
(Simon Sanford)","Point Blank
Sleeper",Sleeper #1,Mar-2003,N,Ed Brubaker,writer,WFH,,,,,,,,,,,,,,,,,,,,,,,,,,,,,,,,,,,,,,,,,,
,,,,,Sean Phillips,"pencils, inks, cover",WFH,,,,,,,,,,,,,,,,,,,,,,,,,,,,,,,,,,,,,,,,,,
,,,,,Tony Avina,color,N/A,,,,,,,,,,,,,,,,,,,,,,,,,,,,,,,,,,,,,,,,,,
,,,,,Randy Mayor,color,N/A,,,,,,,,,,,,,,,,,,,,,,,,,,,,,,,,,,,,,,,,,,
Ninth Circle,Arrow 714,Green Arrow #2,Sep-2016,N,Benjamin Percy,writer,WFH,2017,,,,,,,,,,,,,,,,,,,,,,,,,,,,,,,,,,,,,,,,,
,,,,,Otto Schmidt,"pencils, inks, color",WFH,,,,,,,,,,,,,,,,,,,,,,,,,,,,,,,,,,,,,,,,,,
,,,,,Juan Ferreyra,cover,WFH,2017,,,,,,,,,,,,,,,,,,,,,,,,,,,,,,,,,,,,,,,,,
Niobe,"Wonder Woman
(2017)",Wonder Woman #37,Dec-1989,N,George Perez,"plot, cover inks",WFH; Continuity,,,,,,,,,,,,,,,,,,,,,,,,,,,,,,,,,,,,,,,,,,
,,,,,Mindy Newell,script,WFH,,,,,,,,,,,,,,,,,,,,,,,,,,,,,,,,,,,,,,,,,,
,,,,,Chris Marrinan,"pencils, cover pencils",WFH,,,,,,,,,,,,,,,,,,,,,,,,,,,,,,,,,,,,,,,,,,
,,,,,Steve Montano,inks,WFH,,,,,,,,,,,,,,,,,,,,,,,,,,,,,,,,,,,,,,,,,,
,,,,,Carl Gafford,color,N/A,,,,,,,,,,,,,,,,,,,,,,,,,,,,,,,,,,,,,,,,,,
"N'Or Cott
(also N'Orr Cott)",,"Adventure Comics #449
Martian Manhunter: ""Mission: Catch a Killer""",Feb-1977,N,Dennis O'Neil,writer,None,,,,,,,,,,,,,,,,,,,,,,,,,,,,,,,,,,,,,,,,,,
,,,,,Michael Netzer,pencils,None,,,,,,,,,,,,,,,,,,,,,,,,,,,,,,,,,,,,,,,,,,
,,,,,Terry Austin,inks,None,,,,,,,,,,,,,,,,,,,,,,,,,,,,,,,,,,,,,,,,,,
"Nocturna
(Natalia Knight)",Batwoman 113,"First Mention
Detective Comics vol 1 #529",Aug-1983,N,Doug Moench,writer,WFH,,,,,,,,,,,,,,,,,,,,,,,,,,,,,,,,,,,,,,,,,,
,,,,,Gene Colan,pencils,WFH,,,,,,,,,,,,,,,,,,,,,,,,,,,,,,,,,,,,,,,,,,
,,,,,Dick Giordano,inks,WFH,,,,,,,,,,,,,,,,,,,,,,,,,,,,,,,,,,,,,,,,,,
,,"First Full Appearance
Batman vol 1 #363",Sep-1983,Y,Doug Moench,writer,WFH,,,,,,,,,,,,,,,,,,,,,,,,,,,,,,,,,,,,,,,,,,
,,,,,Don Newton,pencils,Freelancer Term Agreement,,"Agreement Effective August 1, 1982 to August 1, 1985",,,,,,,,,,,,,,,,,,,,,,,,,,,,,,,,,,,,,,,,
,,,,,Alfredo Alcala,inks,WFH,,,,,,,,,,,,,,,,,,,,,,,,,,,,,,,,,,,,,,,,,,
Nomoz,"Gotham 205
(10/19/2015)",Batman: Sword of Azrael #1,Oct-1992,N,Dennis O'Neil,writer,Creator Recognition,,WFH agreement for Batman: Sword of Azrael #2 has been located.,,,,,,,,,,,,,,,,,,,,,,,,,,,,,,,,,,,,,,,,
,,,,,Joe Quesada,"pencils, cover pencils",WFH,,,,,,,,,,,,,,,,,,,,,,,,,,,,,,,,,,,,,,,,,,
,,,,,Kevin Nowlan,"inks, cover inks",WFH,,,,,,,,,,,,,,,,,,,,,,,,,,,,,,,,,,,,,,,,,,
,,,,,Lovern Kindzierski,color,,,N/A,,,,,,,,,,,,,,,,,,,,,,,,,,,,,,,,,,,,,,,,
Noor Harjavti,Arrow 714,Captain Atom #44,Aug-1990,N,Cary Bates,writer,None,,Continuity agreements cover issues 1-36; WFH agreements cover issues 1-33,,,,,,,,,,,,,,,,,,,,,,,,,,,,,,,,,,,,,,,,
,,,,,Greg Weisman,writer,Continuity Writer,,,,,,,,,,,,,,,,,,,,,,,,,,,,,,,,,,,,,,,,,,
,,,,,Rafael Kayanan,pencils,Continuity Artist,,,,,,,,,,,,,,,,,,,,,,,,,,,,,,,,,,,,,,,,,,
,,,,,Romeo Tanghal,inks,Continuity Artist,,,,,,,,,,,,,,,,,,,,,,,,,,,,,,,,,,,,,,,,,,
,,,,,Pat Broderick,cover,WFH,,,,,,,,,,,,,,,,,,,,,,,,,,,,,,,,,,,,,,,,,,
,,,,,Gene D'Angelo,color,Exclusive,,,,,,,,,,,,,,,,,,,,,,,,,,,,,,,,,,,,,,,,,,
Nora Fries,Arrow 709,"Batman: The Animated Series
""Heart of Ice""",Sep-1992,,Paul Dini,creator,,,,,,,,,,,,,,,,,,,,,,,,,,,,,,,,,,,,,,,,,,,
,,,,,Mitch Brian,creator,,,,,,,,,,,,,,,,,,,,,,,,,,,,,,,,,,,,,,,,,,,
,,,,,Bruce Timm,creator,,,,,,,,,,,,,,,,,,,,,,,,,,,,,,,,,,,,,,,,,,,
,,Batman: Mr. Freeze,1997,Y,Paul Dini,writer,Prestige Writer,,,,,,,,,,,,,,,,,,,,,,,,,,,,,,,,,,,,,,,,,,
,,,,,Mark Buckingham,pencils,Prestige Artist,,,,,,,,,,,,,,,,,,,,,,,,,,,,,,,,,,,,,,,,,,
,,,,,Wayne Faucher,inks,Prestige Artist,,,,,,,,,,,,,,,,,,,,,,,,,,,,,,,,,,,,,,,,,,
,,,,,"Jefferson Mitchell
(Brian Stelfreeze)",cover,WFH,,,,,,,,,,,,,,,,,,,,,,,,,,,,,,,,,,,,,,,,,,
,,,,,Linda Medley,color,N/A,,,,,,,,,,,,,,,,,,,,,,,,,,,,,,,,,,,,,,,,,,
,,,,,Jamison Services,color,N/A,,,,,,,,,,,,,,,,,,,,,,,,,,,,,,,,,,,,,,,,,,
Nora Thompson Allen,"Flash
(2018)",Flash: Rebirth #1,Jun-2009,N,Geoff Johns,writer,Exclusive; WFH,,,,,,,,,,,,,,,,,,,,,,,,,,,,,,,,,,,,,,,,,,
,,,,,Ethan Van Sciver,"pencils, inks, cover",WFH,,,,,,,,,,,,,,,,,,,,,,,,,,,,,,,,,,,,,,,,,,
,,,,,Alex Sinclair,color,Exclusive,,,,,,,,,,,,,,,,,,,,,,,,,,,,,,,,,,,,,,,,,,
"Nth Metal
(Ninth Metal)",,"Flash Comics #1
""The Origin of Hawkman""",Jan-1940,N,Gardner F. Fox,writer,Creator Recognition,,Deceased Creator recognition agreement with is with heirs.,,,,,,,,,,,,,,,,,,,,,,,,,,,,,,,,,,,,,,,,
,,,,,Dennis Neville,"pencils, inks",None,,,,,,,,,,,,,,,,,,,,,,,,,,,,,,,,,,,,,,,,,,
,,,,,Sheldon Moldoff,cover,Artist,,Deceased,,,,,,,,,,,,,,,,,,,,,,,,,,,,,,,,,,,,,,,,
Nubia,"Wonder Woman
(2017)",Wonder Woman #204,Feb-1973,Y,Robert Kanigher,writer,N/A,,"Kanigher was an employee of DC from 2/3/47 - 5/31/82.
Deceased",,,,,,,,,,,,,,,,,,,,,,,,,,,,,,,,,,,,,,,,
,,,,,Don Heck,"pencils, cover pencils",None,,Deceased,,,,,,,,,,,,,,,,,,,,,,,,,,,,,,,,,,,,,,,,
,,,,,Dick Giordano,"inks, cover inks",N/A,,"Giordano may have been an employee of DC at this time.
Deceased",,,,,,,,,,,,,,,,,,,,,,,,,,,,,,,,,,,,,,,,
"The Nuclear Family
(Dad, Mom, Sis, Biff, Brat, Dog)",Titans 102,The Outsiders #1,Nov-1985,N,Mike W. Barr,writer,Writer Agreement,2017,,,,,,,,,,,,,,,,,,,,,,,,,,,,,,,,,,,,,,,,,
,,,,,Jim Aparo,"pencils, inks, cover",Artist Agreement,,,,,,,,,,,,,,,,,,,,,,,,,,,,,,,,,,,,,,,,,,
,,,,,Helen Vesik,color,N/A,,,,,,,,,,,,,,,,,,,,,,,,,,,,,,,,,,,,,,,,,,
"Null
(Solomon Baxter)",,World's Finest #293,Jul-1983,Y,David Anthony Kraft,writer,WFH,,,,,,,,,,,,,,,,,,,,,,,,,,,,,,,,,,,,,,,,,,
,,,,,Adrian Gonzales,pencils,WFH,,,,,,,,,,,,,,,,,,,,,,,,,,,,,,,,,,,,,,,,,,
,,,,,Tony DeZuniga,inks,WFH,,Deceased,,,,,,,,,,,,,,,,,,,,,,,,,,,,,,,,,,,,,,,,
,,,,,Ed Hannigan,cover pencils,WFH,,,,,,,,,,,,,,,,,,,,,,,,,,,,,,,,,,,,,,,,,,
,,,,,Klaus Janson,cover inks,WFH,,,,,,,,,,,,,,,,,,,,,,,,,,,,,,,,,,,,,,,,,,
,,,,,Carl Gafford,color,N/A,,,,,,,,,,,,,,,,,,,,,,,,,,,,,,,,,,,,,,,,,,
Null,,Hawkworld #28,Nov-1992,N,John Ostrander,writer,WFH,1992,,,,,,,,,,,,,,,,,,,,,,,,,,,,,,,,,,,,,,,,,
,,,,,Jan Duursema,pencils,WFH,,,,,,,,,,,,,,,,,,,,,,,,,,,,,,,,,,,,,,,,,,
,,,,,Rick Bryant,inks,WFH,,,,,,,,,,,,,,,,,,,,,,,,,,,,,,,,,,,,,,,,,,
,,,,,Timothy Truman,cover,WFH,1992,,,,,,,,,,,,,,,,,,,,,,,,,,,,,,,,,,,,,,,,,
,,,,,Sam Parsons,color,N/A,,,,,,,,,,,,,,,,,,,,,,,,,,,,,,,,,,,,,,,,,,
"Null
(Aron Aut)",,Justice League of America #13,Oct-2017,N,Stephen Orlando,writer,WFH,2017,,,,,,,,,,,,,,,,,,,,,,,,,,,,,,,,,,,,,,,,,
,,,,,Ivan Reis,"pencils, inks, cover",WFH,2017,,,,,,,,,,,,,,,,,,,,,,,,,,,,,,,,,,,,,,,,,
,,,,,Julio Ferreira,inks,WFH,,,,,,,,,,,,,,,,,,,,,,,,,,,,,,,,,,,,,,,,,,
,,,,,Marcelo Maiolo,color,WFH,,,,,,,,,,,,,,,,,,,,,,,,,,,,,,,,,,,,,,,,,,
Nyola,Plastic Man,"All-Star Comics #2
""Sacrifice for Yum-Chac""",Sep-1940,N,Gardner F. Fox,writer,Creator Recognition,,Deceased Creator recognition agreement with is with heirs.,,,,,,,,,,,,,,,,,,,,,,,,,,,,,,,,,,,,,,,,
,,,,,Sheldon Moldoff,"pencils, inks",Writer/Artist,,Deceased,,,,,,,,,,,,,,,,,,,,,,,,,,,,,,,,,,,,,,,,
,,,,,Howard Purcell,cover,Writer/Artist,,Deceased,,,,,,,,,,,,,,,,,,,,,,,,,,,,,,,,,,,,,,,,
"Nyssa Raatko
(Nyssa al Ghul)",Arrow 213,"Detective Comics #783
""Death and the Maidens: Prologue""",Aug-2003,N,Greg Rucka,writer,WFH,,,,,,,,,,,,,,,,,,,,,,,,,,,,,,,,,,,,,,,,,,
,,,,,Klaus Janson,"pencils, inks",WFH,,,,,,,,,,,,,,,,,,,,,,,,,,,,,,,,,,,,,,,,,,
,,,,,Tim Sale,cover,WFH,,,,,,,,,,,,,,,,,,,,,,,,,,,,,,,,,,,,,,,,,,
,,,,,Lee Loughridge,color,N/A,,,,,,,,,,,,,,,,,,,,,,,,,,,,,,,,,,,,,,,,,,
The Oblivion Bar,Dark Universe,Day of Vengeance #1,Jun-2005,N,Bill Willingham,writer,WFH,,,,,,,,,,,,,,,,,,,,,,,,,,,,,,,,,,,,,,,,,,
,,,,,Josue Justiniano,pencils,WFH,,,,,,,,,,,,,,,,,,,,,,,,,,,,,,,,,,,,,,,,,,
,,,,,Walden Wong,inks,WFH,,,,,,,,,,,,,,,,,,,,,,,,,,,,,,,,,,,,,,,,,,
,,,,,Walter Simonson,cover,WFH,,,,,,,,,,,,,,,,,,,,,,,,,,,,,,,,,,,,,,,,,,
,,,,,Chris Chuckry,color,N/A,,,,,,,,,,,,,,,,,,,,,,,,,,,,,,,,,,,,,,,,,,
"Obsidian
(Todd Rice)",Legends 201,All-Star Squadron #25,Sep-1983,N,Roy Thomas,writer,Exclusive,2004,,,,,,,,,,,,,,,,,,,,,,,,,,,,,,,,,,,,,,,,,
,,,,,"Jeremiah ""Jerry"" Ordway","pencils, cover",WFH,2004,,,,,,,,,,,,,,,,,,,,,,,,,,,,,,,,,,,,,,,,,
,,,,,Mike Machlan,inks,WFH,2004,,,,,,,,,,,,,,,,,,,,,,,,,,,,,,,,,,,,,,,,,
,,,,,Gene D'Angelo,color,N/A,,,,,,,,,,,,,,,,,,,,,,,,,,,,,,,,,,,,,,,,,,
Ocean,,Ocean #1,Dec-2004,Y,Warren Ellis,"writer, creator",Joint Creator/First & Last Rights; Writer,2003,,,,,,,,,,,,,,,,,,,,,,,,,,,,,,,,,,,,,,,,,
,,,,,Chris Sprouse,"pencils, creator",Joint Creator/First & Last Rights; Artist,2003,,,,,,,,,,,,,,,,,,,,,,,,,,,,,,,,,,,,,,,,,
,,,,,Karl Story,inks,WFH,,,,,,,,,,,,,,,,,,,,,,,,,,,,,,,,,,,,,,,,,,
,,,,,Michael Golden,cover,WFH,,,,,,,,,,,,,,,,,,,,,,,,,,,,,,,,,,,,,,,,,,
,,,,,Randy Mayor,color,N/A,,,,,,,,,,,,,,,,,,,,,,,,,,,,,,,,,,,,,,,,,,
"Ocean Master
(Orm Curry; Orm Marius)",,Aquaman #29,Sep-1966,Y,Bob Haney,writer,Contributor Recognition,2014,Deceased Contributor Recognition Agreement is with heirs.,,,,,,,,,,,,,,,,,,,,,,,,,,,,,,,,,,,,,,,,
,,,,,"Nicholas Viscardi
(Nick Cardy)","pencils, inks, cover",None,,Deceased,,,,,,,,,,,,,,,,,,,,,,,,,,,,,,,,,,,,,,,,
The Odessa Mob,"Birds of Prey 
(2020)",Detective Comics #742,Mar-2000,N,Greg Rucka,writer,WFH,,,,,,,,,,,,,,,,,,,,,,,,,,,,,,,,,,,,,,,,,,
,,,,,Shawn Martinbrough,pencils,WFH,,,,,,,,,,,,,,,,,,,,,,,,,,,,,,,,,,,,,,,,,,
,,,,,Steve Mitchell,inks,WFH,,,,,,,,,,,,,,,,,,,,,,,,,,,,,,,,,,,,,,,,,,
,,,,,"Jefferson Mitchell
(Brian Stelfreeze)",cover,WFH,,,,,,,,,,,,,,,,,,,,,,,,,,,,,,,,,,,,,,,,,,
,,,,,Wildstorm FX,color,N/A,,,,,,,,,,,,,,,,,,,,,,,,,,,,,,,,,,,,,,,,,,
"Officer Anthony ""Tony"" Bellows","Flash
(2018)","Flash TV Show (1990):
""Pilot""",Sep-1990,,Danny Bilson & Paul DeMeo,writers,,,,,,,,,,,,,,,,,,,,,,,,,,,,,,,,,,,,,,,,,,,
,,"Only Comic Appearance:
The Flash TV Special #1
""Meet Kid Flash""",1991,N,Mark Waid,writer,WFH,,,,,,,,,,,,,,,,,,,,,,,,,,,,,,,,,,,,,,,,,,
,,,,,David Williams,pencils,WFH,,,,,,,,,,,,,,,,,,,,,,,,,,,,,,,,,,,,,,,,,,
,,,,,Darick Robertson,pencils,WFH,,,,,,,,,,,,,,,,,,,,,,,,,,,,,,,,,,,,,,,,,,
,,,,,Gary Martin,inks,WFH,,,,,,,,,,,,,,,,,,,,,,,,,,,,,,,,,,,,,,,,,,
,,,,,Glenn Whitmore,color,N/A,,,,,,,,,,,,,,,,,,,,,,,,,,,,,,,,,,,,,,,,,,
Officer Kenzie (GPD),,Gotham Central #32,Aug-2005,N,Greg Rucka,writer,WFH,,,,,,,,,,,,,,,,,,,,,,,,,,,,,,,,,,,,,,,,,,
,,,,,Steve Lieber,"pencils, inks",WFH,,Deceased,,,,,,,,,,,,,,,,,,,,,,,,,,,,,,,,,,,,,,,,
Okamura Toys,"Flash 209
(12/8/2015)",Superman #177,Feb-2002,N,Jeph Loeb,writer,Continuity,,,,,,,,,,,,,,,,,,,,,,,,,,,,,,,,,,,,,,,,,,
,,,,,Ed McGuinness,"pencils, cover pencils",Continuity; Exclusive,,,,,,,,,,,,,,,,,,,,,,,,,,,,,,,,,,,,,,,,,,
,,,,,Kevin Maguire,pencils,WFH,,,,,,,,,,,,,,,,,,,,,,,,,,,,,,,,,,,,,,,,,,
,,,,,Cam Smith,"inks, cover inks",WFH,,,,,,,,,,,,,,,,,,,,,,,,,,,,,,,,,,,,,,,,,,
,,,,,Tanya Horie,color,N/A,,,,,,,,,,,,,,,,,,,,,,,,,,,,,,,,,,,,,,,,,,
,,,,,Richard Horie,color,N/A,,,,,,,,,,,,,,,,,,,,,,,,,,,,,,,,,,,,,,,,,,
"Olaf Bjornson
(The Leaper)",,"in Quality Comics:
Military Comics #2
""The Coward Dies Twice""",Sep-1941,N,Will Eisner,writer,Independent Contractor,,See Quality Comics purchase agreements dated 7/26/56 & 8/1/67.,,,,,,,,,,,,,,,,,,,,,,,,,,,,,,,,,,,,,,,,
,,,,,Charles Cuidera,"pencils, inks, cover",None,,,,,,,,,,,,,,,,,,,,,,,,,,,,,,,,,,,,,,,,,,
,,,,,Bill Smith,cover,None,,,,,,,,,,,,,,,,,,,,,,,,,,,,,,,,,,,,,,,,,,
,,"in DC Comics:
Blackhawk #108",Jan-1957,N,Dick Dillin,"pencils, cover pencils",None,,Deceased,,,,,,,,,,,,,,,,,,,,,,,,,,,,,,,,,,,,,,,,
,,,,,Charles Cuidera,"inks, cover inks",None,,,,,,,,,,,,,,,,,,,,,,,,,,,,,,,,,,,,,,,,,,
Olaf Fredricksen,,Blackhawk #2,Apr-1989,N,Howard Chaykin,"writer, pencils, inks, cover",Writer-Artist,,,,,,,,,,,,,,,,,,,,,,,,,,,,,,,,,,,,,,,,,,
,,,,,Steve Oliff,color,N/A,,,,,,,,,,,,,,,,,,,,,,,,,,,,,,,,,,,,,,,,,,
Oliver,Legends 405,Constantine: The Hellblazer #1,Aug-2015,N,Rebecca Ming Doyle,writer,WFH,,,,,,,,,,,,,,,,,,,,,,,,,,,,,,,,,,,,,,,,,,
,,,,,James Tynion IV,writer,WFH,,,,,,,,,,,,,,,,,,,,,,,,,,,,,,,,,,,,,,,,,,
,,,,,Riley Rossmo,"pencils, inks, cover",WFH,,,,,,,,,,,,,,,,,,,,,,,,,,,,,,,,,,,,,,,,,,
,,,,,"Alfredo ""Ivan"" Plascencia Muniz",color,WFH,,,,,,,,,,,,,,,,,,,,,,,,,,,,,,,,,,,,,,,,,,
Ollins Medical Lab,Flash 518,The Fury of Firestorm #19,Jan-1984,N,Gerry Conway,writer,Writer-Editor; Exclusive,,,,,,,,,,,,,,,,,,,,,,,,,,,,,,,,,,,,,,,,,,
,,,,,Carla Conway,writer,None,,Carla Conway was the wife of Gerry Conway at this time. She is credited as co-writer in the book but we have no paperwork with her.,,,,,,,,,,,,,,,,,,,,,,,,,,,,,,,,,,,,,,,,
,,,,,Gene Colan,pencils,WFH; Exclusive,,Deceased,,,,,,,,,,,,,,,,,,,,,,,,,,,,,,,,,,,,,,,,
,,,,,Rick Magyar,inks,WFH; Exclusive,,,,,,,,,,,,,,,,,,,,,,,,,,,,,,,,,,,,,,,,,,
,,,,,Ed Hannigan,cover pencils,WFH,,,,,,,,,,,,,,,,,,,,,,,,,,,,,,,,,,,,,,,,,,
,,,,,Dick Giordano,cover inks,WFH,,"Giordano may have been an employee of DC at this time.
Deceased",,,,,,,,,,,,,,,,,,,,,,,,,,,,,,,,,,,,,,,,
,,,,,Carl Gafford,color,N/A,,,,,,,,,,,,,,,,,,,,,,,,,,,,,,,,,,,,,,,,,,
"The Olympian
(Aristedes Demetrios)",Powerless 106,DC Comics Presents #46,Jun-1982,Y,E. Nelson Bridwell,writer,N/A,1985,"Bridwell was an employee of DC at this time.
Deceased",,,,,,,,,,,,,,,,,,,,,,,,,,,,,,,,,,,,,,,,
,,,,,Alex Saviuk,pencils,Artist,,,,,,,,,,,,,,,,,,,,,,,,,,,,,,,,,,,,,,,,,,
,,,,,Pablo Marcos,inks,None,,,,,,,,,,,,,,,,,,,,,,,,,,,,,,,,,,,,,,,,,,
,,,,,Ross Andru,cover pencils,None,,Deceased,,,,,,,,,,,,,,,,,,,,,,,,,,,,,,,,,,,,,,,,
,,,,,Frank Giacoia,cover inks,None,,Deceased,,,,,,,,,,,,,,,,,,,,,,,,,,,,,,,,,,,,,,,,
,,,,,Gene D'Angelo,color,N/A,,,,,,,,,,,,,,,,,,,,,,,,,,,,,,,,,,,,,,,,,,
"OMAC
(Buddy Blank)",,OMAC #1,Sep-1974,N,Jack Kirby,"creator, writer, pencils, cover pencils",1982 Agreement,,Deceased,,,,,,,,,,,,,,,,,,,,,,,,,,,,,,,,,,,,,,,,
,,,,,Mike Royer,"inks, cover inks",None,,,,,,,,,,,,,,,,,,,,,,,,,,,,,,,,,,,,,,,,,,
"OMAC
(Kevin Kho)",,OMAC vol 4 #1,Nov-2011,N,Keith Giffen,"writer, pencils",WFH,,,,,,,,,,,,,,,,,,,,,,,,,,,,,,,,,,,,,,,,,,
,,,,,Dan DiDio,"writer, pencils",Employee,,,,,,,,,,,,,,,,,,,,,,,,,,,,,,,,,,,,,,,,,,
,,,,,Scott Kobblish,inks,WFH,,,,,,,,,,,,,,,,,,,,,,,,,,,,,,,,,,,,,,,,,,
"Omega Men
(Primus, Kalista, Tigorr, Broot, Nimbus, Harpis, Demonia, Felicity, Doc, Shlagen)",Krypton,Green Lantern #141,May-1977,Y,Marv Wolfman,writer,Exclusive,1982,,,,,,,,,,,,,,,,,,,,,,,,,,,,,,,,,,,,,,,,,
,,,,,Joe Staton,"pencils, inks",Exclusive,1982,,,,,,,,,,,,,,,,,,,,,,,,,,,,,,,,,,,,,,,,,
,,,,,George Perez,cover,None,,,,,,,,,,,,,,,,,,,,,,,,,,,,,,,,,,,,,,,,,,
,,,,,Carl Gafford,color,N/A,,,,,,,,,,,,,,,,,,,,,,,,,,,,,,,,,,,,,,,,,,
Ona Tomsen,The Losers (DC),"Our Fighting Forces #135
""Death Picks A Loser""",Jan-1972,N,Robert Kanigher,writer,N/A,,"Kanigher was an employee of DC Comics from 2/3/47 - 5/31/82.
Deceased",,,,,,,,,,,,,,,,,,,,,,,,,,,,,,,,,,,,,,,,
,,,,,John Severin,"pencils, inks",None,,Deceased,,,,,,,,,,,,,,,,,,,,,,,,,,,,,,,,,,,,,,,,
,,,,,Joe Kubert,cover,None,,Deceased,,,,,,,,,,,,,,,,,,,,,,,,,,,,,,,,,,,,,,,,
The Onslaught,"Suicide Squad
(2016)",Suicide Squad #1,May-1987,N,John Ostrander,writer,WFH,,,,,,,,,,,,,,,,,,,,,,,,,,,,,,,,,,,,,,,,,,
,,,,,Luke McDonnell,pencils,WFH,,,,,,,,,,,,,,,,,,,,,,,,,,,,,,,,,,,,,,,,,,
,,,,,Karl Kesel,inks,WFH,,,,,,,,,,,,,,,,,,,,,,,,,,,,,,,,,,,,,,,,,,
,,,,,Howard Chaykin,cover,WFH,,,,,,,,,,,,,,,,,,,,,,,,,,,,,,,,,,,,,,,,,,
,,,,,Carl Gafford,color,N/A,,,,,,,,,,,,,,,,,,,,,,,,,,,,,,,,,,,,,,,,,,
Onyx Adams,Arrow 603,"Detective Comics #546
""Clash Reunion""",Jan-1985,N,Joey Cavalieri,writer,None,,"WFH agreements for #528-542, 545, 553, & 554 have been located",,,,,,,,,,,,,,,,,,,,,,,,,,,,,,,,,,,,,,,,
,,,,,Jerome K. Moore,pencils,None,,"WFH agreements for #537, 553, & 554 have been located.",,,,,,,,,,,,,,,,,,,,,,,,,,,,,,,,,,,,,,,,
,,,,,Bruce Patterson,inks,None,,WFH agreements for #553 & 554 have been located.,,,,,,,,,,,,,,,,,,,,,,,,,,,,,,,,,,,,,,,,
,,,,,Dick Giordano,cover,None,,"Giordano may have been an employee of DC at this time.
Deceased",,,,,,,,,,,,,,,,,,,,,,,,,,,,,,,,,,,,,,,,
,,,,,Jeanine Casey,color,N/A,,,,,,,,,,,,,,,,,,,,,,,,,,,,,,,,,,,,,,,,,,
Oolong Island,Flash,Wonder Woman #157,Oct-1965,N,Robert Kanigher,writer,N/A,,"Kanigher was an employee of DC from 2/3/47 - 5/31/82.
Deceased",,,,,,,,,,,,,,,,,,,,,,,,,,,,,,,,,,,,,,,,
,,,,,Ross Andru,"pencils, cover pencils",None,,Deceased,,,,,,,,,,,,,,,,,,,,,,,,,,,,,,,,,,,,,,,,
,,,,,Mike Esposito,"inks, cover inks",None,,Deceased,,,,,,,,,,,,,,,,,,,,,,,,,,,,,,,,,,,,,,,,
Oom the Mighty,Plastic Man,All-Star Comics #3,Dec-1940,N,"Jerome ""Jerry"" Siegel",writer,Settlement,,Deceased Settlement is with heirs.,,,,,,,,,,,,,,,,,,,,,,,,,,,,,,,,,,,,,,,,
,,,,,Gardner F. Fox,writer,Creator Recognition,,Deceased Creator recognition agreement with is with heirs.,,,,,,,,,,,,,,,,,,,,,,,,,,,,,,,,,,,,,,,,
,,,,,Bernard Baily,pencils,None,,Deceased Creator recognition agreement was proposed to heirs for Hourman & The Spectre but not accepted.,,,,,,,,,,,,,,,,,,,,,,,,,,,,,,,,,,,,,,,,
,,,,,Everett E. Hibbard,"inks, cover",Writer/Artist,,Deceased,,,,,,,,,,,,,,,,,,,,,,,,,,,,,,,,,,,,,,,,
,,,,,Sheldon Moldoff,"pencils, inks",,,"Although Moldoff, Mayer, Grothkopf, Sherman, Flinton, and Nodell contributed to this issue, according to the GCD, they did not work on the chapters in which Oom appears. Confirming with DC Library.",,,,,,,,,,,,,,,,,,,,,,,,,,,,,,,,,,,,,,,,
,,,,,Sheldon Mayer,"pencils, inks",,,,,,,,,,,,,,,,,,,,,,,,,,,,,,,,,,,,,,,,,,,
,,,,,Chad Grothkopf,"pencils, inks",,,,,,,,,,,,,,,,,,,,,,,,,,,,,,,,,,,,,,,,,,,
,,,,,"Howard ""Hal"" Sherman","pencils, inks",,,,,,,,,,,,,,,,,,,,,,,,,,,,,,,,,,,,,,,,,,,
,,,,,Ben Flinton,"pencils, inks",,,,,,,,,,,,,,,,,,,,,,,,,,,,,,,,,,,,,,,,,,,
,,,,,Mart Nodell,"pencils, inks",,,,,,,,,,,,,,,,,,,,,,,,,,,,,,,,,,,,,,,,,,,
Opal City,"Supergirl 108
(12/14/2015)",Starman #0,Oct-1994,N,James Robinson,writer,WFH,,,,,,,,,,,,,,,,,,,,,,,,,,,,,,,,,,,,,,,,,,
,,,,,Tony Harris,"pencils, cover",WFH,,,,,,,,,,,,,,,,,,,,,,,,,,,,,,,,,,,,,,,,,,
,,,,,Wade Von Grawbadger,inks,WFH,,,,,,,,,,,,,,,,,,,,,,,,,,,,,,,,,,,,,,,,,,
,,,,,Gregory Wright,color,N/A,,,,,,,,,,,,,,,,,,,,,,,,,,,,,,,,,,,,,,,,,,
Orana,"Wonder Woman
(2017)",Wonder Woman #98,May-1958,N,Robert Kanigher,writer,N/A,,"Kanigher was an employee of DC from 2/3/47 - 5/31/82.
Deceased",,,,,,,,,,,,,,,,,,,,,,,,,,,,,,,,,,,,,,,,
,,,,,Ross Andru,"pencils, cover pencils",None,,Deceased,,,,,,,,,,,,,,,,,,,,,,,,,,,,,,,,,,,,,,,,
,,,,,Mike Esposito,"inks, cover inks",None,,Deceased,,,,,,,,,,,,,,,,,,,,,,,,,,,,,,,,,,,,,,,,
"Orca
(Grace Balin)",Lego Batman,Batman #579,Jul-2000,Y,Larry Hama,writer,WFH,,,,,,,,,,,,,,,,,,,,,,,,,,,,,,,,,,,,,,,,,,
,,,,,Scott McDaniel,"pencils, cover",WFH,,,,,,,,,,,,,,,,,,,,,,,,,,,,,,,,,,,,,,,,,,
,,,,,Karl Story,inks,WFH,,,,,,,,,,,,,,,,,,,,,,,,,,,,,,,,,,,,,,,,,,
,,,,,Roberta Tewes,color,N/A,,,,,,,,,,,,,,,,,,,,,,,,,,,,,,,,,,,,,,,,,,
Order of St. Dumas,"Gotham 205
(10/19/2015)",Batman: Sword of Azrael #1,Oct-1992,N,Dennis O'Neil,writer,Creator Recognition,,WFH agreement for Batman: Sword of Azrael #2 has been located.,,,,,,,,,,,,,,,,,,,,,,,,,,,,,,,,,,,,,,,,
,,,,,Joe Quesada,"pencils, cover pencils",WFH,,,,,,,,,,,,,,,,,,,,,,,,,,,,,,,,,,,,,,,,,,
,,,,,Kevin Nowlan,"inks, cover inks",WFH,,,,,,,,,,,,,,,,,,,,,,,,,,,,,,,,,,,,,,,,,,
,,,,,Lovern Kindzierski,color,N/A,,,,,,,,,,,,,,,,,,,,,,,,,,,,,,,,,,,,,,,,,,
Orion,,New Gods #1,Mar-1971,Y,Jack Kirby,"writer, pencils, cover pencils",Fourth World Agreement,1982,Deceased,,,,,,,,,,,,,,,,,,,,,,,,,,,,,,,,,,,,,,,,
,,,,,Vince Colletta,inks,None,,Deceased,,,,,,,,,,,,,,,,,,,,,,,,,,,,,,,,,,,,,,,,
,,,,,Frank Giacoia,cover inks,None,,Deceased,,,,,,,,,,,,,,,,,,,,,,,,,,,,,,,,,,,,,,,,
O'Shaughnessy's,Arrow 510,Green Arrow #94,Feb-1995,N,Chuck Dixon,writer,Continuity,,,,,,,,,,,,,,,,,,,,,,,,,,,,,,,,,,,,,,,,,,
,,,,,Jim Aparo,pencils,WFH,,,,,,,,,,,,,,,,,,,,,,,,,,,,,,,,,,,,,,,,,,
,,,,,Gerry Fernandez,inks,WFH,,,,,,,,,,,,,,,,,,,,,,,,,,,,,,,,,,,,,,,,,,
,,,,,Rick Burchett,cover,WFH,,,,,,,,,,,,,,,,,,,,,,,,,,,,,,,,,,,,,,,,,,
,,,,,Lee Loughridge,color,N/A,,,,,,,,,,,,,,,,,,,,,,,,,,,,,,,,,,,,,,,,,,
Overgirl,The Ray (WBA),Final Crisis #3,Sep-2008,N,Grant Morrison,writer,WFH; Exclusive,,,,,,,,,,,,,,,,,,,,,,,,,,,,,,,,,,,,,,,,,,
,,,,,J.G. Jones,"pencils, inks, cover",WFH; Exclusive,,,,,,,,,,,,,,,,,,,,,,,,,,,,,,,,,,,,,,,,,,
,,,,,Alex Sinclair,color,Exclusive,,,,,,,,,,,,,,,,,,,,,,,,,,,,,,,,,,,,,,,,,,
Owlman,,Justice League of America #29,Aug-1964,N,Gardner Fox,writer,Creator Recognition,Y,,,,,,,,,,,,,,,,,,,,,,,,,,,,,,,,,,,,,,,,,
,,,,,Mike Sekowsky,pencils,None,,,,,,,,,,,,,,,,,,,,,,,,,,,,,,,,,,,,,,,,,,
,,,,,Bernard Sachs,inks,None,,,,,,,,,,,,,,,,,,,,,,,,,,,,,,,,,,,,,,,,,,
"Owlwoman
(Wenonah Littlebird)","Powerless
(Global Guardians)",Super Friends #7,Aug-1977,N,E. Nelson Bridwell,writer,N/A,,"Bridwell was an employee of DC at this time.
Deceased",,,,,,,,,,,,,,,,,,,,,,,,,,,,,,,,,,,,,,,,
,,,,,Ramona Fradon,"pencils, cover pencils",Exclusive; Creator Recognition,2016,,,,,,,,,,,,,,,,,,,,,,,,,,,,,,,,,,,,,,,,,
,,,,,Robert R. Smith,"inks, cover inks",None,,,,,,,,,,,,,,,,,,,,,,,,,,,,,,,,,,,,,,,,,,
Painkiller,Black Lightning 102,Black Lightning #2,Mar-1995,N,Anthony Isabella,writer,WFH,2016,,,,,,,,,,,,,,,,,,,,,,,,,,,,,,,,,,,,,,,,,
,,,,,Eddy Newell,"pencils, cover",WFH,2016,,,,,,,,,,,,,,,,,,,,,,,,,,,,,,,,,,,,,,,,,
,,,,,Ron McCain,inks,WFH,,,,,,,,,,,,,,,,,,,,,,,,,,,,,,,,,,,,,,,,,,
,,,,,Matt Hollingsworth,color,N/A,,,,,,,,,,,,,,,,,,,,,,,,,,,,,,,,,,,,,,,,,,
Pandora,Dark Universe,Flashpoint #5,Oct-2011,N,Geoff Johns,writer,WFH; Exclusive,,,,,,,,,,,,,,,,,,,,,,,,,,,,,,,,,,,,,,,,,,
,,,,,Andy Kubert,"pencils, cover pencils, variant cover",WFH; Exclusive,,,,,,,,,,,,,,,,,,,,,,,,,,,,,,,,,,,,,,,,,,
,,,,,Sandra Hope Archer,"inks, cover inks",WFH,,,,,,,,,,,,,,,,,,,,,,,,,,,,,,,,,,,,,,,,,,
,,,,,Jesse Delperdang,inks,WFH,,,,,,,,,,,,,,,,,,,,,,,,,,,,,,,,,,,,,,,,,,
,,,,,Jose Luis Garcia-Lopez,variant cover,WFH,,,,,,,,,,,,,,,,,,,,,,,,,,,,,,,,,,,,,,,,,,
,,,,,Alex Sinclair,color,N/A,,,,,,,,,,,,,,,,,,,,,,,,,,,,,,,,,,,,,,,,,,
"Papa Midnite
(Linton Midnite)",,Hellblazer #1,Jan-1988,N,Jamie Delano,writer,WFH,1987,,,,,,,,,,,,,,,,,,,,,,,,,,,,,,,,,,,,,,,,,
,,,,,John Ridgway,"pencils, inks",WFH,1987,,,,,,,,,,,,,,,,,,,,,,,,,,,,,,,,,,,,,,,,,
,,,,,Dave McKean,cover,WFH,,,,,,,,,,,,,,,,,,,,,,,,,,,,,,,,,,,,,,,,,,
,,,,,Lovern Kindzierski,color,N/A,,,,,,,,,,,,,,,,,,,,,,,,,,,,,,,,,,,,,,,,,,
Parademons,,New Gods #1,Mar-1971,N,Jack Kirby,"writer, pencils, cover pencils",Fourth World Agreement,1982,Deceased,,,,,,,,,,,,,,,,,,,,,,,,,,,,,,,,,,,,,,,,
,,,,,Vince Colletta,inks,None,,Deceased,,,,,,,,,,,,,,,,,,,,,,,,,,,,,,,,,,,,,,,,
,,,,,Frank Giacoia,cover inks,None,,Deceased,,,,,,,,,,,,,,,,,,,,,,,,,,,,,,,,,,,,,,,,
Parallax,"Green Lantern
(2011)","Hal Jordan as Parallax's host:
Green Lantern #50",Mar-1994,N,Ron Marz,writer,WFH,,,,,,,,,,,,,,,,,,,,,,,,,,,,,,,,,,,,,,,,,,
,,,,,Darryl Banks,pencils,WFH,,,,,,,,,,,,,,,,,,,,,,,,,,,,,,,,,,,,,,,,,,
,,,,,Romeo Tanghal,inks,WFH,,,,,,,,,,,,,,,,,,,,,,,,,,,,,,,,,,,,,,,,,,
,,,,,Kevin Maguire,cover,None,,WFH Agreements for GL #48 & 49 have been located.,,,,,,,,,,,,,,,,,,,,,,,,,,,,,,,,,,,,,,,,
,,,,,Steve Mattson,color,N/A,,,,,,,,,,,,,,,,,,,,,,,,,,,,,,,,,,,,,,,,,,
,,"Parallax as a distinct creature:
Green Lantern: Rebirth #3",Feb-2005,N,Geoff Johns,writer,WFH,,,,,,,,,,,,,,,,,,,,,,,,,,,,,,,,,,,,,,,,,,
,,,,,Ethan Van Sciver,"pencils, cover",WFH,,,,,,,,,,,,,,,,,,,,,,,,,,,,,,,,,,,,,,,,,,
,,,,,Prentis Rollins,inks,WFH,,,,,,,,,,,,,,,,,,,,,,,,,,,,,,,,,,,,,,,,,,
,,,,,"William ""Moose"" Baumann",color,N/A,,,,,,,,,,,,,,,,,,,,,,,,,,,,,,,,,,,,,,,,,,
"Parasite
(Raymond Maxwell Jensen)",,"Action Comics #340
""Power of the Parasite""",Aug-1966,Y,"James ""Jim"" Shooter",writer,None,,,,,,,,,,,,,,,,,,,,,,,,,,,,,,,,,,,,,,,,,,
,,,,,Al Plastino,"pencils, inks",None,,Deceased,,,,,,,,,,,,,,,,,,,,,,,,,,,,,,,,,,,,,,,,
,,,,,Curt Swan,cover pencils,None,,Deceased,,,,,,,,,,,,,,,,,,,,,,,,,,,,,,,,,,,,,,,,
,,,,,George Klein,cover inks,None,,Deceased,,,,,,,,,,,,,,,,,,,,,,,,,,,,,,,,,,,,,,,,
"Parasite
(Rudy Jones)",Supergirl 206,Firestorm #58,Apr-1987,Y,John Ostrander,writer,WFH,,,,,,,,,,,,,,,,,,,,,,,,,,,,,,,,,,,,,,,,,,
,,,,,"Joe J. Brozowski
(J.J. Birch)","pencils, cover pencils",WFH,,,,,,,,,,,,,,,,,,,,,,,,,,,,,,,,,,,,,,,,,,
,,,,,Pablo Marcos,inks,WFH,,,,,,,,,,,,,,,,,,,,,,,,,,,,,,,,,,,,,,,,,,
,,,,,Bruce Patterson,cover inks,WFH,,,,,,,,,,,,,,,,,,,,,,,,,,,,,,,,,,,,,,,,,,
,,,,,Nansi Hoolahan,color,N/A,,,,,,,,,,,,,,,,,,,,,,,,,,,,,,,,,,,,,,,,,,
"Parasite
(Alexandra Allston)",,"as Alexandra Allston:
Adventures of Superman #630",Sep-2004,N,Greg Rucka,writer,WFH; Exclusive,,,,,,,,,,,,,,,,,,,,,,,,,,,,,,,,,,,,,,,,,,
,,,,,Matthew Clark,pencils,WFH,,,,,,,,,,,,,,,,,,,,,,,,,,,,,,,,,,,,,,,,,,
,,,,,Nelson DeCastro,inks,WFH,,,,,,,,,,,,,,,,,,,,,,,,,,,,,,,,,,,,,,,,,,
,,,,,Gene Ha,cover,WFH,,,,,,,,,,,,,,,,,,,,,,,,,,,,,,,,,,,,,,,,,,
,,,,,Tanya & Richard Horie,color,N/A,,,,,,,,,,,,,,,,,,,,,,,,,,,,,,,,,,,,,,,,,,
,,"as Parasite (purple):
Adventures of Superman #633",Dec-2004,Y,Greg Rucka,writer,WFH; Exclusive,,,,,,,,,,,,,,,,,,,,,,,,,,,,,,,,,,,,,,,,,,
,,,,,Matthew Clark,pencils,WFH,,,,,,,,,,,,,,,,,,,,,,,,,,,,,,,,,,,,,,,,,,
,,,,,Andy Lanning,inks,WFH,,,,,,,,,,,,,,,,,,,,,,,,,,,,,,,,,,,,,,,,,,
,,,,,Gene Ha,cover,WFH,,,,,,,,,,,,,,,,,,,,,,,,,,,,,,,,,,,,,,,,,,
,,,,,Tanya & Richard Horie,color,N/A,,,,,,,,,,,,,,,,,,,,,,,,,,,,,,,,,,,,,,,,,,
"Parasite
(Alexander Allston)",,"as Alexander Allston:
Adventures of Superman #630",Sep-2004,N,Greg Rucka,writer,WFH; Exclusive,,,,,,,,,,,,,,,,,,,,,,,,,,,,,,,,,,,,,,,,,,
,,,,,Matthew Clark,pencils,WFH,,,,,,,,,,,,,,,,,,,,,,,,,,,,,,,,,,,,,,,,,,
,,,,,Nelson DeCastro,inks,WFH,,,,,,,,,,,,,,,,,,,,,,,,,,,,,,,,,,,,,,,,,,
,,,,,Gene Ha,cover,WFH,,,,,,,,,,,,,,,,,,,,,,,,,,,,,,,,,,,,,,,,,,
,,,,,Tanya & Richard Horie,color,N/A,,,,,,,,,,,,,,,,,,,,,,,,,,,,,,,,,,,,,,,,,,
,,"as Parasite (green):
Adventures of Superman #633",Dec-2004,Y,Greg Rucka,writer,WFH; Exclusive,,,,,,,,,,,,,,,,,,,,,,,,,,,,,,,,,,,,,,,,,,
,,,,,Matthew Clark,pencils,WFH,,,,,,,,,,,,,,,,,,,,,,,,,,,,,,,,,,,,,,,,,,
,,,,,Andy Lanning,inks,WFH,,,,,,,,,,,,,,,,,,,,,,,,,,,,,,,,,,,,,,,,,,
,,,,,Gene Ha,cover,WFH,,,,,,,,,,,,,,,,,,,,,,,,,,,,,,,,,,,,,,,,,,
,,,,,Tanya & Richard Horie,color,N/A,,,,,,,,,,,,,,,,,,,,,,,,,,,,,,,,,,,,,,,,,,
"Parasite
(Joshua Michael Allen)",,Superman #23.4,Nov-2013,Y,Aaron Kuder,"writer, pencils, inks, cover",WFH; Exclusive,,,,,,,,,,,,,,,,,,,,,,,,,,,,,,,,,,,,,,,,,,
,,,,,Tomeu Morey,color,N/A,,,,,,,,,,,,,,,,,,,,,,,,,,,,,,,,,,,,,,,,,,
The Parliament of Trees,Swamp Thing 110,Swamp Thing #47,Apr-1986,Y,Alan Moore,writer,None,,"Although we do not have WFH agreements for this first appearance, WB Corp. Legal has cleared this for use in TV based on Moore's vouchers for issues #20-30, #39-40, #51-58, #63-64, and some 1984 sampler pages, as well as equity agreements for John Constantine and correspondence from Moore circa 1989 ",,,,,,,,,,,,,,,,,,,,,,,,,,,,,,,,,,,,,,,,
,,,,,Stan Woch,pencils,None,,,,,,,,,,,,,,,,,,,,,,,,,,,,,,,,,,,,,,,,,,
,,,,,Ron Randall,inks,None,,,,,,,,,,,,,,,,,,,,,,,,,,,,,,,,,,,,,,,,,,
,,,,,Steven Bissette,cover pencils,None,,,,,,,,,,,,,,,,,,,,,,,,,,,,,,,,,,,,,,,,,,
,,,,,John Totleben,cover inks,None,,,,,,,,,,,,,,,,,,,,,,,,,,,,,,,,,,,,,,,,,,
,,,,,Tatjana Wood,color,N/A,,,,,,,,,,,,,,,,,,,,,,,,,,,,,,,,,,,,,,,,,,
"Pat Dugan
(Stripesy; S.T.R.I.P.E)",Stargirl 101,"as Stripesy:
Star-Spangled Comics #1
""The Bund Saboteurs""
""Dr. Weerd & the Metal Monster""",Oct-1941,Y,"Jerome ""Jerry"" Siegel",writer,None,,Deceased,,,,,,,,,,,,,,,,,,,,,,,,,,,,,,,,,,,,,,,,
,,,,,Harold Sherman,"pencils, inks, cover",None,,Deceased,,,,,,,,,,,,,,,,,,,,,,,,,,,,,,,,,,,,,,,,
,,"as S.T.R.I.P.E.:
Stars & S.T.R.I.P.E #0",Jul-1999,Y,Geoff Johns,writer,WFH,2010,"Johns has equity in the S.T.R.I.P.E. suit of armor, not the wearer.",,,,,,,,,,,,,,,,,,,,,,,,,,,,,,,,,,,,,,,,
,,,,,James Robinson,writer,Exclusive,,,,,,,,,,,,,,,,,,,,,,,,,,,,,,,,,,,,,,,,,,
,,,,,Lee Moder,"pencils, cover pencils",WFH,,,,,,,,,,,,,,,,,,,,,,,,,,,,,,,,,,,,,,,,,,
,,,,,Chris Weston,pencils,WFH,,,,,,,,,,,,,,,,,,,,,,,,,,,,,,,,,,,,,,,,,,
,,,,,Dan W. Davis,"inks, cover inks",WFH,,,,,,,,,,,,,,,,,,,,,,,,,,,,,,,,,,,,,,,,,,
,,,,,John Stokes,inks,WFH,,,,,,,,,,,,,,,,,,,,,,,,,,,,,,,,,,,,,,,,,,
,,,,,Carla Feeny,color,N/A,,,,,,,,,,,,,,,,,,,,,,,,,,,,,,,,,,,,,,,,,,
Patty Spivot,"Flash 202
(10/13/2015)","DC Special Series #1
""How To Prevent A Flash""",Sep-1977,N,Cary Bates,writer,None,2016,,,,,,,,,,,,,,,,,,,,,,,,,,,,,,,,,,,,,,,,,
,,,,,"Irving ""Irv"" Novick",pencils,Artist,,"Novick was an employee of DC Comics from 5/9/67 - 12/28/84.
Deceased",,,,,,,,,,,,,,,,,,,,,,,,,,,,,,,,,,,,,,,,
,,,,,Frank McLaughlin,inks,Exclusive,,,,,,,,,,,,,,,,,,,,,,,,,,,,,,,,,,,,,,,,,,
,,,,,Neal Adams,cover,Creator Recognition,,,,,,,,,,,,,,,,,,,,,,,,,,,,,,,,,,,,,,,,,,
,,,,,Anthony Tollin,color,N/A,,,,,,,,,,,,,,,,,,,,,,,,,,,,,,,,,,,,,,,,,,
Paul Blakeston,,"Adventure Comics #142
""The Man Who Walked With Trouble"" ",Jul-1949,N,Jack Schiff,editor,Employee,,,No writer listed for this issue/story,,,,,,,,,,,,,,,,,,,,,,,,,,,,,,,,,,,,,,,
,,,,,John Sikela,pencils,None,,,,,,,,,,,,,,,,,,,,,,,,,,,,,,,,,,,,,,,,,,
,,,,,Ed Dobrotka,inks,None,,,,,,,,,,,,,,,,,,,,,,,,,,,,,,,,,,,,,,,,,,
"Peacemaker
(Christopher Smith)",,"in Charlton Comics:
Fightin' Five #40
""Introducing the Peacemaker""",Nov-1966,N,Joe Gill,writer,None,,See Charlton Comics Purchase Agreement,,,,,,,,,,,,,,,,,,,,,,,,,,,,,,,,,,,,,,,,
,,,,,Pat Boyette,"pencils, inks",None,,,,,,,,,,,,,,,,,,,,,,,,,,,,,,,,,,,,,,,,,,
,,,,,Bill Montes,cover pencils,None,,,,,,,,,,,,,,,,,,,,,,,,,,,,,,,,,,,,,,,,,,
,,,,,Rocco Mastroserio,cover inks,None,,,,,,,,,,,,,,,,,,,,,,,,,,,,,,,,,,,,,,,,,,
,,"in DC Comics:
Crisis on Infinite Earths #6",Sep-1985,N,Marv Wolfman,"writer, editor",Writer,,,,,,,,,,,,,,,,,,,,,,,,,,,,,,,,,,,,,,,,,,
,,,,,George Perez,"pencils, cover",Exclusive,,,,,,,,,,,,,,,,,,,,,,,,,,,,,,,,,,,,,,,,,,
,,,,,"Jeremiah ""Jerry"" Ordway",inks,None,,,,,,,,,,,,,,,,,,,,,,,,,,,,,,,,,,,,,,,,,,
,,,,,Thomas Ziuko,color,N/A,,,,,,,,,,,,,,,,,,,,,,,,,,,,,,,,,,,,,,,,,,
Peacemaker II,,Justice League International #65,Jun-1994,N,Gerard Jones,writer,WFH,,DC no longer has an active relationship with Jones due to criminal conviction.,,,,,,,,,,,,,,,,,,,,,,,,,,,,,,,,,,,,,,,,
,,,,,Chuck Wojtkiewicz,"pencils, cover",WFH,,,,,,,,,,,,,,,,,,,,,,,,,,,,,,,,,,,,,,,,,,
,,,,,Bob Dvorak,inks,WFH,,,,,,,,,,,,,,,,,,,,,,,,,,,,,,,,,,,,,,,,,,
,,,,,Robert Jones,inks,WFH,,,,,,,,,,,,,,,,,,,,,,,,,,,,,,,,,,,,,,,,,,
,,,,,Rich Rankin,inks,WFH,,,,,,,,,,,,,,,,,,,,,,,,,,,,,,,,,,,,,,,,,,
,,,,,Gene D'Angelo,color,Exclusive,,,,,,,,,,,,,,,,,,,,,,,,,,,,,,,,,,,,,,,,,,
"Peacemaker
(Mitchell Black)",,"DCU Heroes Secret Files #1
""The L.A.W.""",Feb-1999,N,Matt Brady,writer,WFH,,,,,,,,,,,,,,,,,,,,,,,,,,,,,,,,,,,,,,,,,,
,,,,,Dick Giordano,pencils,Consulting/Artist,,,,,,,,,,,,,,,,,,,,,,,,,,,,,,,,,,,,,,,,,,
,,,,,Bob Layton,inks,None,,,,,,,,,,,,,,,,,,,,,,,,,,,,,,,,,,,,,,,,,,
,,,,,Bryan Hitch,cover pencils,WFH,,,,,,,,,,,,,,,,,,,,,,,,,,,,,,,,,,,,,,,,,,
,,,,,Paul Neary,cover inks,WFH,,,,,,,,,,,,,,,,,,,,,,,,,,,,,,,,,,,,,,,,,,
,,,,,Tom McCraw,color,N/A,,,,,,,,,,,,,,,,,,,,,,,,,,,,,,,,,,,,,,,,,,
"Peek-a-Boo
(Lashawn Baez)","Flash 112
(2/3/2015)",Flash #180,Jan-2002,Y,Geoff Johns,writer,WFH,,,,,,,,,,,,,,,,,,,,,,,,,,,,,,,,,,,,,,,,,,
,,,,,Scott Kolins,pencils,WFH,,,,,,,,,,,,,,,,,,,,,,,,,,,,,,,,,,,,,,,,,,
,,,,,Doug Hazlewood,inks,WFH,,,,,,,,,,,,,,,,,,,,,,,,,,,,,,,,,,,,,,,,,,
,,,,,Brian J. Bolland,cover,None,,,,,,,,,,,,,,,,,,,,,,,,,,,,,,,,,,,,,,,,,,
,,,,,James Sinclair,color,N/A,,,,,,,,,,,,,,,,,,,,,,,,,,,,,,,,,,,,,,,,,,
"The Penguin
(Oswald Chesterfield Cobblepot; Mr. Boniface) ","Gotham 101
(9/22/2014)","Detective Comics #58
""One of the Most Perfect Frame-Ups""",Dec-1941,N,Bob Kane,pencils,Services Agreement,,Deceased,,,,,,,,,,,,,,,,,,,,,,,,,,,,,,,,,,,,,,,,
,,,,,Bill Finger,writer,Contributor Recognition,,Deceased Contributor Recognition Agreement is with heir.,,,,,,,,,,,,,,,,,,,,,,,,,,,,,,,,,,,,,,,,
,,,,,Jerry Robinson,"inks, cover",Settlement,,Deceased,,,,,,,,,,,,,,,,,,,,,,,,,,,,,,,,,,,,,,,,
"Penny Plunderer
(Joseph Coyne)",Plastic Man,"World's Finest #30
""The Penny Plunderers""",Sep-1947,N,Bill Finger,writer,Contributor Recognition,,Deceased Contributor Recognition Agreement is with heir.,,,,,,,,,,,,,,,,,,,,,,,,,,,,,,,,,,,,,,,,
,,,,,Bob Kane,"pencils, cover pencils",Services Agreement,,Deceased,,,,,,,,,,,,,,,,,,,,,,,,,,,,,,,,,,,,,,,,
,,,,,Ray Burnley,inks,None,,Deceased,,,,,,,,,,,,,,,,,,,,,,,,,,,,,,,,,,,,,,,,
,,,,,Jack Burnley,cover pencils,None,,Deceased,,,,,,,,,,,,,,,,,,,,,,,,,,,,,,,,,,,,,,,,
,,,,,Charles Paris,cover inks,None,,Deceased,,,,,,,,,,,,,,,,,,,,,,,,,,,,,,,,,,,,,,,,
Penthiselea of Bana-Mighdall,"Wonder Woman
(2017)",Wonder Woman #33,Aug-1989,N,George Perez,"writer, cover inks",WFH; Continuity,,,,,,,,,,,,,,,,,,,,,,,,,,,,,,,,,,,,,,,,,,
,,,,,Chris Marrinan,"pencils, cover pencils",WFH; Continuity,,,,,,,,,,,,,,,,,,,,,,,,,,,,,,,,,,,,,,,,,,
,,,,,Will Blyberg,inks,WFH,,,,,,,,,,,,,,,,,,,,,,,,,,,,,,,,,,,,,,,,,,
,,,,,Carl Gafford,color,N/A,,,,,,,,,,,,,,,,,,,,,,,,,,,,,,,,,,,,,,,,,,
"Penthesilea
(Flashpoint)","Wonder Woman
(2017)","Flashpoint: Wonder Woman & The Furies #1
""The Arrangement""",Aug-2011,N,Dan Abnett,writer,WFH,,,,,,,,,,,,,,,,,,,,,,,,,,,,,,,,,,,,,,,,,,
,,,,,Andy Lanning,writer,WFH,,,,,,,,,,,,,,,,,,,,,,,,,,,,,,,,,,,,,,,,,,
,,,,,Scott Clark,pencils,WFH; Exclusive,,Deceased,,,,,,,,,,,,,,,,,,,,,,,,,,,,,,,,,,,,,,,,
,,,,,David Beaty,inks,WFH,,,,,,,,,,,,,,,,,,,,,,,,,,,,,,,,,,,,,,,,,,
,,,,,Ed Benes,cover,WFH; Exclusive,,,,,,,,,,,,,,,,,,,,,,,,,,,,,,,,,,,,,,,,,,
,,,,,Nei Ruffino,color,N/A,,,,,,,,,,,,,,,,,,,,,,,,,,,,,,,,,,,,,,,,,,
Per Degaton,Legends 110,All-Star Comics #35,Jun-1947,Y,John Broome,writer,None,,Deceased,,,,,,,,,,,,,,,,,,,,,,,,,,,,,,,,,,,,,,,,
,,,,,Irwin Hasen,"artist, cover artist",None,,Courtesy License for cover reprint dated 1/5/04 has been located.,,,,,,,,,,,,,,,,,,,,,,,,,,,,,,,,,,,,,,,,
,,,,,Lee Elias,artist,None,,,,,,,,,,,,,,,,,,,,,,,,,,,,,,,,,,,,,,,,,,
,,,,,Paul Reinman,artist,None,,"We have one agreement for an unspecified title dated 12/17/42, signed by Reinman and Sam Burlockoff.",,,,,,,,,,,,,,,,,,,,,,,,,,,,,,,,,,,,,,,,
,,,,,Joe Kubert,artist,None,,Deceased,,,,,,,,,,,,,,,,,,,,,,,,,,,,,,,,,,,,,,,,
,,,,,Frank Harry,artist,None,,,,,,,,,,,,,,,,,,,,,,,,,,,,,,,,,,,,,,,,,,
Perry White,,"Adventures of Superman Radio Show
""The Wolfe""",Feb-1940,,"B.P. Freeman
Jack Johnstone",writers,,,,,,,,,,,,,,,,,,,,,,,,,,,,,,,,,,,,,,,,,,,
,,"in DC Comics:
Superman #7
""The Three Kingpins of Crime""",Nov-1940,N,Jerry Siegel,writer,Settlement,,Deceased Settlement is with heirs.,,,,,,,,,,,,,,,,,,,,,,,,,,,,,,,,,,,,,,,,
,,,,,Joe Shuster,"pencils, cover pencils",Settlement,,Deceased,,,,,,,,,,,,,,,,,,,,,,,,,,,,,,,,,,,,,,,,
,,,,,Wayne Boring,"pencils, inks, cover inks",None,,Deceased,,,,,,,,,,,,,,,,,,,,,,,,,,,,,,,,,,,,,,,,
"The Persuader
(Nyeun Chun Ti)",,Adventure Comics #352,Jan-1967,Y,"James ""Jim"" Shooter",writer,None,,,,,,,,,,,,,,,,,,,,,,,,,,,,,,,,,,,,,,,,,,
,,,,,Curt Swan,"pencils, cover pencils",None,,Deceased,,,,,,,,,,,,,,,,,,,,,,,,,,,,,,,,,,,,,,,,
,,,,,George Klein,"inks, cover inks",None,,Deceased,,,,,,,,,,,,,,,,,,,,,,,,,,,,,,,,,,,,,,,,
"The Persuader
(Cole Parker)",,Adventures of Superman #598,Jan-2002,N,Joe Casey,writer,Continuity,,,,,,,,,,,,,,,,,,,,,,,,,,,,,,,,,,,,,,,,,,
,,,,,Mike Wieringo,"pencils, cover pencils",WFH,,,,,,,,,,,,,,,,,,,,,,,,,,,,,,,,,,,,,,,,,,
,,,,,"Jose Marzan, Jr.","inks, cover inks",WFH,,,,,,,,,,,,,,,,,,,,,,,,,,,,,,,,,,,,,,,,,,
,,,,,WildStorm FX,color,N/A,,,,,,,,,,,,,,,,,,,,,,,,,,,,,,,,,,,,,,,,,,
"The Persuader
(Elise Kimble)",,Teen Titans #56,Apr-2008,N,Sean McKeever,writer,WFH,,,,,,,,,,,,,,,,,,,,,,,,,,,,,,,,,,,,,,,,,,
,,,,,Eddy Barrows,"pencils, cover pencils",WFH,,,,,,,,,,,,,,,,,,,,,,,,,,,,,,,,,,,,,,,,,,
,,,,,Julio Ferreira,"inks, cover inks",WFH,,,,,,,,,,,,,,,,,,,,,,,,,,,,,,,,,,,,,,,,,,
,,,,,Jimmy Palmiotti,inks,None,,,,,,,,,,,,,,,,,,,,,,,,,,,,,,,,,,,,,,,,,,
,,,,,"Rodrigo ""Rod"" Reis",color,N/A,,,,,,,,,,,,,,,,,,,,,,,,,,,,,,,,,,,,,,,,,,
Peter Gambi,Black Lightning 101,Black Lightning #1,Apr-1977,Y,Anthony Isabella,writer,Exclusive; Creator Recognition,2016,,,,,,,,,,,,,,,,,,,,,,,,,,,,,,,,,,,,,,,,,
,,,,,Trevor Von Eeden,pencils,None,2016,,,,,,,,,,,,,,,,,,,,,,,,,,,,,,,,,,,,,,,,,
,,,,,Frank Springer,"inks, cover inks",None,,Deceased,,,,,,,,,,,,,,,,,,,,,,,,,,,,,,,,,,,,,,,,
,,,,,Rich Buckler,cover pencils,None,,,,,,,,,,,,,,,,,,,,,,,,,,,,,,,,,,,,,,,,,,
,,,,,Liz Berube,color,N/A,,,,,,,,,,,,,,,,,,,,,,,,,,,,,,,,,,,,,,,,,,
Peter Grimm,"Point Blank
Sleeper",Sleeper #2,Apr-2003,N,Ed Brubaker,writer,WFH,,,,,,,,,,,,,,,,,,,,,,,,,,,,,,,,,,,,,,,,,,
,,,,,Sean Phillips,"pencils, inks, cover",WFH,,,,,,,,,,,,,,,,,,,,,,,,,,,,,,,,,,,,,,,,,,
,,,,,Tony Avina,color,N/A,,,,,,,,,,,,,,,,,,,,,,,,,,,,,,,,,,,,,,,,,,
,,,,,Randy Mayor,color,N/A,,,,,,,,,,,,,,,,,,,,,,,,,,,,,,,,,,,,,,,,,,
"Phantasm
(Danny Chase)",,New Teen Titans Annual #3,1987,N,Marv Wolfman,writer,WFH,,,,,,,,,,,,,,,,,,,,,,,,,,,,,,,,,,,,,,,,,,
,,,,,Mike Collins,pencils,WFH,,,,,,,,,,,,,,,,,,,,,,,,,,,,,,,,,,,,,,,,,,
,,,,,Romeo Tanghal,inks,WFH,,,,,,,,,,,,,,,,,,,,,,,,,,,,,,,,,,,,,,,,,,
,,,,,Mitch O'Connell,cover,WFH,,,,,,,,,,,,,,,,,,,,,,,,,,,,,,,,,,,,,,,,,,
,,,,,Adrienne Roy,color,N/A,,Deceased,,,,,,,,,,,,,,,,,,,,,,,,,,,,,,,,,,,,,,,,
"Phantom Girl
(Tinya Wazzo)",,"Action Comics #276
""Supergirl's Three Super Girl-Friends""",May-1961,N,"Jerome ""Jerry"" Siegel",writer,Settlement,,Deceased Settlement is with heirs.,,,,,,,,,,,,,,,,,,,,,,,,,,,,,,,,,,,,,,,,
,,,,,James (Jim) Mooney,"pencils, inks",None,,Deceased,,,,,,,,,,,,,,,,,,,,,,,,,,,,,,,,,,,,,,,,
,,,,,Curt Swan,cover pencils,None,,Deceased,,,,,,,,,,,,,,,,,,,,,,,,,,,,,,,,,,,,,,,,
,,,,,Stan Kaye,cover inks,None,,Deceased,,,,,,,,,,,,,,,,,,,,,,,,,,,,,,,,,,,,,,,,
"Phantom Lady
(Dee Tyler)",,"Action Comics Weekly #636
""Daddy's Girl""",Jan-1989,Y,Len Strazewski,writer,WFH,,,,,,,,,,,,,,,,,,,,,,,,,,,,,,,,,,,,,,,,,,
,,,,,Chuck Austen,pencils ,WFH,,,,,,,,,,,,,,,,,,,,,,,,,,,,,,,,,,,,,,,,,,
,,,,,Gary Martin,inks,WFH,,,,,,,,,,,,,,,,,,,,,,,,,,,,,,,,,,,,,,,,,,
,,,,,Dick Giordano,cover,WFH,,,,,,,,,,,,,,,,,,,,,,,,,,,,,,,,,,,,,,,,,,
,,,,,Glenn Whitmore,color,WFH,,,,,,,,,,,,,,,,,,,,,,,,,,,,,,,,,,,,,,,,,,
"Phantom Lady
(Jennifer Knight)",The Ray (WBA),Phantom Lady #1,Oct-2012,Y,Justin Gray,co-writer,WFH,,,,,,,,,,,,,,,,,,,,,,,,,,,,,,,,,,,,,,,,,,
,,,,,Jimmy Palmiotti,co-writer,None,,"Voucher numbers are on file in ALFRED, but Legal never got copies.",,,,,,,,,,,,,,,,,,,,,,,,,,,,,,,,,,,,,,,,
,,,,,Cat Staggs,pencils,WFH,,,,,,,,,,,,,,,,,,,,,,,,,,,,,,,,,,,,,,,,,,
,,,,,Tom Derenick,inks,WFH,,,,,,,,,,,,,,,,,,,,,,,,,,,,,,,,,,,,,,,,,,
,,,,,Amanda Conner,cover,None,,"Voucher numbers are on file in ALFRED, but Legal never got copies.",,,,,,,,,,,,,,,,,,,,,,,,,,,,,,,,,,,,,,,,
,,,,,Jason Wright,color,N/A,,,,,,,,,,,,,,,,,,,,,,,,,,,,,,,,,,,,,,,,,,
"Phantom Lady
(Sandra Knight)",,"Police Comics #1
Phantom Lady: ""The Coming of the Phantom Lady""",Aug-1941,Y,None Listed,writer,,,Covered under Quality Comics Purchase Agreement,,,,,,,,,,,,,,,,,,,,,,,,,,,,,,,,,,,,,,,,
,,,,,Arthur F. Peddy,"pencils, inks",None,,,,,,,,,,,,,,,,,,,,,,,,,,,,,,,,,,,,,,,,,,
"Phantom Lady
(Stormy Knight)",,Crisis Aftermath: The Battle for Blüdhaven vol 1 #2,Jun-2006,N,Justin Gray,writer,WFH,,,,,,,,,,,,,,,,,,,,,,,,,,,,,,,,,,,,,,,,,,
,,,,,Jimmy Palmiotti,"writer, inks",WFH,,,,,,,,,,,,,,,,,,,,,,,,,,,,,,,,,,,,,,,,,,
,,,,,Dan Jurgens,pencils,WFH,,,,,,,,,,,,,,,,,,,,,,,,,,,,,,,,,,,,,,,,,,
Phantom Stranger,Dark Universe,"The Phantom Stranger #1
""The Haunters From Beyond""",Aug-1952,Y,John Broome,writer,None,,Deceased  Wayne Smith confirmed Phantom Stranger cleared for use in Swamp Thing TV show.,,,,,,,,,,,,,,,,,,,,,,,,,,,,,,,,,,,,,,,,
,,,,,Carmine Infantino,"pencils, cover pencils",Settlement,,Deceased,,,,,,,,,,,,,,,,,,,,,,,,,,,,,,,,,,,,,,,,
,,,,,"Seymour ""Sy"" Barry","inks, cover inks",None,,,,,,,,,,,,,,,,,,,,,,,,,,,,,,,,,,,,,,,,,,
,,,,,Joseph Giella,inks,None,,,,,,,,,,,,,,,,,,,,,,,,,,,,,,,,,,,,,,,,,,
Phantom Zone,Lego Batman,"Adventure Comics #283
""The Phantom Superboy""",Apr-1961,N,Robert Bernstein,writer,None,,Deceased,,,,,,,,,,,,,,,,,,,,,,,,,,,,,,,,,,,,,,,,
,,,,,George Papp,"pencils, inks",None,,Deceased,,,,,,,,,,,,,,,,,,,,,,,,,,,,,,,,,,,,,,,,
,,,,,Curt Swan,cover pencils,None,,Deceased,,,,,,,,,,,,,,,,,,,,,,,,,,,,,,,,,,,,,,,,
,,,,,Stan Kaye,cover inks,None,,Deceased,,,,,,,,,,,,,,,,,,,,,,,,,,,,,,,,,,,,,,,,
Philippus,"Wonder Woman
(2017)",Wonder Woman #1,Feb-1987,N,Greg Potter,writer,WFH,,,,,,,,,,,,,,,,,,,,,,,,,,,,,,,,,,,,,,,,,,
,,,,,George Perez,"plot, pencils, cover",Continuity,,,,,,,,,,,,,,,,,,,,,,,,,,,,,,,,,,,,,,,,,,
,,,,,Bruce Patterson,inks,WFH,,,,,,,,,,,,,,,,,,,,,,,,,,,,,,,,,,,,,,,,,,
,,,,,Tatjana Wood,color,N/A,,,,,,,,,,,,,,,,,,,,,,,,,,,,,,,,,,,,,,,,,,
Philosopher's Stone,Flash 305,"All-Star Comics #42
""The Man Who Hated Science!""",Aug-1948,N,John Broome,writer,None,,Deceased,,,,,,,,,,,,,,,,,,,,,,,,,,,,,,,,,,,,,,,,
,,,,,Arthur F. Peddy,pencils,None,,,,,,,,,,,,,,,,,,,,,,,,,,,,,,,,,,,,,,,,,,
,,,,,Bernard Sachs,inks,None,,Deceased,,,,,,,,,,,,,,,,,,,,,,,,,,,,,,,,,,,,,,,,
,,,,,Irwin Hasen,cover,None,,,,,,,,,,,,,,,,,,,,,,,,,,,,,,,,,,,,,,,,,,
"Phobia
(Angela Hawkins III)",,New Teen Titans #14,Dec-1981,N,Marv Wolfman,writer,Exclusive,1983,,,,,,,,,,,,,,,,,,,,,,,,,,,,,,,,,,,,,,,,,
,,,,,George Perez,"pencils, cover pencils",None,1983,,,,,,,,,,,,,,,,,,,,,,,,,,,,,,,,,,,,,,,,,
,,,,,Romeo Tanghal,inks,Exclusive,,,,,,,,,,,,,,,,,,,,,,,,,,,,,,,,,,,,,,,,,,
,,,,,Dick Giordano,cover inks,Exclusive,,"Giordano may have been an employee of DC at this time.
Deceased",,,,,,,,,,,,,,,,,,,,,,,,,,,,,,,,,,,,,,,,
,,,,,Adrienne Roy,color,N/A,,Deceased,,,,,,,,,,,,,,,,,,,,,,,,,,,,,,,,,,,,,,,,
"Phobos
(Pre-Crisis)",,Wonder Woman #183,Jul-1969,N,Mike Sekowsky,"writer, pencils, cover pencils",None,,Deceased,,,,,,,,,,,,,,,,,,,,,,,,,,,,,,,,,,,,,,,,
,,,,,Dick Giordano,"inks, cover inks",N/A,,"Giordano was an employee of DC at this time.
Deceased",,,,,,,,,,,,,,,,,,,,,,,,,,,,,,,,,,,,,,,,
"Phobos
(Post-Crisis)",,Wonder Woman #2,Mar-1987,N,Greg Potter,writer,WFH,,,,,,,,,,,,,,,,,,,,,,,,,,,,,,,,,,,,,,,,,,
,,,,,George Perez,"plot, pencils, cover",Continuity,,,,,,,,,,,,,,,,,,,,,,,,,,,,,,,,,,,,,,,,,,
,,,,,Bruce Patterson,inks,WFH,,,,,,,,,,,,,,,,,,,,,,,,,,,,,,,,,,,,,,,,,,
,,,,,Tatjana Wood,color,N/A,,,,,,,,,,,,,,,,,,,,,,,,,,,,,,,,,,,,,,,,,,
"Pilgrim
(Maritza Blackbird)",Legends 112,"WildC.A.T.S #2
""Wetworks""",Sep-1992,N,Whilce Portacio,"writer, pencils",None,,See also: Aegis Entertainment Purchase Agreement,,,,,,,,,,,,,,,,,,,,,,,,,,,,,,,,,,,,,,,,
,,,,,Brandon Choi,writer,WFH Acknowledgement,,,,,,,,,,,,,,,,,,,,,,,,,,,,,,,,,,,,,,,,,,
,,,,,Scott Williams,"inks, cover inks",WFH Acknowledgement,,,,,,,,,,,,,,,,,,,,,,,,,,,,,,,,,,,,,,,,,,
,,,,,Jim Lee,cover pencils,Firewall Agreement,,,,,,,,,,,,,,,,,,,,,,,,,,,,,,,,,,,,,,,,,,
,,,,,Joe Rosas,color,N/A,,,,,,,,,,,,,,,,,,,,,,,,,,,,,,,,,,,,,,,,,,
Pino Bertinelli,Arrow 501,Batman/Huntress: Cry For Blood #1,Jun-2000,N,Greg Rucka,writer,WFH,,,,,,,,,,,,,,,,,,,,,,,,,,,,,,,,,,,,,,,,,,
,,,,,Rick Burchett,"pencils, inks, cover",WFH,,,,,,,,,,,,,,,,,,,,,,,,,,,,,,,,,,,,,,,,,,
,,,,,Tatjana Wood,color,N/A,,,,,,,,,,,,,,,,,,,,,,,,,,,,,,,,,,,,,,,,,,
"Pit Bull
(Gabriel Brady)","Point Blank
Sleeper",Sleeper #6,Aug-2003,N,Ed Brubaker,writer,WFH,,,,,,,,,,,,,,,,,,,,,,,,,,,,,,,,,,,,,,,,,,
,,,,,Sean Phillips,"pencils, inks, cover",WFH,,,,,,,,,,,,,,,,,,,,,,,,,,,,,,,,,,,,,,,,,,
,,,,,Tony Avina,color,N/A,,,,,,,,,,,,,,,,,,,,,,,,,,,,,,,,,,,,,,,,,,
The Plain Janes,,The Plain Janes OGN,2007,Y,Cecil Castellucci,writer,Joint Creator/All Rights; Writer,2006,,,,,,,,,,,,,,,,,,,,,,,,,,,,,,,,,,,,,,,,,
,,,,,Jim Rugg,"pencils, inks, cover",Joint Creator/All Rights; Artist,2006,,,,,,,,,,,,,,,,,,,,,,,,,,,,,,,,,,,,,,,,,
Planetary,,"C-23 #6
""Planetary""",Sep-1998,Y,Warren Ellis,writer,WildStorm Independent Contractor,1998,,,,,,,,,,,,,,,,,,,,,,,,,,,,,,,,,,,,,,,,,
,,,,,John Cassaday,"pencils, inks",None,2001,,,,,,,,,,,,,,,,,,,,,,,,,,,,,,,,,,,,,,,,,
,,,,,Richard Corben,cover,None,,,,,,,,,,,,,,,,,,,,,,,,,,,,,,,,,,,,,,,,,,
,,,,,"Laura Martin
(Laura DePuy)",color,N/A,,,,,,,,,,,,,,,,,,,,,,,,,,,,,,,,,,,,,,,,,,
"Plastic Man
(Patrick ""Eel"" O'Brian)",,"in Quality Comics:
Police Comics #1
""The Origin of Plastic Man""",Aug-1941,Y,Jack Cole,"writer, pencils, inks",Creator Recognition,2009,Deceased Creator Recognition Agreement is with heir.,,,,,,,,,,,,,,,,,,,,,,,,,,,,,,,,,,,,,,,,
,,,,,Gill Fox,cover,None,,See also Quality Comics purchase agreement dated 7/26/56.,,,,,,,,,,,,,,,,,,,,,,,,,,,,,,,,,,,,,,,,
,,"in DC Comics:
House of Mystery #160
""The Wizard of Light""",Jul-1966,Y,Dave Wood,writer,None,,Deceased,,,,,,,,,,,,,,,,,,,,,,,,,,,,,,,,,,,,,,,,
,,,,,"James ""Jim"" Mooney","pencils, inks, cover",None,,Deceased,,,,,,,,,,,,,,,,,,,,,,,,,,,,,,,,,,,,,,,,
"Plastique
(Bette Sans Souci)","Flash 105
(11/11/2014)",The Fury of Firestorm: The Nuclear Man #7,Dec-1982,Y,Gerry Conway,writer,Writer,2010,,,,,,,,,,,,,,,,,,,,,,,,,,,,,,,,,,,,,,,,,
,,,,,Pat Broderick,"pencils, cover pencils",None,,,,,,,,,,,,,,,,,,,,,,,,,,,,,,,,,,,,,,,,,,
,,,,,"Rodolfo ""Rodin"" Rodriguez",inks,None,,,,,,,,,,,,,,,,,,,,,,,,,,,,,,,,,,,,,,,,,,
,,,,,Dick Giordano ,cover inks,N/A,,"Giordano was an employee of DC at this time.
Deceased",,,,,,,,,,,,,,,,,,,,,,,,,,,,,,,,,,,,,,,,
,,,,,Gene D'Angelo,color,N/A,,,,,,,,,,,,,,,,,,,,,,,,,,,,,,,,,,,,,,,,,,
Platinum,,Showcase #37,Mar-1962,Y,Robert Kanigher,writer,N/A,,"Kanigher was an employee of DC from 2/3/47 through 5/31/82.
Deceased",,,,,,,,,,,,,,,,,,,,,,,,,,,,,,,,,,,,,,,,
,,,,,Ross Andru,"pencils, cover pencils",None,,Deceased,,,,,,,,,,,,,,,,,,,,,,,,,,,,,,,,,,,,,,,,
,,,,,Mike Esposito,"inks, cover inks",None,,Deceased,,,,,,,,,,,,,,,,,,,,,,,,,,,,,,,,,,,,,,,,
"Plunder
(Jared Morillo)",Flash 309,Flash #165,Oct-2000,N,Geoff Johns,writer,WFH,2003,,,,,,,,,,,,,,,,,,,,,,,,,,,,,,,,,,,,,,,,,
,,,,,Angel Unzueta,pencils,WFH,2003,,,,,,,,,,,,,,,,,,,,,,,,,,,,,,,,,,,,,,,,,
,,,,,Doug Hazlewood,inks,WFH,,,,,,,,,,,,,,,,,,,,,,,,,,,,,,,,,,,,,,,,,,
,,,,,Brian Bolland,cover,WFH,,,,,,,,,,,,,,,,,,,,,,,,,,,,,,,,,,,,,,,,,,
,,,,,Tom McCraw,color,Exclusive,,,,,,,,,,,,,,,,,,,,,,,,,,,,,,,,,,,,,,,,,,
Point Blank,"Point Blank
Sleeper",Point Blank #1,Oct-2002,Y,Ed Brubaker,writer,WFH,,,,,,,,,,,,,,,,,,,,,,,,,,,,,,,,,,,,,,,,,,
,,,,,Colin Wilson,"pencils, inks, variant cover",WFH,,,,,,,,,,,,,,,,,,,,,,,,,,,,,,,,,,,,,,,,,,
,,,,,Simon Bisley,cover,WFH,,,,,,,,,,,,,,,,,,,,,,,,,,,,,,,,,,,,,,,,,,
,,,,,Janet Gale,color,N/A,,,,,,,,,,,,,,,,,,,,,,,,,,,,,,,,,,,,,,,,,,
Pointer,,Batman Eternal #24,Sep-2014,N,Scott Snyder,writer,Exclusive,,,,,,,,,,,,,,,,,,,,,,,,,,,,,,,,,,,,,,,,,,
,,,,,James Tynion IV,writer,WFH,,,,,,,,,,,,,,,,,,,,,,,,,,,,,,,,,,,,,,,,,,
,,,,,Ray Fawkes,writer,None,,We have vouchers for issues 22 and then 28-30 but not 24 in eDocs,,,,,,,,,,,,,,,,,,,,,,,,,,,,,,,,,,,,,,,,
,,,,,Andy Clarke,"pencils, inks",WFH,,,,,,,,,,,,,,,,,,,,,,,,,,,,,,,,,,,,,,,,,,
"Poison Ivy
(Pamela Isley)",Gotham Girls,"Batman #181
""Beware of -- Poison Ivy""",Jun-1966,Y,Robert Kanigher,writer,N/A,,"Kanigher was an employee of DC between 2/3/47 - 5/31/82.
Deceased",,,,,,,,,,,,,,,,,,,,,,,,,,,,,,,,,,,,,,,,
,,,,,Bob Kane,pencils,Services Agreement,,"According to the GCD, although Kane was paid for this contribution, scholars agree that the work is Moldoff's.
Deceased",,,,,,,,,,,,,,,,,,,,,,,,,,,,,,,,,,,,,,,,
,,,,,Sheldon Moldoff,pencils,None,,"Deceased
Per the library and Wayne Smith (Corp. Legal), please check to see if Bob Kane should also be included in credits.",,,,,,,,,,,,,,,,,,,,,,,,,,,,,,,,,,,,,,,,
,,,,,Joe Giella,inks,None,,,,,,,,,,,,,,,,,,,,,,,,,,,,,,,,,,,,,,,,,,
,,,,,Carmine Infantino,cover pencils,Settlement,,Deceased,,,,,,,,,,,,,,,,,,,,,,,,,,,,,,,,,,,,,,,,
,,,,,Murphy Anderson,cover inks,None,,Deceased,,,,,,,,,,,,,,,,,,,,,,,,,,,,,,,,,,,,,,,,
"Polar Boy
(Brek Bannin)",Flash 512,"Adventure Comics #306
""The Legion of Substitute Heroes!""",Mar-1963,Y,Buddy LaVigne,,,,Polar Boy was originally suggested in a letter from reader Buddy LaVigne published in the Smallville Mailbag in Adventure Comics #304,,,,,,,,,,,,,,,,,,,,,,,,,,,,,,,,,,,,,,,,
,,,,,Edmond Hamilton,writer,None,,Deceased,,,,,,,,,,,,,,,,,,,,,,,,,,,,,,,,,,,,,,,,
,,,,,John Forte,"pencils, inks",None,,Deceased,,,,,,,,,,,,,,,,,,,,,,,,,,,,,,,,,,,,,,,,
,,,,,Curt Swan,cover pencils,None,,Deceased,,,,,,,,,,,,,,,,,,,,,,,,,,,,,,,,,,,,,,,,
,,,,,George Klein,cover inks,None,,Deceased,,,,,,,,,,,,,,,,,,,,,,,,,,,,,,,,,,,,,,,,
"Polka Dot Man
(Mr. Polka-Dot; Abner Krill)",Lego Batman,"Detective Comics #300
""The Bizarre Polka-Dot Man""",Feb-1962,Y,Sheldon Moldoff,"pencils, cover",None,,"Deceased
Per the library and Wayne Smith (Corp. Legal), please check to see if Bob Kane should also be included in credits.",,,,,,,,,,,,,,,,,,,,,,,,,,,,,,,,,,,,,,,,
,,,,,Charles Paris,inks,None,,Deceased,,,,,,,,,,,,,,,,,,,,,,,,,,,,,,,,,,,,,,,,
"Pooch
(Gunner MacKay's dog)",The Losers (DC),"Our Fighting Forces #49
""Blind Gunner""",Sep-1959,Y,Robert Kanigher,writer,N/A,,"Kanigher was an employee of DC Comics from 2/3/47 - 5/31/82.
Deceased",,,,,,,,,,,,,,,,,,,,,,,,,,,,,,,,,,,,,,,,
,,,,,"Jerry Grandenetti
(Charles J. Grandenetti)","pencils, inks, cover",None,,Deceased,,,,,,,,,,,,,,,,,,,,,,,,,,,,,,,,,,,,,,,,
"Power Girl
(Kara Zor-L; Karen Starr)",,All-Star Comics #58,Jan-1976,Y,Gerry Conway,writer,None,,,,,,,,,,,,,,,,,,,,,,,,,,,,,,,,,,,,,,,,,,
,,,,,Ric Estrada,pencils,None,,Deceased,,,,,,,,,,,,,,,,,,,,,,,,,,,,,,,,,,,,,,,,
,,,,,Wally Wood,inks,None,,Deceased,,,,,,,,,,,,,,,,,,,,,,,,,,,,,,,,,,,,,,,,
,,,,,Mike Grell,cover,None,,,,,,,,,,,,,,,,,,,,,,,,,,,,,,,,,,,,,,,,,,
"Prank
(Megan Lockhart)",,"Flash TV Show (1990):
""Watching the Detectives""",Oct-1990,,Howard Chaykin & John Francis Moore,writers,,,,,,,,,,,,,,,,,,,,,,,,,,,,,,,,,,,,,,,,,,,
"Prank
(Zoey Clark)",Flash 411,"Flash TV Show (1990):
""The Trial of the Trickster""",May-1991,,Howard Chaykin & John Francis Moore,writers,,,,,,,,,,,,,,,,,,,,,,,,,,,,,,,,,,,,,,,,,,,
Prankster,,Action Comics #51,Aug-1942,N,Jerry Siegel,writer,Settlement,,,,,,,,,,,,,,,,,,,,,,,,,,,,,,,,,,,,,,,,,,
,,,,,John Sikela,"pencils, inks",None,,,,,,,,,,,,,,,,,,,,,,,,,,,,,,,,,,,,,,,,,,
"Prez
(Prez Rickard)",,Prez #1,Aug-1973,Y,Joe Simon,writer,None,,Deceased,,,,,,,,,,,,,,,,,,,,,,,,,,,,,,,,,,,,,,,,
,,,,,"Jerry Grandenetti
(Charles J. Grandenetti)","pencils, inks, cover",None,,Deceased,,,,,,,,,,,,,,,,,,,,,,,,,,,,,,,,,,,,,,,,
"Prez
(Beth Ross)",,"Convergence: Batgirl #2
""Divergence: Prez""",Jul-2015,N,Mark Russell,writer,WFH,,,,,,,,,,,,,,,,,,,,,,,,,,,,,,,,,,,,,,,,,,
,,,,,Ben Caldwell,pencils,WFH,,,,,,,,,,,,,,,,,,,,,,,,,,,,,,,,,,,,,,,,,,
,,,,,John Lucas,inks,WFH,,,,,,,,,,,,,,,,,,,,,,,,,,,,,,,,,,,,,,,,,,
,,,,,Rick Leonardi,cover pencils,WFH,,,,,,,,,,,,,,,,,,,,,,,,,,,,,,,,,,,,,,,,,,
,,,,,Dan Green,cover inks,WFH,,,,,,,,,,,,,,,,,,,,,,,,,,,,,,,,,,,,,,,,,,
,,,,,Steve Buccellato,cover color,WFH,,,,,,,,,,,,,,,,,,,,,,,,,,,,,,,,,,,,,,,,,,
,,,,,Jeremy Lawson,color,None,,,,,,,,,,,,,,,,,,,,,,,,,,,,,,,,,,,,,,,,,,
"Primus
(Pren)",Krypton,Green Lantern #141,Jun-1981,Y,Marv Wolfman,writer,Exclusive,1982,,,,,,,,,,,,,,,,,,,,,,,,,,,,,,,,,,,,,,,,,
,,,,,Joe Staton,"pencils, inks",Exclusive,1982,,,,,,,,,,,,,,,,,,,,,,,,,,,,,,,,,,,,,,,,,
,,,,,George Perez,cover,None,,,,,,,,,,,,,,,,,,,,,,,,,,,,,,,,,,,,,,,,,,
,,,,,Carl Gafford,color,N/A,,,,,,,,,,,,,,,,,,,,,,,,,,,,,,,,,,,,,,,,,,
Prince Evillo,,Adventure Comics #350,Nov-1966,N,E. Nelson Bridwell,writer,N/A,,"Bridwell was an employee of DC at this time.
Deceased",,,,,,,,,,,,,,,,,,,,,,,,,,,,,,,,,,,,,,,,
,,,,,Curt Swan,"pencils, cover pencils",None,,Deceased,,,,,,,,,,,,,,,,,,,,,,,,,,,,,,,,,,,,,,,,
,,,,,George Klein,"inks, cover inks",None,,Deceased,,,,,,,,,,,,,,,,,,,,,,,,,,,,,,,,,,,,,,,,
Professor Emil Hamilton,"Man of Steel
(2013)",Adventures of Superman #424,Jan-1987,N,Marv Wolfman,writer,Writer,1996,,,,,,,,,,,,,,,,,,,,,,,,,,,,,,,,,,,,,,,,,
,,,,,Jerry Ordway,"pencils, cover",WFH,1996,,,,,,,,,,,,,,,,,,,,,,,,,,,,,,,,,,,,,,,,,
,,,,,Mike Machlan,inks,WFH,,,,,,,,,,,,,,,,,,,,,,,,,,,,,,,,,,,,,,,,,,
,,,,,Thomas Ziuko,color,N/A,,,,,,,,,,,,,,,,,,,,,,,,,,,,,,,,,,,,,,,,,,
Professor Hugo Strange,Lego Batman,"Detective Comics #36
""Professor Hugo Strange""
",Feb-1940,N,Bill Finger,writer,Contributor Recognition,,Deceased Contributor Recognition Agreement is with heir.,,,,,,,,,,,,,,,,,,,,,,,,,,,,,,,,,,,,,,,,
,,,,,Bob Kane,"pencils, inks, cover",Services Agreements,,Deceased,,,,,,,,,,,,,,,,,,,,,,,,,,,,,,,,,,,,,,,,
"Professor Ivo
(Anthony Ivo; Anthony Ives)",Legends 208,Brave & the Bold #30,Jun-1960,Y,Gardner F. Fox,writer,Creator Recognition,2009,Deceased Creator recognition agreement is with heirs.,,,,,,,,,,,,,,,,,,,,,,,,,,,,,,,,,,,,,,,,
,,,,,Mike Sekowsky,"pencils, cover pencils",None,,Deceased,,,,,,,,,,,,,,,,,,,,,,,,,,,,,,,,,,,,,,,,
,,,,,Bernard Sachs,inks,None,,Deceased,,,,,,,,,,,,,,,,,,,,,,,,,,,,,,,,,,,,,,,,
,,,,,Murphy Anderson,cover inks,None,,Deceased,,,,,,,,,,,,,,,,,,,,,,,,,,,,,,,,,,,,,,,,
"Professor Pyg
(Lazlo Valentin)",,Batman #666,Jul-2007,N,"Vincent Deighan
(Frank Quitely)",creator,None,2011,"Per Scott Wilson, Deighan created the final ""look"" for Pyg, although he did not work on this issue, so we give him co-artist character equity (See files)",,,,,,,,,,,,,,,,,,,,,,,,,,,,,,,,,,,,,,,,
,,,,,Grant Morrison,writer,WFH; Exclusive,2011,,,,,,,,,,,,,,,,,,,,,,,,,,,,,,,,,,,,,,,,,
,,,,,Andy Kubert,"pencils, cover",WFH; Continuity,2011,,,,,,,,,,,,,,,,,,,,,,,,,,,,,,,,,,,,,,,,,
,,,,,Jesse Delperdang,inks,WFH,,,,,,,,,,,,,,,,,,,,,,,,,,,,,,,,,,,,,,,,,,
,,,,,Guy Major,color,N/A,,,,,,,,,,,,,,,,,,,,,,,,,,,,,,,,,,,,,,,,,,
Professor Turgo,,"Wonder Woman #46
""The Moon of Peril""",Mar-1951,N,Robert Kanigher,writer,None,,"Robert Kanigher was employed by DCE from 2/3/1947 - 5/31/1982.
Deceased",,,,,,,,,,,,,,,,,,,,,,,,,,,,,,,,,,,,,,,,
,,,,,Harry G. Peter,artist,None,,,,,,,,,,,,,,,,,,,,,,,,,,,,,,,,,,,,,,,,,,
Professor Torgo,Arrow 405,Tales of the Teen Titans #47,Oct-1984,N,Marv Wolfman,writer,Co-writer/Co-editor,,,,,,,,,,,,,,,,,,,,,,,,,,,,,,,,,,,,,,,,,,
,,,,,George Perez,"pencils, cover",Co-writer/Artist/Co-editor,,,,,,,,,,,,,,,,,,,,,,,,,,,,,,,,,,,,,,,,,,
,,,,,Mike DeCarlo,inks,WFH,,,,,,,,,,,,,,,,,,,,,,,,,,,,,,,,,,,,,,,,,,
,,,,,Adrienne Roy,color,Exclusive,,Deceased,,,,,,,,,,,,,,,,,,,,,,,,,,,,,,,,,,,,,,,,
Project Cadmus,"Supergirl 116
(3/14/2016)","Superman's Pal, Jimmy Olsen #133",Oct-1970,N,Jack Kirby,"writer, pencils, cover pencils",Creator Recognition,,Deceased,,,,,,,,,,,,,,,,,,,,,,,,,,,,,,,,,,,,,,,,
,,,,,Vince Colletta,"writer, inks, cover inks",None,,,,,,,,,,,,,,,,,,,,,,,,,,,,,,,,,,,,,,,,,,
Prometheus,Arrow 501,Prometheus #1,Feb-1998,Y,Grant Morrison,writer,WFH,1998,,,,,,,,,,,,,,,,,,,,,,,,,,,,,,,,,,,,,,,,,
,,,,,Arnie Jorgensen,pencils,WFH,,,,,,,,,,,,,,,,,,,,,,,,,,,,,,,,,,,,,,,,,,
,,,,,David Meikis,inks,WFH,,,,,,,,,,,,,,,,,,,,,,,,,,,,,,,,,,,,,,,,,,
,,,,,James Trent Pearson,cover,WFH,,,,,,,,,,,,,,,,,,,,,,,,,,,,,,,,,,,,,,,,,,
,,,,,Heroic Age,color,N/A,,,,,,,,,,,,,,,,,,,,,,,,,,,,,,,,,,,,,,,,,,
,,,,,James Sinclair,color,N/A,,,,,,,,,,,,,,,,,,,,,,,,,,,,,,,,,,,,,,,,,,
"Psimon
(Dr. Simon Jones)",,New Teen Titans #3,Jan-1981,N,Marv Wolfman,writer,Exclusive,1983,,,,,,,,,,,,,,,,,,,,,,,,,,,,,,,,,,,,,,,,,
,,,,,George Perez,"pencils, cover",Exclusive,1983,,,,,,,,,,,,,,,,,,,,,,,,,,,,,,,,,,,,,,,,,
,,,,,Frank Chiaramonte,inks,Exclusive,,Deceased,,,,,,,,,,,,,,,,,,,,,,,,,,,,,,,,,,,,,,,,
,,,,,Adrienne Roy,color,Exclusive,,Deceased,,,,,,,,,,,,,,,,,,,,,,,,,,,,,,,,,,,,,,,,
Psi-Scimitar,Arrow 505,Suicide Squad #1,May-1987,N,John Ostrander,writer,WFH,,,,,,,,,,,,,,,,,,,,,,,,,,,,,,,,,,,,,,,,,,
,,,,,Luke McDonnell,pencils,WFH,,,,,,,,,,,,,,,,,,,,,,,,,,,,,,,,,,,,,,,,,,
,,,,,Karl Kesel,inks,WFH,,,,,,,,,,,,,,,,,,,,,,,,,,,,,,,,,,,,,,,,,,
,,,,,Howard Chaykin,cover,WFH,,,,,,,,,,,,,,,,,,,,,,,,,,,,,,,,,,,,,,,,,,
,,,,,Carl Gafford,color,N/A,,,,,,,,,,,,,,,,,,,,,,,,,,,,,,,,,,,,,,,,,,
"Psycho-Pirate
(Charles Halstead)",,All-Star Comics #23,Winter 1944,N,Gardner Fox,writer,Creator Recognition,,Deceased Creator recognition agreement is with heirs.,,,,,,,,,,,,,,,,,,,,,,,,,,,,,,,,,,,,,,,,
,,,,,Joe Gallagher,"pencils, inks, cover",None,,,,,,,,,,,,,,,,,,,,,,,,,,,,,,,,,,,,,,,,,,
"Psycho-Pirate
(Roger Hayden)",Arrow 709,Showcase #56,Jun-1965,Y,Gardner Fox,writer,Creator Recognition,,Deceased Creator recognition agreement is with heirs.,,,,,,,,,,,,,,,,,,,,,,,,,,,,,,,,,,,,,,,,
,,,,,Murphy Anderson,"pencils, inks, cover",None,,Deceased,,,,,,,,,,,,,,,,,,,,,,,,,,,,,,,,,,,,,,,,
"Punch
(Peter Punch)",,"Batman #31
""Punch and Judy!""",Oct-1945,N,Bill Finger,writer,Contributor Recognition,,Deceased Contributor Recognition agreement is with heir.,,,,,,,,,,,,,,,,,,,,,,,,,,,,,,,,,,,,,,,,
,,,,,Jerry Robinson,pencils,Settlement,,Deceased,,,,,,,,,,,,,,,,,,,,,,,,,,,,,,,,,,,,,,,,
,,,,,George Roussos,inks,None,,Deceased,,,,,,,,,,,,,,,,,,,,,,,,,,,,,,,,,,,,,,,,
,,,,,Dick Sprang,cover,None,,Deceased,Dick Sprang’s beneficiary is Yavapai Symphony Association. We’ve been paying Yavapai Symphony Association since 2000 for Dick Sprang’s royalties,,,,,,,,,,,,,,,,,,,,,,,,,,,,,,,,,,,,,,,
"Punch
(Pre-Crisis)",,"in Charlton Comics:
Captain Atom #85",Mar-1967,Y,Steve Ditko,"pencils, cover pencils",Creator Recognition,2017,See Charlton Comics Purchase Agreement.,,,,,,,,,,,,,,,,,,,,,,,,,,,,,,,,,,,,,,,,
,,,,,David Kaler,writer,None,,,,,,,,,,,,,,,,,,,,,,,,,,,,,,,,,,,,,,,,,,
,,,,,Rocco Mastroserio,"inks, cover inks",None,,,,,,,,,,,,,,,,,,,,,,,,,,,,,,,,,,,,,,,,,,
,,"in DC Comics:
Crisis on Infinite Earths #9",Dec-1985,Y,Marv Wolfman,writer,Writer-Editor,,,,,,,,,,,,,,,,,,,,,,,,,,,,,,,,,,,,,,,,,,
,,,,,George Perez,"pencils, cover",Exclusive,,,,,,,,,,,,,,,,,,,,,,,,,,,,,,,,,,,,,,,,,,
,,,,,Jerry Ordway,inks,None,,,,,,,,,,,,,,,,,,,,,,,,,,,,,,,,,,,,,,,,,,
,,,,,Anthony Tollin,color,Exclusive,,,,,,,,,,,,,,,,,,,,,,,,,,,,,,,,,,,,,,,,,,
"Punch
(Sylvester Sebastopol)",,Teen Titans #19,Feb-1969,Y,Mike Friedrich,writer,None,,,,,,,,,,,,,,,,,,,,,,,,,,,,,,,,,,,,,,,,,,
,,,,,Gil Kane,pencils,None,,Deceased,,,,,,,,,,,,,,,,,,,,,,,,,,,,,,,,,,,,,,,,
,,,,,Wally Wood,inks,None,,Deceased,,,,,,,,,,,,,,,,,,,,,,,,,,,,,,,,,,,,,,,,
,,,,,"Nicholas Viscardi
(Nick Cardy)",cover,None,,Deceased,,,,,,,,,,,,,,,,,,,,,,,,,,,,,,,,,,,,,,,,
"Punch
(Clyde Phillips; Post-Crisis)",,"Secret Origins #28
""A Princess Story""",Jul-1988,N,Robert Greenberger,writer,WFH,,,,,,,,,,,,,,,,,,,,,,,,,,,,,,,,,,,,,,,,,,
,,,,,Rob Liefeld,pencils,WFH,,,,,,,,,,,,,,,,,,,,,,,,,,,,,,,,,,,,,,,,,,
,,,,,Bob Lewis,inks,WFH,,,,,,,,,,,,,,,,,,,,,,,,,,,,,,,,,,,,,,,,,,
,,,,,Keith Wilson,cover pencils,WFH,,,,,,,,,,,,,,,,,,,,,,,,,,,,,,,,,,,,,,,,,,
,,,,,William Messner-Loebs,cover inks,WFH,,,,,,,,,,,,,,,,,,,,,,,,,,,,,,,,,,,,,,,,,,
,,,,,Carl Gafford,color,N/A,,,,,,,,,,,,,,,,,,,,,,,,,,,,,,,,,,,,,,,,,,
"Purple Pilgrim
(Golden Age)",Legends 112,"Flash Comics #86
""The Valley of the Purple Pilgrim""",Aug-1947,N,Robert Kanigher,writer,N/A,,"Kanigher was an employee of DC from 2/3/47 - 5/31/82.
Deceased",,,,,,,,,,,,,,,,,,,,,,,,,,,,,,,,,,,,,,,,
,,,,,Joe Kubert,"pencils, inks, cover inks",None,,,,,,,,,,,,,,,,,,,,,,,,,,,,,,,,,,,,,,,,,,
,,,,,Lee Elias,cover pencils,None,,,,,,,,,,,,,,,,,,,,,,,,,,,,,,,,,,,,,,,,,,
"Purple Pilgrim
(Modern Age)",Legends 112,Hawkman #42,Sep-2005,N,Justin Gray,writer,WFH,,,,,,,,,,,,,,,,,,,,,,,,,,,,,,,,,,,,,,,,,,
,,,,,Jimmy Palmiotti,writer,WFH,,,,,,,,,,,,,,,,,,,,,,,,,,,,,,,,,,,,,,,,,,
,,,,,Steve Sadowski,pencils,WFH,,,,,,,,,,,,,,,,,,,,,,,,,,,,,,,,,,,,,,,,,,
,,,,,Drew Geraci,inks,WFH,,,,,,,,,,,,,,,,,,,,,,,,,,,,,,,,,,,,,,,,,,
,,,,,Matt Haley,cover,WFH,,,,,,,,,,,,,,,,,,,,,,,,,,,,,,,,,,,,,,,,,,
,,,,,Sno Cone,color,N/A,,,,,,,,,,,,,,,,,,,,,,,,,,,,,,,,,,,,,,,,,,
Pyotr Raskov,Arrow 504,New Titans #77,Jul-1991,N,Marv Wolfman,writer,Writer,,,,,,,,,,,,,,,,,,,,,,,,,,,,,,,,,,,,,,,,,,
,,,,,Tom Grummett,"pencils, cover pencils",Artist; WFH,,,,,,,,,,,,,,,,,,,,,,,,,,,,,,,,,,,,,,,,,,
,,,,,Al Vey,"inks, cover inks",WFH,,,,,,,,,,,,,,,,,,,,,,,,,,,,,,,,,,,,,,,,,,
,,,,,Adrienne Roy,color,Exclusive,,,,,,,,,,,,,,,,,,,,,,,,,,,,,,,,,,,,,,,,,,
Pyotr Roslov,Arrow 504,Superman: Red Son #1,Jun-2003,N,Mark Millar,writer,Prestige,,,,,,,,,,,,,,,,,,,,,,,,,,,,,,,,,,,,,,,,,,
,,,,,Dave Johnson,"pencils, cover",Prestige,,,,,,,,,,,,,,,,,,,,,,,,,,,,,,,,,,,,,,,,,,
,,,,,Andrew Robinson,inks,Prestige,,,,,,,,,,,,,,,,,,,,,,,,,,,,,,,,,,,,,,,,,,
,,,,,Paul Mounts,color,N/A,,,,,,,,,,,,,,,,,,,,,,,,,,,,,,,,,,,,,,,,,,
Pytharia,Supergirl 204,Claw the Unconquered #1,Jun-1975,N,David Michelinie,writer,None,,,,,,,,,,,,,,,,,,,,,,,,,,,,,,,,,,,,,,,,,,
,,,,,Ernie Chan,"pencils, inks, cover",None,,Deceased,,,,,,,,,,,,,,,,,,,,,,,,,,,,,,,,,,,,,,,,
,,,,,"John Albano, Jr.",color,N/A,,,,,,,,,,,,,,,,,,,,,,,,,,,,,,,,,,,,,,,,,,
"Queen Bee
(Zazzala)",Arrow 405,Justice League of America #23,Nov-1963,Y,Gardner F. Fox,writer,Creator Recognition,2009,Deceased Creator recognition agreement with heirs.,,,,,,,,,,,,,,,,,,,,,,,,,,,,,,,,,,,,,,,,
,,,,,Mike Sekowsky,"pencils, cover pencils",None,,Deceased,,,,,,,,,,,,,,,,,,,,,,,,,,,,,,,,,,,,,,,,
,,,,,Bernard Sachs,inks,None,,Deceased,,,,,,,,,,,,,,,,,,,,,,,,,,,,,,,,,,,,,,,,
,,,,,Murphy Anderson,cover inks,None,,Deceased,,,,,,,,,,,,,,,,,,,,,,,,,,,,,,,,,,,,,,,,
"Queen Lucy, Super-Girl",,"Superboy #5
""Superboy Meets Supergirl""",Nov-1949,Y,William Woolfolk,writer,None,,,,,,,,,,,,,,,,,,,,,,,,,,,,,,,,,,,,,,,,,,
,,,,,John Sikela,"pencils, cover",None,,,,,,,,,,,,,,,,,,,,,,,,,,,,,,,,,,,,,,,,,,
,,,,,Ed Dobrotka,inks,None,,,,,,,,,,,,,,,,,,,,,,,,,,,,,,,,,,,,,,,,,,
"Queen of Fables 
(Tsaritsa)",,JLA #47,Nov-2000,N,Mark Waid,writer,WFH,,,,,,,,,,,,,,,,,,,,,,,,,,,,,,,,,,,,,,,,,,
,,,,,Bryan Hitch,pencils,WFH,,,,,,,,,,,,,,,,,,,,,,,,,,,,,,,,,,,,,,,,,,
,,,,,Paul Neary,inks,WFH,,,,,,,,,,,,,,,,,,,,,,,,,,,,,,,,,,,,,,,,,,
Queen Tower,Titans 107,"Smallville
""Sneeze""",Oct-2006,,"Todd Slavkin
Darren Swimmer",writers,,,,,,,,,,,,,,,,,,,,,,,,,,,,,,,,,,,,,,,,,,,
Quentin Turnbull,Legends 206,Weird Western Tales #22,May-1974,N,Michael L. Fleisher,writer,None,,,,,,,,,,,,,,,,,,,,,,,,,,,,,,,,,,,,,,,,,,
,,,,,Tony DeZuniga,"pencils, inks",Exclusive,,,,,,,,,,,,,,,,,,,,,,,,,,,,,,,,,,,,,,,,,,
,,,,,Luis Dominguez,cover,None,,,,,,,,,,,,,,,,,,,,,,,,,,,,,,,,,,,,,,,,,,
"Querl Dox
(Brainiac-5)",,"Action Comics #276
""Supergirl's Three Super Girl-Friends""",May-1961,N,"Jerome ""Jerry"" Siegel",writer,Settlement,,Deceased Settlement is with heirs.,,,,,,,,,,,,,,,,,,,,,,,,,,,,,,,,,,,,,,,,
,,,,,James (Jim) Mooney,"pencils, inks",None,,Deceased,,,,,,,,,,,,,,,,,,,,,,,,,,,,,,,,,,,,,,,,
,,,,,Curt Swan,cover pencils,None,,Deceased,,,,,,,,,,,,,,,,,,,,,,,,,,,,,,,,,,,,,,,,
,,,,,Stan Kaye,cover inks,None,,Deceased,,,,,,,,,,,,,,,,,,,,,,,,,,,,,,,,,,,,,,,,
"The Question
(Victor ""Vic"" Sage)","The Question
(BRC)","in Charlton Comics:
Blue Beetle #1
""Who Is The Question?""",Jun-1967,Y,Steve Ditko,"pencils, cover pencils",Creator Recognition,2017,See Charlton Comics Purchase Agreement,,,,,,,,,,,,,,,,,,,,,,,,,,,,,,,,,,,,,,,,
,,"in DC Comics:
Crisis on Infinite Earths #6",Sep-1985,N,Marv Wolfman,"writer, editor",Writer,,,,,,,,,,,,,,,,,,,,,,,,,,,,,,,,,,,,,,,,,,
,,,,,George Perez,"pencils, cover",Exclusive,,,,,,,,,,,,,,,,,,,,,,,,,,,,,,,,,,,,,,,,,,
,,,,,"Jeremiah ""Jerry"" Ordway",inks,None,,,,,,,,,,,,,,,,,,,,,,,,,,,,,,,,,,,,,,,,,,
,,,,,Thomas Ziuko,color,N/A,,,,,,,,,,,,,,,,,,,,,,,,,,,,,,,,,,,,,,,,,,
"Quisp
(Qwsp)",Necrus,Aquaman #1,Feb-1962,N,Jack Miller,writer,None,,Entries for Miller on the COT suggest he was or may have been an employee at this time (may have been in 1959 and was in 1963),,,,,,,,,,,,,,,,,,,,,,,,,,,,,,,,,,,,,,,,
,,,,,"Nicholas Viscardi
(Nick Cardy)","pencils, inks, cover",None,,Deceased,,,,,,,,,,,,,,,,,,,,,,,,,,,,,,,,,,,,,,,,
Quiz,,Doom Patrol #26,Sep-1989,N,Grant Morrison,writer,WFH,Y,,,,,,,,,,,,,,,,,,,,,,,,,,,,,,,,,,,,,,,,,
,,,,,Richard Case,pencils,WFH,,,,,,,,,,,,,,,,,,,,,,,,,,,,,,,,,,,,,,,,,,
,,,,,John Nyberg,inks,WFH,,,,,,,,,,,,,,,,,,,,,,,,,,,,,,,,,,,,,,,,,,
Quorum,Doom Patrol 203,Guy Gardner #16,Jan-1994,N,Chuck Dixon,writer,WFH,,,,,,,,,,,,,,,,,,,,,,,,,,,,,,,,,,,,,,,,,,
,,,,,Mark Tenney,pencils,WFH,,,,,,,,,,,,,,,,,,,,,,,,,,,,,,,,,,,,,,,,,,
,,,,,John Stangeland,inks,WFH,,,,,,,,,,,,,,,,,,,,,,,,,,,,,,,,,,,,,,,,,,
Qurac,Arrow 714,Tales of the Teen Titans #51,Mar-1985,N,Marv Wolfman,writer,Writer Agreement,,,Falls within time period for which we’re missing many of our voucher records. We do have vouchers for other titles/issues from 1984-1986 signed by both Buckler and Smith evidencing that they regularly signed wfh vouchers.,,,,,,,,,,,,,,,,,,,,,,,,,,,,,,,,,,,,,,,
,,,,,George Perez,"writer, cover",Writer-Artist Agreement,,,,,,,,,,,,,,,,,,,,,,,,,,,,,,,,,,,,,,,,,,
,,,,,Rich Buckler,pencils,None,,,,,,,,,,,,,,,,,,,,,,,,,,,,,,,,,,,,,,,,,,
,,,,,Bob Smith,inks,None,,,,,,,,,,,,,,,,,,,,,,,,,,,,,,,,,,,,,,,,,,
,,,,,Adrienne Roy,color,Exclusive,,Deceased,,,,,,,,,,,,,,,,,,,,,,,,,,,,,,,,,,,,,,,,
Radu's Coffee Shop,Arrow 701,Green Lantern #57,Dec-1994,N,Ron Marz,writer,WFH,,,,,,,,,,,,,,,,,,,,,,,,,,,,,,,,,,,,,,,,,,
,,,,,Darryl Banks,pencils,WFH,,,,,,,,,,,,,,,,,,,,,,,,,,,,,,,,,,,,,,,,,,
,,,,,Romeo Tanghal,inks,None,,,,,,,,,,,,,,,,,,,,,,,,,,,,,,,,,,,,,,,,,,
,,,,,Jeff Johnson,cover pencils,WFH,,,,,,,,,,,,,,,,,,,,,,,,,,,,,,,,,,,,,,,,,,
,,,,,Dan Panosian,cover inks,None,,,,,,,,,,,,,,,,,,,,,,,,,,,,,,,,,,,,,,,,,,
,,,,,Steve Mattsson,color,N/A,,,,,,,,,,,,,,,,,,,,,,,,,,,,,,,,,,,,,,,,,,
,,,,,Gina Going,cover color,N/A,,,,,,,,,,,,,,,,,,,,,,,,,,,,,,,,,,,,,,,,,,
"Rag Doll
(Peter Merkel Sr.)",,"Flash Comics #36
""Tale of the Treasure Hunt""",Dec-1942,Y,Gardner F. Fox,writer,Creator Recognition,,Deceased Creator Recognition Agreement is with heirs.,,,,,,,,,,,,,,,,,,,,,,,,,,,,,,,,,,,,,,,,
,,,,,Lou Ferstadt,"pencils, inks, cover",None,,,,,,,,,,,,,,,,,,,,,,,,,,,,,,,,,,,,,,,,,,
"Rag Doll
(Colby Zag)",,"Starman 80-Page Giant #1
""Chain of Possession (Part One)""",Jan-1999,N,James Robinson,writer,WFH,,,,,,,,,,,,,,,,,,,,,,,,,,,,,,,,,,,,,,,,,,
,,,,,John Lucas,"pencils, inks",WFH,,,,,,,,,,,,,,,,,,,,,,,,,,,,,,,,,,,,,,,,,,
,,,,,Tony Harris,cover,WFH,,,,,,,,,,,,,,,,,,,,,,,,,,,,,,,,,,,,,,,,,,
,,,,,Carla Feeny,color,N/A,,,,,,,,,,,,,,,,,,,,,,,,,,,,,,,,,,,,,,,,,,
"Rag Doll
(Peter Merkel Jr.)",,Villains United #1,Jul-2005,Y,"Tamra L. James
(Gail Simone)",writer,WFH,,,,,,,,,,,,,,,,,,,,,,,,,,,,,,,,,,,,,,,,,,
,,,,,Dale Eaglesham,"pencils, variant cover pencils",WFH,,,,,,,,,,,,,,,,,,,,,,,,,,,,,,,,,,,,,,,,,,
,,,,,Wade Von Grawbadger,"inks, variant cover inks",WFH,,,,,,,,,,,,,,,,,,,,,,,,,,,,,,,,,,,,,,,,,,
,,,,,J.G. Jones,cover,WFH,,,,,,,,,,,,,,,,,,,,,,,,,,,,,,,,,,,,,,,,,,
,,,,,Sno Cone,color,N/A,,,,,,,,,,,,,,,,,,,,,,,,,,,,,,,,,,,,,,,,,,
"Ragman
(Rory Regan)",Arrow 502,Ragman #1,Aug-1976,Y,Robert Kanigher,writer,None,1985,"Kanigher was employed by DC from 2/3/47 - 5/31/82.
Deceased",,,,,,,,,,,,,,,,,,,,,,,,,,,,,,,,,,,,,,,,
,,,,,Frank Redondo,"pencils, inks",Artist,,According to a 1974 Memo (See COT folder) DC entered into an artist agreement with Tony DeZuniga dba National Studios. He farmed the work out to other artists and DC terminated the agreement. DC then entered into a similar agreement with Redondo Studios for this work.,,,,,,,,,,,,,,,,,,,,,,,,,,,,,,,,,,,,,,,,
,,,,,Joe Kubert,cover,None,1985,Deceased,,,,,,,,,,,,,,,,,,,,,,,,,,,,,,,,,,,,,,,,
,,,,,Erick Santos Jordan,color,N/A,,,,,,,,,,,,,,,,,,,,,,,,,,,,,,,,,,,,,,,,,,
"Rainbow Raider
(Roy G. Bivolo)",,The Flash #286,Jun-1980,Y,Cary Bates,writer,Exclusive,2015,,,,,,,,,,,,,,,,,,,,,,,,,,,,,,,,,,,,,,,,,
,,,,,Don Heck,"pencils, cover pencils",Exclusive,2015,Deceased Character Equity Agreement is with heirs.,,,,,,,,,,,,,,,,,,,,,,,,,,,,,,,,,,,,,,,,
,,,,,Frank Chiaramonte,inks,Exclusive,,Deceased,,,,,,,,,,,,,,,,,,,,,,,,,,,,,,,,,,,,,,,,
,,,,,Dick Giordano,cover inks,Exclusive,,Deceased,,,,,,,,,,,,,,,,,,,,,,,,,,,,,,,,,,,,,,,,
,,,,,Gene D'Angelo,color,N/A,,,,,,,,,,,,,,,,,,,,,,,,,,,,,,,,,,,,,,,,,,
Ralph Evans,,"Action Comics #265
""The Day Supergirl Revealed Herself"" ",Jun-1960,N,"Jerome ""Jerry"" Siegel",writer,Settlement,,Deceased Settlement is with heirs.,,,,,,,,,,,,,,,,,,,,,,,,,,,,,,,,,,,,,,,,
,,,,,"James ""Jim"" Mooney","pencils, inks",None,,Deceased,,,,,,,,,,,,,,,,,,,,,,,,,,,,,,,,,,,,,,,,
Rama Kushna,,"Strange Adventures #205
""Who Has Been Lying In My Grave?""",Oct-1967,N,Arnold Drake,writer,None,,Deceased,,,,,,,,,,,,,,,,,,,,,,,,,,,,,,,,,,,,,,,,
,,,,,Carmine Infantino,"pencils, cover pencils",Settlement,2005,Deceased,,,,,,,,,,,,,,,,,,,,,,,,,,,,,,,,,,,,,,,,
,,,,,George Roussos,"inks, cover inks",None,,Deceased,,,,,,,,,,,,,,,,,,,,,,,,,,,,,,,,,,,,,,,,
Randall Wildman,,Blackhawks #1,Nov-2011,Y,Mike Costa,writer,WFH,,,,,,,,,,,,,,,,,,,,,,,,,,,,,,,,,,,,,,,,,,
,,,,,Graham Nolan,pencils,WFH,,,,,,,,,,,,,,,,,,,,,,,,,,,,,,,,,,,,,,,,,,
,,,,,Ken Lashley,"pencils, inks, cover",WFH,,,,,,,,,,,,,,,,,,,,,,,,,,,,,,,,,,,,,,,,,,
,,,,,Guy Major,color,Exclusive,,,,,,,,,,,,,,,,,,,,,,,,,,,,,,,,,,,,,,,,,,
Rann,Flash 303,"Showcase #17
""Secret of the Eternal City""",Nov-1958,Y,Gardner F. Fox,writer,Creator Recognition,,Deceased Creator recognition agreement with is with heirs.,,,,,,,,,,,,,,,,,,,,,,,,,,,,,,,,,,,,,,,,
,,,,,Mike Sekowsky,pencils,None,,Deceased,,,,,,,,,,,,,,,,,,,,,,,,,,,,,,,,,,,,,,,,
,,,,,Frank Giacoia,inks,None,,Deceased,,,,,,,,,,,,,,,,,,,,,,,,,,,,,,,,,,,,,,,,
,,,,,Gil Kane,cover,None,,Deceased,,,,,,,,,,,,,,,,,,,,,,,,,,,,,,,,,,,,,,,,
"Ranx, the Sentient City",,"Green Lantern Corps Annual #2
""Tygers""",1986,N,Alan Moore,writer,None,2016,,,,,,,,,,,,,,,,,,,,,,,,,,,,,,,,,,,,,,,,,
,,,,,Kevin O'Neill,"pencils, inks",None,,Character equity agreement sent. (6/9/16),,,,,,,,,,,,,,,,,,,,,,,,,,,,,,,,,,,,,,,,
,,,,,Gil Kane,cover pencils,None,,Deceased,,,,,,,,,,,,,,,,,,,,,,,,,,,,,,,,,,,,,,,,
,,,,,Joe Staton,cover pencils,WFH,,,,,,,,,,,,,,,,,,,,,,,,,,,,,,,,,,,,,,,,,,
,,,,,Bruce Patterson,cover inks,WFH,,,,,,,,,,,,,,,,,,,,,,,,,,,,,,,,,,,,,,,,,,
,,,,,Anthony Tollin,color,N/A,,,,,,,,,,,,,,,,,,,,,,,,,,,,,,,,,,,,,,,,,,
"Ra's al-Ghul
(The Demon's Head)",Lego Batman,Batman #232,Jun-1971,Y,Denny O'Neil,writer,Creator Recognition,2013,,,,,,,,,,,,,,,,,,,,,,,,,,,,,,,,,,,,,,,,,
,,,,,Neal Adams,"pencils, cover",Creator Recognition,2014,,,,,,,,,,,,,,,,,,,,,,,,,,,,,,,,,,,,,,,,,
,,,,,Dick Giordano,inks,None,,"Giordano may have been an employee of DC at this time.
Deceased",,,,,,,,,,,,,,,,,,,,,,,,,,,,,,,,,,,,,,,,
Rat Catcher,,Rat Catcher HC,2011,Y,Andy Diggle,writer,Joint Creator/First & Last Rights; Writer,2007,This property has reverted to the creators. The property and all associated characters are not available for use.,,,,,,,,,,,,,,,,,,,,,,,,,,,,,,,,,,,,,,,,
,,,,,Victor Ibanez Ramirez,"pencils, inks",Joint Creator/First & Last Rights; Artist,2007,,,,,,,,,,,,,,,,,,,,,,,,,,,,,,,,,,,,,,,,,
,,,,,Lee Bermejo,cover,WFH,,,,,,,,,,,,,,,,,,,,,,,,,,,,,,,,,,,,,,,,,,
"Rat Catcher
(Otis Flannegan)",Suicide Squad 2,Detective Comics #585,Apr-1988,N,Alan Grant,writer,WFH; Writer,,Writer Agreement is in warehouse box 699835700 - not yet scanned in eDocs,,,,,,,,,,,,,,,,,,,,,,,,,,,,,,,,,,,,,,,,
,,,,,John Wagner,writer,Writer,,Writer Agreement is in warehouse box 699835700 - not yet scanned in eDocs,,,,,,,,,,,,,,,,,,,,,,,,,,,,,,,,,,,,,,,,
,,,,,Norm Breyfogle,pencils,WFH; Artist,,"Artist Agreement is in warehouse box 699835700 - not yet scanned in eDocs
Deceased",,,,,,,,,,,,,,,,,,,,,,,,,,,,,,,,,,,,,,,,
,,,,,Ricardo Villagran,inks,WFH,,,,,,,,,,,,,,,,,,,,,,,,,,,,,,,,,,,,,,,,,,
,,,,,Jerry Bingham,cover,WFH,,,,,,,,,,,,,,,,,,,,,,,,,,,,,,,,,,,,,,,,,,
,,,,,Adrienne Roy,color,N/A,,Deceased,,,,,,,,,,,,,,,,,,,,,,,,,,,,,,,,,,,,,,,,
"Ravager
(Grant Wilson)
(for Bill Walsh, see Jackal)","""Samuel"" Movie",New Teen Titans #1,Nov-1980,N,Marv Wolfman,writer,Exclusive,1983,,,,,,,,,,,,,,,,,,,,,,,,,,,,,,,,,,,,,,,,,
,,,,,George Perez,"pencils, cover pencils",None,1983,,,,,,,,,,,,,,,,,,,,,,,,,,,,,,,,,,,,,,,,,
,,,,,Romeo Tanghal,inks,Exclusive,,,,,,,,,,,,,,,,,,,,,,,,,,,,,,,,,,,,,,,,,,
,,,,,Dick Giordano,cover inks,Exclusive,,"Giordano may have been an employee of DC at this time.
Deceased",,,,,,,,,,,,,,,,,,,,,,,,,,,,,,,,,,,,,,,,
,,,,,Adrienne Roy,color,N/A,,Deceased,,,,,,,,,,,,,,,,,,,,,,,,,,,,,,,,,,,,,,,,
"Raven
(Rachel Roth)",,"DC Comics Presents #26
""Where Nightmares Begin""",Oct-1980,N,Marv Wolfman,writer,Exclusive,1980,,,,,,,,,,,,,,,,,,,,,,,,,,,,,,,,,,,,,,,,,
,,,,,George Perez,pencils,None,1980,,,,,,,,,,,,,,,,,,,,,,,,,,,,,,,,,,,,,,,,,
,,,,,Dick Giordano,inks,Exclusive,,"Giordano may have been an employee of DC at this time.
Deceased",,,,,,,,,,,,,,,,,,,,,,,,,,,,,,,,,,,,,,,,
,,,,,Jim Starlin,cover,None,,,,,,,,,,,,,,,,,,,,,,,,,,,,,,,,,,,,,,,,,,
,,,,,Adrienne Roy,color,N/A,,Deceased,,,,,,,,,,,,,,,,,,,,,,,,,,,,,,,,,,,,,,,,
"The Ray
(Langford ""Happy"" Terrill; Neon)",,"in Quality Comics:
Smash Comics #14
""Origin of The Ray""",Sep-1940,Y,Will Eisner,writer,None,,See Quality Comics Purchase Agreement.,,,,,,,,,,,,,,,,,,,,,,,,,,,,,,,,,,,,,,,,
,,,,,Lou Fine,"pencils, inks",None,,,,,,,,,,,,,,,,,,,,,,,,,,,,,,,,,,,,,,,,,,
,,,,,Gill Fox,cover,None,,,,,,,,,,,,,,,,,,,,,,,,,,,,,,,,,,,,,,,,,,
,,"in DC Comics:
Justice League of America #107",Sep-1973,Y,Len Wein,writer,None,,Deceased,,,,,,,,,,,,,,,,,,,,,,,,,,,,,,,,,,,,,,,,
,,,,,Dick Dillin,pencils,None,,Deceased,,,,,,,,,,,,,,,,,,,,,,,,,,,,,,,,,,,,,,,,
,,,,,Dick Giordano,inks,None,,Deceased,,,,,,,,,,,,,,,,,,,,,,,,,,,,,,,,,,,,,,,,
,,,,,Nick Cardy,cover,None,,Deceased,,,,,,,,,,,,,,,,,,,,,,,,,,,,,,,,,,,,,,,,
,,,,,Glynis Wein,color,N/A,,,,,,,,,,,,,,,,,,,,,,,,,,,,,,,,,,,,,,,,,,
,,"as Neon:
Uncle Sam and the Freedom Fighters #6",Apr-2008,Y,Jimmy Palmiotti,writer,WFH,,,,,,,,,,,,,,,,,,,,,,,,,,,,,,,,,,,,,,,,,,
,,,,,Justin Gray,writer,WFH,,,,,,,,,,,,,,,,,,,,,,,,,,,,,,,,,,,,,,,,,,
,,,,,Renato Arlem,"pencils, inks",WFH,,,,,,,,,,,,,,,,,,,,,,,,,,,,,,,,,,,,,,,,,,
,,,,,Dave Johnson,cover,WFH,,,,,,,,,,,,,,,,,,,,,,,,,,,,,,,,,,,,,,,,,,
,,,,,Alex Bleyaert,color,N/A,,,,,,,,,,,,,,,,,,,,,,,,,,,,,,,,,,,,,,,,,,
"The Ray
(Ray Terrill)",The Ray (WBA),Ray #1,Feb-1992,Y,Jack C. Harris,writer,WFH,1992,,,,,,,,,,,,,,,,,,,,,,,,,,,,,,,,,,,,,,,,,
,,,,,Joe Quesada,"pencils, cover pencils",WFH,1992,,,,,,,,,,,,,,,,,,,,,,,,,,,,,,,,,,,,,,,,,
,,,,,Art Nichols,"inks, cover inks",WFH,,,,,,,,,,,,,,,,,,,,,,,,,,,,,,,,,,,,,,,,,,
,,,,,John Cebollero,color,N/A,,,,,,,,,,,,,,,,,,,,,,,,,,,,,,,,,,,,,,,,,,
"The Ray
(Stan Silver)",,"DCU: Brave New World #1
""Uncle Sam and The Freedom Fighters""",Aug-2006,N,Jimmy Palmiotti,writer,WFH,,,,,,,,,,,,,,,,,,,,,,,,,,,,,,,,,,,,,,,,,,
,,,,,Justin Gray,writer,WFH,,,,,,,,,,,,,,,,,,,,,,,,,,,,,,,,,,,,,,,,,,
,,,,,Daniel Acuña,"pencils, inks, color",WFH,,,,,,,,,,,,,,,,,,,,,,,,,,,,,,,,,,,,,,,,,,
,,,,,Ariel Olivetti,cover,WFH,,,,,,,,,,,,,,,,,,,,,,,,,,,,,,,,,,,,,,,,,,
"The Ray
(Lucien Gates)",,The Ray #1,Feb-2012,Y,Jimmy Palmiotti,writer,None,,"Voucher numbers are on file in ALFRED, but Legal never got copies.",,,,,,,,,,,,,,,,,,,,,,,,,,,,,,,,,,,,,,,,
,,,,,Justin Gray,writer,WFH,,,,,,,,,,,,,,,,,,,,,,,,,,,,,,,,,,,,,,,,,,
,,,,,Jamal Igle,"pencils, inks, cover",WFH,,,,,,,,,,,,,,,,,,,,,,,,,,,,,,,,,,,,,,,,,,
,,,,,Guy Major,color,Exclusive,,,,,,,,,,,,,,,,,,,,,,,,,,,,,,,,,,,,,,,,,,
"Razorsharp
(Raelene ""Rae"" Sharp)",Flash 506,Robin Annual #2,1993,Y,Chuck Dixon,writer,WFH,1993,,,,,,,,,,,,,,,,,,,,,,,,,,,,,,,,,,,,,,,,,
,,,,,Kieron Dwyer,pencils,WFH,,,,,,,,,,,,,,,,,,,,,,,,,,,,,,,,,,,,,,,,,,
,,,,,Jose Luis Garcia-Lopez,inks,WFH,,,,,,,,,,,,,,,,,,,,,,,,,,,,,,,,,,,,,,,,,,
,,,,,Carlos Pedrazzini,inks,WFH,,,,,,,,,,,,,,,,,,,,,,,,,,,,,,,,,,,,,,,,,,
,,,,,Frank McLaughlin,inks,WFH,,Deceased,,,,,,,,,,,,,,,,,,,,,,,,,,,,,,,,,,,,,,,,
,,,,,Jim Balent,cover pencils,WFH,1993,,,,,,,,,,,,,,,,,,,,,,,,,,,,,,,,,,,,,,,,,
,,,,,Scott Hanna,cover inks,WFH,,,,,,,,,,,,,,,,,,,,,,,,,,,,,,,,,,,,,,,,,,
,,,,,Adrienne Roy,color,Exclusive,,Deceased,,,,,,,,,,,,,,,,,,,,,,,,,,,,,,,,,,,,,,,,
"Reactron, the Living Reactor
(Benjamin Krullen)",Supergirl 103,"Daring New Adventures of Supergirl #8
""Stand-ins for Supergirl""",Jun-1983,Y,Paul Kupperberg,writer,WFH,2016,,,,,,,,,,,,,,,,,,,,,,,,,,,,,,,,,,,,,,,,,
,,,,,Carmine Infantino,pencils,Settlement,,Deceased,,,,,,,,,,,,,,,,,,,,,,,,,,,,,,,,,,,,,,,,
,,,,,Robert Oksner,inks,WFH,,Deceased,,,,,,,,,,,,,,,,,,,,,,,,,,,,,,,,,,,,,,,,
,,,,,Gil Kane,cover,WFH,,Deceased,,,,,,,,,,,,,,,,,,,,,,,,,,,,,,,,,,,,,,,,
,,,,,Thomas Ziuko,color,N/A,,,,,,,,,,,,,,,,,,,,,,,,,,,,,,,,,,,,,,,,,,
"Rebis
(Trainor, Poole)",Doom Patrol,Doom Patrol #20,Mar-1989,N,Grant Morrison,writer,WFH,,,,,,,,,,,,,,,,,,,,,,,,,,,,,,,,,,,,,,,,,,
,,,,,Richard Case,"pencils, cover pencils",WFH,,,,,,,,,,,,,,,,,,,,,,,,,,,,,,,,,,,,,,,,,,
,,,,,Scott Hanna,inks,WFH,,,,,,,,,,,,,,,,,,,,,,,,,,,,,,,,,,,,,,,,,,
,,,,,Carlos Garzon,cover inks,WFH,,,,,,,,,,,,,,,,,,,,,,,,,,,,,,,,,,,,,,,,,,
,,,,,Michele Wolfman,color,N/A,,,,,,,,,,,,,,,,,,,,,,,,,,,,,,,,,,,,,,,,,,
Red,"Red
(2010)",Red #1,Sep-2003,Y,Warren Ellis,writer,Joint Creator/First & Last Rights; Writer,2000,,,,,,,,,,,,,,,,,,,,,,,,,,,,,,,,,,,,,,,,,
,,,,,Cully Hamner,"pencils, inks, cover",Joint Creator/First & Last Rights; Artist,2000,,,,,,,,,,,,,,,,,,,,,,,,,,,,,,,,,,,,,,,,,
,,,,,David Self,color,N/A,,,,,,,,,,,,,,,,,,,,,,,,,,,,,,,,,,,,,,,,,,
Red Arrow,,"Kingdome Come #2
(Alternative Universe)",Jun-1996,,Mark Waid,writer,Writer Services Agreement,,,,,,,,,,,,,,,,,,,,,,,,,,,,,,,,,,,,,,,,,,
,,,,,Alex Ross,"pencils, inks, colors",Artist Services Agreement,,,,,,,,,,,,,,,,,,,,,,,,,,,,,,,,,,,,,,,,,,
,,"Justice League of America #7
(Main Universe)",May-2007,,Brad Meltzer,writer,WFH,,,,,,,,,,,,,,,,,,,,,,,,,,,,,,,,,,,,,,,,,,
,,,,,Ed Benes,"pencils, inks",WFH,,,,,,,,,,,,,,,,,,,,,,,,,,,,,,,,,,,,,,,,,,
,,,,,Alex Sinclair,color,WFH,,,,,,,,,,,,,,,,,,,,,,,,,,,,,,,,,,,,,,,,,,
"Red Dart
(Jonathan ""Midas"" Mallory)",,"World's Finest #95
""Green Arrow vs. The Red Dart""",Jul-1958,N,"Frances ""Ed"" Herron",writer,None,,,,,,,,,,,,,,,,,,,,,,,,,,,,,,,,,,,,,,,,,,
,,,,,George Papp,"pencils, inks",None,,Deceased,,,,,,,,,,,,,,,,,,,,,,,,,,,,,,,,,,,,,,,,
,,,,,Curt Swan,cover pencils,None,,Deceased,,,,,,,,,,,,,,,,,,,,,,,,,,,,,,,,,,,,,,,,
,,,,,Stan Kaye,cover inks,None,,Deceased,,,,,,,,,,,,,,,,,,,,,,,,,,,,,,,,,,,,,,,,
"Red Dart
(Anthony)",,JLA  #34,Oct-1999,N,Grant Morrison,writer,Continuity Writer,,,,,,,,,,,,,,,,,,,,,,,,,,,,,,,,,,,,,,,,,,
,,,,,Howard Porter,"pencils, cover pencils",WFH,,,,,,,,,,,,,,,,,,,,,,,,,,,,,,,,,,,,,,,,,,
,,,,,John Dell,"inks, cover inks",WFH,,,,,,,,,,,,,,,,,,,,,,,,,,,,,,,,,,,,,,,,,,
,,,,,Pat Garrahy,color,N/A,,,,,,,,,,,,,,,,,,,,,,,,,,,,,,,,,,,,,,,,,,
,,,,,Heroic Age,color,N/A,,,,,,,,,,,,,,,,,,,,,,,,,,,,,,,,,,,,,,,,,,
"Red Dart
(member of the Longbow Hunters)",Arrow 702,Green Arrow #31,Jul-2014,N,Jeff Lemire,writer,WFH,,,,,,,,,,,,,,,,,,,,,,,,,,,,,,,,,,,,,,,,,,
,,,,,Andrea Sorrentino,"pencils, inks",WFH,,,,,,,,,,,,,,,,,,,,,,,,,,,,,,,,,,,,,,,,,,
,,,,,Marcelo Maiolo,color,N/A,,,,,,,,,,,,,,,,,,,,,,,,,,,,,,,,,,,,,,,,,,
"The Red Hood Gang
(for Red Hood, see Robin - Jason Todd &/or The Joker)",Lego Batman,"Batman #0
""Bright New Yesterday""",Nov-2012,N,Scott Snyder,writer,WFH,,,,,,,,,,,,,,,,,,,,,,,,,,,,,,,,,,,,,,,,,,
,,,,,Greg Capullo,"pencils, cover",WFH,,,,,,,,,,,,,,,,,,,,,,,,,,,,,,,,,,,,,,,,,,
,,,,,Jonathan Glapion,inks,WFH,,,,,,,,,,,,,,,,,,,,,,,,,,,,,,,,,,,,,,,,,,
,,,,,FCO Plascencia,color,N/A,,,,,,,,,,,,,,,,,,,,,,,,,,,,,,,,,,,,,,,,,,
,,,,,Andy Clarke,cover (variant),WFH,,,,,,,,,,,,,,,,,,,,,,,,,,,,,,,,,,,,,,,,,,
Red Jack,Doom Patrol 203,Doom Patrol #23,Jun-1989,N,Grant Morrison,writer,,,,,,,,,,,,,,,,,,,,,,,,,,,,,,,,,,,,,,,,,,,
,,,,,Richard Case,pencils,,,,,,,,,,,,,,,,,,,,,,,,,,,,,,,,,,,,,,,,,,,
,,,,,,,,,,,,,,,,,,,,,,,,,,,,,,,,,,,,,,,,,,,,,,,,,
,,,,,,,,,,,,,,,,,,,,,,,,,,,,,,,,,,,,,,,,,,,,,,,,,
,,,,,,,,,,,,,,,,,,,,,,,,,,,,,,,,,,,,,,,,,,,,,,,,,
"Red Queen
(Peggy Allen; The Woman In Red)",Gotham 307,Tom Strong #11,Jan-2001,N,Alan Moore,writer,Independent Contractor; WFH,1998,,,,,,,,,,,,,,,,,,,,,,,,,,,,,,,,,,,,,,,,,
,,,,,Chris Sprouse,"pencils, cover pencils",Independent Contractor; WFH,1998,,,,,,,,,,,,,,,,,,,,,,,,,,,,,,,,,,,,,,,,,
,,,,,Al Gordon,"inks, cover inks",WFH,,,,,,,,,,,,,,,,,,,,,,,,,,,,,,,,,,,,,,,,,,
,,,,,Matt Hollingsworth,color,N/A,,,,,,,,,,,,,,,,,,,,,,,,,,,,,,,,,,,,,,,,,,
,,,,,David Baron,color,N/A,,,,,,,,,,,,,,,,,,,,,,,,,,,,,,,,,,,,,,,,,,
"Red Tornado
(Abigail ""Ma"" Hunkel)",,"All-American Comics #3
""Introducing Ma Hunkel""",Jun-1939,N,Sheldon Mayer,"writer, pencils, inks, cover",Freelance Agreement,,Deceased,(DCBL 182960) ,,,,,,,,,,,,,,,,,,,,,,,,,,,,,,,,,,,,,,,
"Red Tornado
(John ""Reddy"" Smith)",Supergirl 106,Justice League of America #64,Aug-1968,Y,Gardner F. Fox,writer,Creator Recognition,,Deceased Creator recognition agreement with is with heirs.,,,,,,,,,,,,,,,,,,,,,,,,,,,,,,,,,,,,,,,,
,,,,,Dick Dillin,"pencils, cover pencils",None,,Deceased,,,,,,,,,,,,,,,,,,,,,,,,,,,,,,,,,,,,,,,,
,,,,,Sid Greene,inks,None,,Deceased,,,,,,,,,,,,,,,,,,,,,,,,,,,,,,,,,,,,,,,,
,,,,,Jack Abel,cover inks,None,,Deceased,,,,,,,,,,,,,,,,,,,,,,,,,,,,,,,,,,,,,,,,
Reign,Supergirl 307,Supergirl #5,Mar-2012,Y,Michael Green,writer,WFH,,,,,,,,,,,,,,,,,,,,,,,,,,,,,,,,,,,,,,,,,,
,,,,,Michael F. Johnson,writer,WFH,,,,,,,,,,,,,,,,,,,,,,,,,,,,,,,,,,,,,,,,,,
,,,,,Mahmud Asrar,"pencils, inks, cover",WFH,,,,,,,,,,,,,,,,,,,,,,,,,,,,,,,,,,,,,,,,,,
,,,,,Dave McCaig,color,N/A,,,,,,,,,,,,,,,,,,,,,,,,,,,,,,,,,,,,,,,,,,
Renee Montoya,Gotham Girls,"Batman: The Animated Series
""Pretty Poison""",Sep-1992,,Paul Dini,creator,,,"Renee Montoya was originally created for the Animated Series by Dini & Brian, but DC decided to use the character in the Batman comic book series (unrelated to the show) before her first television appearance.",,,,,,,,,,,,,,,,,,,,,,,,,,,,,,,,,,,,,,,,
,,,,,Mitch Brian,creator,,,,,,,,,,,,,,,,,,,,,,,,,,,,,,,,,,,,,,,,,,,
,,,,,Bruce Timm,creator,,,,,,,,,,,,,,,,,,,,,,,,,,,,,,,,,,,,,,,,,,,
,,Batman #475,Mar-1992,N,Alan Grant,writer,Continuity,,,,,,,,,,,,,,,,,,,,,,,,,,,,,,,,,,,,,,,,,,
,,,,,Norm Breyfogle,"pencils, inks, cover",Continuity,,Deceased,,,,,,,,,,,,,,,,,,,,,,,,,,,,,,,,,,,,,,,,
,,,,,Adrienne Roy,color,Exclusive,,Deceased,,,,,,,,,,,,,,,,,,,,,,,,,,,,,,,,,,,,,,,,
"Resurrection Man
(Mitchell ""Mitch"" Shelley)",,Resurrection Man #1,May-1997,N,Andy Lanning,writer,WFH,1997,,,,,,,,,,,,,,,,,,,,,,,,,,,,,,,,,,,,,,,,,
,,,,,Dan Abnett,writer,WFH,1997,,,,,,,,,,,,,,,,,,,,,,,,,,,,,,,,,,,,,,,,,
,,,,,Jackson Guice,"pencils, inks, cover",Continuity,1997,,,,,,,,,,,,,,,,,,,,,,,,,,,,,,,,,,,,,,,,,
,,,,,Carla Feeny,color,,,,,,,,,,,,,,,,,,,,,,,,,,,,,,,,,,,,,,,,,,,
"Reverse Flash
(Eobard Thawne; Professor Zoom)","Flash 101
(10/7/2014)",The Flash #139,Sep-1963,Y,John Broome,writer,None,,Deceased,,,,,,,,,,,,,,,,,,,,,,,,,,,,,,,,,,,,,,,,
,,,,,Carmine Infantino,"pencils, cover pencils",Settlement,,Deceased,,,,,,,,,,,,,,,,,,,,,,,,,,,,,,,,,,,,,,,,
,,,,,Joe Giella,inks,None,,,,,,,,,,,,,,,,,,,,,,,,,,,,,,,,,,,,,,,,,,
,,,,,Murphy Anderson,cover inks,None,,Deceased,,,,,,,,,,,,,,,,,,,,,,,,,,,,,,,,,,,,,,,,
"Reverse Flash
(Daniel West)",,The Flash #0,Nov-2012,N,Francis Manapul,"writer, pencils, inks, cover",WFH,,,,,,,,,,,,,,,,,,,,,,,,,,,,,,,,,,,,,,,,,,
,,,,,Brian Buccellato,"writer, color",WFH,,,,,,,,,,,,,,,,,,,,,,,,,,,,,,,,,,,,,,,,,,
,,,,,Ian Herring,color,N/A,,,,,,,,,,,,,,,,,,,,,,,,,,,,,,,,,,,,,,,,,,
Ribalvei,Arrow 418,"World's Finest Comics #262
""The Captain Marvel of 7,000 B.C.""",Apr-1980,N,E. Nelson Bridwell,writer,N/A,,"Bridwell was an employee of DC at this time.
Deceased",,,,,,,,,,,,,,,,,,,,,,,,,,,,,,,,,,,,,,,,
,,,,,Don Newton,pencils,Exclusive,,Deceased,,,,,,,,,,,,,,,,,,,,,,,,,,,,,,,,,,,,,,,,
,,,,,Dave Hunt,inks,Exclusive,,,,,,,,,,,,,,,,,,,,,,,,,,,,,,,,,,,,,,,,,,
,,,,,Ross Andru,cover pencils,N/A,,"Andru may have been an employee of DC at this time.
Deceased",,,,,,,,,,,,,,,,,,,,,,,,,,,,,,,,,,,,,,,,
,,,,,Dick Giordano,cover inks,Exclusive,,"Giordano may have been an employee of DC at this time.
Deceased",,,,,,,,,,,,,,,,,,,,,,,,,,,,,,,,,,,,,,,,
,,,,,Adrienne Roy,color,N/A,,Deceased,,,,,,,,,,,,,,,,,,,,,,,,,,,,,,,,,,,,,,,,
"Rick Flag, Jr.","Suicide Squad
(2016)",The Brave and the Bold #25,Aug-1959,Y,Robert Kanigher,writer,N/A,,"Kanigher was an employee of DC from 2/3/47 - 5/31/82.
Deceased",,,,,,,,,,,,,,,,,,,,,,,,,,,,,,,,,,,,,,,,
,,,,,Ross Andru,"pencils, cover pencils",None,,Deceased,,,,,,,,,,,,,,,,,,,,,,,,,,,,,,,,,,,,,,,,
,,,,,Mike Esposito,"inks, cover inks",None,,Deceased,,,,,,,,,,,,,,,,,,,,,,,,,,,,,,,,,,,,,,,,
"Rick Flag, Sr.","Suicide Squad
(2016)",Secret Origins #14,May-1987,Y,John Ostrander,writer,WFH,,,,,,,,,,,,,,,,,,,,,,,,,,,,,,,,,,,,,,,,,,
,,,,,Luke McDonnell,"pencils, cover pencils",WFH,,,,,,,,,,,,,,,,,,,,,,,,,,,,,,,,,,,,,,,,,,
,,,,,Dave Hunt,"inks, cover inks",WFH,,,,,,,,,,,,,,,,,,,,,,,,,,,,,,,,,,,,,,,,,,
,,,,,Carl Gafford,color,N/A,,,,,,,,,,,,,,,,,,,,,,,,,,,,,,,,,,,,,,,,,,
"Rick Flag III
(Ricky Flag)","Suicide Squad
(2016)",Suicide Squad #50,Feb-1991,N,John Ostrander,writer,WFH,,Yale was Ostrander's wife & co-writer. We credit her for writing but all payment went to John. She is deceased & John is the executor of her estate.,,,,,,,,,,,,,,,,,,,,,,,,,,,,,,,,,,,,,,,,
,,,,,Kim Yale,writer,None,,,,,,,,,,,,,,,,,,,,,,,,,,,,,,,,,,,,,,,,,,
,,,,,Luke McDonnell,pencils,WFH,,,,,,,,,,,,,,,,,,,,,,,,,,,,,,,,,,,,,,,,,,
,,,,,Geof Isherwood,"pencils, inks, cover pencils",WFH,,,,,,,,,,,,,,,,,,,,,,,,,,,,,,,,,,,,,,,,,,
,,,,,Grant Miehm,pencils,WFH,,,,,,,,,,,,,,,,,,,,,,,,,,,,,,,,,,,,,,,,,,
,,,,,Karl Kesel,"inks, cover inks",WFH,,,,,,,,,,,,,,,,,,,,,,,,,,,,,,,,,,,,,,,,,,
,,,,,Tom McCraw,color,N/A,,,,,,,,,,,,,,,,,,,,,,,,,,,,,,,,,,,,,,,,,,
The Riddle Factory,Gotham 417,Batman: Riddler - The Riddle Factory,Jul-1995,N,Matt Wagner,writer,Prestige Writer,,"Agreement is in the warehouse, not scanned",,,,,,,,,,,,,,,,,,,,,,,,,,,,,,,,,,,,,,,,
,,,,,Dave Taylor,"pencils, inks",Prestige Artist,,"Agreement is in the warehouse, not scanned",,,,,,,,,,,,,,,,,,,,,,,,,,,,,,,,,,,,,,,,
,,,,,"Brian Stelfreeze
(Jefferson Mitchell)",cover,WFH,,,,,,,,,,,,,,,,,,,,,,,,,,,,,,,,,,,,,,,,,,
,,,,,Lindla Medley,color,N/A,,,,,,,,,,,,,,,,,,,,,,,,,,,,,,,,,,,,,,,,,,
"The Riddler
(Edward Nashton; Edward Nygma)","Gotham 101
(9/22/2014)","Detective Comics #140
""The Riddler""",Oct-1948,Y,Bill Finger,writer,Contributor Recognition,Y,Deceased Contributor Recognition Agreement is with heir.,,,,,,,,,,,,,,,,,,,,,,,,,,,,,,,,,,,,,,,,
,,,,,Dick Sprang,pencils,None,,Deceased,Dick Sprang’s beneficiary is Yavapai Symphony Association. We’ve been paying Yavapai Symphony Association since 2000 for Dick Sprang’s royalties,,,,,,,,,,,,,,,,,,,,,,,,,,,,,,,,,,,,,,,
,,,,,Charles Paris,inks,None,,Deceased,,,,,,,,,,,,,,,,,,,,,,,,,,,,,,,,,,,,,,,,
,,,,,"James Winslow ""Win"" Mortimer",cover,None,,Deceased,,,,,,,,,,,,,,,,,,,,,,,,,,,,,,,,,,,,,,,,
The Ring Foundry,,Green Lantern Corps #48,Jul-2010,N,Tony Bedard,writer,WFH,,,,,,,,,,,,,,,,,,,,,,,,,,,,,,,,,,,,,,,,,,
,,,,,Ardian Syaf,pencils,WFH,,,,,,,,,,,,,,,,,,,,,,,,,,,,,,,,,,,,,,,,,,
,,,,,Vicente Cifuentes,inks,WFH,,,,,,,,,,,,,,,,,,,,,,,,,,,,,,,,,,,,,,,,,,
,,,,,Rodolfo Migliari,cover,WFH,,,,,,,,,,,,,,,,,,,,,,,,,,,,,,,,,,,,,,,,,,
,,,,,Randy Mayor,color,N/A,,,,,,,,,,,,,,,,,,,,,,,,,,,,,,,,,,,,,,,,,,
,,,,,Gabriel Eltaeb,color,N/A,,,,,,,,,,,,,,,,,,,,,,,,,,,,,,,,,,,,,,,,,,
,,,,,Carrie Strachan,color,N/A,,,,,,,,,,,,,,,,,,,,,,,,,,,,,,,,,,,,,,,,,,
Rip Hunter,Legends 101,Showcase #20,May-1959,Y,Jack Miller,writer,N/A,,Miller may have been an employee of DC at this time.,,,,,,,,,,,,,,,,,,,,,,,,,,,,,,,,,,,,,,,,
,,,,,Ruben Moreira,"pencils, inks",None,,Deceased,,,,,,,,,,,,,,,,,,,,,,,,,,,,,,,,,,,,,,,,
,,,,,Bob Brown,cover,None,,Deceased,,,,,,,,,,,,,,,,,,,,,,,,,,,,,,,,,,,,,,,,
"Rising Sun
(Izumi Yasunari)","Powerless
(Global Guardians)",Super Friends #8,Nov-1977,N,E. Nelson Bridwell,writer,N/A,,"Bridwell was an employee of DC at this time.
Deceased",,,,,,,,,,,,,,,,,,,,,,,,,,,,,,,,,,,,,,,,
,,,,,Ramona Fradon,"pencils, cover pencils",Exclusive; Creator Recognition,2016,,,,,,,,,,,,,,,,,,,,,,,,,,,,,,,,,,,,,,,,,
,,,,,Robert R. Smith,"inks, cover inks",None,,,,,,,,,,,,,,,,,,,,,,,,,,,,,,,,,,,,,,,,,,
,,,,,Liz Berube,color,N/A,,,,,,,,,,,,,,,,,,,,,,,,,,,,,,,,,,,,,,,,,,
Ritchie Simpson,Dark Universe,Hellblazer #7,Jul-1988,Y,Jamie Delano,writer,WFH; Writer,Y,,,,,,,,,,,,,,,,,,,,,,,,,,,,,,,,,,,,,,,,,
,,,,,John Ridgway,"pencils, inks",WFH; Artist,Y,,,,,,,,,,,,,,,,,,,,,,,,,,,,,,,,,,,,,,,,,
,,,,,Brett Ewins,pencils,WFH,,,,,,,,,,,,,,,,,,,,,,,,,,,,,,,,,,,,,,,,,,
,,,,,Jim McCarthy,inks,WFH,,,,,,,,,,,,,,,,,,,,,,,,,,,,,,,,,,,,,,,,,,
,,,,,Lovern Kindzierski,color,N/A,,,,,,,,,,,,,,,,,,,,,,,,,,,,,,,,,,,,,,,,,,
,,,,,Dave McKean,cover,WFH,,,,,,,,,,,,,,,,,,,,,,,,,,,,,,,,,,,,,,,,,,
Ritter Hendricksen,,Blackhawk #2,Apr-1989,N,Howard Chaykin,"writer, pencils, inks, cover",Writer-Artist,,,,,,,,,,,,,,,,,,,,,,,,,,,,,,,,,,,,,,,,,,
,,,,,Steve Oliff,color,N/A,,,,,,,,,,,,,,,,,,,,,,,,,,,,,,,,,,,,,,,,,,
"The Rival
(Edward Clariss)",Flash 301,"Flash Comics #104
""The Rival Flash""",Feb-1949,N,John Broome,writer,None,,Deceased,,,,,,,,,,,,,,,,,,,,,,,,,,,,,,,,,,,,,,,,
,,,,,Carmine Infantino,"pencils, cover pencils",Settlement,,Deceased,,,,,,,,,,,,,,,,,,,,,,,,,,,,,,,,,,,,,,,,
,,,,,Bernard Sachs,inks,None,,Deceased,,,,,,,,,,,,,,,,,,,,,,,,,,,,,,,,,,,,,,,,
,,,,,Joe Kubert,cover,None,,Deceased,,,,,,,,,,,,,,,,,,,,,,,,,,,,,,,,,,,,,,,,
"R.J. Brande
(Ren Daggle; The Durlan)",,"as Ren Daggle:
Adventure Comics #350",Nov-1966,N,E. Nelson Bridwell,writer,N/A,,"Bridwell was an employee of DC at this time.
Deceased",,,,,,,,,,,,,,,,,,,,,,,,,,,,,,,,,,,,,,,,
,,,,,Curt Swan,"pencils, cover pencils",None,,Deceased,,,,,,,,,,,,,,,,,,,,,,,,,,,,,,,,,,,,,,,,
,,,,,George Klein,"inks, cover inks",None,,Deceased,,,,,,,,,,,,,,,,,,,,,,,,,,,,,,,,,,,,,,,,
,,"as The Durlan:
Invasion #2",1988,N,Keith Giffen,plot,WFH,,,,,,,,,,,,,,,,,,,,,,,,,,,,,,,,,,,,,,,,,,
,,,,,Bill Mantlo,dialogue,WFH,,Mantlo is living but brain damaged. His affairs are handled by his brother.,,,,,,,,,,,,,,,,,,,,,,,,,,,,,,,,,,,,,,,,
,,,,,Todd McFarlane,"pencils, inks",WFH,,,,,,,,,,,,,,,,,,,,,,,,,,,,,,,,,,,,,,,,,,
,,,,,Al Gordon,inks,WFH,,,,,,,,,,,,,,,,,,,,,,,,,,,,,,,,,,,,,,,,,,
,,,,,Josef Rubinstein,"inks, cover inks",WFH,,,,,,,,,,,,,,,,,,,,,,,,,,,,,,,,,,,,,,,,,,
,,,,,Philip Craig Russell,inks,WFH,,,,,,,,,,,,,,,,,,,,,,,,,,,,,,,,,,,,,,,,,,
,,,,,Bart Sears,cover pencils,WFH,,,,,,,,,,,,,,,,,,,,,,,,,,,,,,,,,,,,,,,,,,
,,,,,Carl Gafford,color,N/A,,,,,,,,,,,,,,,,,,,,,,,,,,,,,,,,,,,,,,,,,,
"Robin
(Dick Grayson; Nightwing)",,"as Dick Grayson/Robin:
Detective Comics #38
""Robin the Boy Wonder""",Apr-1940,Y,Bill Finger,writer,Contributor Recognition,,Deceased Contributor Recognition Agreement is with heir.,,,,,,,,,,,,,,,,,,,,,,,,,,,,,,,,,,,,,,,,
,,,,,Bob Kane,"pencils, cover pencils",Services Agreements,,Deceased,,,,,,,,,,,,,,,,,,,,,,,,,,,,,,,,,,,,,,,,
,,,,,Jerry Robinson,"inks, cover inks",Settlement,,Deceased,,,,,,,,,,,,,,,,,,,,,,,,,,,,,,,,,,,,,,,,
,,"as Nightwing:
Tales of the Teen Titans #44",Jul-1984,Y,Marv Wolfman,writer,Co-writer/Co-editor; Exclusive,1984,,,,,,,,,,,,,,,,,,,,,,,,,,,,,,,,,,,,,,,,,
,,,,,George Perez,"pencils, cover",Co-writer/Artist/Co-editor,1984,,,,,,,,,,,,,,,,,,,,,,,,,,,,,,,,,,,,,,,,,
,,,,,Mike DeCarlo,inks,Exclusive,,,,,,,,,,,,,,,,,,,,,,,,,,,,,,,,,,,,,,,,,,
,,,,,Dick Giordano,inks,N/A,,"Giordano was an employee of DC at this time.
Deceased",,,,,,,,,,,,,,,,,,,,,,,,,,,,,,,,,,,,,,,,
,,,,,Adrienne Roy,color,Exclusive,,Deceased,,,,,,,,,,,,,,,,,,,,,,,,,,,,,,,,,,,,,,,,
,,"as Red Robin:
Kingdom Come #2",1996,N,Mark Waid,writer,Writer,,,,,,,,,,,,,,,,,,,,,,,,,,,,,,,,,,,,,,,,,,
,,,,,Alex Ross,all art incl. cover,Artist,,,,,,,,,,,,,,,,,,,,,,,,,,,,,,,,,,,,,,,,,,
"Robin
(Jason Todd; Red Hood*)
*this is for Jason Todd only. See also ""The Joker"" and ""The Red Hood Gang.""",,"as Jason Todd/Robin:
Batman #357",Mar-1983,N,Gerry Conway,writer,Exclusive,,,,,,,,,,,,,,,,,,,,,,,,,,,,,,,,,,,,,,,,,,
,,,,,Don Newton,pencils,WFH,,,,,,,,,,,,,,,,,,,,,,,,,,,,,,,,,,,,,,,,,,
,,,,,Alfredo Alcala,inks,WFH,,,,,,,,,,,,,,,,,,,,,,,,,,,,,,,,,,,,,,,,,,
,,,,,Ed Hannigan,cover pencils,WFH,,,,,,,,,,,,,,,,,,,,,,,,,,,,,,,,,,,,,,,,,,
,,,,,Dick Giordano,cover inks,WFH,,"Giordano was an employee of DC at this time.
Deceased",,,,,,,,,,,,,,,,,,,,,,,,,,,,,,,,,,,,,,,,
,,,,,Adrienne Roy,color,Exclusive,,Deceased,,,,,,,,,,,,,,,,,,,,,,,,,,,,,,,,,,,,,,,,
,,"as Red Hood:
Batman #635",Feb-2005,Y,Judd Winick,writer,WFH,,,,,,,,,,,,,,,,,,,,,,,,,,,,,,,,,,,,,,,,,,
,,,,,Doug Mahnke,pencils,WFH,,,,,,,,,,,,,,,,,,,,,,,,,,,,,,,,,,,,,,,,,,
,,,,,Tom Nguyen,inks,WFH,,,,,,,,,,,,,,,,,,,,,,,,,,,,,,,,,,,,,,,,,,
,,,,,Matt Wagner,cover,WFH,,,,,,,,,,,,,,,,,,,,,,,,,,,,,,,,,,,,,,,,,,
,,,,,Alex Sinclair,color,N/A,,,,,,,,,,,,,,,,,,,,,,,,,,,,,,,,,,,,,,,,,,
,,"as Red Robin:
Countdown #14
""Choke on It""",Mar-2008,N,Paul Dini,writer,Continuity,,,,,,,,,,,,,,,,,,,,,,,,,,,,,,,,,,,,,,,,,,
,,,,,Antony Bedard,writer,WFH,,,,,,,,,,,,,,,,,,,,,,,,,,,,,,,,,,,,,,,,,,
,,,,,Pete Woods,"pencils, inks, cover",WFH,,,,,,,,,,,,,,,,,,,,,,,,,,,,,,,,,,,,,,,,,,
,,,,,Thomas Derenick,pencils,WFH,,,,,,,,,,,,,,,,,,,,,,,,,,,,,,,,,,,,,,,,,,
,,,,,Wayne Faucher,inks,WFH,,,,,,,,,,,,,,,,,,,,,,,,,,,,,,,,,,,,,,,,,,
,,,,,Thomas Chu,color,N/A,,,,,,,,,,,,,,,,,,,,,,,,,,,,,,,,,,,,,,,,,,
"Robin
(Carrie Kelley; Catgirl)",,Batman: The Dark Knight Returns #1,Feb-1986,N,Frank Miller,"writer, pencils, cover",Graphic Novel,,,,,,,,,,,,,,,,,,,,,,,,,,,,,,,,,,,,,,,,,,
,,,,,Klaus Janson,inks,WFH,,,,,,,,,,,,,,,,,,,,,,,,,,,,,,,,,,,,,,,,,,
,,,,,Lynn Varley,color,None,,We understand that Varley's work was subcontracted through Miller.,,,,,,,,,,,,,,,,,,,,,,,,,,,,,,,,,,,,,,,,
"Robin
(Tim Drake; Red Robin*)
*for the ""non-Robin"" version of Red Robin, see ""Ulysses Armstrong""",,"as Tim Drake:
Batman #436",Aug-1989,N,Marv Wolfman,writer,None,,,,,,,,,,,,,,,,,,,,,,,,,,,,,,,,,,,,,,,,,,
,,,,,Pat Broderick,pencils,Exclusive,,,,,,,,,,,,,,,,,,,,,,,,,,,,,,,,,,,,,,,,,,
,,,,,John Beatty,inks,None,,,,,,,,,,,,,,,,,,,,,,,,,,,,,,,,,,,,,,,,,,
,,,,,George Perez,cover,WFH; Exclusive,,,,,,,,,,,,,,,,,,,,,,,,,,,,,,,,,,,,,,,,,,
,,,,,Adrienne Roy,color,N/A,,Deceased,,,,,,,,,,,,,,,,,,,,,,,,,,,,,,,,,,,,,,,,
,,"as Robin:
Batman #442",Dec-1989,Y,Marv Wolfman,writer,WFH; Continuity,,,,,,,,,,,,,,,,,,,,,,,,,,,,,,,,,,,,,,,,,,
,,,,,George Perez,"plot, cover",WFH; Exclusive,,,,,,,,,,,,,,,,,,,,,,,,,,,,,,,,,,,,,,,,,,
,,,,,Jim Aparo,pencils,WFH; Exclusive,,,,,,,,,,,,,,,,,,,,,,,,,,,,,,,,,,,,,,,,,,
,,,,,Mike DeCarlo,inks,WFH; Continuity,,,,,,,,,,,,,,,,,,,,,,,,,,,,,,,,,,,,,,,,,,
,,,,,Adrienne Roy,color,N/A,,Deceased,,,,,,,,,,,,,,,,,,,,,,,,,,,,,,,,,,,,,,,,
,,"as Red Robin:
Red Robin #1",Aug-2009,Y,Christopher Yost,writer,WFH,,,,,,,,,,,,,,,,,,,,,,,,,,,,,,,,,,,,,,,,,,
,,,,,Ramon F. Bachs,"pencils, inks",WFH,,,,,,,,,,,,,,,,,,,,,,,,,,,,,,,,,,,,,,,,,,
,,,,,Francis Manapul,cover,WFH,,,,,,,,,,,,,,,,,,,,,,,,,,,,,,,,,,,,,,,,,,
,,,,,J.G. Jones,cover (variant),WFH,,,,,,,,,,,,,,,,,,,,,,,,,,,,,,,,,,,,,,,,,,
,,,,,Guy Major,color,N/A,,,,,,,,,,,,,,,,,,,,,,,,,,,,,,,,,,,,,,,,,,
"Robin
(Damian Wayne)",,"as Ibn al Xu-ffasch:
Batman: Son of the Demon",Sep-1987,N,Mike W. Barr,writer,Graphic Novel,,,,,,,,,,,,,,,,,,,,,,,,,,,,,,,,,,,,,,,,,,
,,,,,Jerry Bingham,"pencils, inks, cover",Graphic Novel,,,,,,,,,,,,,,,,,,,,,,,,,,,,,,,,,,,,,,,,,,
,,"as Damian al Ghul:
Batman #655",Sep-2006,N,Grant Morrison,writer,WFH,,,,,,,,,,,,,,,,,,,,,,,,,,,,,,,,,,,,,,,,,,
,,,,,Andy Kubert,"pencils, inks, cover",WFH,,,,,,,,,,,,,,,,,,,,,,,,,,,,,,,,,,,,,,,,,,
,,,,,Adam Kubert,cover (variant),WFH,,,,,,,,,,,,,,,,,,,,,,,,,,,,,,,,,,,,,,,,,,
,,,,,David Stewart,color,N/A,,,,,,,,,,,,,,,,,,,,,,,,,,,,,,,,,,,,,,,,,,
,,"as Robin:
Batman: Battle for the Cowl #3",Jul-2009,N,Tony S. Daniel,"writer, pencils, cover",WFH,,,,,,,,,,,,,,,,,,,,,,,,,,,,,,,,,,,,,,,,,,
,,,,,Sandu Florea,inks,WFH,,,,,,,,,,,,,,,,,,,,,,,,,,,,,,,,,,,,,,,,,,
,,,,,Ian Hannin,color,N/A,,,,,,,,,,,,,,,,,,,,,,,,,,,,,,,,,,,,,,,,,,
,,,,,Jonathan D. Smith,color,N/A,,,,,,,,,,,,,,,,,,,,,,,,,,,,,,,,,,,,,,,,,,
Robinson Park,Batwoman 101,Batman #405,Mar-1987,N,Frank Miller,writer,Writer,,,,,,,,,,,,,,,,,,,,,,,,,,,,,,,,,,,,,,,,,,
,,,,,David Mazzuchelli,"pencils, inks, cover",WFH; Artist,,,,,,,,,,,,,,,,,,,,,,,,,,,,,,,,,,,,,,,,,,
,,,,,Richmond Lewis,color,N/A,,,,,,,,,,,,,,,,,,,,,,,,,,,,,,,,,,,,,,,,,,
"Robotman
(Cliff Steele; Automaton)",Doom Patrol,My Greatest Adventure #80,Jun-1963,Y,Arnold Drake,writer,None,2006,Deceased,,,,,,,,,,,,,,,,,,,,,,,,,,,,,,,,,,,,,,,,
,,,,,Bob Haney,writer,Contributor Recognition,,Deceased Contributor Recognition Agreement is with heirs.,,,,,,,,,,,,,,,,,,,,,,,,,,,,,,,,,,,,,,,,
,,,,,Bruno Premiani,"pencils, inks, cover",None,,Deceased,,,,,,,,,,,,,,,,,,,,,,,,,,,,,,,,,,,,,,,,
Rock of Finality,,Justice Society of America vol 3 #25,May-2009,,Geoff Johns,writer,Exclusive,,,,,,,,,,,,,,,,,,,,,,,,,,,,,,,,,,,,,,,,,,
,,,,,Jerry Ordway,"writer, pencils, inks",WFH,,,,,,,,,,,,,,,,,,,,,,,,,,,,,,,,,,,,,,,,,,
,,,,,Bob Wiacek,inks,WFH,,,,,,,,,,,,,,,,,,,,,,,,,,,,,,,,,,,,,,,,,,
"The Rogues
(Captain Cold, Abra Kadabra, Captain Boomerang, Golden Glider, Heat Wave, Mirror Master, Pied Piper, The Top, Trickster, Weather Wizard)",,The Flash #155,Sep-1965,Y,John Broome,writer,None,,Deceased,,,,,,,,,,,,,,,,,,,,,,,,,,,,,,,,,,,,,,,,
,,,,,Carmine Infantino,"pencils, cover pencils",Settlement,,Deceased,,,,,,,,,,,,,,,,,,,,,,,,,,,,,,,,,,,,,,,,
,,,,,Joe Giella,inks,None,,,,,,,,,,,,,,,,,,,,,,,,,,,,,,,,,,,,,,,,,,
,,,,,Murphy Anderson,cover inks,None,,Deceased,,,,,,,,,,,,,,,,,,,,,,,,,,,,,,,,,,,,,,,,
Ron Troupe,,Adventures of Superman #480,Jul-1991,N,Jerry Ordway,"writer, inks, cover",Continuity; WFH,2004,,,,,,,,,,,,,,,,,,,,,,,,,,,,,,,,,,,,,,,,,
,,,,,Tom Grummett,pencils,Continuity,2004,,,,,,,,,,,,,,,,,,,,,,,,,,,,,,,,,,,,,,,,,
,,,,,Denis Rodier,"pencils, inks",Continuity; WFH,,,,,,,,,,,,,,,,,,,,,,,,,,,,,,,,,,,,,,,,,,
,,,,,Curt Swan,pencils,WFH,,Deceased,,,,,,,,,,,,,,,,,,,,,,,,,,,,,,,,,,,,,,,,
,,,,,Jon Bogdanove,pencils,Continuity,,,,,,,,,,,,,,,,,,,,,,,,,,,,,,,,,,,,,,,,,,
,,,,,"James ""Jim"" Mooney",pencils,WFH,,,,,,,,,,,,,,,,,,,,,,,,,,,,,,,,,,,,,,,,,,
,,,,,Art Thibert,"pencils, inks",WFH,,,,,,,,,,,,,,,,,,,,,,,,,,,,,,,,,,,,,,,,,,
,,,,,Bob McLeod,pencils,Continuity,,,,,,,,,,,,,,,,,,,,,,,,,,,,,,,,,,,,,,,,,,
,,,,,Dan Jurgens,pencils,WFH,,,,,,,,,,,,,,,,,,,,,,,,,,,,,,,,,,,,,,,,,,
,,,,,Brett Breeding,"pencils, inks",Continuity,,,,,,,,,,,,,,,,,,,,,,,,,,,,,,,,,,,,,,,,,,
,,,,,Dennis Janke,inks,Continuity,,,,,,,,,,,,,,,,,,,,,,,,,,,,,,,,,,,,,,,,,,
,,,,,Glenn Whitmore,color,N/A,,,,,,,,,,,,,,,,,,,,,,,,,,,,,,,,,,,,,,,,,,
Ronin,,Ronin #1,Jul-1983,Y,Frank Miller,"writer, pencils, inks, cover",Writer/Artist,,,,,,,,,,,,,,,,,,,,,,,,,,,,,,,,,,,,,,,,,,
,,,,,Lynn Varley,color,N/A,,,,,,,,,,,,,,,,,,,,,,,,,,,,,,,,,,,,,,,,,,
Rose Psychic,,"New Fun Comics #6
""The Vampire Master""",Oct-1935,N,"Jerome ""Jerry"" Siegel",writer,None,,Deceased Settlement is with heirs.,,,,,,,,,,,,,,,,,,,,,,,,,,,,,,,,,,,,,,,,
,,,,,Joe Shuster,"pencils, inks",None,,Deceased,,,,,,,,,,,,,,,,,,,,,,,,,,,,,,,,,,,,,,,,
,,,,,Vincent Sullivan,cover,None,,Deceased,,,,,,,,,,,,,,,,,,,,,,,,,,,,,,,,,,,,,,,,
Rosie the Riveter,Arrow 414,Green Lantern #176,May-1984,N,Len Wein,writer,WFH,2005,Deceased,,,,,,,,,,,,,,,,,,,,,,,,,,,,,,,,,,,,,,,,
,,,,,Dave Gibbons,"pencils, cover",WFH,,,,,,,,,,,,,,,,,,,,,,,,,,,,,,,,,,,,,,,,,,
,,,,,Dick Giordano,inks,WFH,,"Giordano was an employee of DC at this time.
Deceased",,,,,,,,,,,,,,,,,,,,,,,,,,,,,,,,,,,,,,,,
,,,,,Anthony Tollin,color,Exclusive,,,,,,,,,,,,,,,,,,,,,,,,,,,,,,,,,,,,,,,,,,
"The Rot
(The Black)
The Rot first appeared in two different comic book issues released on the same day - Swamp Thing #1 and Animal Man #1 - although it was only identified by name in Animal Man #1.",,Swamp Thing #1,Nov-2011,N,Scott Snyder,writer,WFH,,,,,,,,,,,,,,,,,,,,,,,,,,,,,,,,,,,,,,,,,,
,,,,,Yanick Paquette,"pencils, inks, cover",WFH,,,,,,,,,,,,,,,,,,,,,,,,,,,,,,,,,,,,,,,,,,
,,,,,Nathan Fairbairn,color,N/A,,,,,,,,,,,,,,,,,,,,,,,,,,,,,,,,,,,,,,,,,,
,,Animal Man #1,Nov-2011,N,Jeff Lemire,writer,WFH,,,,,,,,,,,,,,,,,,,,,,,,,,,,,,,,,,,,,,,,,,
,,,,,Travel Foreman,"pencils, inks, cover",WFH,,,,,,,,,,,,,,,,,,,,,,,,,,,,,,,,,,,,,,,,,,
,,,,,Daniel Green,inks,WFH,,,,,,,,,,,,,,,,,,,,,,,,,,,,,,,,,,,,,,,,,,
,,,,,Lovern Kindzierski,color,N/A,,,,,,,,,,,,,,,,,,,,,,,,,,,,,,,,,,,,,,,,,,
"Roulette
(Veronica Sinclair)",Supergirl 204,JSA Secret Files and Origins #2,Sep-2001,N,Geoff Johns,writer,WFH,,,,,,,,,,,,,,,,,,,,,,,,,,,,,,,,,,,,,,,,,,
,,,,,Derec Aucoin,"pencils, inks",WFH,,,,,,,,,,,,,,,,,,,,,,,,,,,,,,,,,,,,,,,,,,
,,,,,Steve Sadowski,cover pencils,WFH,,,,,,,,,,,,,,,,,,,,,,,,,,,,,,,,,,,,,,,,,,
,,,,,"Michael Bair
(Michael Hernandez)",cover inks,WFH,,,,,,,,,,,,,,,,,,,,,,,,,,,,,,,,,,,,,,,,,,
,,,,,Tom J. McCraw,color,Exclusive,,,,,,,,,,,,,,,,,,,,,,,,,,,,,,,,,,,,,,,,,,
"Roulette
(Debra Sinclair; mother of Veronica Sinclair)",,JSA #70,Apr-2005,N,Geoff Johns,writer,WFH; Exclusive,,,,,,,,,,,,,,,,,,,,,,,,,,,,,,,,,,,,,,,,,,
,,,,,Don Kramer,pencils,WFH,,,,,,,,,,,,,,,,,,,,,,,,,,,,,,,,,,,,,,,,,,
,,,,,Keith Champagne,inks,WFH,,,,,,,,,,,,,,,,,,,,,,,,,,,,,,,,,,,,,,,,,,
,,,,,Dave Gibbons,cover,WFH,,,,,,,,,,,,,,,,,,,,,,,,,,,,,,,,,,,,,,,,,,
,,,,,John Kalisz,color,N/A,,,,,,,,,,,,,,,,,,,,,,,,,,,,,,,,,,,,,,,,,,
Roy Stewart,Arrow 719,Green Lantern: Mosaic #11,Apr-1993,N,Gerard Jones,writer,None,,DC no longer has an active relationship with Jones due to criminal conviction.,,,,,,,,,,,,,,,,,,,,,,,,,,,,,,,,,,,,,,,,
,,,,,Joe Filice,writer,WFH,,,,,,,,,,,,,,,,,,,,,,,,,,,,,,,,,,,,,,,,,,
,,,,,Mitch Byrd,"pencils, cover",WFH,,,,,,,,,,,,,,,,,,,,,,,,,,,,,,,,,,,,,,,,,,
,,,,,John Floyd,inks,WFH,,,,,,,,,,,,,,,,,,,,,,,,,,,,,,,,,,,,,,,,,,
,,,,,Steve Mattsson,color,N/A,,,,,,,,,,,,,,,,,,,,,,,,,,,,,,,,,,,,,,,,,,
Royal Flush Gang,,Justice League of America #43,Mar-1966,Y,Gardner F. Fox,writer,Creator Recognition,,,,,,,,,,,,,,,,,,,,,,,,,,,,,,,,,,,,,,,,,,
,,,,,Mike Sekowsky,"pencils, cover",None,,,,,,,,,,,,,,,,,,,,,,,,,,,,,,,,,,,,,,,,,,
,,,,,Bernard Sachs,inks,None,,,,,,,,,,,,,,,,,,,,,,,,,,,,,,,,,,,,,,,,,,
Rumi Mori,"Birds of Prey 
(2020)","Batman: The Enemy Within
""The Enigma""",Aug-2017,,Telltale Games,,License Agreement,,,,,,,,,,,,,,,,,,,,,,,,,,,,,,,,,,,,,,,,,,
,,"First Comic Appearance:
Batman: Sins of the Father #3",Jun-2018,N,Christos N. Gage,writer,WFH,,,,,,,,,,,,,,,,,,,,,,,,,,,,,,,,,,,,,,,,,,
,,,,,Raffaele Ienco,"pencils, inks, cover",WFH,,,,,,,,,,,,,,,,,,,,,,,,,,,,,,,,,,,,,,,,,,
,,,,,Guy Major,color,WFH,,,,,,,,,,,,,,,,,,,,,,,,,,,,,,,,,,,,,,,,,,
Rydell Starr,,Challengers of the Unknown #1,Aug-2004,N,Howard Chaykin,"writer, pencils, inks, cover",WFH,,,,,,,,,,,,,,,,,,,,,,,,,,,,,,,,,,,,,,,,,,
,,,,,Rian Hughes,art direction,WFH,,,,,,,,,,,,,,,,,,,,,,,,,,,,,,,,,,,,,,,,,,
,,,,,Michelle Madsen,color,N/A,,,,,,,,,,,,,,,,,,,,,,,,,,,,,,,,,,,,,,,,,,
"Sabbac
(Ishmael Gregor)",,Outsiders vol. 3 #8,Mar-2004,N,Judd Winick,writer,WFH,,,,,,,,,,,,,,,,,,,,,,,,,,,,,,,,,,,,,,,,,,
,,,,,Tom Raney,pencils,WFH,,,,,,,,,,,,,,,,,,,,,,,,,,,,,,,,,,,,,,,,,,
,,,,,Sean Parsons,inks,WFH,,,,,,,,,,,,,,,,,,,,,,,,,,,,,,,,,,,,,,,,,,
"Sachi & Yukinori
(Offspring of Replikon)",Arrow 506,Green Lantern #193,Oct-1985,N,Steve Englehart,writer,WFH,,,,,,,,,,,,,,,,,,,,,,,,,,,,,,,,,,,,,,,,,,
,,,,,Joe Staton,"pencils, cover pencils",WFH,,,,,,,,,,,,,,,,,,,,,,,,,,,,,,,,,,,,,,,,,,
,,,,,Bruce Patterson,"inks, cover inks",WFH,,,,,,,,,,,,,,,,,,,,,,,,,,,,,,,,,,,,,,,,,,
,,,,,Anthony Tollin,color,Exclusive,,,,,,,,,,,,,,,,,,,,,,,,,,,,,,,,,,,,,,,,,,
Saffron Bell,"Supergirl 110
(1/18/2016)",Bloodhound #1,Sep-2004,Y,Dan Jolley,writer,Joint Creator/All Rights; Writer; WFH,2002,The property BLOODHOUND reverted to the creators in 2008. This character and all other characters related to this property are not available for use.,,,,,,,,,,,,,,,,,,,,,,,,,,,,,,,,,,,,,,,,
,,,,,Leonard Kirk,"pencils, inks",WFH,,,,,,,,,,,,,,,,,,,,,,,,,,,,,,,,,,,,,,,,,,
,,,,,Robin Riggs,inks,WFH,,,,,,,,,,,,,,,,,,,,,,,,,,,,,,,,,,,,,,,,,,
,,,,,Dave Johnson,cover,Joint Creator/All Rights; Artist; WFH,2002,,,,,,,,,,,,,,,,,,,,,,,,,,,,,,,,,,,,,,,,,
,,,,,William Moose Baumann,color,N/A,,,,,,,,,,,,,,,,,,,,,,,,,,,,,,,,,,,,,,,,,,
Safiyah Sohail,Batwoman 101,Batwoman: Rebirth #1,Apr-2017,N,"Kristen Leslie Bennett
(Marguerite Bennett)",writer,WFH,2019,,,,,,,,,,,,,,,,,,,,,,,,,,,,,,,,,,,,,,,,,
,,,,,James Tynion IV,writer,WFH,2019,,,,,,,,,,,,,,,,,,,,,,,,,,,,,,,,,,,,,,,,,
,,,,,Steve Epting,"pencils, inks, cover",WFH,2019,,,,,,,,,,,,,,,,,,,,,,,,,,,,,,,,,,,,,,,,,
,,,,,Jeromy Cox,color,WFH,,,,,,,,,,,,,,,,,,,,,,,,,,,,,,,,,,,,,,,,,,
Salaak,,Green Lantern #149,Feb-1982,N,Marv Wolfman,writer,Writer,2010,,,,,,,,,,,,,,,,,,,,,,,,,,,,,,,,,,,,,,,,,
,,,,,Joe Staton,"pencils, cover pencils",Artist,2010,,,,,,,,,,,,,,,,,,,,,,,,,,,,,,,,,,,,,,,,,
,,,,,Dennis Jensen,inks,Artist,,,,,,,,,,,,,,,,,,,,,,,,,,,,,,,,,,,,,,,,,,
,,,,,Dick Giordano,cover inks,N/A,,"Giordano was an employee of DC at this time.
Deceased",,,,,,,,,,,,,,,,,,,,,,,,,,,,,,,,,,,,,,,,
,,,,,Gene D'Angelo,color,N/A,,,,,,,,,,,,,,,,,,,,,,,,,,,,,,,,,,,,,,,,,,
"Salvatore ""Sal"" Maroni",Titans 107,"Detective Comics #66
""The Crimes of Two-Face!""",Aug-1942,N,Bob Kane,pencils,Services Agreement,,Deceased,,,,,,,,,,,,,,,,,,,,,,,,,,,,,,,,,,,,,,,,
,,,,,Bill Finger,writer,Contributor Recognition,,Deceased Contributor Recognition Agreement is with heir.,,,,,,,,,,,,,,,,,,,,,,,,,,,,,,,,,,,,,,,,
,,,,,Jerry Robinson,"inks, cover",Settlement,,Deceased,,,,,,,,,,,,,,,,,,,,,,,,,,,,,,,,,,,,,,,,
Sam Kurtis,Stargirl 101,Stars & S.T.R.I.P.E. #10,May-2000,N,Geoff Johns,writer,WFH,,,,,,,,,,,,,,,,,,,,,,,,,,,,,,,,,,,,,,,,,,
,,,,,Scott Kolins,pencils,WFH,,,,,,,,,,,,,,,,,,,,,,,,,,,,,,,,,,,,,,,,,,
,,,,,Dan Davis,"inks, cover inks",WFH,,,,,,,,,,,,,,,,,,,,,,,,,,,,,,,,,,,,,,,,,,
,,,,,Lee Moder,cover pencils,WFH,,,,,,,,,,,,,,,,,,,,,,,,,,,,,,,,,,,,,,,,,,
,,,,,Tom McCraw,color,N/A,,,,,,,,,,,,,,,,,,,,,,,,,,,,,,,,,,,,,,,,,,
,,,,,Heroic Age,color,N/A,,,,,,,,,,,,,,,,,,,,,,,,,,,,,,,,,,,,,,,,,,
"Samantha Cutler
(Sam Cutler)",,"Superman: Last Son of Krypton 
(Warner Books Novel)",1978,N,Elliot S. Maggin,writer,Writer Agreement,,,,,,,,,,,,,,,,,,,,,,,,,,,,,,,,,,,,,,,,,,
Samuroids,Flash 401,The Flash #180,Jun-1968,Y,Frank Robbins,writer,None,,Deceased,,,,,,,,,,,,,,,,,,,,,,,,,,,,,,,,,,,,,,,,
,,,,,Ross Andru,"pencils, cover pencils",None,,Deceased,,,,,,,,,,,,,,,,,,,,,,,,,,,,,,,,,,,,,,,,
,,,,,Mike Esposito,"inks, cover inks",None,,Deceased,,,,,,,,,,,,,,,,,,,,,,,,,,,,,,,,,,,,,,,,
"Sand Demon
(Eddie Slick)","Flash 202
(10/13/2015)",Fury of Firestorm #51,Sep-1986,Y,Gerry Conway,writer,Continuity,Y,,,,,,,,,,,,,,,,,,,,,,,,,,,,,,,,,,,,,,,,,
,,,,,"Joe Brozowski
(J.J. Birch)","pencils, cover pencils",WFH,Y,,,,,,,,,,,,,,,,,,,,,,,,,,,,,,,,,,,,,,,,,
,,,,,"Rodolfo ""Rodin"" Rodriguez",inks,WFH,,,,,,,,,,,,,,,,,,,,,,,,,,,,,,,,,,,,,,,,,,
,,,,,Steve Mitchell,cover inks,WFH,,,,,,,,,,,,,,,,,,,,,,,,,,,,,,,,,,,,,,,,,,
,,,,,Shelly Eiber,color,N/A,,,,,,,,,,,,,,,,,,,,,,,,,,,,,,,,,,,,,,,,,,
"Sandman
(Wesley Dodds)",,"Adventure Comics #40
""The Tarantula Strikes""",Jul-1939,Y,Gardner F. Fox,writer,Creator Recognition,2009,Deceased Creator recognition agreement with is with heirs.,,,,,,,,,,,,,,,,,,,,,,,,,,,,,,,,,,,,,,,,
,,,,,Bert Christman,"pencils, inks",None,,,,,,,,,,,,,,,,,,,,,,,,,,,,,,,,,,,,,,,,,,
,,,,,Craig Flessel,cover,None,,,,,,,,,,,,,,,,,,,,,,,,,,,,,,,,,,,,,,,,,,
"Sandman
(Garret Sanford)",,Sandman #1,Winter 1974,Y,Joe Simon,writer,None,,Deceased,,,,,,,,,,,,,,,,,,,,,,,,,,,,,,,,,,,,,,,,
,,,,,Jack Kirby,"pencils, cover pencils",None,,Deceased,,,,,,,,,,,,,,,,,,,,,,,,,,,,,,,,,,,,,,,,
,,,,,Mike Royer,"inks, cover inks",None,,Deceased,,,,,,,,,,,,,,,,,,,,,,,,,,,,,,,,,,,,,,,,
"Sandman
(Sanderson ""Sandy"" Hawkins; Sandy the Golden Boy)",,"as Sandy the Golden Boy:
Adventure Comics #69
""The Case of the Giant Bees""",Dec-1941,N,Mort Weisinger,writer,N/A,,"Weisinger was an employee of DC at this time.
Deceased",,,,,,,,,,,,,,,,,,,,,,,,,,,,,,,,,,,,,,,,
,,,,,Paul Norris,pencils,None,,,,,,,,,,,,,,,,,,,,,,,,,,,,,,,,,,,,,,,,,,
,,,,,Chad Grothkopf,inks,None,,,,,,,,,,,,,,,,,,,,,,,,,,,,,,,,,,,,,,,,,,
,,,,,Jack Burnley,cover,None,,,,,,,,,,,,,,,,,,,,,,,,,,,,,,,,,,,,,,,,,,
,,"as Sandman:
Justice Society of America #1",Feb-2007,Y,Geoff Johns,writer,WFH,,,,,,,,,,,,,,,,,,,,,,,,,,,,,,,,,,,,,,,,,,
,,,,,Dale Eaglesham,pencils,WFH,,,,,,,,,,,,,,,,,,,,,,,,,,,,,,,,,,,,,,,,,,
,,,,,Art Thibert,inks,WFH,,,,,,,,,,,,,,,,,,,,,,,,,,,,,,,,,,,,,,,,,,
,,,,,Alex Ross,cover,WFH,,,,,,,,,,,,,,,,,,,,,,,,,,,,,,,,,,,,,,,,,,
,,,,,Jeromy Cox,color,N/A,,,,,,,,,,,,,,,,,,,,,,,,,,,,,,,,,,,,,,,,,,
"Sandman
(Hector Hall; Silver Scarab; Doctor Fate*)
*This applies to Hector Hall only. For other incarnations of Doctor Fate, see Doctor Fate",,"as Hector Hall / Silver Scarab:
All-Star Squadron #25",Sep-1983,N,Roy Thomas,writer,Exclusive,2004,,,,,,,,,,,,,,,,,,,,,,,,,,,,,,,,,,,,,,,,,
,,,,,"Jeremiah ""Jerry"" Ordway","pencils, cover",WFH,2004,,,,,,,,,,,,,,,,,,,,,,,,,,,,,,,,,,,,,,,,,
,,,,,Mike Machlan,inks,WFH,2004,,,,,,,,,,,,,,,,,,,,,,,,,,,,,,,,,,,,,,,,,
,,,,,Gene D'Angelo,color,N/A,,,,,,,,,,,,,,,,,,,,,,,,,,,,,,,,,,,,,,,,,,
,,"as Sandman:
Infinity, Inc. #49",Apr-1988,Y,Roy Thomas,writer,Writer,,,,,,,,,,,,,,,,,,,,,,,,,,,,,,,,,,,,,,,,,,
,,,,,"Dannette ""Dann"" Thomas",writer,None,,Roy Thomas may have entered into a separate agreement with Dann Thomas for this work. DC does not have a copy of that agreement.,,,,,,,,,,,,,,,,,,,,,,,,,,,,,,,,,,,,,,,,
,,,,,Vince Argondezzi,"pencils, cover pencils",WFH,,,,,,,,,,,,,,,,,,,,,,,,,,,,,,,,,,,,,,,,,,
,,,,,Frank McLaughlin,inks,WFH,,,,,,,,,,,,,,,,,,,,,,,,,,,,,,,,,,,,,,,,,,
,,,,,Sam Kieth,inks,WFH,,,,,,,,,,,,,,,,,,,,,,,,,,,,,,,,,,,,,,,,,,
,,,,,Malcolm Jones III,cover inks,WFH,,,,,,,,,,,,,,,,,,,,,,,,,,,,,,,,,,,,,,,,,,
,,,,,Liz Berube,color,N/A,,,,,,,,,,,,,,,,,,,,,,,,,,,,,,,,,,,,,,,,,,
,,"as Doctor Fate:
JSA #2",Sep-1999,N,James Robinson,writer,WFH,,,,,,,,,,,,,,,,,,,,,,,,,,,,,,,,,,,,,,,,,,
,,,,,David S. Goyer,writer,WFH,,,,,,,,,,,,,,,,,,,,,,,,,,,,,,,,,,,,,,,,,,
,,,,,Steve Sadowski,pencils,WFH,,,,,,,,,,,,,,,,,,,,,,,,,,,,,,,,,,,,,,,,,,
,,,,,"Michael Bair
(Michael Hernandez)",inks,WFH,,,,,,,,,,,,,,,,,,,,,,,,,,,,,,,,,,,,,,,,,,
,,,,,Alan Davis,cover pencils,WFH,,,,,,,,,,,,,,,,,,,,,,,,,,,,,,,,,,,,,,,,,,
,,,,,Mark Farmer,cover inks,WFH,,,,,,,,,,,,,,,,,,,,,,,,,,,,,,,,,,,,,,,,,,
,,,,,John Kalisz,color,N/A,,,,,,,,,,,,,,,,,,,,,,,,,,,,,,,,,,,,,,,,,,
"Sandman
(Dream; Morpheus)",,The Sandman #1,Jan-1989,N,Neil Gaiman,writer,WFH,Y,,,,,,,,,,,,,,,,,,,,,,,,,,,,,,,,,,,,,,,,,
,,,,,Sam Kieth,pencils,WFH,,,,,,,,,,,,,,,,,,,,,,,,,,,,,,,,,,,,,,,,,,
,,,,,Mike Dringenberg,inks,WFH,,,,,,,,,,,,,,,,,,,,,,,,,,,,,,,,,,,,,,,,,,
,,,,,Dave McKean,cover,WFH,,,,,,,,,,,,,,,,,,,,,,,,,,,,,,,,,,,,,,,,,,
,,,,,Robbie Busch,color,N/A,,,,,,,,,,,,,,,,,,,,,,,,,,,,,,,,,,,,,,,,,,
"Sandman
(Daniel Hall; Dream)",,"as Daniel Hall (infant):
The Sandman #22",Jan-1991,N,Neil Gaiman,writer,Writer,,,,,,,,,,,,,,,,,,,,,,,,,,,,,,,,,,,,,,,,,,
,,,,,Kelley Jones,pencils,WFH,,,,,,,,,,,,,,,,,,,,,,,,,,,,,,,,,,,,,,,,,,
,,,,,Malcolm Jones III,inks,WFH,,,,,,,,,,,,,,,,,,,,,,,,,,,,,,,,,,,,,,,,,,
,,,,,Dave McKean,cover,WFH,,,,,,,,,,,,,,,,,,,,,,,,,,,,,,,,,,,,,,,,,,
,,,,,Steve Oliff,color,N/A,,,,,,,,,,,,,,,,,,,,,,,,,,,,,,,,,,,,,,,,,,
,,"as Dream:
The Sandman #69",Jul-1995,N,Neil Gaiman,writer,Writer,,,,,,,,,,,,,,,,,,,,,,,,,,,,,,,,,,,,,,,,,,
,,,,,Marc Hempel,"pencils, inks",WFH,,,,,,,,,,,,,,,,,,,,,,,,,,,,,,,,,,,,,,,,,,
,,,,,Dave McKean,cover,None,,,,,,,,,,,,,,,,,,,,,,,,,,,,,,,,,,,,,,,,,,
,,,,,Daniel Vozzo,color,N/A,,,,,,,,,,,,,,,,,,,,,,,,,,,,,,,,,,,,,,,,,,
"Sandman
(Kieran Marshall)",,Sandman Mystery Theatre: Sleep of Reason #1,Feb-2007,N,John Ney Rieber,writer,WFH,,,,,,,,,,,,,,,,,,,,,,,,,,,,,,,,,,,,,,,,,,
,,,,,Eric Nguyen,"pencils, inks",WFH,,,,,,,,,,,,,,,,,,,,,,,,,,,,,,,,,,,,,,,,,,
,,,,,Tim Bradstreet,cover,WFH,,,,,,,,,,,,,,,,,,,,,,,,,,,,,,,,,,,,,,,,,,
,,,,,Lee Loughridge,color,N/A,,,,,,,,,,,,,,,,,,,,,,,,,,,,,,,,,,,,,,,,,,
Santa Prisca,Flash,Question #10,Nov-1987,Y,Dennis J. O'Neil,writer,WFH,,,,,,,,,,,,,,,,,,,,,,,,,,,,,,,,,,,,,,,,,,
,,,,,Denys B. Cowan,"pencils, cover pencils",WFH,,,,,,,,,,,,,,,,,,,,,,,,,,,,,,,,,,,,,,,,,,
,,,,,Rick Magyar,inks,WFH,,,,,,,,,,,,,,,,,,,,,,,,,,,,,,,,,,,,,,,,,,
,,,,,Bill Sienkiewicz,cover inks,WFH,,,,,,,,,,,,,,,,,,,,,,,,,,,,,,,,,,,,,,,,,,
,,,,,Tatjana Wood,color,N/A,,,,,,,,,,,,,,,,,,,,,,,,,,,,,,,,,,,,,,,,,,
Sapphire Guard,"Man of Steel
(2013)",Last Days of Krypton Novel,2007,,Kevin J. Anderson,writer,Writer,,See also: HarperCollins publishing license agreement,,,,,,,,,,,,,,,,,,,,,,,,,,,,,,,,,,,,,,,,
Sarah Charles,,Tales of the Teen Titans #57,Sep-1985,N,Marv Wolfman,writer,WFH,2016,,,,,,,,,,,,,,,,,,,,,,,,,,,,,,,,,,,,,,,,,
,,,,,"Francis ""Chuck"" Patton","pencils, cover pencils",WFH,2016,,,,,,,,,,,,,,,,,,,,,,,,,,,,,,,,,,,,,,,,,
,,,,,Romeo Tanghal,"inks, cover inks",WFH,,,,,,,,,,,,,,,,,,,,,,,,,,,,,,,,,,,,,,,,,,
,,,,,Adrienne Roy,color,Exclusive,,Deceased,,,,,,,,,,,,,,,,,,,,,,,,,,,,,,,,,,,,,,,,
Sarge Clay,The Losers (DC),"All-American Men of War #67
""Cover Man""",Mar-1959,Character on cover could be either Sarge or Gunner MacKay,Robert Kanigher,writer,N/A,,"Kanigher was an employee of DC Comics from 2/3/47 - 5/31/82.
Deceased",,,,,,,,,,,,,,,,,,,,,,,,,,,,,,,,,,,,,,,,
,,,,,Ross Andru,pencils,None,,Deceased,,,,,,,,,,,,,,,,,,,,,,,,,,,,,,,,,,,,,,,,
,,,,,Mike Esposito,inks,None,,Deceased,,,,,,,,,,,,,,,,,,,,,,,,,,,,,,,,,,,,,,,,
,,,,,"Jerry Grandenetti
(Charles J. Grandenetti)",cover,None,,Deceased,,,,,,,,,,,,,,,,,,,,,,,,,,,,,,,,,,,,,,,,
"Saturn Girl
(Imra Ardeen)",Supergirl 307,"Adventure Comics #247
""The Legion of Super-Heroes""",Apr-1958,Y,Otto Binder,writer,None,,Deceased,,,,,,,,,,,,,,,,,,,,,,,,,,,,,,,,,,,,,,,,
,,,,,Al Plastino,"pencils, inks",None,,Deceased,,,,,,,,,,,,,,,,,,,,,,,,,,,,,,,,,,,,,,,,
,,,,,Curt Swan,cover pencils,None,,Deceased,,,,,,,,,,,,,,,,,,,,,,,,,,,,,,,,,,,,,,,,
,,,,,Stan Kaye,cover inks,None,,Deceased,,,,,,,,,,,,,,,,,,,,,,,,,,,,,,,,,,,,,,,,
"Savant
(Kenesha of Khera)","Point Blank
Sleeper",WildC.A.T.S.: Covert Action Teams #11,Jun-1994,N,Chris Claremont,writer,None,,See also: WildStorm Asset Purchase Agreement,,,,,,,,,,,,,,,,,,,,,,,,,,,,,,,,,,,,,,,,
,,,,,H.K. Proeger,writer,None,,,,,,,,,,,,,,,,,,,,,,,,,,,,,,,,,,,,,,,,,,
,,,,,Ryan Benjamin,pencils,None,,,,,,,,,,,,,,,,,,,,,,,,,,,,,,,,,,,,,,,,,,
,,,,,Jim Lee,pencils,WildStorm Employment Agreement,,,,,,,,,,,,,,,,,,,,,,,,,,,,,,,,,,,,,,,,,,
,,,,,Tom McWeeney,inks,None,,,,,,,,,,,,,,,,,,,,,,,,,,,,,,,,,,,,,,,,,,
,,,,,Scott Williams,inks,WFH,,,,,,,,,,,,,,,,,,,,,,,,,,,,,,,,,,,,,,,,,,
,,,,,Joe Chiodo,color,N/A,,,,,,,,,,,,,,,,,,,,,,,,,,,,,,,,,,,,,,,,,,
"Savant
(Brian Durlin)",,Birds of Prey #56,Aug-2003,N,"Tamra L. James
(Gail Simone)",writer,WFH,,,,,,,,,,,,,,,,,,,,,,,,,,,,,,,,,,,,,,,,,,
,,,,,Ed Benes,"pencils, cover pencils",WFH,,,,,,,,,,,,,,,,,,,,,,,,,,,,,,,,,,,,,,,,,,
,,,,,Alex Lei,"inks, cover inks",WFH,,,,,,,,,,,,,,,,,,,,,,,,,,,,,,,,,,,,,,,,,,
,,,,,Brian Miller,color,N/A,,,,,,,,,,,,,,,,,,,,,,,,,,,,,,,,,,,,,,,,,,
Savitar,Flash 301,Flash #108,Dec-1995,N,Mark Waid,writer,Continuity,,,,,,,,,,,,,,,,,,,,,,,,,,,,,,,,,,,,,,,,,,
,,,,,Oscar Jimenez Garrido,"pencils, cover pencils",WFH,,,,,,,,,,,,,,,,,,,,,,,,,,,,,,,,,,,,,,,,,,
,,,,,"Jose Marzan, Jr.","inks, cover inks",Continuity,,,,,,,,,,,,,,,,,,,,,,,,,,,,,,,,,,,,,,,,,,
,,,,,Tom McCraw,color,N/A,,,,,,,,,,,,,,,,,,,,,,,,,,,,,,,,,,,,,,,,,,
Scalped,,Scalped #1,Mar-2007,Y,Jason Aaron,writer,Joint Creator/All Rights; Writer,Y,,,,,,,,,,,,,,,,,,,,,,,,,,,,,,,,,,,,,,,,,
,,,,,"Rajko Milosevic
(R.M. Guera)","pencils, inks",Joint Creator/All Rights; Artist,Y,,,,,,,,,,,,,,,,,,,,,,,,,,,,,,,,,,,,,,,,,
,,,,,"Mark Simpson
(Jock)",cover,WFH,,,,,,,,,,,,,,,,,,,,,,,,,,,,,,,,,,,,,,,,,,
,,,,,Lee Loughridge,color,N/A,,,,,,,,,,,,,,,,,,,,,,,,,,,,,,,,,,,,,,,,,,
Scandal Savage,Legends 113,Villains United #1,Jul-2005,Y,"Tamra L. James
(Gail Simone)",writer,WFH,,,,,,,,,,,,,,,,,,,,,,,,,,,,,,,,,,,,,,,,,,
,,,,,Dale Eaglesham,"pencils, variant cover pencils",WFH,,,,,,,,,,,,,,,,,,,,,,,,,,,,,,,,,,,,,,,,,,
,,,,,Wade Von Grawbadger,"inks, variant cover inks",WFH,,,,,,,,,,,,,,,,,,,,,,,,,,,,,,,,,,,,,,,,,,
,,,,,J.G. Jones,cover,WFH,,,,,,,,,,,,,,,,,,,,,,,,,,,,,,,,,,,,,,,,,,
,,,,,Sno Cone,color,N/A,,,,,,,,,,,,,,,,,,,,,,,,,,,,,,,,,,,,,,,,,,
"Scar
(Desmond Mallard)",Arrow 508,"Batman Family #17
""Scars""",Apr-1978,N,Gerry Conway,writer,Exclusive,,,,,,,,,,,,,,,,,,,,,,,,,,,,,,,,,,,,,,,,,,
,,,,,Jim Aparo,"pencils, inks",Exclusive,,Deceased,,,,,,,,,,,,,,,,,,,,,,,,,,,,,,,,,,,,,,,,
,,,,,Michael William Kaluta,cover,None,,,,,,,,,,,,,,,,,,,,,,,,,,,,,,,,,,,,,,,,,,
,,,,,Adrienne Roy,color,N/A,,Deceased,,,,,,,,,,,,,,,,,,,,,,,,,,,,,,,,,,,,,,,,
"Scar
(The Scarred Guardian)",Arrow 508,Green Lantern #25,Jan-2008,N,Geoff Johns,writer,Exclusive; WFH,,,,,,,,,,,,,,,,,,,,,,,,,,,,,,,,,,,,,,,,,,
,,,,,Ivan Reis,"pencils, inks, cover pencils",Exclusive; WFH,,,,,,,,,,,,,,,,,,,,,,,,,,,,,,,,,,,,,,,,,,
,,,,,Ethan Van Sciver,"pencils, inks",Exclusive; WFH,,,,,,,,,,,,,,,,,,,,,,,,,,,,,,,,,,,,,,,,,,
,,,,,Oclair Albert,"inks, cover inks",WFH,,,,,,,,,,,,,,,,,,,,,,,,,,,,,,,,,,,,,,,,,,
,,,,,Julio Ferreira,inks,WFH,,,,,,,,,,,,,,,,,,,,,,,,,,,,,,,,,,,,,,,,,,
,,,,,"William ""Moose"" Baumann",color,N/A,,,,,,,,,,,,,,,,,,,,,,,,,,,,,,,,,,,,,,,,,,
,,,,,Rod Reis,color,N/A,,,,,,,,,,,,,,,,,,,,,,,,,,,,,,,,,,,,,,,,,,
"Scarecrow
(Jonathan Crane)",Lego Batman,"World's Finest #3
""The Riddle of the Human Scarecrow""",Sep-1941,N,Bob Kane,"pencils, inks, cover",Services Agreement,,Deceased,,,,,,,,,,,,,,,,,,,,,,,,,,,,,,,,,,,,,,,,
,,,,,Bill Finger,writer,Contributor Recognition,,Deceased Contributor Recognition Agreement is with heir.,,,,,,,,,,,,,,,,,,,,,,,,,,,,,,,,,,,,,,,,
,,,,,Jerry Robinson,inks,Settlement,,Deceased,,,,,,,,,,,,,,,,,,,,,,,,,,,,,,,,,,,,,,,,
Scarecrow's Fear Toxin,Powerless 102,Batman #189,Feb-1967,N,Gardner Fox,writer,Creator Recognition,,Deceased Creator Recognition Agreement is with heirs.,,,,,,,,,,,,,,,,,,,,,,,,,,,,,,,,,,,,,,,,
,,,,,Bob Kane,pencils,Services Agreements,,"Editorial records show Kane was paid for the work but according to the GCD scholars believe it was done by Moldoff. Both Deceased
Per the library and Wayne Smith (Corp. Legal), please check to see if Bob Kane should also be included in credits.",,,,,,,,,,,,,,,,,,,,,,,,,,,,,,,,,,,,,,,,
,,,,,Sheldon Moldoff,pencils,None,,,,,,,,,,,,,,,,,,,,,,,,,,,,,,,,,,,,,,,,,,
,,,,,Joe Giella,"inks, cover inks",None,,,,,,,,,,,,,,,,,,,,,,,,,,,,,,,,,,,,,,,,,,
,,,,,Carmine Infantino,cover pencils,Settlement,,Deceased,,,,,,,,,,,,,,,,,,,,,,,,,,,,,,,,,,,,,,,,
"Scarlet Harlot
(Kay Challis)",,Doom Patrol #47,Sep-1991,N,Grant Morrison,writer,Writer Agreement,,Agreement covers issues 37-48 and includes wfh language,,,,,,,,,,,,,,,,,,,,,,,,,,,,,,,,,,,,,,,,
,,,,,Richard Case,pencils,,,,,,,,,,,,,,,,,,,,,,,,,,,,,,,,,,,,,,,,,,,
,,,,,Mark McKenna,inks,WFH,,,,,,,,,,,,,,,,,,,,,,,,,,,,,,,,,,,,,,,,,,
Scavenger,,Superboy #2 ,Mar-1994,N,Karl Kesel,writer,Writer Agreement,,,,,,,,,,,,,,,,,,,,,,,,,,,,,,,,,,,,,,,,,,
,,,,,Tom Grummett,pencils,Artist Agreement,,,,,,,,,,,,,,,,,,,,,,,,,,,,,,,,,,,,,,,,,,
,,,,,Doug Hazlewood,inks,Artist Agreement,,,,,,,,,,,,,,,,,,,,,,,,,,,,,,,,,,,,,,,,,,
"Scavenger
(Peter Mortimer)",,Aquaman vol. 1 #37,Jan-1968,N,Bob Haney,writer,Contributor Recognition,,,,,,,,,,,,,,,,,,,,,,,,,,,,,,,,,,,,,,,,,,
,,,,,"Nicholas Viscardi
(Nick Cardy)","pencils, inks",None,,,,,,,,,,,,,,,,,,,,,,,,,,,,,,,,,,,,,,,,,,
Scoopshovel,Arrow 414,Green Lantern #176,May-1984,N,Len Wein,writer,WFH,Y,Deceased,,,,,,,,,,,,,,,,,,,,,,,,,,,,,,,,,,,,,,,,
,,,,,Dave Gibbons,"pencils, cover",WFH,,,,,,,,,,,,,,,,,,,,,,,,,,,,,,,,,,,,,,,,,,
,,,,,Dick Giordano,inks,WFH,,"Giordano was an employee of DC at this time.
Deceased",,,,,,,,,,,,,,,,,,,,,,,,,,,,,,,,,,,,,,,,
,,,,,Anthony Tollin,color,Exclusive,,,,,,,,,,,,,,,,,,,,,,,,,,,,,,,,,,,,,,,,,,
"Scorch
(Aubrey Sparks)",,Adventures of Superman #582,Sep-2000,Y,John Marc DeMatteis,writer,Continuity,,,,,,,,,,,,,,,,,,,,,,,,,,,,,,,,,,,,,,,,,,
,,,,,Mike Miller,pencils,WFH,,,,,,,,,,,,,,,,,,,,,,,,,,,,,,,,,,,,,,,,,,
,,,,,"Jose Marzan, Jr.",inks,WFH,,,,,,,,,,,,,,,,,,,,,,,,,,,,,,,,,,,,,,,,,,
,,,,,Ed McGuinness,cover pencils,Continuity; Exclusive,,,,,,,,,,,,,,,,,,,,,,,,,,,,,,,,,,,,,,,,,,
,,,,,Cam Smith,cover inks,None,,,,,,,,,,,,,,,,,,,,,,,,,,,,,,,,,,,,,,,,,,
,,,,,WildStorm FX,color,N/A,,,,,,,,,,,,,,,,,,,,,,,,,,,,,,,,,,,,,,,,,,
"Scorcher I
(Earth-One)",Supergirl 203,Teen Titans #10,Jul-1967,Y,Bob Haney,writer,Contributor Recognition,,Deceased Contributor Recognition Agreement is with heirs.,,,,,,,,,,,,,,,,,,,,,,,,,,,,,,,,,,,,,,,,
,,,,,Irv Novick,pencils,None,,"Novick was an employee of DC from 5/9/67 - 12/28/84.
Deceased",,,,,,,,,,,,,,,,,,,,,,,,,,,,,,,,,,,,,,,,
,,,,,Nick Cardy,"inks, cover",None,,,,,,,,,,,,,,,,,,,,,,,,,,,,,,,,,,,,,,,,,,
"Scorcher II
(Earth-One)",Supergirl 203,New Teen Titans Annual #2,Aug-1983,N,Marv Wolfman,writer,WFH; Exclusive,1983,,,,,,,,,,,,,,,,,,,,,,,,,,,,,,,,,,,,,,,,,
,,,,,George Perez,"pencils, cover",WFH; Exclusive,1983,,,,,,,,,,,,,,,,,,,,,,,,,,,,,,,,,,,,,,,,,
,,,,,Pablo Marcos,inks,WFH,,,,,,,,,,,,,,,,,,,,,,,,,,,,,,,,,,,,,,,,,,
,,,,,Adrienne Roy,color,Exclusive,,Deceased,,,,,,,,,,,,,,,,,,,,,,,,,,,,,,,,,,,,,,,,
"Scorcher
(Cynthia Brand)",Supergirl 203,Scare Tactics #3,Feb-1997,Y,Len Kaminski,writer,WFH,,,,,,,,,,,,,,,,,,,,,,,,,,,,,,,,,,,,,,,,,,
,,,,,Anthony Williams,"pencils, cover pencils",WFH,,,,,,,,,,,,,,,,,,,,,,,,,,,,,,,,,,,,,,,,,,
,,,,,Andy Lanning,"inks, cover inks",WFH,,,,,,,,,,,,,,,,,,,,,,,,,,,,,,,,,,,,,,,,,,
,,,,,Michael Danza,color,N/A,,,,,,,,,,,,,,,,,,,,,,,,,,,,,,,,,,,,,,,,,,
"Scorcher I
(New Earth)",Supergirl 203,Teen Titans #7,Apr-1997,Y,Dan Jurgens,"writer, pencils, cover pencils",Continuity Writer-Artist,,,,,,,,,,,,,,,,,,,,,,,,,,,,,,,,,,,,,,,,,,
,,,,,George Perez,"inks, cover inks",Continuity Artist,,,,,,,,,,,,,,,,,,,,,,,,,,,,,,,,,,,,,,,,,,
,,,,,Lee Loughridge,color,N/A,,,,,,,,,,,,,,,,,,,,,,,,,,,,,,,,,,,,,,,,,,
"Scorcher II
(New Earth)",Supergirl 203,Titans #39,May-2002,N,Jay Faerber,writer,WFH,,,,,,,,,,,,,,,,,,,,,,,,,,,,,,,,,,,,,,,,,,
,,,,,Barry Kitson,"pencils, cover",WFH,,,,,,,,,,,,,,,,,,,,,,,,,,,,,,,,,,,,,,,,,,
,,,,,Rich Faber,inks,WFH,,,,,,,,,,,,,,,,,,,,,,,,,,,,,,,,,,,,,,,,,,
,,,,,Gregory A. Wright,color,N/A,,,,,,,,,,,,,,,,,,,,,,,,,,,,,,,,,,,,,,,,,,
Scott Notting,Arrow 710,Green Arrow #12,Feb-2017,N,Benjamin Percy,writer,WFH,,,,,,,,,,,,,,,,,,,,,,,,,,,,,,,,,,,,,,,,,,
,,,,,"Evgeny Shmidt
(Otto Schmidt)","pencils, inks, color",Exclusive,,,,,,,,,,,,,,,,,,,,,,,,,,,,,,,,,,,,,,,,,,
,,,,,W. Scott Forbes,cover,WFH,,,,,,,,,,,,,,,,,,,,,,,,,,,,,,,,,,,,,,,,,,
,,,,,Jeromy Cox,cover color,WFH,,,,,,,,,,,,,,,,,,,,,,,,,,,,,,,,,,,,,,,,,,
Scrapps,Krypton,"Convergence: Batman and Robin #2
""Divergence the Omega Men""",Jul-2015,N,Tom King,writer,WFH,,,,,,,,,,,,,,,,,,,,,,,,,,,,,,,,,,,,,,,,,,
,,,,,Barnaby Bagenda,pencils,WFH,,,,,,,,,,,,,,,,,,,,,,,,,,,,,,,,,,,,,,,,,,
,,,,,Ig Guara,inks,WFH,,,,,,,,,,,,,,,,,,,,,,,,,,,,,,,,,,,,,,,,,,
,,,,,Denys Cowan,cover pencils,WFH,,,,,,,,,,,,,,,,,,,,,,,,,,,,,,,,,,,,,,,,,,
,,,,,Klaus Janson,cover inks,WFH,,,,,,,,,,,,,,,,,,,,,,,,,,,,,,,,,,,,,,,,,,
,,,,,"Romulo Fajardo, Jr",color,WFH,,,,,,,,,,,,,,,,,,,,,,,,,,,,,,,,,,,,,,,,,,
Sea King,,Justice League vol 2 #23,Oct-2013,N,Geoff Johns,writer,WFH,,,,,,,,,,,,,,,,,,,,,,,,,,,,,,,,,,,,,,,,,,
,,,,,Ivan Reis,pencils,WFH,,,,,,,,,,,,,,,,,,,,,,,,,,,,,,,,,,,,,,,,,,
,,,,,Joe Prado,inks,WFH,,,,,,,,,,,,,,,,,,,,,,,,,,,,,,,,,,,,,,,,,,
,,,,,Oclair Albert,inks,WFH,,,,,,,,,,,,,,,,,,,,,,,,,,,,,,,,,,,,,,,,,,
,,,,,Eber Ferreira,inks,WFH,,,,,,,,,,,,,,,,,,,,,,,,,,,,,,,,,,,,,,,,,,
,,,,,Rod Reis,color,WFH,,,,,,,,,,,,,,,,,,,,,,,,,,,,,,,,,,,,,,,,,,
Sebastian Cardona,,Cyborg #1,Sep-2015,N,David F. Walker,writer,WFH,,,,,,,,,,,,,,,,,,,,,,,,,,,,,,,,,,,,,,,,,,
,,,,,Ivan Reis,"pencils, cover pencils",WFH,,,,,,,,,,,,,,,,,,,,,,,,,,,,,,,,,,,,,,,,,,
,,,,,Joe Prado,"inks, cover inks",WFH,,,,,,,,,,,,,,,,,,,,,,,,,,,,,,,,,,,,,,,,,,
,,,,,Adriano Lucas,color,WFH,,,,,,,,,,,,,,,,,,,,,,,,,,,,,,,,,,,,,,,,,,
"Secret Six
(Mockingbird, August Durant, Lili de Neuve, Carlo Di Rienzi, Tiger Force, Crimson Dawn, King Savage)",,Secret Six #1,Apr-1968,Y,E. Nelson Bridwell,writer,N/A,,"Bridwell was an employee of DC at this time.
Deceased",,,,,,,,,,,,,,,,,,,,,,,,,,,,,,,,,,,,,,,,
,,,,,Frank Springer,"pencils, inks, cover",None,,Deceased,,,,,,,,,,,,,,,,,,,,,,,,,,,,,,,,,,,,,,,,
"Secret Six
(Mockingbird, Mitch Hoberman, LaDonna Jameal, Tony Mantegna, Luke McKendrick, Vic Sommers, Dr. Maria Verdugo)",,"Action Comics Weekly #601
""Listening to the Mockingbird""",1988,N,Martin Pasko,writer,WFH,Y,,,,,,,,,,,,,,,,,,,,,,,,,,,,,,,,,,,,,,,,,
,,,,,Dan Spiegle,"pencils, inks",WFH,Y,,,,,,,,,,,,,,,,,,,,,,,,,,,,,,,,,,,,,,,,,
,,,,,Dave Gibbons,cover,WFH,,,,,,,,,,,,,,,,,,,,,,,,,,,,,,,,,,,,,,,,,,
,,,,,Carl Gafford,color,N/A,,,,,,,,,,,,,,,,,,,,,,,,,,,,,,,,,,,,,,,,,,
"Secret Six
(Mockingbird, Scandal Savage, Ragdoll, Parademon, Deadshot, Cheshire, Fiddler, Knockout, Black Alice, Catman, Bane)",,Villains United #1,Jul-2005,Y,"Tamra L. James
(Gail Simone)",writer,WFH,,,,,,,,,,,,,,,,,,,,,,,,,,,,,,,,,,,,,,,,,,
,,,,,Dale Eaglesham,"pencils, variant cover pencils",WFH,,,,,,,,,,,,,,,,,,,,,,,,,,,,,,,,,,,,,,,,,,
,,,,,Wade Von Grawbadger,"inks, variant cover inks",WFH,,,,,,,,,,,,,,,,,,,,,,,,,,,,,,,,,,,,,,,,,,
,,,,,J.G. Jones,cover,WFH,,,,,,,,,,,,,,,,,,,,,,,,,,,,,,,,,,,,,,,,,,
,,,,,Sno Cone,color,N/A,,,,,,,,,,,,,,,,,,,,,,,,,,,,,,,,,,,,,,,,,,
Sela,Supergirl 519,JLA #70,Oct-2002,Y,Joe Kelly,writer,Exclusive,,,,,,,,,,,,,,,,,,,,,,,,,,,,,,,,,,,,,,,,,,
,,,,,Doug Mahnke,"pencils, cover pencils",WFH,,,,,,,,,,,,,,,,,,,,,,,,,,,,,,,,,,,,,,,,,,
,,,,,Tom Nguyen,"inks, cover inks",WFH,,,,,,,,,,,,,,,,,,,,,,,,,,,,,,,,,,,,,,,,,,
,,,,,David Baron,color,Exclusive,,,,,,,,,,,,,,,,,,,,,,,,,,,,,,,,,,,,,,,,,,
Sensei,Gotham 320,"Strange Adventures #215
""A New Lease on Death""",Nov-1968,Y,Neal Adams,"writer, pencils, inks, cover",Creator Recognition,2014,,,,,,,,,,,,,,,,,,,,,,,,,,,,,,,,,,,,,,,,,
Sergeant Preus,,"Adventures of Superman #625
""Unravel""",Apr-2004,N,Joe Kelly,writer,WFH,,,,,,,,,,,,,,,,,,,,,,,,,,,,,,,,,,,,,,,,,,
,,,,,Michael Turner,writer; cover,WFH,,,,,,,,,,,,,,,,,,,,,,,,,,,,,,,,,,,,,,,,,,
,,,,,"Daryl ""Talent"" Caldwell",pencils,None,,,,,,,,,,,,,,,,,,,,,,,,,,,,,,,,,,,,,,,,,,
,,,,,Jason Gorder,inks,None,,,,,,,,,,,,,,,,,,,,,,,,,,,,,,,,,,,,,,,,,,
,,,,,Peter Steigerwald,color,N/A,,,,,,,,,,,,,,,,,,,,,,,,,,,,,,,,,,,,,,,,,,
,,,,,Christina Strain,color,N/A,,,,,,,,,,,,,,,,,,,,,,,,,,,,,,,,,,,,,,,,,,
Serling Roquette,"Supergirl 116
(3/14/2016)",Superboy #56,Oct-1998,N,Karl Kesel,writer,Continuity,,,,,,,,,,,,,,,,,,,,,,,,,,,,,,,,,,,,,,,,,,
,,,,,Tom Grummett,"pencils, cover pencils",WFH; Continuity,,,,,,,,,,,,,,,,,,,,,,,,,,,,,,,,,,,,,,,,,,
,,,,,Buzz Setzer,color,N/A,,,,,,,,,,,,,,,,,,,,,,,,,,,,,,,,,,,,,,,,,,
"Seven Deadly Sins
(Pride, Envy, Wrath, Sloth, Greed, Gluttony, Lust)",,Whiz Comics #2,Feb-1940,N,Bill Parker,writer,None,,See also: Fawcett Purchase Agreements,,,,,,,,,,,,,,,,,,,,,,,,,,,,,,,,,,,,,,,,
,,,,,C.C. Beck,"pencils, inks, cover",None,,,,,,,,,,,,,,,,,,,,,,,,,,,,,,,,,,,,,,,,,,
,,Justice League vol 2 #14,Jan-2013,N,Geoff Johns,writer,WFH,,,,,,,,,,,,,,,,,,,,,,,,,,,,,,,,,,,,,,,,,,
,,,,,Gary Frank,"pencils, inks",,,,,,,,,,,,,,,,,,,,,,,,,,,,,,,,,,,,,,,,,,,
"Sgt. Elliot ""Lucky"" Taylor
(Patchwork)",,"Weird War Tales #93
""The Creature Commandos""",Nov-1980,Y,J.M. DeMatteis,writer,None,1980,,,,,,,,,,,,,,,,,,,,,,,,,,,,,,,,,,,,,,,,,
,,,,,Pat Broderick,pencils,None,1985,,,,,,,,,,,,,,,,,,,,,,,,,,,,,,,,,,,,,,,,,
,,,,,John Celardo,inks,None,,,,,,,,,,,,,,,,,,,,,,,,,,,,,,,,,,,,,,,,,,
,,,,,Joe Kubert,cover,None,,Deceased,,,,,,,,,,,,,,,,,,,,,,,,,,,,,,,,,,,,,,,,
,,,,,Adrienne Roy,color,N/A,,Deceased,,,,,,,,,,,,,,,,,,,,,,,,,,,,,,,,,,,,,,,,
Sgt. Rock,,"Our Army At War #81
""The Rock of Easy Co.""",Apr-1959,Y,Robert Kanigher,plot,N/A,,"Kanigher was an employee of DC from 2/3/47 - 5/31/82.
Deceased",,,,,,,,,,,,,,,,,,,,,,,,,,,,,,,,,,,,,,,,
,,,,,Bob Haney,script,Creator Recognition,,Deceased Creator Recognition Agreement is with heir.,,,,,,,,,,,,,,,,,,,,,,,,,,,,,,,,,,,,,,,,
,,,,,Ross Andru,pencils,None,,Deceased,,,,,,,,,,,,,,,,,,,,,,,,,,,,,,,,,,,,,,,,
,,,,,Mike Esposito,inks,None,,Deceased,,,,,,,,,,,,,,,,,,,,,,,,,,,,,,,,,,,,,,,,
,,,,,"Jerry Grandenetti
(Charles J. Grandenetti)",cover,None,,Deceased,,,,,,,,,,,,,,,,,,,,,,,,,,,,,,,,,,,,,,,,
"Sgt. Warren Griffith
(Wolfpack)",,"Weird War Tales #93
""The Creature Commandos""",Nov-1980,Y,J.M. DeMatteis,writer,None,1980,,,,,,,,,,,,,,,,,,,,,,,,,,,,,,,,,,,,,,,,,
,,,,,Pat Broderick,pencils,None,1985,,,,,,,,,,,,,,,,,,,,,,,,,,,,,,,,,,,,,,,,,
,,,,,John Celardo,inks,None,,,,,,,,,,,,,,,,,,,,,,,,,,,,,,,,,,,,,,,,,,
,,,,,Joe Kubert,cover,None,,Deceased,,,,,,,,,,,,,,,,,,,,,,,,,,,,,,,,,,,,,,,,
,,,,,Adrienne Roy,color,N/A,,Deceased,,,,,,,,,,,,,,,,,,,,,,,,,,,,,,,,,,,,,,,,
"The Shade
(Richard ""Dick"" Swift)",,"Flash Comics #33
""The Man Who Commanded The Night""",Sep-1942,N,Gardner F. Fox,writer,Creator Recognition,,Deceased Creator recognition agreement with heirs.,,,,,,,,,,,,,,,,,,,,,,,,,,,,,,,,,,,,,,,,
,,,,,Harold Wilson Sharp,"pencils, inks",None,,Deceased,,,,,,,,,,,,,,,,,,,,,,,,,,,,,,,,,,,,,,,,
,,,,,Sheldon Moldoff,cover,None,,Deceased,,,,,,,,,,,,,,,,,,,,,,,,,,,,,,,,,,,,,,,,
"Shade, The Changing Man
(Rac Shade)",,"Shade, The Changing Man #1",Jun-1977,Y,Steve Ditko,"plot, pencils, inks, cover",None,"1985
2017",,,,,,,,,,,,,,,,,,,,,,,,,,,,,,,,,,,,,,,,,
,,,,,Michael L. Fleisher,script,None,,,,,,,,,,,,,,,,,,,,,,,,,,,,,,,,,,,,,,,,,,
,,,,,Liz Berube,color,N/A,,,,,,,,,,,,,,,,,,,,,,,,,,,,,,,,,,,,,,,,,,
"Shade, the Changing Girl
(Loma Shade)",,"Shade the Changing Girl #1
""Earth Girl Made Easy Chapter 1: Running off the Great Blue""",Dec-2016,Y,Cecil Castellucci,writer,WFH,,,,,,,,,,,,,,,,,,,,,,,,,,,,,,,,,,,,,,,,,,
,,,,,Marley Zarcone,"pencils, inks",WFH,,,,,,,,,,,,,,,,,,,,,,,,,,,,,,,,,,,,,,,,,,
,,,,,Rebecca Cloonan,cover,WFH,,,,,,,,,,,,,,,,,,,,,,,,,,,,,,,,,,,,,,,,,,
,,,,,Kelly Fitzpatrick,color,WFH,,,,,,,,,,,,,,,,,,,,,,,,,,,,,,,,,,,,,,,,,,
Shado,Arrow 114,Green Arrow: The Longbow Hunters #1,1987,N,Mike Grell,"writer, pencils, inks, cover",Prestige,Y,,,,,,,,,,,,,,,,,,,,,,,,,,,,,,,,,,,,,,,,,
,,,,,Lurene Haines,"pencils, inks",WFH,,,,,,,,,,,,,,,,,,,,,,,,,,,,,,,,,,,,,,,,,,
,,,,,Julia Lacquement,color,N/A,,,,,,,,,,,,,,,,,,,,,,,,,,,,,,,,,,,,,,,,,,
"Shadow Lass
(Tasmia Mallor)",,"Adventure Comics #365
""Superman's Funeral""",Jul-1968,N,"James ""Jim"" Shooter",writer,None,,,,,,,,,,,,,,,,,,,,,,,,,,,,,,,,,,,,,,,,,,
,,,,,Curt Swan,pencils,None,,Deceased,,,,,,,,,,,,,,,,,,,,,,,,,,,,,,,,,,,,,,,,
,,,,,George Klein,inks,None,,Deceased,,,,,,,,,,,,,,,,,,,,,,,,,,,,,,,,,,,,,,,,
,,,,,Neal Adams,cover,Creator Recognition,,Deceased,,,,,,,,,,,,,,,,,,,,,,,,,,,,,,,,,,,,,,,,
Shadowspire,Arrow 411,Deathstroke #53,Nov-1995,N,Tom Joyner,writer,WFH,,,,,,,,,,,,,,,,,,,,,,,,,,,,,,,,,,,,,,,,,,
,,,,,David Zimmerman,pencils,WFH,,,,,,,,,,,,,,,,,,,,,,,,,,,,,,,,,,,,,,,,,,
,,,,,Michael T. Collins,pencils,WFH,,,,,,,,,,,,,,,,,,,,,,,,,,,,,,,,,,,,,,,,,,
,,,,,Curt A. Shoultz,inks,WFH,,,,,,,,,,,,,,,,,,,,,,,,,,,,,,,,,,,,,,,,,,
,,,,,David A. Roach,inks,WFH,,,,,,,,,,,,,,,,,,,,,,,,,,,,,,,,,,,,,,,,,,
,,,,,Sergio Cariello,cover,WFH,,,,,,,,,,,,,,,,,,,,,,,,,,,,,,,,,,,,,,,,,,
,,,,,Lee Loughridge,cover,N/A,,,,,,,,,,,,,,,,,,,,,,,,,,,,,,,,,,,,,,,,,,
"Shadow Thief
(Carl Sands)",,"The Brave and the Bold #36
""Shadow-Thief of Midway City!""",Jun-1961,Y,Gardner F. Fox,writer,Creator Recognition,,Deceased Creator recognition agreement with is with heirs.,,,,,,,,,,,,,,,,,,,,,,,,,,,,,,,,,,,,,,,,
,,,,,Joe Kubert,"pencils, inks, cover",None,,Deceased,,,,,,,,,,,,,,,,,,,,,,,,,,,,,,,,,,,,,,,,
"Shadow Thief
(Carl Hammer)",,Vigilante #14,Feb-1985,Y,Marv Wolfman,writer,Writer Agreement,,,,,,,,,,,,,,,,,,,,,,,,,,,,,,,,,,,,,,,,,,
,,,,,Trevor Von Eeden,"pencils, inks, cover",None,,,,,,,,,,,,,,,,,,,,,,,,,,,,,,,,,,,,,,,,,,
,,,,,Tatjana Wood,color,N/A,,,,,,,,,,,,,,,,,,,,,,,,,,,,,,,,,,,,,,,,,,
"Shadow Thief
(Aviva Metula)",Arrow 718,The Savage Hawkman #17,Apr-2013,Y,Tom DeFalco,writer,WFH,,,,,,,,,,,,,,,,,,,,,,,,,,,,,,,,,,,,,,,,,,
,,,,,"Benedito Jose Nascimento
(Joe Bennett)","pencils, cover pencils",WFH,,,,,,,,,,,,,,,,,,,,,,,,,,,,,,,,,,,,,,,,,,
,,,,,Art Thibert,"inks, cover inks",WFH,,,,,,,,,,,,,,,,,,,,,,,,,,,,,,,,,,,,,,,,,,
,,,,,Jack Jadson,inks,WFH,,,,,,,,,,,,,,,,,,,,,,,,,,,,,,,,,,,,,,,,,,
,,,,,Guy Major,color,Exclusive,,,,,,,,,,,,,,,,,,,,,,,,,,,,,,,,,,,,,,,,,,
Shadowy Mister Evans,Doom Patrol 204,Doom Patrol #47,September-1991,N,Grant Morrison,writer,Writer,2010,,,,,,,,,,,,,,,,,,,,,,,,,,,,,,,,,,,,,,,,,
,,,,,Richcard Case,pencils,Artist,,,,,,,,,,,,,,,,,,,,,,,,,,,,,,,,,,,,,,,,,,
,,,,,Mark McKenna,inks,Artist,,,,,,,,,,,,,,,,,,,,,,,,,,,,,,,,,,,,,,,,,,
"Shazam
(The Wizard Shazam; Jebediah of Canaan; for Billy Batson, see Captain Marvel)",Shazam,"in Fawcett Comics:
Whiz Comics #2
""The Return of Sivana""",Mar-1940,N,Bill Parker,writer,None,,See also: Fawcett Purchase Agreements,,,,,,,,,,,,,,,,,,,,,,,,,,,,,,,,,,,,,,,,
,,,,,"Charles Clarence ""C.C."" Beck","pencils, inks, cover",None,,,,,,,,,,,,,,,,,,,,,,,,,,,,,,,,,,,,,,,,,,
,,"in DC Comics:
Shazam! #1",Feb-1973,N,Dennis O'Neil,writer,Creator Recognition,,,,,,,,,,,,,,,,,,,,,,,,,,,,,,,,,,,,,,,,,,
,,,,,"Charles Clarence ""C.C."" Beck","pencils, inks, cover",None,,Deceased,,,,,,,,,,,,,,,,,,,,,,,,,,,,,,,,,,,,,,,,
"Shimmer
(Selina Flinders)",,New Teen Titans #3,Jan-1981,N,Marv Wolfman,writer,Exclusive,1983,,,,,,,,,,,,,,,,,,,,,,,,,,,,,,,,,,,,,,,,,
,,,,,George Perez,"pencils, cover",Exclusive,1983,,,,,,,,,,,,,,,,,,,,,,,,,,,,,,,,,,,,,,,,,
,,,,,Frank Chiaramonte,inks,Exclusive,,Deceased,,,,,,,,,,,,,,,,,,,,,,,,,,,,,,,,,,,,,,,,
,,,,,Adrienne Roy,color,Exclusive,,Deceased,,,,,,,,,,,,,,,,,,,,,,,,,,,,,,,,,,,,,,,,
"Shining Knight
(Justin Arthur)",Stargirl 101,"Adventure Comics #66
""The Shining Knight""",Sep-1941,N,Henry Lynne Perkins,writer,None,,,,,,,,,,,,,,,,,,,,,,,,,,,,,,,,,,,,,,,,,,
,,,,,Creig Flessel,"pencils, inks",None,,Deceased,,,,,,,,,,,,,,,,,,,,,,,,,,,,,,,,,,,,,,,,
,,,,,Jack Burnley,cover,None,,Deceased,,,,,,,,,,,,,,,,,,,,,,,,,,,,,,,,,,,,,,,,
"Shining Knight
(Ystina)",,Seven Soldiers: Shining Knight #1,May-2005,Y,Grant Morrison,writer,WFH,,,,,,,,,,,,,,,,,,,,,,,,,,,,,,,,,,,,,,,,,,
,,,,,Simone Bianchi,"pencils, inks, cover",WFH,,,,,,,,,,,,,,,,,,,,,,,,,,,,,,,,,,,,,,,,,,
,,,,,Nathan Eyring,color,N/A,,,,,,,,,,,,,,,,,,,,,,,,,,,,,,,,,,,,,,,,,,
"Shining Knight
(Ystin)",,Demon Knights #1,Nov-2011,N,Paul Cornell,writer,WFH,,,,,,,,,,,,,,,,,,,,,,,,,,,,,,,,,,,,,,,,,,
,,,,,Diogenes Neves,pencils,WFH,,,,,,,,,,,,,,,,,,,,,,,,,,,,,,,,,,,,,,,,,,
,,,,,Oclair Albert,inks,WFH,,,,,,,,,,,,,,,,,,,,,,,,,,,,,,,,,,,,,,,,,,
,,,,,Tony S. Daniel,cover,WFH,,,,,,,,,,,,,,,,,,,,,,,,,,,,,,,,,,,,,,,,,,
,,,,,Marcelo Maiolo,color,N/A,,,,,,,,,,,,,,,,,,,,,,,,,,,,,,,,,,,,,,,,,,
"Shiruta
 (Black Adam’s wife)",,Hawkman vol 4 #24  ,March-2004,N,Geoff Johns,writer,WFH,,,The library does not believe Shiruta has ever actually made a physical appearance in the comics but is more of a named but unseen character  (the image they were abe to locate of her as a person appear to just be the statues). The information listed here is for the first issue she is named/shown as a statue.,,,,,,,,,,,,,,,,,,,,,,,,,,,,,,,,,,,,,,,
,,,,,"Ralph ""Rags"" Morales",pencils,WFH,,,,,,,,,,,,,,,,,,,,,,,,,,,,,,,,,,,,,,,,,,
,,,,,John Dell III,inks,WFH,,,,,,,,,,,,,,,,,,,,,,,,,,,,,,,,,,,,,,,,,,
Shiruta,,Hawkman vol 4 #19,November-2003,N,Geoff Johns,writer,WFH,,,,,,,,,,,,,,,,,,,,,,,,,,,,,,,,,,,,,,,,,,
,,,,,Scot Eaton,pencils,WFH,,,,,,,,,,,,,,,,,,,,,,,,,,,,,,,,,,,,,,,,,,
,,,,,Ray Kryssing,inks,WFH,,,,,,,,,,,,,,,,,,,,,,,,,,,,,,,,,,,,,,,,,,
"Shiv
(Cindy Burman)",Stargirl 101,Stars & S.T.R.I.P.E. #1,Aug-1999,N,Geoff Johns,writer,WFH,,,,,,,,,,,,,,,,,,,,,,,,,,,,,,,,,,,,,,,,,,
,,,,,Lee Moder,"pencils, cover pencils",WFH,,,,,,,,,,,,,,,,,,,,,,,,,,,,,,,,,,,,,,,,,,
,,,,,Dan Davis,"inks, cover inks",WFH,,,,,,,,,,,,,,,,,,,,,,,,,,,,,,,,,,,,,,,,,,
,,,,,Tom McCraw,color,N/A,,,,,,,,,,,,,,,,,,,,,,,,,,,,,,,,,,,,,,,,,,
,,,,,Heroic Age,color,N/A,,,,,,,,,,,,,,,,,,,,,,,,,,,,,,,,,,,,,,,,,,
"Shrinking Violet
(Salu Digby)",,"Action Comics #276
""Supergirl's Three Super Girl-Friends""",May-1961,N,"Jerome ""Jerry"" Siegel",writer,Settlement,,Deceased Settlement is with heirs.,,,,,,,,,,,,,,,,,,,,,,,,,,,,,,,,,,,,,,,,
,,,,,James (Jim) Mooney,"pencils, inks",None,,Deceased,,,,,,,,,,,,,,,,,,,,,,,,,,,,,,,,,,,,,,,,
,,,,,Curt Swan,cover pencils,None,,Deceased,,,,,,,,,,,,,,,,,,,,,,,,,,,,,,,,,,,,,,,,
,,,,,Stan Kaye,cover inks,None,,Deceased,,,,,,,,,,,,,,,,,,,,,,,,,,,,,,,,,,,,,,,,
Signal Watch,Supergirl 417,"Superman's Pal, Jimmy Olsen #1
""The Boy of 100 Faces!""",Sep-1954,N,Otto Binder,writer,None,,Deceased,,,,,,,,,,,,,,,,,,,,,,,,,,,,,,,,,,,,,,,,
,,,,,Curt Swan,"pencils, cover pencils",None,,Deceased,,,,,,,,,,,,,,,,,,,,,,,,,,,,,,,,,,,,,,,,
,,,,,Ray Burnley ,inks,None,,Deceased,,,,,,,,,,,,,,,,,,,,,,,,,,,,,,,,,,,,,,,,
,,,,,Stan Kaye,cover inks,None,,Deceased,,,,,,,,,,,,,,,,,,,,,,,,,,,,,,,,,,,,,,,,
Silas Stone,,"DC Comics Presents #26
""Where Nightmares Begin""",Oct-1980,N,Marv Wolfman,writer,Exclusive,1983,,,,,,,,,,,,,,,,,,,,,,,,,,,,,,,,,,,,,,,,,
,,,,,George Perez,pencils,None,1983,,,,,,,,,,,,,,,,,,,,,,,,,,,,,,,,,,,,,,,,,
,,,,,Dick Giordano,inks,Exclusive,,"Giordano may have been an employee of DC at this time.
Deceased",,,,,,,,,,,,,,,,,,,,,,,,,,,,,,,,,,,,,,,,
,,,,,Jim Starlin,cover,None,,,,,,,,,,,,,,,,,,,,,,,,,,,,,,,,,,,,,,,,,,
,,,,,Adrienne Roy,color,N/A,,Deceased,,,,,,,,,,,,,,,,,,,,,,,,,,,,,,,,,,,,,,,,
The Silencer,,"World's Finest #274
""Silence, Please""",Dec-1981,N,E. Nelson Bridwell,writer,N/A,,"Bridwell was an employee of DC at this time.
Deceased",,,,,,,,,,,,,,,,,,,,,,,,,,,,,,,,,,,,,,,,
,,,,,Don Newton,pencils,Exclusive,,Deceased,,,,,,,,,,,,,,,,,,,,,,,,,,,,,,,,,,,,,,,,
,,,,,Larry Mahlstedt,inks,None,,,,,,,,,,,,,,,,,,,,,,,,,,,,,,,,,,,,,,,,,,
,,,,,Ross Andru,cover pencils,N/A,,"Andru was an employee of DC at this time.
Deceased",,,,,,,,,,,,,,,,,,,,,,,,,,,,,,,,,,,,,,,,
,,,,,Dick Giordano,cover inks,N/A,,"Giordano may have been an employee of DC at this time.
Deceased",,,,,,,,,,,,,,,,,,,,,,,,,,,,,,,,,,,,,,,,
,,,,,Adrienne Roy,color,Exclusive,,Deceased,,,,,,,,,,,,,,,,,,,,,,,,,,,,,,,,,,,,,,,,
"The Silencer
(Honor Guest)",Arrow 702,The Silencer #1,Mar-2018,Y,Dan Abnett,writer,Creator Rights; Writer; WFH,,,,,,,,,,,,,,,,,,,,,,,,,,,,,,,,,,,,,,,,,,
,,,,,John Romita Jr.,"pencils, cover pencils",Creator Rights; Artist; WFH,,,,,,,,,,,,,,,,,,,,,,,,,,,,,,,,,,,,,,,,,,
,,,,,Sandra Hope Archer,"inks, cover inks",WFH,,,,,,,,,,,,,,,,,,,,,,,,,,,,,,,,,,,,,,,,,,
,,,,,Dean White,color,WFH,,,,,,,,,,,,,,,,,,,,,,,,,,,,,,,,,,,,,,,,,,
"Silver Banshee 
(Siobhan McDougal)",,Action Comics #595,Dec-1987,Y,John Byrne,"Writer, Pencils, Cover",WFH; Continuity,Y,,,,,,,,,,,,,,,,,,,,,,,,,,,,,,,,,,,,,,,,,
,,,,,Keith Williams,Inks,None,,,,,,,,,,,,,,,,,,,,,,,,,,,,,,,,,,,,,,,,,,
,,,,,Thomas Ziuko,Color,N/A,,,,,,,,,,,,,,,,,,,,,,,,,,,,,,,,,,,,,,,,,,
"Silver Banshee 
(Siobhan Smythe)","Supergirl 114
(2/22/2016)",Supergirl #6,Apr-2012,N,Michael Green,Writer,WFH,,,,,,,,,,,,,,,,,,,,,,,,,,,,,,,,,,,,,,,,,,
,,,,,Michael F. Johnson,Writer,WFH,,,,,,,,,,,,,,,,,,,,,,,,,,,,,,,,,,,,,,,,,,
,,,,,Mahmud Asrar,"Pencils, Inks, Cover",WFH,,,,,,,,,,,,,,,,,,,,,,,,,,,,,,,,,,,,,,,,,,
,,,,,Dave McCaig,Color,N/A,,,,,,,,,,,,,,,,,,,,,,,,,,,,,,,,,,,,,,,,,,
"Silver Ghost
(Raphael Van Zandt)",Flash 510,Freedom Fighters #1,Mar-1976,N,Gerry Conway,writer (plot),None,,,,,,,,,,,,,,,,,,,,,,,,,,,,,,,,,,,,,,,,,,
,,,,,Martin Pasko,writer (script),None,,,,,,,,,,,,,,,,,,,,,,,,,,,,,,,,,,,,,,,,,,
,,,,,Ric Estrada,pencils (layouts),None,,Deceased,,,,,,,,,,,,,,,,,,,,,,,,,,,,,,,,,,,,,,,,
,,,,,Mike Royer,"pencils (finishes), inks",None,,,,,,,,,,,,,,,,,,,,,,,,,,,,,,,,,,,,,,,,,,
,,,,,Ernie Chan,cover,None,,Deceased,,,,,,,,,,,,,,,,,,,,,,,,,,,,,,,,,,,,,,,,
Silver St. Cloud,"Gotham 204
(10/12/2015)",Detective Comics #470,Jun-1977,N,Steve Englehart,writer,Exclusive,Y,,,,,,,,,,,,,,,,,,,,,,,,,,,,,,,,,,,,,,,,,
,,,,,Walter Simonson,pencils,None,Y,,,,,,,,,,,,,,,,,,,,,,,,,,,,,,,,,,,,,,,,,
,,,,,Al Milgrom,inks,None,,,,,,,,,,,,,,,,,,,,,,,,,,,,,,,,,,,,,,,,,,
,,,,,Jim Aparo,cover,Exclusive,,Deceased,,,,,,,,,,,,,,,,,,,,,,,,,,,,,,,,,,,,,,,,
,,,,,Jerry Serpe,color,N/A,,,,,,,,,,,,,,,,,,,,,,,,,,,,,,,,,,,,,,,,,,
Simon Dark,,Simon Dark #1,Dec-2007,Y,Steve Niles,writer; creator,Sole Creator/First & Last Rights; Writer,Y,This property has reverted to the creator. The property and associated characters are not available for use.,,,,,,,,,,,,,,,,,,,,,,,,,,,,,,,,,,,,,,,,
,,,,,Scott Hampton,"pencils, inks, cover",WFH,,,,,,,,,,,,,,,,,,,,,,,,,,,,,,,,,,,,,,,,,,
,,,,,Chris Chuckry,color,N/A,,,,,,,,,,,,,,,,,,,,,,,,,,,,,,,,,,,,,,,,,,
Simon Stagg,"""Samuel"" Movie",The Brave and the Bold #57,Dec-1964,N,Bob Haney,writer,Contributor Recognition,2014,Deceased Contributor recognition agreement is with heirs.,,,,,,,,,,,,,,,,,,,,,,,,,,,,,,,,,,,,,,,,
,,,,,Ramona Fradon,"pencils, cover pencils",Creator Recognition,2016,,,,,,,,,,,,,,,,,,,,,,,,,,,,,,,,,,,,,,,,,
,,,,,Charles Paris,"inks, cover inks",None,,,,,,,,,,,,,,,,,,,,,,,,,,,,,,,,,,,,,,,,,,
Sinestro,"Green Lantern
(2011)","Green Lantern #7
""The Day 100,000 People Vanished""",Jul-1961,N,John Broome,writer,None,,Deceased,,,,,,,,,,,,,,,,,,,,,,,,,,,,,,,,,,,,,,,,
,,,,,Gil Kane,"pencils, cover pencils",None,,Deceased,,,,,,,,,,,,,,,,,,,,,,,,,,,,,,,,,,,,,,,,
,,,,,Joe Giella,"inks, cover inks",None,,,,,,,,,,,,,,,,,,,,,,,,,,,,,,,,,,,,,,,,,,
Sir Malcolm Jones,"Point Blank
Sleeper",Sleeper #7,Sep-2003,Y,Ed Brubaker,writer,WFH,,,,,,,,,,,,,,,,,,,,,,,,,,,,,,,,,,,,,,,,,,
,,,,,Sean Phillips,"pencils, inks, cover",WFH,,,,,,,,,,,,,,,,,,,,,,,,,,,,,,,,,,,,,,,,,,
,,,,,Tony Avina,color,N/A,,,,,,,,,,,,,,,,,,,,,,,,,,,,,,,,,,,,,,,,,,
"Sister Superior
(Vera Lynn Black; Miss Morphine)",Supergirl Season 5,JLA #100,Aug-2004,Y,Joe Kelly,writer,WFH,,,,,,,,,,,,,,,,,,,,,,,,,,,,,,,,,,,,,,,,,,
,,,,,Doug Mahnke,"pencils, cover pencils",WFH,,,,,,,,,,,,,,,,,,,,,,,,,,,,,,,,,,,,,,,,,,
,,,,,Tom Nguyen,"inks, cover inks",WFH,,,,,,,,,,,,,,,,,,,,,,,,,,,,,,,,,,,,,,,,,,
,,,,,David Baron,color,Exclusive,,,,,,,,,,,,,,,,,,,,,,,,,,,,,,,,,,,,,,,,,,
Slam Bradley,,Detective Comics #1,Mar-1937,,Jerry Siegel,writer,,,09/20/2019 Jay email - Clear for use,,,,,,,,,,,,,,,,,,,,,,,,,,,,,,,,,,,,,,,,
,,,,,Joe Shuster,inks,,,Created by Malcolm Wheeler - Nicolson?,,,,,,,,,,,,,,,,,,,,,,,,,,,,,,,,,,,,,,,,
Slaughter Swamp,Gotham 405,"All-American Comics #61
""Fighters Never Quit""",Oct-1944,Y,Alfred Bester,writer,None,,Deceased,,,,,,,,,,,,,,,,,,,,,,,,,,,,,,,,,,,,,,,,
,,,,,Paul Reinman,"pencils, inks, cover",Artist,,Deceased,,,,,,,,,,,,,,,,,,,,,,,,,,,,,,,,,,,,,,,,
Sleeper,"Point Blank
Sleeper",Sleeper #1,Mar-2003,Y,Ed Brubaker,writer,WFH,Y,,,,,,,,,,,,,,,,,,,,,,,,,,,,,,,,,,,,,,,,,
,,,,,Sean Phillips,"pencils, inks, cover",WFH,Y,,,,,,,,,,,,,,,,,,,,,,,,,,,,,,,,,,,,,,,,,
,,,,,Tony Avina,color,N/A,,,,,,,,,,,,,,,,,,,,,,,,,,,,,,,,,,,,,,,,,,
,,,,,Randy Mayor,color,N/A,,,,,,,,,,,,,,,,,,,,,,,,,,,,,,,,,,,,,,,,,,
,,Sleeper: Season 2 #1,Apr-2004,Y,Ed Brubaker,writer,WFH,,,,,,,,,,,,,,,,,,,,,,,,,,,,,,,,,,,,,,,,,,
,,,,,Sean Phillips,"pencils, inks, cover",WFH,,,,,,,,,,,,,,,,,,,,,,,,,,,,,,,,,,,,,,,,,,
,,,,,Alex Sinclair,color,N/A,,,,,,,,,,,,,,,,,,,,,,,,,,,,,,,,,,,,,,,,,,
,,,,,Carrie Strachan,color,N/A,,,,,,,,,,,,,,,,,,,,,,,,,,,,,,,,,,,,,,,,,,
"Sleepwalk
(Holly McKenzie)",,Doom Patrol #26,Sep-1989,N,Grant Morrison,writer,WFH,Y,,,,,,,,,,,,,,,,,,,,,,,,,,,,,,,,,,,,,,,,,
,,,,,Richard Case,pencils,WFH,,,,,,,,,,,,,,,,,,,,,,,,,,,,,,,,,,,,,,,,,,
,,,,,John Nyberg,inks,WFH,,,,,,,,,,,,,,,,,,,,,,,,,,,,,,,,,,,,,,,,,,
"Slipknot
(Christopher Weiss)",,The Fury of Firestorm #28,Oct-1984,Y,Gerry Conway,writer,Writer/Editor; Exclusive,,,,,,,,,,,,,,,,,,,,,,,,,,,,,,,,,,,,,,,,,,
,,,,,Rafael Kayanan,"pencils, cover",WFH,,,,,,,,,,,,,,,,,,,,,,,,,,,,,,,,,,,,,,,,,,
,,,,,"Rodolfo ""Rodin"" Rodriguez",inks,WFH,,,,,,,,,,,,,,,,,,,,,,,,,,,,,,,,,,,,,,,,,,
,,,,,Nansi Hoolihan,color,N/A,,,,,,,,,,,,,,,,,,,,,,,,,,,,,,,,,,,,,,,,,,
"Sodam Yat
(Ion)",,"Tales of the Green Lantern Corps Annual #2
""Tygers""",Dec-1986,N,Alan Moore,writer,None,,,,,,,,,,,,,,,,,,,,,,,,,,,,,,,,,,,,,,,,,,
,,,,,Kevin O'Neill,"pencils, inks",None,,,,,,,,,,,,,,,,,,,,,,,,,,,,,,,,,,,,,,,,,,
,,,,,Gil Kane,cover pencils,None,,Deceased,,,,,,,,,,,,,,,,,,,,,,,,,,,,,,,,,,,,,,,,
,,,,,Joe Staton,cover pencils,WFH,,,,,,,,,,,,,,,,,,,,,,,,,,,,,,,,,,,,,,,,,,
,,,,,Bruce Patterson,cover inks,WFH,,,,,,,,,,,,,,,,,,,,,,,,,,,,,,,,,,,,,,,,,,
,,,,,Anthony Tollin,color,N/A,,,,,,,,,,,,,,,,,,,,,,,,,,,,,,,,,,,,,,,,,,
"Sofia Gigante
(Sofia Falcone)",Gotham 403,Batman: The Long Halloween #6,May-1997,N,Jeph Loeb,writer,Writer Agreement,,,,,,,,,,,,,,,,,,,,,,,,,,,,,,,,,,,,,,,,,,
,,,,,Tim Sale,"pencils, inks, cover",Artist Agreement,,,,,,,,,,,,,,,,,,,,,,,,,,,,,,,,,,,,,,,,,,
,,,,,Gregory Wright,color,N/A,,,,,,,,,,,,,,,,,,,,,,,,,,,,,,,,,,,,,,,,,,
"Solomon Grundy
(Cyrus Gold)",Stargirl 101,"All-American Comics #61
""Fighters Never Quit""",Oct-1944,Y,Alfred Bester,writer,None,,Deceased,,,,,,,,,,,,,,,,,,,,,,,,,,,,,,,,,,,,,,,,
,,,,,Paul Reinman,"pencils, inks, cover",Artist,,Deceased,,,,,,,,,,,,,,,,,,,,,,,,,,,,,,,,,,,,,,,,
Solovar,Flash 314,"Flash #106
""Menace of the Super-Gorilla""",Apr-1959,N,John Broome,writer,None,,Deceased,,,,,,,,,,,,,,,,,,,,,,,,,,,,,,,,,,,,,,,,
,,,,,Carmine Infantino,"pencils, cover pencils",Settlement,,Deceased,,,,,,,,,,,,,,,,,,,,,,,,,,,,,,,,,,,,,,,,
,,,,,Joe Giella,"inks, cover inks",None,,,,,,,,,,,,,,,,,,,,,,,,,,,,,,,,,,,,,,,,,,
Sons of Trigon,,Titans #3,Aug-2008,N,Judd Winick,writer,WFH,,,,,,,,,,,,,,,,,,,,,,,,,,,,,,,,,,,,,,,,,,
,,,,,Joe Benitez,"pencils, cover pencils",WFH,,,,,,,,,,,,,,,,,,,,,,,,,,,,,,,,,,,,,,,,,,
,,,,,Victor Llamas,"inks, cover inks",WFH,,,,,,,,,,,,,,,,,,,,,,,,,,,,,,,,,,,,,,,,,,
,,,,,Derek Fridolfs,inks,WFH,,,,,,,,,,,,,,,,,,,,,,,,,,,,,,,,,,,,,,,,,,
,,,,,Joe Weems,inks,WFH,,,,,,,,,,,,,,,,,,,,,,,,,,,,,,,,,,,,,,,,,,
,,,,,Sandra Hope Archer,inks,None,,,,,,,,,,,,,,,,,,,,,,,,,,,,,,,,,,,,,,,,,,
,,,,,Edgar Delgado,color,N/A,,,,,,,,,,,,,,,,,,,,,,,,,,,,,,,,,,,,,,,,,,
"Sophie ""Gimme"" Moore",Batwoman 101,"Detective Comics #859
""Go, Part 2""",Jan-2010,N,Greg Rucka,writer,WFH,,,,,,,,,,,,,,,,,,,,,,,,,,,,,,,,,,,,,,,,,,
,,,,,J.H. Williams III,"pencils, inks, cover",WFH,,,,,,,,,,,,,,,,,,,,,,,,,,,,,,,,,,,,,,,,,,
,,,,,Dave Stewart,color,N/A,,,,,,,,,,,,,,,,,,,,,,,,,,,,,,,,,,,,,,,,,,
Soranik Natu,,Green Lantern Corps: Recharge #1,Nov-2005,N,Dave Gibbons,writer,WFH,2010,,,,,,,,,,,,,,,,,,,,,,,,,,,,,,,,,,,,,,,,,
,,,,,Geoff Johns,writer,Exclusive; WFH,2010,,,,,,,,,,,,,,,,,,,,,,,,,,,,,,,,,,,,,,,,,
,,,,,Patrick Gleason,"pencils, cover pencils",WFH,2010,,,,,,,,,,,,,,,,,,,,,,,,,,,,,,,,,,,,,,,,,
,,,,,Christian Alamy,"inks, cover inks",WFH,,,,,,,,,,,,,,,,,,,,,,,,,,,,,,,,,,,,,,,,,,
,,,,,Prentis Rollins,inks,WFH,,,,,,,,,,,,,,,,,,,,,,,,,,,,,,,,,,,,,,,,,,
,,,,,"William ""Moose"" Baumann",color,N/A,,,,,,,,,,,,,,,,,,,,,,,,,,,,,,,,,,,,,,,,,,
The Source Wall,,"Precursor:
New Gods #5
""Spawn""",Oct-1971,N,Jack Kirby,"writer, pencils, cover pencils",Fourth World Agreement,,Deceased,,,,,,,,,,,,,,,,,,,,,,,,,,,,,,,,,,,,,,,,
,,,,,Mike Royer,"inks, cover inks",None,,,,,,,,,,,,,,,,,,,,,,,,,,,,,,,,,,,,,,,,,,
,,"First appearance:
Marvel and DC Present: Featuring the Uncanny X-Men and the New Teen Titans",1982,N,Chris Claremont,writer,None,,"New Gods #5 mentions that Metron is traveling to the ""Source."" According to Wikipedia, Simonson stated in a Comic Book Resources post that he and Claremont ""invented that notion […] clearly extrapolating from what Jack [Kirby] had done.""
The June 27, 1979 DC/Marvel Crossover agreement required that Marvel engage talent for this work, so DC does not have copies of these contracts.",,,,,,,,,,,,,,,,,,,,,,,,,,,,,,,,,,,,,,,,
,,,,,Walter Simonson,"pencils, cover pencils",None,,,,,,,,,,,,,,,,,,,,,,,,,,,,,,,,,,,,,,,,,,
,,,,,Terry Austin,"inks, cover inks",None,,,,,,,,,,,,,,,,,,,,,,,,,,,,,,,,,,,,,,,,,,
,,,,,Glynis Wein,color,None,,,,,,,,,,,,,,,,,,,,,,,,,,,,,,,,,,,,,,,,,,
,,"First DC appearance:
Showcase '94 #1
""The Wall of Souls""",Jan-1994,N,Walter Simonson,writer,WFH,,,,,,,,,,,,,,,,,,,,,,,,,,,,,,,,,,,,,,,,,,
,,,,,Jose Luis Garcia-Lopez,"pencils, inks",WFH,,,,,,,,,,,,,,,,,,,,,,,,,,,,,,,,,,,,,,,,,,
,,,,,Kevin Nowlan,cover,WFH,,,,,,,,,,,,,,,,,,,,,,,,,,,,,,,,,,,,,,,,,,
,,,,,Gloria Vasquez,color,N/A,,,,,,,,,,,,,,,,,,,,,,,,,,,,,,,,,,,,,,,,,,
Space Cabbie,,Mystery in Space #21,Aug-1954,N,Otto Binder,writer,None,,Deceased,"Approved as a character appearance in an episode of DC Legends of Tomorrow.  Wayne Smith confirmed no concerns with Otto Binder in February 2021. 
Ok to Creative to proceed with series.",,,,,,,,,,,,,,,,,,,,,,,,,,,,,,,,,,,,,,,
,,,,,Howard Sherman,"pencils, inks",None,,Deceased,,,,,,,,,,,,,,,,,,,,,,,,,,,,,,,,,,,,,,,,
Space Dolphins,,Lobo #1,Nov-1990,N,Keith Giffen,writer,WFH,,,,,,,,,,,,,,,,,,,,,,,,,,,,,,,,,,,,,,,,,,
,,,,,Alan Grant,writer,WFH,,,,,,,,,,,,,,,,,,,,,,,,,,,,,,,,,,,,,,,,,,
,,,,,Simon Bisley,"pencils, inks, cover",WFH,,,,,,,,,,,,,,,,,,,,,,,,,,,,,,,,,,,,,,,,,,
,,,,,Lovern Kindzierski,color,N/A,,,,,,,,,,,,,,,,,,,,,,,,,,,,,,,,,,,,,,,,,,
"Spartan
(Yohn Kohl)",Arrow 406,WildC.A.T.S.: Covert Action Teams #1,Aug-1992,Y,Jim Lee,"writer, pencils, cover pencils",WildStorm Employment Agreement,,See also: WildStorm Asset Purchase Agreement,,,,,,,,,,,,,,,,,,,,,,,,,,,,,,,,,,,,,,,,
,,,,,Brandon Choi,writer,WildStorm WFH Acknowledgement,,,,,,,,,,,,,,,,,,,,,,,,,,,,,,,,,,,,,,,,,,
,,,,,Scott Williams,"inks, cover inks",WildStorm WFH Acknowledgement,,,,,,,,,,,,,,,,,,,,,,,,,,,,,,,,,,,,,,,,,,
,,,,,Joe Rosas,color,N/A,,,,,,,,,,,,,,,,,,,,,,,,,,,,,,,,,,,,,,,,,,
Special Agent W,"Point Blank
Sleeper",Sleeper: Season 2 #5,Dec-2004,N,Ed Brubaker,writer,WFH,,,,,,,,,,,,,,,,,,,,,,,,,,,,,,,,,,,,,,,,,,
,,,,,Sean Phillips,"pencils, inks, cover",WFH,,,,,,,,,,,,,,,,,,,,,,,,,,,,,,,,,,,,,,,,,,
,,,,,Carrie Strachan,color,N/A,,,,,,,,,,,,,,,,,,,,,,,,,,,,,,,,,,,,,,,,,,
"The Spectre
(Jim Corrigan)",,"More Fun Comics #52
""The Spectre: Introduction""",Feb-1940,Y,"Jerome ""Jerry"" Siegel",writer,Settlement,2001,Deceased Settlement is with heirs.,,,,,,,,,,,,,,,,,,,,,,,,,,,,,,,,,,,,,,,,
,,,,,Bernard Baily,"pencils, inks, cover",None,,Deceased Creator recognition agreement was proposed to heirs for Hourman & The Spectre but not accepted.,,,,,,,,,,,,,,,,,,,,,,,,,,,,,,,,,,,,,,,,
"The Spectre
(Crispus Allen)","Justice League
(2017)","as Crispus Allen:
Detective Comics #742",Mar-2000,N,Greg Rucka,writer,WFH,Y,,,,,,,,,,,,,,,,,,,,,,,,,,,,,,,,,,,,,,,,,
,,,,,Shawn Martinbrough,pencils,WFH,Y,,,,,,,,,,,,,,,,,,,,,,,,,,,,,,,,,,,,,,,,,
,,,,,Steve Mitchell,inks,WFH,,,,,,,,,,,,,,,,,,,,,,,,,,,,,,,,,,,,,,,,,,
,,,,,"Brian Stelfreeze
(Jefferson Mitchell)",cover,WFH,,,,,,,,,,,,,,,,,,,,,,,,,,,,,,,,,,,,,,,,,,
,,,,,WildStorm FX,color,N/A,,,,,,,,,,,,,,,,,,,,,,,,,,,,,,,,,,,,,,,,,,
,,"as The Spectre:
Infinite Crisis #4",Mar-2006,N,Geoff Johns,writer,WFH; Exclusive,,,,,,,,,,,,,,,,,,,,,,,,,,,,,,,,,,,,,,,,,,
,,,,,George Perez,"pencils, inks, cover (variant)",WFH,,,,,,,,,,,,,,,,,,,,,,,,,,,,,,,,,,,,,,,,,,
,,,,,Phil Jimenez,pencils,WFH,,,,,,,,,,,,,,,,,,,,,,,,,,,,,,,,,,,,,,,,,,
,,,,,Ivan Reis,pencils,WFH,,,,,,,,,,,,,,,,,,,,,,,,,,,,,,,,,,,,,,,,,,
,,,,,Andy Lanning,inks,WFH,,,,,,,,,,,,,,,,,,,,,,,,,,,,,,,,,,,,,,,,,,
,,,,,Lary Stucker,inks,WFH,,,,,,,,,,,,,,,,,,,,,,,,,,,,,,,,,,,,,,,,,,
,,,,,Marc Campos,inks,WFH,,,,,,,,,,,,,,,,,,,,,,,,,,,,,,,,,,,,,,,,,,
,,,,,Oclair Albert,inks,WFH,,,,,,,,,,,,,,,,,,,,,,,,,,,,,,,,,,,,,,,,,,
,,,,,Jimmy Palmiotti,inks,WFH,,,,,,,,,,,,,,,,,,,,,,,,,,,,,,,,,,,,,,,,,,
,,,,,Drew Geraci,inks,WFH,,,,,,,,,,,,,,,,,,,,,,,,,,,,,,,,,,,,,,,,,,
,,,,,Jim Lee,cover pencils,Exclusive (Firewall),,,,,,,,,,,,,,,,,,,,,,,,,,,,,,,,,,,,,,,,,,
,,,,,Sandra Hope Archer,cover inks,None,,,,,,,,,,,,,,,,,,,,,,,,,,,,,,,,,,,,,,,,,,
,,,,,Jeromy Cox,color,N/A,,,,,,,,,,,,,,,,,,,,,,,,,,,,,,,,,,,,,,,,,,
,,,,,Guy Major,color,N/A,,,,,,,,,,,,,,,,,,,,,,,,,,,,,,,,,,,,,,,,,,
"Speed Force Formula
(3x2(9yz)4a)","Flash 217
(3/29/2016)","More Fun Comics #71
""The Riddle of the Crying Clown""",Sep-1941,N,Mort Weisinger,writer,N/A,,"Weisinger was an employee of DC at this time.
Deceased",,,,,,,,,,,,,,,,,,,,,,,,,,,,,,,,,,,,,,,,
,,,,,Chad Grothkopf,"pencils, inks",None,,,,,,,,,,,,,,,,,,,,,,,,,,,,,,,,,,,,,,,,,,
,,,,,Howard Sherman,cover,None,,,,,,,,,,,,,,,,,,,,,,,,,,,,,,,,,,,,,,,,,,
Speed Queen,DC Super Hero Girls,Hawk & Dove #21,Feb-1991,Y,Barbara Kesel,writer,WFH,,,,,,,,,,,,,,,,,,,,,,,,,,,,,,,,,,,,,,,,,,
,,,,,Karl Kesel,writer,WFH,,,,,,,,,,,,,,,,,,,,,,,,,,,,,,,,,,,,,,,,,,
,,,,,Steve Erwin,"pencils, cover",WFH,,,,,,,,,,,,,,,,,,,,,,,,,,,,,,,,,,,,,,,,,,
,,,,,Scott Hanna,inks,WFH,,,,,,,,,,,,,,,,,,,,,,,,,,,,,,,,,,,,,,,,,,
,,,,,Glenn Whitmore,color,N/A,,,,,,,,,,,,,,,,,,,,,,,,,,,,,,,,,,,,,,,,,,
"Speedy
(Roy Harper; Arsenal)",,"as Speedy:
More Fun Comics #73
""Case of the Namesake Murders""",Nov-1941,N,Mort Weisinger,writer,N/A,,"Weisinger was an employee of DC at this time.
Deceased",,,,,,,,,,,,,,,,,,,,,,,,,,,,,,,,,,,,,,,,
,,,,,George Papp,"pencils, inks",None,,Deceased,,,,,,,,,,,,,,,,,,,,,,,,,,,,,,,,,,,,,,,,
,,,,,Howard Sherman,cover,None,,,,,,,,,,,,,,,,,,,,,,,,,,,,,,,,,,,,,,,,,,
,,"as Arsenal:
New Titans #99",Jul-1993,Y,Marv Wolfman,writer,None,,We have agreements with Wolfman for issues #81-92 & #104-121.,,,,,,,,,,,,,,,,,,,,,,,,,,,,,,,,,,,,,,,,
,,,,,Tom Grummett,"pencils, cover pencils",Artist,,,,,,,,,,,,,,,,,,,,,,,,,,,,,,,,,,,,,,,,,,
,,,,,Al Vey,"inks, cover inks",WFH,,,,,,,,,,,,,,,,,,,,,,,,,,,,,,,,,,,,,,,,,,
,,,,,Robert Campanella,inks,WFH,,,,,,,,,,,,,,,,,,,,,,,,,,,,,,,,,,,,,,,,,,
,,,,,Steve George,inks,WFH,,,,,,,,,,,,,,,,,,,,,,,,,,,,,,,,,,,,,,,,,,
,,,,,Adrienne Roy,color,Exclusive,,Deceased,,,,,,,,,,,,,,,,,,,,,,,,,,,,,,,,,,,,,,,,
"Speedy
(Mia Dearden)",,"as Mia Dearden:
Green Arrow #2",May-2001,N,Kevin Smith,writer,WFH,,,,,,,,,,,,,,,,,,,,,,,,,,,,,,,,,,,,,,,,,,
,,,,,Phillip Hester,pencils,WFH,,,,,,,,,,,,,,,,,,,,,,,,,,,,,,,,,,,,,,,,,,
,,,,,Ande Parks,inks,WFH,,,,,,,,,,,,,,,,,,,,,,,,,,,,,,,,,,,,,,,,,,
,,,,,Matt Wagner,cover,WFH,,,,,,,,,,,,,,,,,,,,,,,,,,,,,,,,,,,,,,,,,,
,,,,,Guy Major,color,N/A,,,,,,,,,,,,,,,,,,,,,,,,,,,,,,,,,,,,,,,,,,
,,"as Speedy:
Green Arrow #44",Jan-2005,Y,Judd Winick,writer,WFH,,,,,,,,,,,,,,,,,,,,,,,,,,,,,,,,,,,,,,,,,,
,,,,,Phillip Hester,pencils,WFH,,,,,,,,,,,,,,,,,,,,,,,,,,,,,,,,,,,,,,,,,,
,,,,,Ande Parks,inks,WFH,,,,,,,,,,,,,,,,,,,,,,,,,,,,,,,,,,,,,,,,,,
,,,,,Marcos Martin,cover,WFH,,,,,,,,,,,,,,,,,,,,,,,,,,,,,,,,,,,,,,,,,,
,,,,,Guy Major,color,N/A,,,,,,,,,,,,,,,,,,,,,,,,,,,,,,,,,,,,,,,,,,
"Spin
(Mr. Auerbach)",Flash 504,Flash #238,May-2008,Y,Tom Peyer,writer,WFH,,,,,,,,,,,,,,,,,,,,,,,,,,,,,,,,,,,,,,,,,,
,,,,,Freddie E. Williams II,"pencils, inks, cover",WFH,,,,,,,,,,,,,,,,,,,,,,,,,,,,,,,,,,,,,,,,,,
,,,,,Tanya Horie,color,Exclusive,,,,,,,,,,,,,,,,,,,,,,,,,,,,,,,,,,,,,,,,,,
,,,,,Richard Horie,color,Exclusive,,,,,,,,,,,,,,,,,,,,,,,,,,,,,,,,,,,,,,,,,,
"Sportsman
(Martin Mantle, Jr.)",Supergirl 411,"Batman #338
""The Sporting Death!""",Aug-1981,Y,Gerry Conway,writer,Exclusive,,,,,,,,,,,,,,,,,,,,,,,,,,,,,,,,,,,,,,,,,,
,,,,,Roy Thomas,writer,Exclusive,,,,,,,,,,,,,,,,,,,,,,,,,,,,,,,,,,,,,,,,,,
,,,,,Irv Novick,pencils,N/A,,"Novick was an employee of DC from 5/9/1967 - 12/28/1984.
Deceased",,,,,,,,,,,,,,,,,,,,,,,,,,,,,,,,,,,,,,,,
,,,,,Frank McLaughlin,inks,Exclusive,,Deceased,,,,,,,,,,,,,,,,,,,,,,,,,,,,,,,,,,,,,,,,
,,,,,Jim Aparo,cover,None,,Deceased,,,,,,,,,,,,,,,,,,,,,,,,,,,,,,,,,,,,,,,,
,,,,,Adrienne Roy,color,N/A,,Deceased,,,,,,,,,,,,,,,,,,,,,,,,,,,,,,,,,,,,,,,,
"Sportsmaster
(Lawrence ""Crusher"" Crock)",Plastic Man,"All-American Comics #85
""The Rise and Fall of Crusher Crock""",May-1947,N,John Broome,writer,None,,"Deceased  Wayne cleared for TV only (for Stargirl TV series) and any clearance for motion pictures is subject to further review; he also noted that the character cannot be identified as ""Sportsmaster"" or ""Crusher Crock"" in any advertising/promo in advance of the initial broadcast.",,,,,,,,,,,,,,,,,,,,,,,,,,,,,,,,,,,,,,,,
,,,,,Irwin Hasen,"pencils, cover",None,,,,,,,,,,,,,,,,,,,,,,,,,,,,,,,,,,,,,,,,,,
,,,,,John Belfi,inks,None,,,,,,,,,,,,,,,,,,,,,,,,,,,,,,,,,,,,,,,,,,
The Sprang Bridge Soldiers,"Birds of Prey 
(2020)",Robin #175,Aug-2008,N,Fabian Nicieza,writer,WFH,,,,,,,,,,,,,,,,,,,,,,,,,,,,,,,,,,,,,,,,,,
,,,,,Joe Bennett,pencils,WFH,,,,,,,,,,,,,,,,,,,,,,,,,,,,,,,,,,,,,,,,,,
,,,,,Jack Jadson,inks,WFH,,,,,,,,,,,,,,,,,,,,,,,,,,,,,,,,,,,,,,,,,,
,,,,,Freddie E. Williams II,cover,WFH,,,,,,,,,,,,,,,,,,,,,,,,,,,,,,,,,,,,,,,,,,
,,,,,Guy Major,color,N/A,,,,,,,,,,,,,,,,,,,,,,,,,,,,,,,,,,,,,,,,,,
Spy vs. Spy,,MAD Magazine #60,Jan-1961,N,Antonio Prohias,artist,Writer/Artist; Contributor Recognition,,Deceased Contributor Recognition Agreement is with heirs.,,,,,,,,,,,,,,,,,,,,,,,,,,,,,,,,,,,,,,,,
St. Roch (City),Legends 101,Hawkman #1,May-2002,N,Geoff Johns,writer,WFH,,,,,,,,,,,,,,,,,,,,,,,,,,,,,,,,,,,,,,,,,,
,,,,,James Robinson,plot,WFH,,,,,,,,,,,,,,,,,,,,,,,,,,,,,,,,,,,,,,,,,,
,,,,,"Ralph ""Rags"" Morales",pencils,WFH,,,,,,,,,,,,,,,,,,,,,,,,,,,,,,,,,,,,,,,,,,
,,,,,"Michael Bair
(Michael Hernandez)",inks,WFH,,,,,,,,,,,,,,,,,,,,,,,,,,,,,,,,,,,,,,,,,,
,,,,,Andrew C. Robinson,cover,WFH,,,,,,,,,,,,,,,,,,,,,,,,,,,,,,,,,,,,,,,,,,
,,,,,John Kalisz,color,N/A,,,,,,,,,,,,,,,,,,,,,,,,,,,,,,,,,,,,,,,,,,
St. Roch University,Legends 101,Hawkman #20,Dec-2003,N,Geoff Johns,writer,WFH,,,,,,,,,,,,,,,,,,,,,,,,,,,,,,,,,,,,,,,,,,
,,,,,"Ralph ""Rags"" Morales",pencils,WFH,,,,,,,,,,,,,,,,,,,,,,,,,,,,,,,,,,,,,,,,,,
,,,,,"Michael Bair
(Michael Hernandez)",inks,WFH,,,,,,,,,,,,,,,,,,,,,,,,,,,,,,,,,,,,,,,,,,
,,,,,Mark McMurray,inks,WFH,,,,,,,,,,,,,,,,,,,,,,,,,,,,,,,,,,,,,,,,,,
,,,,,John Watson,cover,WFH,,,,,,,,,,,,,,,,,,,,,,,,,,,,,,,,,,,,,,,,,,
,,,,,John Kalisz,color,N/A,,,,,,,,,,,,,,,,,,,,,,,,,,,,,,,,,,,,,,,,,,
"Stanislaus
(Stan; Golden Centurion)",,"in Quality Comics:
Military Comics #2
""The Coward Dies Twice""",Sep-1941,N,Will Eisner,writer,None,,See Quality Comics purchase agreements dated 7/26/56 & 8/1/67.,,,,,,,,,,,,,,,,,,,,,,,,,,,,,,,,,,,,,,,,
,,,,,Charles Cuidera,"pencils, inks, cover",None,,,,,,,,,,,,,,,,,,,,,,,,,,,,,,,,,,,,,,,,,,
,,,,,Bill Smith,cover,None,,,,,,,,,,,,,,,,,,,,,,,,,,,,,,,,,,,,,,,,,,
,,"in DC Comics:
Blackhawk #108",Jan-1957,N,Dick Dillin,"pencils, cover pencils",None,,Deceased,,,,,,,,,,,,,,,,,,,,,,,,,,,,,,,,,,,,,,,,
,,,,,Charles Cuidera,"inks, cover inks",None,,,,,,,,,,,,,,,,,,,,,,,,,,,,,,,,,,,,,,,,,,
Stanislaus Drozdowski,,Blackhawk #1,Mar-1989,N,Howard Chaykin,"writer, pencils, inks, cover",,,,,,,,,,,,,,,,,,,,,,,,,,,,,,,,,,,,,,,,,,,
,,,,,Steve Oliff,color,N/A,,,,,,,,,,,,,,,,,,,,,,,,,,,,,,,,,,,,,,,,,,
Stanley Dover (child),,"Fox and the Crow #95
""When is a Dog Not a Dog?""",Dec-1965,Y,Arnold Drake,writer,None,2006,Deceased,,,,,,,,,,,,,,,,,,,,,,,,,,,,,,,,,,,,,,,,
,,,,,"James Winslow ""Win"" Mortimer","pencils, inks",None,,Deceased,,,,,,,,,,,,,,,,,,,,,,,,,,,,,,,,,,,,,,,,
,,,,,Mort Drucker,cover,None,,,,,,,,,,,,,,,,,,,,,,,,,,,,,,,,,,,,,,,,,,
"Stanley Dover
(Star City Slayer)",Arrow 707,Green Arrow #1,Apr-2001,N,Kevin Smith,writer,WFH,,,,,,,,,,,,,,,,,,,,,,,,,,,,,,,,,,,,,,,,,,
,,,,,Phil Hester,pencils,WFH,,,,,,,,,,,,,,,,,,,,,,,,,,,,,,,,,,,,,,,,,,
,,,,,Ande Parks,inks,WFH,,,,,,,,,,,,,,,,,,,,,,,,,,,,,,,,,,,,,,,,,,
,,,,,Matt Wagner,cover,WFH,,,,,,,,,,,,,,,,,,,,,,,,,,,,,,,,,,,,,,,,,,
,,,,,Guy Major,color,N/A,,,,,,,,,,,,,,,,,,,,,,,,,,,,,,,,,,,,,,,,,,
S.T.A.R. Labs,"Flash 101
(10/7/2014)","Superman #246
""Danger -- Monster At Work!""",Dec-1971,N,Len Wein,writer,None,Y,Deceased,,,,,,,,,,,,,,,,,,,,,,,,,,,,,,,,,,,,,,,,
,,,,,Curt Swan,"pencils, cover pencils",None,,Deceased,,,,,,,,,,,,,,,,,,,,,,,,,,,,,,,,,,,,,,,,
,,,,,Murphy Anderson,"inks, cover inks",None,,Deceased,,,,,,,,,,,,,,,,,,,,,,,,,,,,,,,,,,,,,,,,
"Star City Thunder
(Basketball team)",Supergirl 308,Green Arrow #36,May-2004,N,Judd Winick,writer,WFH,,,,,,,,,,,,,,,,,,,,,,,,,,,,,,,,,,,,,,,,,,
,,,,,Phil Hester,pencils,WFH,,,,,,,,,,,,,,,,,,,,,,,,,,,,,,,,,,,,,,,,,,
,,,,,Ande Parks,inks,WFH,,,,,,,,,,,,,,,,,,,,,,,,,,,,,,,,,,,,,,,,,,
,,,,,Marcos Martin,cover pencils,WFH,,,,,,,,,,,,,,,,,,,,,,,,,,,,,,,,,,,,,,,,,,
,,,,,Alvaro Lopez,cover inks,WFH,,,,,,,,,,,,,,,,,,,,,,,,,,,,,,,,,,,,,,,,,,
,,,,,Guy Major,color,N/A,,,,,,,,,,,,,,,,,,,,,,,,,,,,,,,,,,,,,,,,,,
"Starfire
(Koriand'r)",,"DC Comics Presents #26
""Where Nightmares Begin""",Oct-1980,N,Marv Wolfman,writer,Exclusive,1980,,,,,,,,,,,,,,,,,,,,,,,,,,,,,,,,,,,,,,,,,
,,,,,George Perez,pencils,None,1980,,,,,,,,,,,,,,,,,,,,,,,,,,,,,,,,,,,,,,,,,
,,,,,Dick Giordano,inks,Exclusive,,"Giordano may have been an employee of DC at this time.
Deceased",,,,,,,,,,,,,,,,,,,,,,,,,,,,,,,,,,,,,,,,
,,,,,Jim Starlin,cover,None,,,,,,,,,,,,,,,,,,,,,,,,,,,,,,,,,,,,,,,,,,
,,,,,Adrienne Roy,color,N/A,,Deceased,,,,,,,,,,,,,,,,,,,,,,,,,,,,,,,,,,,,,,,,
Starhaven,Supergirl 213,Legion of Super-Heroes #305,Nov-1983,N,Paul Levitz,writer,WFH,,,,,,,,,,,,,,,,,,,,,,,,,,,,,,,,,,,,,,,,,,
,,,,,Keith Giffen,"pencils, cover pencils",WFH,,,,,,,,,,,,,,,,,,,,,,,,,,,,,,,,,,,,,,,,,,
,,,,,Kurt Schaffenberger,inks,WFH,,Deceased,,,,,,,,,,,,,,,,,,,,,,,,,,,,,,,,,,,,,,,,
,,,,,Larry Mahlstedt,cover inks,WFH,,,,,,,,,,,,,,,,,,,,,,,,,,,,,,,,,,,,,,,,,,
,,,,,Carl Gafford,color,N/A,,,,,,,,,,,,,,,,,,,,,,,,,,,,,,,,,,,,,,,,,,
"Starling
(Evelyn Crawford)",Arrow 419,Birds of Prey #1,Nov-2011,Y,Duane Swierczynski,writer,WFH,Y,,,,,,,,,,,,,,,,,,,,,,,,,,,,,,,,,,,,,,,,,
,,,,,Jesus Saiz,"pencils, inks, cover",WFH,Y,,,,,,,,,,,,,,,,,,,,,,,,,,,,,,,,,,,,,,,,,
,,,,,Nei Ruffino,color,N/A,,,,,,,,,,,,,,,,,,,,,,,,,,,,,,,,,,,,,,,,,,
"Starman
(Ted Knight)","DC Creators Series
(Machinima)","Adventure Comics #61
""The Amazing Starman""",Apr-1941,Y,Gardner F. Fox,writer,Creator Recognition,2009,Deceased Creator recognition agreement with is with heirs.,,,,,,,,,,,,,,,,,,,,,,,,,,,,,,,,,,,,,,,,
,,,,,Jack Burnley,"pencils, inks, cover",None,,Deceased,,,,,,,,,,,,,,,,,,,,,,,,,,,,,,,,,,,,,,,,
"Starman
(Jack Knight)","DC Creators Series
(Machinima)",Zero Hour: Crisis In Time #1,Sep-1994,N,James Robinson,creator,Continuity,Y,"Jack Knight was originally created to appear in Starman #0 (10/94). Robinson & Harris are recognized as creators because of this work, although they did not contribute to Zero Hour: Crisis In Time #1.",,,,,,,,,,,,,,,,,,,,,,,,,,,,,,,,,,,,,,,,
,,,,,Tony Harris,creator,Continuity,Y,,,,,,,,,,,,,,,,,,,,,,,,,,,,,,,,,,,,,,,,,
,,,,,Dan Jurgens,"writer, pencils, cover pencils",Continuity,,,,,,,,,,,,,,,,,,,,,,,,,,,,,,,,,,,,,,,,,,
,,,,,"Jeremiah ""Jerry"" Ordway","pencils, inks, cover inks",Continuity,,,,,,,,,,,,,,,,,,,,,,,,,,,,,,,,,,,,,,,,,,
,,,,,Gregory Wright,color,N/A,,,,,,,,,,,,,,,,,,,,,,,,,,,,,,,,,,,,,,,,,,
"Starman's Gravity Rod
(Ted Knight)",,"Adventure Comics #61
""The Amazing Starman""",Apr-1941,Y,Gardner F. Fox,writer,Creator Recognition,,Deceased Creator recognition agreement with is with heirs.,,,,,,,,,,,,,,,,,,,,,,,,,,,,,,,,,,,,,,,,
,,,,,Jack Burnley,"pencils, inks, cover",None,,Deceased,,,,,,,,,,,,,,,,,,,,,,,,,,,,,,,,,,,,,,,,
"Starman's Cosmic Rod
(Ted Knight; David Knight)",,FIRST APPEARANCE NOT LOCATED. 1950s or early 1960s?,,,,,,,,,,,,,,,,,,,,,,,,,,,,,,,,,,,,,,,,,,,,,,,
"Starman's Cosmic Staff
(Jack Knight; Courtney Whitmore)",Legends 202,Starman #2,Dec-1994,Y,James Robinson,writer,WFH,,,,,,,,,,,,,,,,,,,,,,,,,,,,,,,,,,,,,,,,,,
,,,,,Tony Harris,"pencils, cover",WFH,,,,,,,,,,,,,,,,,,,,,,,,,,,,,,,,,,,,,,,,,,
,,,,,Wade Von Grawbadger,inks,WFH,,,,,,,,,,,,,,,,,,,,,,,,,,,,,,,,,,,,,,,,,,
,,,,,Gregory A. Wright,color,N/A,,,,,,,,,,,,,,,,,,,,,,,,,,,,,,,,,,,,,,,,,,
"Starman's Quarvat
(Future Cosmic Rod; Farris Knight)",,DC One Million #1,Nov-1998,N,Grant Morrison,writer,Writer,,,,,,,,,,,,,,,,,,,,,,,,,,,,,,,,,,,,,,,,,,
,,,,,Val Semeiks,"pencils, cover pencils",WFH,,,,,,,,,,,,,,,,,,,,,,,,,,,,,,,,,,,,,,,,,,
,,,,,Prentis Rollins,"inks, cover inks",WFH,,,,,,,,,,,,,,,,,,,,,,,,,,,,,,,,,,,,,,,,,,
,,,,,Pat Garrahy,color,N/A,,,,,,,,,,,,,,,,,,,,,,,,,,,,,,,,,,,,,,,,,,
Starro the Conqueror,,Brave and the Bold #28,Feb-1960,Y,Gardner F. Fox,writer,Creator Recognition,,Deceased Creator recognition agreement with is with heirs.,,,,,,,,,,,,,,,,,,,,,,,,,,,,,,,,,,,,,,,,
,,,,,Mike Sekowsky,"pencils, cover pencils",None,,Deceased,,,,,,,,,,,,,,,,,,,,,,,,,,,,,,,,,,,,,,,,
,,,,,Bernard Sachs,inks,None,,Deceased,,,,,,,,,,,,,,,,,,,,,,,,,,,,,,,,,,,,,,,,
,,,,,Joe Giella,inks,None,,,,,,,,,,,,,,,,,,,,,,,,,,,,,,,,,,,,,,,,,,
,,,,,Murphy Anderson,"inks, cover inks",None,,Deceased,,,,,,,,,,,,,,,,,,,,,,,,,,,,,,,,,,,,,,,,
Star-Rocket Racer,Stargirl 101,"Star-Spangled Comics #1
""The Bund Saboteurs""
""Dr. Weerd & the Metal Monster""",Oct-1941,N,"Jerome ""Jerry"" Siegel",writer,None,,Deceased,,,,,,,,,,,,,,,,,,,,,,,,,,,,,,,,,,,,,,,,
,,,,,Harold Sherman,"pencils, inks, cover",None,,Deceased,,,,,,,,,,,,,,,,,,,,,,,,,,,,,,,,,,,,,,,,
Star Sapphire,,"All-Flash #32
""The Amazing Star Sapphire""",Dec-1947,N,Robert Kanigher,writer,N/A,,"Kanigher was an employee of DC from 2/3/47 - 5/31/82.
Deceased",,,,,,,,,,,,,,,,,,,,,,,,,,,,,,,,,,,,,,,,
,,,,,Lee Elias,"pencils, cover pencils",None,,,,,,,,,,,,,,,,,,,,,,,,,,,,,,,,,,,,,,,,,,
,,,,,Moe Worthman,"inks, cover inks",None,,,,,,,,,,,,,,,,,,,,,,,,,,,,,,,,,,,,,,,,,,
"Star Sapphire
(Carol Ferris; Predator)","Green Lantern
(2011)","as Carol Ferris:
Showcase #22
""Secret of the Flaming Spear""",Sep-1959,N,John Broome,writer,None,,Deceased,,,,,,,,,,,,,,,,,,,,,,,,,,,,,,,,,,,,,,,,
,,,,,Gil Kane,"pencils, cover",None,,Deceased,,,,,,,,,,,,,,,,,,,,,,,,,,,,,,,,,,,,,,,,
,,,,,Murphy Anderson,inks,None,,Deceased,,,,,,,,,,,,,,,,,,,,,,,,,,,,,,,,,,,,,,,,
,,"as Star Sapphire:
Green Lantern #16
""The Secret Life of Star-Sapphire!""",Oct-1962,Y,John Broome,writer,None,,Deceased,,,,,,,,,,,,,,,,,,,,,,,,,,,,,,,,,,,,,,,,
,,,,,Gil Kane,pencils; cover pencils,None,,Deceased,,,,,,,,,,,,,,,,,,,,,,,,,,,,,,,,,,,,,,,,
,,,,,Joe Giella,inks,None,,,,,,,,,,,,,,,,,,,,,,,,,,,,,,,,,,,,,,,,,,
,,,,,Murphy Anderson,cover inks,None,,Deceased,,,,,,,,,,,,,,,,,,,,,,,,,,,,,,,,,,,,,,,,
,,"as Predator:
Green Lantern #178",Jun-1984,N,Len Wein,writer,WFH,Y,Deceased,,,,,,,,,,,,,,,,,,,,,,,,,,,,,,,,,,,,,,,,
,,,,,Dave Gibbons,"pencils, inks, cover",WFH,,,,,,,,,,,,,,,,,,,,,,,,,,,,,,,,,,,,,,,,,,
,,,,,Anthony Tollin,color,Exclusive,,,,,,,,,,,,,,,,,,,,,,,,,,,,,,,,,,,,,,,,,,
"Star Sapphire
(Dela Pharon)",,"Green Lantern #41
""The Double Life of Star Sapphire!""",Dec-1965,N,Gardner F. Fox,writer,Creator Recognition,,Deceased Creator recognition agreement with heirs.,,,,,,,,,,,,,,,,,,,,,,,,,,,,,,,,,,,,,,,,
,,,,,Gil Kane,"pencils, cover pencils",None,,Deceased,,,,,,,,,,,,,,,,,,,,,,,,,,,,,,,,,,,,,,,,
,,,,,Sid Greene,"inks, cover inks",None,,Deceased,,,,,,,,,,,,,,,,,,,,,,,,,,,,,,,,,,,,,,,,
"Star Sapphire
(Deborah Camille Darnell; Remoni-Notra)",,Secret Society of Super-Villains #1,May-1976,Y,Gerry Conway,writer,,,,,,,,,,,,,,,,,,,,,,,,,,,,,,,,,,,,,,,,,,,
,,,,,Pablo Marcos,pencils,,,,,,,,,,,,,,,,,,,,,,,,,,,,,,,,,,,,,,,,,,,
,,,,,Robert R. Smith,inks,,,,,,,,,,,,,,,,,,,,,,,,,,,,,,,,,,,,,,,,,,,
,,,,,Ernie Chan,cover,,,,,,,,,,,,,,,,,,,,,,,,,,,,,,,,,,,,,,,,,,,
"Star Sapphire
(Jillian Pearlman; Cowgirl)",,Green Lantern #1,Jul-2005,N,Geoff Johns,writer,,,,,,,,,,,,,,,,,,,,,,,,,,,,,,,,,,,,,,,,,,,
,,,,,Ethan Van Sciver,"pencils, inks",,,,,,,,,,,,,,,,,,,,,,,,,,,,,,,,,,,,,,,,,,,
,,,,,Carlos Pacheco,"pencils, cover pencils",,,,,,,,,,,,,,,,,,,,,,,,,,,,,,,,,,,,,,,,,,,
,,,,,Jesus Merino,"inks, cover inks",,,,,,,,,,,,,,,,,,,,,,,,,,,,,,,,,,,,,,,,,,,
,,,,,Alex Ross,variant cover,,,,,,,,,,,,,,,,,,,,,,,,,,,,,,,,,,,,,,,,,,,
,,,,,William Moose Baumann,color,,,,,,,,,,,,,,,,,,,,,,,,,,,,,,,,,,,,,,,,,,,
"Star Sapphire
(Krystal)",,Green Lantern #15,Dec-2006,N,Geoff Johns,writer,,,,,,,,,,,,,,,,,,,,,,,,,,,,,,,,,,,,,,,,,,,
,,,,,Ivan Reis,pencils,,,,,,,,,,,,,,,,,,,,,,,,,,,,,,,,,,,,,,,,,,,
,,,,,Oclair Albert,inks,,,,,,,,,,,,,,,,,,,,,,,,,,,,,,,,,,,,,,,,,,,
,,,,,Ethan Van Sciver,cover,,,,,,,,,,,,,,,,,,,,,,,,,,,,,,,,,,,,,,,,,,,
,,,,,William Moose Baumann,color,,,,,,,,,,,,,,,,,,,,,,,,,,,,,,,,,,,,,,,,,,,
"Star-Spangled Kid
(Sylvester Pemberton; Skyman)",,"as Star-Spangled Kid:
Star-Spangled Comics #1
""The Bund Saboteurs""
""Dr. Weerd and the Metal Monster""",Oct-1941,Y,"Jerome ""Jerry"" Siegel",writer,None,,Deceased,,,,,,,,,,,,,,,,,,,,,,,,,,,,,,,,,,,,,,,,
,,,,,Harold Sherman,"pencils, inks, cover",None,,Deceased,,,,,,,,,,,,,,,,,,,,,,,,,,,,,,,,,,,,,,,,
,,"as Skyman:
Infinity, Inc. #31",Oct-1986,Y,Roy Thomas,co-writer,Writer,,,,,,,,,,,,,,,,,,,,,,,,,,,,,,,,,,,,,,,,,,
,,,,,"Dannette ""Dann"" Thomas",co-writer,None,,"We believe that Roy Thomas entered into a separate agreement with Dann Thomas for writing services, but we do not have a copy of it.",,,,,,,,,,,,,,,,,,,,,,,,,,,,,,,,,,,,,,,,
,,,,,Todd McFarlane,"pencils, cover pencils",Artist; WFH,,,,,,,,,,,,,,,,,,,,,,,,,,,,,,,,,,,,,,,,,,
,,,,,Tony DeZuniga,"inks, cover inks",WFH,,,,,,,,,,,,,,,,,,,,,,,,,,,,,,,,,,,,,,,,,,
,,,,,Carl Gafford,color,N/A,,,,,,,,,,,,,,,,,,,,,,,,,,,,,,,,,,,,,,,,,,
"Star-Spangled Kid
(Stargirl; Courtney Whitmore)","DC Creators Series
(Machinima)",Stars & S.T.R.I.P.E. #0,Jul-1999,Y,Geoff Johns,writer,WFH,Y,,,,,,,,,,,,,,,,,,,,,,,,,,,,,,,,,,,,,,,,,
,,,,,James Robinson,writer,Exclusive,,,,,,,,,,,,,,,,,,,,,,,,,,,,,,,,,,,,,,,,,,
,,,,,Lee Moder,"pencils, cover pencils",WFH,Y,,,,,,,,,,,,,,,,,,,,,,,,,,,,,,,,,,,,,,,,,
,,,,,Chris Weston,pencils,WFH,,,,,,,,,,,,,,,,,,,,,,,,,,,,,,,,,,,,,,,,,,
,,,,,Dan W. Davis,"inks, cover inks",WFH,,,,,,,,,,,,,,,,,,,,,,,,,,,,,,,,,,,,,,,,,,
,,,,,John Stokes,inks,WFH,,,,,,,,,,,,,,,,,,,,,,,,,,,,,,,,,,,,,,,,,,
,,,,,Carla Feeny,color,N/A,,,,,,,,,,,,,,,,,,,,,,,,,,,,,,,,,,,,,,,,,,
Stealth,,L.E.G.I.O.N. '89 #1,Feb-1989,Y,Keith Giffen,plot,WFH,,,,,,,,,,,,,,,,,,,,,,,,,,,,,,,,,,,,,,,,,,
,,,,,Alan Grant,dialogue,WFH,,,,,,,,,,,,,,,,,,,,,,,,,,,,,,,,,,,,,,,,,,
,,,,,Barry Kitson,pencils,WFH,,,,,,,,,,,,,,,,,,,,,,,,,,,,,,,,,,,,,,,,,,
,,,,,Mike DeCarlo,inks,WFH,,,,,,,,,,,,,,,,,,,,,,,,,,,,,,,,,,,,,,,,,,
,,,,,Al Gordon,cover pencils,WFH,,,,,,,,,,,,,,,,,,,,,,,,,,,,,,,,,,,,,,,,,,
,,,,,Kevin Maguire,cover inks,WFH,,,,,,,,,,,,,,,,,,,,,,,,,,,,,,,,,,,,,,,,,,
,,,,,Lovern Kindzierski,color,N/A,,,,,,,,,,,,,,,,,,,,,,,,,,,,,,,,,,,,,,,,,,
Steamroller,Arrow 414,Green Lantern #176,May-1984,N,Len Wein,writer,WFH,Y,Deceased,,,,,,,,,,,,,,,,,,,,,,,,,,,,,,,,,,,,,,,,
,,,,,Dave Gibbons,"pencils, cover",WFH,,,,,,,,,,,,,,,,,,,,,,,,,,,,,,,,,,,,,,,,,,
,,,,,Dick Giordano,inks,WFH,,"Giordano was an employee of DC at this time.
Deceased",,,,,,,,,,,,,,,,,,,,,,,,,,,,,,,,,,,,,,,,
,,,,,Anthony Tollin,color,Exclusive,,,,,,,,,,,,,,,,,,,,,,,,,,,,,,,,,,,,,,,,,,
"Steel
(John Henry Irons)",,"Adventures of Superman #500
""First Sighting: John Henry Irons""",Jun-1993,N,Louise Simonson,writer,Continuity,1993,,,,,,,,,,,,,,,,,,,,,,,,,,,,,,,,,,,,,,,,,
,,,,,Jon Bogdanove,pencils,Continuity,1993,,,,,,,,,,,,,,,,,,,,,,,,,,,,,,,,,,,,,,,,,
,,,,,Dennis Janke,inks,Continuity,,,,,,,,,,,,,,,,,,,,,,,,,,,,,,,,,,,,,,,,,,
,,,,,Tom Grummett,cover pencils,Continuity; WFH,,,,,,,,,,,,,,,,,,,,,,,,,,,,,,,,,,,,,,,,,,
,,,,,Doug Hazlewood,cover inks,Continuity,,,,,,,,,,,,,,,,,,,,,,,,,,,,,,,,,,,,,,,,,,
,,,,,Glenn Whitmore,color,N/A,,,,,,,,,,,,,,,,,,,,,,,,,,,,,,,,,,,,,,,,,,
Steeleye,"Point Blank
Sleeper",Sleeper #2,Apr-2003,N,Ed Brubaker,writer,WFH,,,,,,,,,,,,,,,,,,,,,,,,,,,,,,,,,,,,,,,,,,
,,,,,Sean Phillips,"pencils, inks, cover",WFH,,,,,,,,,,,,,,,,,,,,,,,,,,,,,,,,,,,,,,,,,,
,,,,,Tony Avina,color,N/A,,,,,,,,,,,,,,,,,,,,,,,,,,,,,,,,,,,,,,,,,,
,,,,,Randy Mayor,color,N/A,,,,,,,,,,,,,,,,,,,,,,,,,,,,,,,,,,,,,,,,,,
Steppenwolf,,"New Gods #7
""The Pact""",Feb-1972,N,Jack Kirby,"writer, pencils, cover pencils",Fourth World Agreement,Y,Deceased,,,,,,,,,,,,,,,,,,,,,,,,,,,,,,,,,,,,,,,,
,,,,,Mike Royer,"inks, cover inks",None,,,,,,,,,,,,,,,,,,,,,,,,,,,,,,,,,,,,,,,,,,
"Sterling Silversmith
(Sterling T. Silversmith)",,Detective Comics #446,Apr-1975,N,Len Wein,writer,None,,,,,,,,,,,,,,,,,,,,,,,,,,,,,,,,,,,,,,,,,,
,,,,,Jim Aparo,"pencils, inks",None,,,,,,,,,,,,,,,,,,,,,,,,,,,,,,,,,,,,,,,,,,
Steve Lombard,,"Superman #264
""Secret of the Phantom Quarterback""",Jun-1973,N,Cary Bates,writer,None,,Wayne approved for TV only,,,,,,,,,,,,,,,,,,,,,,,,,,,,,,,,,,,,,,,,
,,,,,Curt Swan,pencils,None,,Deceased,,,,,,,,,,,,,,,,,,,,,,,,,,,,,,,,,,,,,,,,
,,,,,Murphy Anderson,inks,None,,Deceased,we do have agreements with Murphy Anderson that while not directly on point reflect his awareness/agreement that DC owns all rights in the work he rendered for us ,,,,,,,,,,,,,,,,,,,,,,,,,,,,,,,,,,,,,,,
,,,,,Nick Cardy,cover,None,,Deceased,,,,,,,,,,,,,,,,,,,,,,,,,,,,,,,,,,,,,,,,
"Steve Trevor
(Golden Age)",,"All-Star Comics #8
""Introducing Wonder Woman""",Dec-1941,N,William Moulton Marston,writer,Marston agreements (7/31/41; 1/15/46; 7/25/51),,Deceased Final agreement is with Estate.,,,,,,,,,,,,,,,,,,,,,,,,,,,,,,,,,,,,,,,,
,,,,,Harry G. Peter,"pencils, inks",Artist,,Deceased,,,,,,,,,,,,,,,,,,,,,,,,,,,,,,,,,,,,,,,,
,,,,,Everett E. Hibbard,cover,None,,Deceased,,,,,,,,,,,,,,,,,,,,,,,,,,,,,,,,,,,,,,,,
"Steve Trevor
(Modern Age)",,Wonder Woman #2,Mar-1987,Y,Greg Potter,writer,WFH,,,,,,,,,,,,,,,,,,,,,,,,,,,,,,,,,,,,,,,,,,
,,,,,George Perez,"plot, pencils, cover",Continuity,,,,,,,,,,,,,,,,,,,,,,,,,,,,,,,,,,,,,,,,,,
,,,,,Bruce Patterson,inks,WFH,,,,,,,,,,,,,,,,,,,,,,,,,,,,,,,,,,,,,,,,,,
,,,,,Tatjana Wood,color,N/A,,,,,,,,,,,,,,,,,,,,,,,,,,,,,,,,,,,,,,,,,,
Storm,Necrus,Aquaman #35,Aug-1967,N,Bob Haney,writer,Contributor Recognition,"Yes
2014",Deceased Contributor Recognition Agreement is with heirs. (DCBL #182646),,,,,,,,,,,,,,,,,,,,,,,,,,,,,,,,,,,,,,,,
,,,,,"Nicholas Viscardi
(Nick Cardy)","pencils, inks, cover",None,,Deceased,,,,,,,,,,,,,,,,,,,,,,,,,,,,,,,,,,,,,,,,
Strata,,Invasion #2,1988,N,Keith Giffen,plot,WFH,,,,,,,,,,,,,,,,,,,,,,,,,,,,,,,,,,,,,,,,,,
,,,,,Bill Mantlo,dialogue,WFH,,Mantlo is living but brain damaged. His affairs are handled by his brother.,,,,,,,,,,,,,,,,,,,,,,,,,,,,,,,,,,,,,,,,
,,,,,Todd McFarlane,"pencils, inks",WFH,,,,,,,,,,,,,,,,,,,,,,,,,,,,,,,,,,,,,,,,,,
,,,,,Al Gordon,inks,WFH,,,,,,,,,,,,,,,,,,,,,,,,,,,,,,,,,,,,,,,,,,
,,,,,Josef Rubinstein,"inks, cover inks",WFH,,,,,,,,,,,,,,,,,,,,,,,,,,,,,,,,,,,,,,,,,,
,,,,,Philip Craig Russell,inks,WFH,,,,,,,,,,,,,,,,,,,,,,,,,,,,,,,,,,,,,,,,,,
,,,,,Bart Sears,cover pencils,WFH,,,,,,,,,,,,,,,,,,,,,,,,,,,,,,,,,,,,,,,,,,
,,,,,Carl Gafford,color,N/A,,,,,,,,,,,,,,,,,,,,,,,,,,,,,,,,,,,,,,,,,,
Street Demonz,Gotham 407,Detective Comics #614,May-1990,Y,Alan Grant,writer,WFH,,,,,,,,,,,,,,,,,,,,,,,,,,,,,,,,,,,,,,,,,,
,,,,,Norm Breyfogle,"pencils, cover",WFH,,Deceased,,,,,,,,,,,,,,,,,,,,,,,,,,,,,,,,,,,,,,,,
,,,,,Steve Mitchell,inks,WFH,,,,,,,,,,,,,,,,,,,,,,,,,,,,,,,,,,,,,,,,,,
,,,,,Adrienne Roy,color,Exclusive,,Deceased,,,,,,,,,,,,,,,,,,,,,,,,,,,,,,,,,,,,,,,,
Strikeforce Kobra,,"Outsiders #21
""Strike Force Kobra""",Jul-1987,N,Mike Barr,writer,Writer,,,,,,,,,,,,,,,,,,,,,,,,,,,,,,,,,,,,,,,,,,
,,,,,Jim Aparo,"pencils, inks, cover",Artist; WFH,,,,,,,,,,,,,,,,,,,,,,,,,,,,,,,,,,,,,,,,,,
,,,,,Adrienne Roy,color,N/A,,Deceased,,,,,,,,,,,,,,,,,,,,,,,,,,,,,,,,,,,,,,,,
"Strix
(Mary Turner)",Birds of Prey,Birds of Prey #9,Jul-2012,Y,Duane Swierczynski,writer,WFH,,,,,,,,,,,,,,,,,,,,,,,,,,,,,,,,,,,,,,,,,,
,,,,,Travel Foreman,pencils,WFH,,,,,,,,,,,,,,,,,,,,,,,,,,,,,,,,,,,,,,,,,,
,,,,,Jeffrey C. Huet,inks,WFH,,,,,,,,,,,,,,,,,,,,,,,,,,,,,,,,,,,,,,,,,,
,,,,,Jesus Saiz,cover,WFH,,,,,,,,,,,,,,,,,,,,,,,,,,,,,,,,,,,,,,,,,,
,,,,,Gabe Eltaeb,color,N/A,,,,,,,,,,,,,,,,,,,,,,,,,,,,,,,,,,,,,,,,,,
Stryker's Island Penitentiary,Supergirl 416,"Superman #9
""To Laugh and Die in Metropolis""",Sep-1987,N,John Byrne,"writer, pencils, cover",Continuity Writer; WFH,,,,,,,,,,,,,,,,,,,,,,,,,,,,,,,,,,,,,,,,,,
,,,,,Karl Kesel,inks,WFH,,,,,,,,,,,,,,,,,,,,,,,,,,,,,,,,,,,,,,,,,,
,,,,,Tom Ziuko,color,N/A,,,,,,,,,,,,,,,,,,,,,,,,,,,,,,,,,,,,,,,,,,
Sumo,,"Batman vol 2 #1
""The Court of Owls, Part One: Knife Trick""",Nov-2011,N,Scott Snyder,writer,Exclusive,,,,,,,,,,,,,,,,,,,,,,,,,,,,,,,,,,,,,,,,,,
,,,,,Greg Capullo,pencils,Exclusive,,,,,,,,,,,,,,,,,,,,,,,,,,,,,,,,,,,,,,,,,,
,,,,,Jonathan Glapion,inks,WFH,,,,,,,,,,,,,,,,,,,,,,,,,,,,,,,,,,,,,,,,,,
Sue Dearbon,Flash 601,"The Flash #119
The Elongated Man's Undersea Trap",Mar-1961,N,John Broome,writer,None,,Deceased,,,,,,,,,,,,,,,,,,,,,,,,,,,,,,,,,,,,,,,,
,,,,,Carmine Infantino,"pencils, cover pencils",Settlement,,Deceased,,,,,,,,,,,,,,,,,,,,,,,,,,,,,,,,,,,,,,,,
,,,,,Joe Giella,"inks, cover inks",None,,,,,,,,,,,,,,,,,,,,,,,,,,,,,,,,,,,,,,,,,,
"Suicide Squad
(Silver Age)","Suicide Squad
(2016)",The Brave and the Bold #25,Aug-1959,Y,Robert Kanigher,writer,N/A,,"Kanigher was an employee of DC from 2/3/47 - 5/31/82.
Deceased",,,,,,,,,,,,,,,,,,,,,,,,,,,,,,,,,,,,,,,,
,,,,,Ross Andru,"pencils, cover pencils",None,,Deceased,,,,,,,,,,,,,,,,,,,,,,,,,,,,,,,,,,,,,,,,
,,,,,Mike Esposito,"inks, cover inks",None,,Deceased,,,,,,,,,,,,,,,,,,,,,,,,,,,,,,,,,,,,,,,,
"Suicide Squad
(Modern Age; Task Force X)","Suicide Squad
(2016)",Legends #3,Jan-1987,Y,John Ostrander,plot,WFH,,,,,,,,,,,,,,,,,,,,,,,,,,,,,,,,,,,,,,,,,,
,,,,,Len Wein,writer,WFH,,Deceased,,,,,,,,,,,,,,,,,,,,,,,,,,,,,,,,,,,,,,,,
,,,,,John Byrne,"pencils, cover",WFH,,,,,,,,,,,,,,,,,,,,,,,,,,,,,,,,,,,,,,,,,,
,,,,,Karl Kesel,inks,WFH,,,,,,,,,,,,,,,,,,,,,,,,,,,,,,,,,,,,,,,,,,
,,,,,Thomas Ziuko,color,N/A,,,,,,,,,,,,,,,,,,,,,,,,,,,,,,,,,,,,,,,,,,
Sunderland Corporation,Arrow 607,"Swamp Thing #1
""What Peace There May Be In Silence""",May-1982,N,Martin Pasko,writer,None,,,,,,,,,,,,,,,,,,,,,,,,,,,,,,,,,,,,,,,,,,
,,,,,Thomas Yeates,"pencils, inks, cover",None,,,,,,,,,,,,,,,,,,,,,,,,,,,,,,,,,,,,,,,,,,
,,,,,Tatjana Wood,color,Exclusive,,,,,,,,,,,,,,,,,,,,,,,,,,,,,,,,,,,,,,,,,,
Sundollar,Flash 511,Robin #75,Apr-2000,N,Chuck Dixon,writer,WFH,,,,,,,,,,,,,,,,,,,,,,,,,,,,,,,,,,,,,,,,,,
,,,,,Pete Woods,"pencils, cover pencils",WFH,,,,,,,,,,,,,,,,,,,,,,,,,,,,,,,,,,,,,,,,,,
,,,,,Jesse Delperdang,"inks, cover inks",WFH,,,,,,,,,,,,,,,,,,,,,,,,,,,,,,,,,,,,,,,,,,
,,,,,Noelle Giddings,color,N/A,,,,,,,,,,,,,,,,,,,,,,,,,,,,,,,,,,,,,,,,,,
,,,,,Jamison,color,N/A,,,,,,,,,,,,,,,,,,,,,,,,,,,,,,,,,,,,,,,,,,
Sun-Eaters,Supergirl 414,"Adventure Comics #305
""The Secret of the Mystery Legionnaire!""",Feb-1963,N,"Jerome ""Jerry"" Siegel",writer,Settlement,,Deceased Settlement is with heirs.,,,,,,,,,,,,,,,,,,,,,,,,,,,,,,,,,,,,,,,,
,,,,,John Forte,"pencils, inks",None,,Deceased,,,,,,,,,,,,,,,,,,,,,,,,,,,,,,,,,,,,,,,,
,,,,,Curt Swan,cover pencils,None,,Deceased,,,,,,,,,,,,,,,,,,,,,,,,,,,,,,,,,,,,,,,,
,,,,,George Klein,cover inks,None,,Deceased,,,,,,,,,,,,,,,,,,,,,,,,,,,,,,,,,,,,,,,,
"Superboy
(Young Clark Kent)",,"More Fun Comics #101
""The Origin of Superboy""",Jan-1945,N,"Jerome ""Jerry"" Siegel",writer,Settlement,,Deceased Settlement is with heirs.,,,,,,,,,,,,,,,,,,,,,,,,,,,,,,,,,,,,,,,,
,,,,,Joe Shuster,"pencils, inks",Settlement,,Deceased,,,,,,,,,,,,,,,,,,,,,,,,,,,,,,,,,,,,,,,,
,,,,,Maurice Del Bourgo,cover,None,,,,,,,,,,,,,,,,,,,,,,,,,,,,,,,,,,,,,,,,,,
"Superboy-Prime
(Earth-Prime Kal-El) ",,DC Comics Presents #87,Nov-1985,Y,Elliot Maggin,writer,None,,,,,,,,,,,,,,,,,,,,,,,,,,,,,,,,,,,,,,,,,,
,,,,,Curt Swan,pencils,None,,,,,,,,,,,,,,,,,,,,,,,,,,,,,,,,,,,,,,,,,,
,,,,,Al Williamson,inks,None,,,,,,,,,,,,,,,,,,,,,,,,,,,,,,,,,,,,,,,,,,
,,,,,Eduardo Barreto,cover,None,,,,,,,,,,,,,,,,,,,,,,,,,,,,,,,,,,,,,,,,,,
,,,,,Gene D'Angelo,color,N/A,,,,,,,,,,,,,,,,,,,,,,,,,,,,,,,,,,,,,,,,,,
"Superboy
(Conner Kent; Kon-El)",,"Adventures of Superman #500
""First Sighting: Superboy""",Jun-1993,N,Karl Kesel,writer,Continuity; WFH,,,,,,,,,,,,,,,,,,,,,,,,,,,,,,,,,,,,,,,,,,
,,,,,Tom Grummett,"pencils, cover pencils",Continuity; WFH,,,,,,,,,,,,,,,,,,,,,,,,,,,,,,,,,,,,,,,,,,
,,,,,Doug Hazlewood,"inks, cover inks",Continuity,,,,,,,,,,,,,,,,,,,,,,,,,,,,,,,,,,,,,,,,,,
,,,,,Glenn Whitmore,color,N/A,,,,,,,,,,,,,,,,,,,,,,,,,,,,,,,,,,,,,,,,,,
"Superboy
(Jonathan ""Jon"" Lane Kent)",,Superboy #19,Jun-2013,N,Scott Lobdell,writer,WFH,,,,,,,,,,,,,,,,,,,,,,,,,,,,,,,,,,,,,,,,,,
,,,,,Kenneth Rocafort,"pencils, inks, cover",Exclusive,,,,,,,,,,,,,,,,,,,,,,,,,,,,,,,,,,,,,,,,,,
,,,,,Kevin Senft,color,N/A,,,,,,,,,,,,,,,,,,,,,,,,,,,,,,,,,,,,,,,,,,
"Superboy
(Jonathan ""Jon"" Samuel Kent)",,Convergence: Superman #2,Jul-2015,N,Dan Jurgens,"writer, pencils",WFH,,,,,,,,,,,,,,,,,,,,,,,,,,,,,,,,,,,,,,,,,,
,,,,,Norm Rapmund,inks,WFH,,,,,,,,,,,,,,,,,,,,,,,,,,,,,,,,,,,,,,,,,,
,,,,,Lee Weeks,cover,WFH,,,,,,,,,,,,,,,,,,,,,,,,,,,,,,,,,,,,,,,,,,
,,,,,Brad Anderson,color,WFH,,,,,,,,,,,,,,,,,,,,,,,,,,,,,,,,,,,,,,,,,,
Super Friends,Flash 422,"Super Friends
""The Power Pirate""",Sep-1973,,William Hanna & Joseph Barbera,producers,,,,,,,,,,,,,,,,,,,,,,,,,,,,,,,,,,,,,,,,,,,
Super-Girl,,Superman #123,Aug-1958,Y,Otto Binder,writer,None,,Deceased,,,,,,,,,,,,,,,,,,,,,,,,,,,,,,,,,,,,,,,,
,,,,,Dick Sprang,pencils,None,,Deceased,Dick Sprang’s beneficiary is Yavapai Symphony Association. We’ve been paying Yavapai Symphony Association since 2000 for Dick Sprang’s royalties,,,,,,,,,,,,,,,,,,,,,,,,,,,,,,,,,,,,,,,
,,,,,Curt Swan,cover pencils,None,,Deceased,,,,,,,,,,,,,,,,,,,,,,,,,,,,,,,,,,,,,,,,
,,,,,Stan Kaye,"inks, cover inks",None,,Deceased,,,,,,,,,,,,,,,,,,,,,,,,,,,,,,,,,,,,,,,,
"Supergirl
(Kara Zor-El)",,"Action Comics #252
""The Supergirl From Krypton""",May-1959,Y,Otto Binder,writer,None,,Deceased,,,,,,,,,,,,,,,,,,,,,,,,,,,,,,,,,,,,,,,,
,,,,,Al Plastino,"pencils, inks",None,,Deceased,,,,,,,,,,,,,,,,,,,,,,,,,,,,,,,,,,,,,,,,
,,,,,Curt Swan,cover pencils,None,,Deceased,,,,,,,,,,,,,,,,,,,,,,,,,,,,,,,,,,,,,,,,
,,,,,Stan Kaye,cover inks,None,,Deceased,,,,,,,,,,,,,,,,,,,,,,,,,,,,,,,,,,,,,,,,
"Supergirl
(Matrix)",,Superman #16,Apr-1988,N,John Byrne,"writer, pencils, cover",WFH,,,,,,,,,,,,,,,,,,,,,,,,,,,,,,,,,,,,,,,,,,
,,,,,Karl Kesel,inks,WFH,,,,,,,,,,,,,,,,,,,,,,,,,,,,,,,,,,,,,,,,,,
,,,,,Thomas Ziuko,color,N/A,,,,,,,,,,,,,,,,,,,,,,,,,,,,,,,,,,,,,,,,,,
"Supergirl
(Linda Danvers)",,Supergirl #1,Sep-1996,Y,Peter David,writer,WFH,,,,,,,,,,,,,,,,,,,,,,,,,,,,,,,,,,,,,,,,,,
,,,,,Gary Frank,"pencils, cover pencils",WFH,,,,,,,,,,,,,,,,,,,,,,,,,,,,,,,,,,,,,,,,,,
,,,,,Cam Smith,"inks, cover inks",WFH,,,,,,,,,,,,,,,,,,,,,,,,,,,,,,,,,,,,,,,,,,
,,,,,Gene D'Angelo,color,N/A,,,,,,,,,,,,,,,,,,,,,,,,,,,,,,,,,,,,,,,,,,
,,,,,Digital Chameleon,color,N/A,,,,,,,,,,,,,,,,,,,,,,,,,,,,,,,,,,,,,,,,,,
,,,,,Patrick Martin,cover color,N/A,,,,,,,,,,,,,,,,,,,,,,,,,,,,,,,,,,,,,,,,,,
"Supergirl
(Cir-El)",,Superman 10-Cent Adventure #1,Mar-2003,N,Steven Seagle,writer,Continuity,,,,,,,,,,,,,,,,,,,,,,,,,,,,,,,,,,,,,,,,,,
,,,,,Scott McDaniel,"pencils, cover pencils",Continuity,,,,,,,,,,,,,,,,,,,,,,,,,,,,,,,,,,,,,,,,,,
,,,,,Andy Owens,"inks, cover inks",WFH,,,,,,,,,,,,,,,,,,,,,,,,,,,,,,,,,,,,,,,,,,
,,,,,Richard Horie,color,N/A,,,,,,,,,,,,,,,,,,,,,,,,,,,,,,,,,,,,,,,,,,
,,,,,Tanya Horie,color,N/A,,,,,,,,,,,,,,,,,,,,,,,,,,,,,,,,,,,,,,,,,,
"Superman
(Clark Kent)",,"Action Comics #1
""Superman, Champion of the Oppressed""",Jun-1938,Y,"Jerome ""Jerry"" Siegel",writer,Settlement,2001,Deceased Settlement is with heirs.,,,,,,,,,,,,,,,,,,,,,,,,,,,,,,,,,,,,,,,,
,,,,,Joseph Shuster,"pencils, inks, cover",Settlement,Y,Deceased,,,,,,,,,,,,,,,,,,,,,,,,,,,,,,,,,,,,,,,,
Susan Williams Jordan,Arrow 503,"Green Lantern #9
""Green Lantern's Brother Act""",Nov-1961,N,John Broome,writer,None,,Deceased,,,,,,,,,,,,,,,,,,,,,,,,,,,,,,,,,,,,,,,,
,,,,,Gil Kane,"pencils, cover pencils",None,,Deceased,,,,,,,,,,,,,,,,,,,,,,,,,,,,,,,,,,,,,,,,
,,,,,Joe Giella,inks,None,,,,,,,,,,,,,,,,,,,,,,,,,,,,,,,,,,,,,,,,,,
,,,,,Murphy Anderson,cover inks,None,,Deceased,,,,,,,,,,,,,,,,,,,,,,,,,,,,,,,,,,,,,,,,
"Swamp Thing
(Alex Olsen)",Dark Universe,"House of Secrets #92
""Swamp Thing""",Jun-1971,Y,Len Wein,writer,Settlement,2002,Deceased,,,,,,,,,,,,,,,,,,,,,,,,,,,,,,,,,,,,,,,,
,,,,,Berni Wrightson,"pencils, inks, cover",Settlement,2002,Deceased,,,,,,,,,,,,,,,,,,,,,,,,,,,,,,,,,,,,,,,,
"Swamp Thing
(Alec Holland)",Dark Universe,Swamp Thing #1,Oct-1972,Y,Len Wein,writer,Settlement,2002,"Alan Moore, Steven Bissette, and John Totleben also receive equity payments for Alec Holland although they did not work on this first appearance issue and do not receive creator credit.
Deceased",,,,,,,,,,,,,,,,,,,,,,,,,,,,,,,,,,,,,,,,
,,,,,Berni Wrightson,"pencils, inks, cover",Settlement,2002,,,,,,,,,,,,,,,,,,,,,,,,,,,,,,,,,,,,,,,,,
"Swamp Thing
(Albert Höllerer)",Dark Universe,Swamp Thing #47,Apr-1986,Y,Alan Moore,writer,None,,,,,,,,,,,,,,,,,,,,,,,,,,,,,,,,,,,,,,,,,,
,,,,,Stan Woch,pencils,None,,,,,,,,,,,,,,,,,,,,,,,,,,,,,,,,,,,,,,,,,,
,,,,,Ron Randall,inks,None,,,,,,,,,,,,,,,,,,,,,,,,,,,,,,,,,,,,,,,,,,
,,,,,Steven Bissette,cover pencils,None,,,,,,,,,,,,,,,,,,,,,,,,,,,,,,,,,,,,,,,,,,
,,,,,John Totleben,cover inks,None,,,,,,,,,,,,,,,,,,,,,,,,,,,,,,,,,,,,,,,,,,
,,,,,Tatjana Wood,color,N/A,,,,,,,,,,,,,,,,,,,,,,,,,,,,,,,,,,,,,,,,,,
"Swamp Thing
(Allan Hallman)",Dark Universe,Swamp Thing #102,Dec-1990,Y,Doug Wheeler,writer,WFH,,,,,,,,,,,,,,,,,,,,,,,,,,,,,,,,,,,,,,,,,,
,,,,,Mike Hoffman,pencils,WFH,,,,,,,,,,,,,,,,,,,,,,,,,,,,,,,,,,,,,,,,,,
,,,,,Peter Gross,inks,WFH,,,,,,,,,,,,,,,,,,,,,,,,,,,,,,,,,,,,,,,,,,
,,,,,Simon Bisley,cover,WFH,,,,,,,,,,,,,,,,,,,,,,,,,,,,,,,,,,,,,,,,,,
,,,,,Tatjana Wood,color,N/A,,,,,,,,,,,,,,,,,,,,,,,,,,,,,,,,,,,,,,,,,,
"Swamp Thing
(Aaron Hayley)",Dark Universe,Swamp Thing: Roots,1998,Y,John J. Muth,"writer, pencils, inks, color, cover",Prestige,,,,,,,,,,,,,,,,,,,,,,,,,,,,,,,,,,,,,,,,,,
Sweet Tooth,,Sweet Tooth #1,Nov-2009,Y,Jeff Lemire,"writer, pencils, inks, cover",Sole Creator/All Rights; Writer-Artist,Y,,,,,,,,,,,,,,,,,,,,,,,,,,,,,,,,,,,,,,,,,
,,,,,Jose Villarrubia,color,N/A,,,,,,,,,,,,,,,,,,,,,,,,,,,,,,,,,,,,,,,,,,
"Swift
(Shen Li-Min)",,Stormwatch #28,Sep-1995,Y,Jeff Mariotte,writer,None,,,,,,,,,,,,,,,,,,,,,,,,,,,,,,,,,,,,,,,,,,
,,,,,Ron Lim,"pencils, cover",None,,,,,,,,,,,,,,,,,,,,,,,,,,,,,,,,,,,,,,,,,,
,,,,,Robert Jones,inks,None,,,,,,,,,,,,,,,,,,,,,,,,,,,,,,,,,,,,,,,,,,
,,,,,Tony Kelly,color,N/A,,,,,,,,,,,,,,,,,,,,,,,,,,,,,,,,,,,,,,,,,,
Sword of Rao,"Man of Steel
(2013)",Superman Annual #11,1985,N,Alan Moore,writer,None,,,,,,,,,,,,,,,,,,,,,,,,,,,,,,,,,,,,,,,,,,
,,,,,Dave Gibbons,"pencils, inks, cover",WFH,,,,,,,,,,,,,,,,,,,,,,,,,,,,,,,,,,,,,,,,,,
,,,,,Thomas Ziuko,color,N/A,,,,,,,,,,,,,,,,,,,,,,,,,,,,,,,,,,,,,,,,,,
"Syonide
(Black Lightning villain)",Black Lightning 101,Black Lightning #6,Jan-1978,Y,Anthony Isabella,writer,Exclusive; Creator Recognition,2016,,,,,,,,,,,,,,,,,,,,,,,,,,,,,,,,,,,,,,,,,
,,,,,Trevor Von Eeden,pencils,None,2016,,,,,,,,,,,,,,,,,,,,,,,,,,,,,,,,,,,,,,,,,
,,,,,Vince Colletta,"inks, cover inks",Exclusive,,Deceased,,,,,,,,,,,,,,,,,,,,,,,,,,,,,,,,,,,,,,,,
,,,,,Rich Buckler,cover pencils,None,,,,,,,,,,,,,,,,,,,,,,,,,,,,,,,,,,,,,,,,,,
,,,,,Jerry Serpe,color,N/A,,,,,,,,,,,,,,,,,,,,,,,,,,,,,,,,,,,,,,,,,,
"Syonide
(Strike Force Kobra; Outsiders villain)",,Batman & The Outsiders #19,Mar-1985,N,Mike W. Barr,writer,Writer Agreement,2006,Character equity agreement acknowledges pre-existing character,,,,,,,,,,,,,,,,,,,,,,,,,,,,,,,,,,,,,,,,
,,,,,Jim Aparo,"pencils, inks, cover",Artist Agreement; Exclusive,,Deceased,,,,,,,,,,,,,,,,,,,,,,,,,,,,,,,,,,,,,,,,
,,,,,Adrienne Roy,color,Exclusive,,Deceased,,,,,,,,,,,,,,,,,,,,,,,,,,,,,,,,,,,,,,,,
"Syonide
(Nikki; Outsiders villain)",,Outisders #16,Mar-1995,Y,Mike W. Barr,writer,Writer Agreement,,,,,,,,,,,,,,,,,,,,,,,,,,,,,,,,,,,,,,,,,,
,,,,,Paul Pelletier,"pencils, cover pencils",Continuity Artist,,,,,,,,,,,,,,,,,,,,,,,,,,,,,,,,,,,,,,,,,,
,,,,,Robert Campanella,"inks, cover inks",Continuity Artist,,,,,,,,,,,,,,,,,,,,,,,,,,,,,,,,,,,,,,,,,,
,,,,,Gene D'Angelo,color,Exclusive,,,,,,,,,,,,,,,,,,,,,,,,,,,,,,,,,,,,,,,,,,
Syraq,Flash,Detective Comics #590,Sep-1988,N,John Wagner,writer,Writer,,Writer agreement is in Warehouse - not in eDocs yet,,,,,,,,,,,,,,,,,,,,,,,,,,,,,,,,,,,,,,,,
,,,,,Alan Grant,writer,WFH; Writer,,Writer agreement is in Warehouse - not in eDocs yet,,,,,,,,,,,,,,,,,,,,,,,,,,,,,,,,,,,,,,,,
,,,,,Norm Breyfogle,"pencils, inks, cover",WFH; Artist,,"Deceased
Artist agreement is in Warehouse - not in eDocs yet",,,,,,,,,,,,,,,,,,,,,,,,,,,,,,,,,,,,,,,,
,,,,,Adrienne Roy,color,N/A,,,,,,,,,,,,,,,,,,,,,,,,,,,,,,,,,,,,,,,,,,
Takron-Galtos,Supergirl 215,Adventure Comics #359,Aug-1967,N,"James ""Jim"" Shooter","writer, layouts",None,,,,,,,,,,,,,,,,,,,,,,,,,,,,,,,,,,,,,,,,,,
,,,,,Curt Swan,"pencils, cover pencils",None,,Deceased,,,,,,,,,,,,,,,,,,,,,,,,,,,,,,,,,,,,,,,,
,,,,,George Klein,"inks, cover inks",None,,Deceased,,,,,,,,,,,,,,,,,,,,,,,,,,,,,,,,,,,,,,,,
Talia al Ghul,"The Dark Knight Rises
(2012)","Detective Comics #411
""Into the Den of the Death-Dealers""",May-1971,N,Denny O'Neil,writer,Creator Recognition,2012,,,,,,,,,,,,,,,,,,,,,,,,,,,,,,,,,,,,,,,,,
,,,,,Bob Brown,pencils,None,,,,,,,,,,,,,,,,,,,,,,,,,,,,,,,,,,,,,,,,,,
,,,,,Dick Giordano,inks,N/A,,"Giordano was an employee of DC at this time.
Deceased",,,,,,,,,,,,,,,,,,,,,,,,,,,,,,,,,,,,,,,,
,,,,,Neal Adams,cover,Creator Recognition,,,,,,,,,,,,,,,,,,,,,,,,,,,,,,,,,,,,,,,,,,
Talon,Gotham 301,Batman #2,Dec-2011,N,Scott Snyder,writer,Exclusive; WFH,Y,All WFH Agreements for this issue are numbered incorrectly since they were signed prior to the decision to restart the numbering sequence. Therefore WFH agreements for Batman #715 correspond to Batman #2,,,,,,,,,,,,,,,,,,,,,,,,,,,,,,,,,,,,,,,,
,,,,,Greg Capullo,"pencils, cover",Exclusive; WFH,Y,,,,,,,,,,,,,,,,,,,,,,,,,,,,,,,,,,,,,,,,,
,,,,,Jonathan Glapion,inks,WFH,,,,,,,,,,,,,,,,,,,,,,,,,,,,,,,,,,,,,,,,,,
,,,,,Fco Plascencia,color,N/A,,,,,,,,,,,,,,,,,,,,,,,,,,,,,,,,,,,,,,,,,,
Tamaran,Titans 111,New Teen Titans #3,Jan-1981,N,Marv Wolfman,writer,Exclusive,1983,,,,,,,,,,,,,,,,,,,,,,,,,,,,,,,,,,,,,,,,,
,,,,,George Perez,"pencils, cover",Exclusive,1983,,,,,,,,,,,,,,,,,,,,,,,,,,,,,,,,,,,,,,,,,
,,,,,Frank Chiaramonte,inks,Exclusive,,Deceased,,,,,,,,,,,,,,,,,,,,,,,,,,,,,,,,,,,,,,,,
,,,,,Adrienne Roy,color,Exclusive,,Deceased,,,,,,,,,,,,,,,,,,,,,,,,,,,,,,,,,,,,,,,,
"TAO
(Tactically Augmented Organism)","Point Blank
Sleeper",WildC.A.T.S.: Covert Action Teams #21,Jul-1995,N,Alan Moore,writer,None,,See also: WildStorm Asset Purchase Agreement,,,,,,,,,,,,,,,,,,,,,,,,,,,,,,,,,,,,,,,,
,,,,,Travis Charest,pencils,None,,,,,,,,,,,,,,,,,,,,,,,,,,,,,,,,,,,,,,,,,,
,,,,,Troy Hubbs,"inks, cover inks",None,,,,,,,,,,,,,,,,,,,,,,,,,,,,,,,,,,,,,,,,,,
,,,,,Jim Lee,cover pencils,WildStorm Employment Agreement,,,,,,,,,,,,,,,,,,,,,,,,,,,,,,,,,,,,,,,,,,
,,,,,Joe Chiodo,color,N/A,,,,,,,,,,,,,,,,,,,,,,,,,,,,,,,,,,,,,,,,,,
,,,,,Martin Jimenez,color,N/A,,,,,,,,,,,,,,,,,,,,,,,,,,,,,,,,,,,,,,,,,,
,,,,,WildStorm FX,color,N/A,,,,,,,,,,,,,,,,,,,,,,,,,,,,,,,,,,,,,,,,,,
"Tar Pit
(Joseph Monteleone)","Flash 212
(2/2/2016)",Flash #174,Jul-2001,Y,Geoff Johns,writer,Exclusive,Y,,,,,,,,,,,,,,,,,,,,,,,,,,,,,,,,,,,,,,,,,
,,,,,Scott Kolins,pencils,WFH,Y,,,,,,,,,,,,,,,,,,,,,,,,,,,,,,,,,,,,,,,,,
,,,,,Doug Hazlewood,inks,WFH,,,,,,,,,,,,,,,,,,,,,,,,,,,,,,,,,,,,,,,,,,
,,,,,Brian J. Bolland,cover,WFH,,,,,,,,,,,,,,,,,,,,,,,,,,,,,,,,,,,,,,,,,,
,,,,,James Sinclair,color,N/A,,,,,,,,,,,,,,,,,,,,,,,,,,,,,,,,,,,,,,,,,,
"Tarantula
(Jonathan Law)",Lego Batman,"Star-Spangled Comics #1
""Ace-Deuce""",Oct-1941,N,Mort Weisinger,writer,N/A,,"Weisinger was an employee of DC Comics at this time.
Deceased",,,,,,,,,,,,,,,,,,,,,,,,,,,,,,,,,,,,,,,,
,,,,,Harold Sharp,"pencils, inks",None,,,,,,,,,,,,,,,,,,,,,,,,,,,,,,,,,,,,,,,,,,
,,,,,Harold Sherman,cover,None,,,,,,,,,,,,,,,,,,,,,,,,,,,,,,,,,,,,,,,,,,
"Tarantula
(Catalina Flores)",Lego Batman,Nightwing #71,Sep-2002,N,Devin Grayson,writer,WFH,,,,,,,,,,,,,,,,,,,,,,,,,,,,,,,,,,,,,,,,,,
,,,,,Rick Leonardi,pencils,WFH,,,,,,,,,,,,,,,,,,,,,,,,,,,,,,,,,,,,,,,,,,
,,,,,Jesse Delperdang,inks,WFH,,,,,,,,,,,,,,,,,,,,,,,,,,,,,,,,,,,,,,,,,,
,,,,,Michael Golden,cover,WFH,,,,,,,,,,,,,,,,,,,,,,,,,,,,,,,,,,,,,,,,,,
,,,,,Gregory Wright,color,N/A,,,,,,,,,,,,,,,,,,,,,,,,,,,,,,,,,,,,,,,,,,
"Tasmanian Devil
(Hugh Dawkins)","Powerless
(Global Guardians)",Super Friends #7,Aug-1977,N,E. Nelson Bridwell,writer,N/A,,"Bridwell was an employee of DC at this time.
Deceased",,,,,,,,,,,,,,,,,,,,,,,,,,,,,,,,,,,,,,,,
,,,,,Ramona Fradon,"pencils, cover pencils",Exclusive; Creator Recognition,2016,,,,,,,,,,,,,,,,,,,,,,,,,,,,,,,,,,,,,,,,,
,,,,,Robert R. Smith,"inks, cover inks",None,,,,,,,,,,,,,,,,,,,,,,,,,,,,,,,,,,,,,,,,,,
"The Tattooed Man
(Abel Tarrant)",Legends 220,"Green Lantern #23
""Threat of the Tattooed Man!""",Sep-1963,Y,Gardner F. Fox,writer,Creator Recognition,,Deceased Creator Recognition Agreement is with heirs.,,,,,,,,,,,,,,,,,,,,,,,,,,,,,,,,,,,,,,,,
,,,,,Gil Kane,"pencils, cover pencils",None,,Deceased,,,,,,,,,,,,,,,,,,,,,,,,,,,,,,,,,,,,,,,,
,,,,,Frank Giacoia,inks,None,,Deceased,,,,,,,,,,,,,,,,,,,,,,,,,,,,,,,,,,,,,,,,
,,,,,Joe Giella,inks,None,,,,,,,,,,,,,,,,,,,,,,,,,,,,,,,,,,,,,,,,,,
,,,,,Murphy Anderson,cover inks,None,,Deceased,,,,,,,,,,,,,,,,,,,,,,,,,,,,,,,,,,,,,,,,
"The Tattooed Man
(John Oakes)",,Skin Graft: The Adventures of a Tattooed Man #1,Jul-1993,Y,Jerry Prosser,writer,WFH,,,,,,,,,,,,,,,,,,,,,,,,,,,,,,,,,,,,,,,,,,
,,,,,Warren Pleece,"pencils, inks, color",WFH,,,,,,,,,,,,,,,,,,,,,,,,,,,,,,,,,,,,,,,,,,
,,,,,Gavin Wilson,cover photographer,WFH,,,,,,,,,,,,,,,,,,,,,,,,,,,,,,,,,,,,,,,,,,
,,,,,Mike Nota,cover model,None,,This information has been provided by the GCD. We do not have agreements with these individuals; we assume they were engaged by the photographer.,,,,,,,,,,,,,,,,,,,,,,,,,,,,,,,,,,,,,,,,
,,,,,Jonathan Shaw,tattoo artist on cover model,None,,,,,,,,,,,,,,,,,,,,,,,,,,,,,,,,,,,,,,,,,,
,,,,,Richie Montgomery,tattoo artist on cover model,None,,,,,,,,,,,,,,,,,,,,,,,,,,,,,,,,,,,,,,,,,,
"The Tattooed Man
(Mark Richards)",Black Lightning 101,Green Lantern #9,Apr-2006,N,Geoff Johns,writer,Exclusive; WFH,,,,,,,,,,,,,,,,,,,,,,,,,,,,,,,,,,,,,,,,,,
,,,,,Ethan Van Sciver,pencils,WFH,,,,,,,,,,,,,,,,,,,,,,,,,,,,,,,,,,,,,,,,,,
,,,,,Prentis Rollins,inks,WFH,,,,,,,,,,,,,,,,,,,,,,,,,,,,,,,,,,,,,,,,,,
,,,,,Simone Bianchi,cover,WFH,,,,,,,,,,,,,,,,,,,,,,,,,,,,,,,,,,,,,,,,,,
,,,,,"William ""Moose"" Baumann",color,N/A,,,,,,,,,,,,,,,,,,,,,,,,,,,,,,,,,,,,,,,,,,
Tawny Young,Flash 308,Green Lantern #176,May-1984,N,Len Wein,writer,WFH,Y,Deceased,,,,,,,,,,,,,,,,,,,,,,,,,,,,,,,,,,,,,,,,
,,,,,Dave Gibbons,"pencils, cover",WFH,,,,,,,,,,,,,,,,,,,,,,,,,,,,,,,,,,,,,,,,,,
,,,,,Dick Giordano,inks,WFH,,"Giordano was an employee of DC at this time.
Deceased",,,,,,,,,,,,,,,,,,,,,,,,,,,,,,,,,,,,,,,,
,,,,,Anthony Tollin,color,Exclusive,,,,,,,,,,,,,,,,,,,,,,,,,,,,,,,,,,,,,,,,,,
Teekl the Were-Cat,Dark Universe,The Demon #7,Mar-1973,N,Jack Kirby,"creator, writer, pencils, cover pencils",1982 Agreement,,Deceased,,,,,,,,,,,,,,,,,,,,,,,,,,,,,,,,,,,,,,,,
,,,,,Mike Royer,"inks, cover inks",None,,,,,,,,,,,,,,,,,,,,,,,,,,,,,,,,,,,,,,,,,,
"Teen Titans
(Aqualad, Kid Flash, Robin, Speedy, Wonder Girl)",,The Brave and the Bold #54,Jun-1964,Y,Bob Haney,writer,Contributor Recognition,,Deceased Contributor Recognition agreement is with heirs.,,,,,,,,,,,,,,,,,,,,,,,,,,,,,,,,,,,,,,,,
,,,,,Bruno Premiani,"pencils, cover",None,,,,,,,,,,,,,,,,,,,,,,,,,,,,,,,,,,,,,,,,,,
,,,,,Sheldon Moldoff,inks,None,,,,,,,,,,,,,,,,,,,,,,,,,,,,,,,,,,,,,,,,,,
"New Teen Titans
(Robin, Kid Flash, Raven, Wonder Girl, Cyborg, Beast Boy, Starfire)",,"DC Comics Presents #26
""Where Nightmares Begin""",Oct-1980,N,Marv Wolfman,writer,Exclusive,Y,,,,,,,,,,,,,,,,,,,,,,,,,,,,,,,,,,,,,,,,,
,,,,,George Perez,pencils,None,Y,,,,,,,,,,,,,,,,,,,,,,,,,,,,,,,,,,,,,,,,,
,,,,,Dick Giordano,inks,Exclusive,,"Giordano may have been an employee of DC at this time.
Deceased",,,,,,,,,,,,,,,,,,,,,,,,,,,,,,,,,,,,,,,,
,,,,,Jim Starlin,cover,None,,,,,,,,,,,,,,,,,,,,,,,,,,,,,,,,,,,,,,,,,,
,,,,,Adrienne Roy,color,N/A,,Deceased,,,,,,,,,,,,,,,,,,,,,,,,,,,,,,,,,,,,,,,,
"Titans
(The Atom, Cody Driscoll, Isaiah Crockett, Audrey Spears, Toni Monetti)",,Teen Titans #1,Oct-1996,Y,Dan Jurgens,"writer, pencils, cover pencils",Continuity; WFH,,,,,,,,,,,,,,,,,,,,,,,,,,,,,,,,,,,,,,,,,,
,,,,,George Perez,"inks, cover inks",WFH,,,,,,,,,,,,,,,,,,,,,,,,,,,,,,,,,,,,,,,,,,
,,,,,Gregory Wright,color,N/A,,,,,,,,,,,,,,,,,,,,,,,,,,,,,,,,,,,,,,,,,,
,,,,,Digital Chameleon,color,N/A,,,,,,,,,,,,,,,,,,,,,,,,,,,,,,,,,,,,,,,,,,
"Teen Titans
(Beast Boy, Cyborg, Impulse, Robin, Starfire, Superboy, Wonder Girl)",,Teen Titans #1,Sep-2003,Y,Geoff Johns,writer,WFH,,,,,,,,,,,,,,,,,,,,,,,,,,,,,,,,,,,,,,,,,,
,,,,,Mike McKone,"pencils, cover pencils, variant cover pencils",WFH,,,,,,,,,,,,,,,,,,,,,,,,,,,,,,,,,,,,,,,,,,
,,,,,Marlo Alquiza,"inks, cover inks",WFH,,,,,,,,,,,,,,,,,,,,,,,,,,,,,,,,,,,,,,,,,,
,,,,,Michael Turner,variant cover,WFH,,,,,,,,,,,,,,,,,,,,,,,,,,,,,,,,,,,,,,,,,,
,,,,,Lary Stucker,variant cover inks,None,,,,,,,,,,,,,,,,,,,,,,,,,,,,,,,,,,,,,,,,,,
,,,,,Jeromy Cox,color,N/A,,,,,,,,,,,,,,,,,,,,,,,,,,,,,,,,,,,,,,,,,,
Tefé Holland,,Swamp Thing #90,Dec-1989,N,Doug Wheeler,writer,WFH,,,,,,,,,,,,,,,,,,,,,,,,,,,,,,,,,,,,,,,,,,
,,,,,Pat Broderick,pencils,WFH,,,,,,,,,,,,,,,,,,,,,,,,,,,,,,,,,,,,,,,,,,
,,,,,Alfredo Alcala,inks,WFH,,,,,,,,,,,,,,,,,,,,,,,,,,,,,,,,,,,,,,,,,,
,,,,,John Totleben,cover,WFH,,,,,,,,,,,,,,,,,,,,,,,,,,,,,,,,,,,,,,,,,,
,,,,,Tatjana Wood,color,N/A,,,,,,,,,,,,,,,,,,,,,,,,,,,,,,,,,,,,,,,,,,
"Tempest
(Joshua Clay)",,Showcase #94,Feb-1989,Y,Paul Kupperberg,writer,None,Y,,,,,,,,,,,,,,,,,,,,,,,,,,,,,,,,,,,,,,,,,
,,,,,Joe Staton,"pencils, inks",Exclusive,Y,,,,,,,,,,,,,,,,,,,,,,,,,,,,,,,,,,,,,,,,,
,,,,,Jim Aparo,cover,Exclusive,,,,,,,,,,,,,,,,,,,,,,,,,,,,,,,,,,,,,,,,,,
,,,,,Elizabeth Berube,color,N/A,,,,,,,,,,,,,,,,,,,,,,,,,,,,,,,,,,,,,,,,,,
"Ten-Eyed Man
(Philip Reardon)",Lego Batman,"Batman #226
""The Man With Ten Eyes""",Nov-1970,Y,Frank Robbins,writer,None,,,,,,,,,,,,,,,,,,,,,,,,,,,,,,,,,,,,,,,,,,
,,,,,"Irving ""Irv"" Novick",pencils,None,,"Novick was an employee of DC Comics from 5/9/67 - 12/28/84.
Deceased",,,,,,,,,,,,,,,,,,,,,,,,,,,,,,,,,,,,,,,,
,,,,,Dick Giordano,"inks, cover inks",N/A,,"Giordano may have been an employee of DC at this time.
Deceased",,,,,,,,,,,,,,,,,,,,,,,,,,,,,,,,,,,,,,,,
,,,,,Neal Adams,cover pencils,Creator Recognition,,,,,,,,,,,,,,,,,,,,,,,,,,,,,,,,,,,,,,,,,,
"Terrific Whatzit
(Merton McSnurtle; McSnurtle the Turtle)",Flash 310,"Funny Stuff #1
""The Terrific Whatzit!""",Summer 1944,N,Sheldon Mayer,"writer, cover",None,,"The writer on this work is generally credited as “unknown.” However, the GCD suggests that Mayer may have been the writer, so we include him here to be conservative. Wayne Smith noted that Mayer bio piece in AWODC #5 confirms he was an editor from 1939-1948. Cleared for use in Super Pets film.",,,,,,,,,,,,,,,,,,,,,,,,,,,,,,,,,,,,,,,,
,,,,,Martin Naydel,"pencils, inks",None,,,,,,,,,,,,,,,,,,,,,,,,,,,,,,,,,,,,,,,,,,
Tessa Crowne,,Challengers of the Unknown #1,Aug-2004,N,Howard Chaykin,"writer, pencils, inks, cover",WFH,,,,,,,,,,,,,,,,,,,,,,,,,,,,,,,,,,,,,,,,,,
,,,,,Rian Hughes,art direction,WFH,,,,,,,,,,,,,,,,,,,,,,,,,,,,,,,,,,,,,,,,,,
,,,,,Michelle Madsen,color,N/A,,,,,,,,,,,,,,,,,,,,,,,,,,,,,,,,,,,,,,,,,,
Tezumak,,JLA vol 1 #66,Jul-2002,N,Joe Kelly,writer,Exclusive,,,,,,,,,,,,,,,,,,,,,,,,,,,,,,,,,,,,,,,,,,
,,,,,Doug Mahnke,pencils,WFH,,,,,,,,,,,,,,,,,,,,,,,,,,,,,,,,,,,,,,,,,,
,,,,,Tom Nguyen,inks,WFH,,,,,,,,,,,,,,,,,,,,,,,,,,,,,,,,,,,,,,,,,,
Thanagar,Krypton,Brave & The Bold #34,Feb-1961,N,Gardner F. Fox,writer,Creator Recognition,,Deceased Creator recognition agreement with is with heirs.,,,,,,,,,,,,,,,,,,,,,,,,,,,,,,,,,,,,,,,,
,,,,,Joe Kubert,"pencils, inks, cover",None,,Deceased,,,,,,,,,,,,,,,,,,,,,,,,,,,,,,,,,,,,,,,,
Tharok,,Adventure Comics #352,Jan-1967,Y,"James ""Jim"" Shooter",writer,None,,,,,,,,,,,,,,,,,,,,,,,,,,,,,,,,,,,,,,,,,,
,,,,,Curt Swan,"pencils, cover pencils",None,,Deceased,,,,,,,,,,,,,,,,,,,,,,,,,,,,,,,,,,,,,,,,
,,,,,George Klein,"inks, cover inks",None,,Deceased,,,,,,,,,,,,,,,,,,,,,,,,,,,,,,,,,,,,,,,,
Theg Daggle,,Legion of Super-Heroes #8,Jun-1990,N,Tom Bierbaum,writer,WFH,,,,,,,,,,,,,,,,,,,,,,,,,,,,,,,,,,,,,,,,,,
,,,,,Mary Bierbaum,writer,WFH,,,,,,,,,,,,,,,,,,,,,,,,,,,,,,,,,,,,,,,,,,
,,,,,Keith Giffen,"writer, pencils, cover pencils",WFH,,,,,,,,,,,,,,,,,,,,,,,,,,,,,,,,,,,,,,,,,,
,,,,,Chris Sprouse,pencils,WFH,,,,,,,,,,,,,,,,,,,,,,,,,,,,,,,,,,,,,,,,,,
,,,,,Al Gordon,"writer, inks, cover inks",WFH,,,,,,,,,,,,,,,,,,,,,,,,,,,,,,,,,,,,,,,,,,
,,,,,Tom McCraw,color,N/A,,,,,,,,,,,,,,,,,,,,,,,,,,,,,,,,,,,,,,,,,,
"Themyscira
(Paradise Island)",,"as Paradise Island:
All-Star Comics #8
""Introducing Wonder Woman""",Dec-1941,N,William Moulton Marston,writer,Marston agreements (7/31/41; 1/15/46; 7/25/51),,Deceased Final agreement is with Estate.,,,,,,,,,,,,,,,,,,,,,,,,,,,,,,,,,,,,,,,,
,,,,,Harry G. Peter,"pencils, inks",Artist,,Deceased,,,,,,,,,,,,,,,,,,,,,,,,,,,,,,,,,,,,,,,,
,,,,,Everett E. Hibbard,cover,None,,Deceased,,,,,,,,,,,,,,,,,,,,,,,,,,,,,,,,,,,,,,,,
,,"as Themyscira:
Wonder Woman #1",Feb-1987,N,Greg Potter,writer,WFH,,,,,,,,,,,,,,,,,,,,,,,,,,,,,,,,,,,,,,,,,,
,,,,,George Perez,"plot, pencils, cover",Continuity,,,,,,,,,,,,,,,,,,,,,,,,,,,,,,,,,,,,,,,,,,
,,,,,Bruce Patterson,inks,WFH,,,,,,,,,,,,,,,,,,,,,,,,,,,,,,,,,,,,,,,,,,
,,,,,Tatjana Wood,color,N/A,,,,,,,,,,,,,,,,,,,,,,,,,,,,,,,,,,,,,,,,,,
"The Thinker
(Clifford DeVoe)",Flash 402,"All-Flash #12
""Tumble Inn to Trouble""",Fall 1943,N,Gardner F. Fox,writer,Creator Recognition,,Deceased Creator recognition agreement with heirs.,,,,,,,,,,,,,,,,,,,,,,,,,,,,,,,,,,,,,,,,
,,,,,Everett E. Hibbard,"artist, cover",None,,Deceased,,,,,,,,,,,,,,,,,,,,,,,,,,,,,,,,,,,,,,,,
"The Thinker
(Cliff Carmichael)","Suicide Squad
(2016)","as Cliff Carmichael:
Firestorm #1",Mar-1978,N,Gerry Conway,writer,Exclusive,1979,,,,,,,,,,,,,,,,,,,,,,,,,,,,,,,,,,,,,,,,,
,,,,,Al Milgrom,"pencils, cover",None,1980,,,,,,,,,,,,,,,,,,,,,,,,,,,,,,,,,,,,,,,,,
,,,,,Klaus Janson,inks,None,,,,,,,,,,,,,,,,,,,,,,,,,,,,,,,,,,,,,,,,,,
,,,,,Josef Rubinstein,inks,None,,,,,,,,,,,,,,,,,,,,,,,,,,,,,,,,,,,,,,,,,,
,,,,,Adrienne Roy,color,N/A,,Deceased,,,,,,,,,,,,,,,,,,,,,,,,,,,,,,,,,,,,,,,,
,,"as The Thinker:
Firestorm #98",Jun-1990,N,John Ostrander,writer,WFH,,,,,,,,,,,,,,,,,,,,,,,,,,,,,,,,,,,,,,,,,,
,,,,,Tom Mandrake,"pencils, cover",WFH,,,,,,,,,,,,,,,,,,,,,,,,,,,,,,,,,,,,,,,,,,
,,,,,Carlos Garzon,inks,WFH,,,,,,,,,,,,,,,,,,,,,,,,,,,,,,,,,,,,,,,,,,
,,,,,Nansi Hoolihan,color,N/A,,,,,,,,,,,,,,,,,,,,,,,,,,,,,,,,,,,,,,,,,,
"The Thinker
(Desmond Connor)","Suicide Squad
(2016)",Batman: Shadow of the Bat #67,Oct-1997,N,Alan Grant,writer,Continuity,,,,,,,,,,,,,,,,,,,,,,,,,,,,,,,,,,,,,,,,,,
,,,,,Norm Breyfogle,pencils,WFH,,Deceased,,,,,,,,,,,,,,,,,,,,,,,,,,,,,,,,,,,,,,,,
,,,,,Stan Woch,inks,Continuity,,,,,,,,,,,,,,,,,,,,,,,,,,,,,,,,,,,,,,,,,,
,,,,,Christopher Moeller,cover,WFH,,,,,,,,,,,,,,,,,,,,,,,,,,,,,,,,,,,,,,,,,,
,,,,,Pamela Rambo,color,N/A,,,,,,,,,,,,,,,,,,,,,,,,,,,,,,,,,,,,,,,,,,
"The Thinker
(Artificial Intelligence)","Suicide Squad
(2016)",JSA #9,Apr-2000,Y,David Goyer,writer,WFH,,,,,,,,,,,,,,,,,,,,,,,,,,,,,,,,,,,,,,,,,,
,,,,,Geoff Johns,writer,None,,,,,,,,,,,,,,,,,,,,,,,,,,,,,,,,,,,,,,,,,,
,,,,,Stephen Sadowski,pencils,WFH,,,,,,,,,,,,,,,,,,,,,,,,,,,,,,,,,,,,,,,,,,
,,,,,"Michael Bair
(Michael Hernandez)",inks,WFH,,,,,,,,,,,,,,,,,,,,,,,,,,,,,,,,,,,,,,,,,,
,,,,,Alan Davis,cover pencils,None,,,,,,,,,,,,,,,,,,,,,,,,,,,,,,,,,,,,,,,,,,
,,,,,Mark Farmer,cover inks,WFH,,,,,,,,,,,,,,,,,,,,,,,,,,,,,,,,,,,,,,,,,,
,,,,,John Kalisz,color,N/A,,,,,,,,,,,,,,,,,,,,,,,,,,,,,,,,,,,,,,,,,,
Thomas Wayne,,"Detective Comics #33
""The Batman - How He Came To Be""",Nov-1939,N,Bill Finger,writer,Contributor Recognition,Y,Deceased Contributor Recognition Agreement is with heir.,,,,,,,,,,,,,,,,,,,,,,,,,,,,,,,,,,,,,,,,
,,,,,Bob Kane,"pencils, inks, cover",Services Agreements,Y,Deceased,,,,,,,,,,,,,,,,,,,,,,,,,,,,,,,,,,,,,,,,
"Thorn
(Rose Canton)",,"Flash Comics #89
""Introducing the Thorn, the Flash's Newest Opponent""",Nov-1947,Y,Robert Kanigher,writer,N/A,,"Kanigher was an employee of DC from 2/3/47 - 5/31/82.
Deceased",,,,,,,,,,,,,,,,,,,,,,,,,,,,,,,,,,,,,,,,
,,,,,Joe Kubert,"pencils, inks, cover",None,,Deceased,,,,,,,,,,,,,,,,,,,,,,,,,,,,,,,,,,,,,,,,
"Thorn
(Rhosyn ""Rose"" Forrest)",,"Superman's Girl Friend, Lois Lane #105
""Night of the Thorn""",Oct-1970,Y,Robert Kanigher,writer,N/A,,"Kanigher was an employee of DC from 2/3/47 - 5/31/82.
Deceased",,,,,,,,,,,,,,,,,,,,,,,,,,,,,,,,,,,,,,,,
,,,,,Ross Andru,pencils,None,,Deceased,,,,,,,,,,,,,,,,,,,,,,,,,,,,,,,,,,,,,,,,
,,,,,Mike Esposito,inks,None,,Deceased,,,,,,,,,,,,,,,,,,,,,,,,,,,,,,,,,,,,,,,,
,,,,,Murphy Anderson,cover,None,,Deceased,,,,,,,,,,,,,,,,,,,,,,,,,,,,,,,,,,,,,,,,
"Thunder
(Gan Williams)",DC Nation Shorts,New Teen Titans #32,Jun-1983,Y,Marv Wolfman,writer,Exclusive,1983,,,,,,,,,,,,,,,,,,,,,,,,,,,,,,,,,,,,,,,,,
,,,,,George Perez,"pencils, cover",Exclusive,1983,,,,,,,,,,,,,,,,,,,,,,,,,,,,,,,,,,,,,,,,,
,,,,,Romeo Tanghal,inks,Exclusive,,,,,,,,,,,,,,,,,,,,,,,,,,,,,,,,,,,,,,,,,,
,,,,,Adrienne Roy,color,Exclusive,,Deceased,,,,,,,,,,,,,,,,,,,,,,,,,,,,,,,,,,,,,,,,
"Thunder
(Anissa Pierce)",DC Nation Shorts,Outsiders #1,Aug-2003,Y,Judd Winick,writer,Exclusive,,,,,,,,,,,,,,,,,,,,,,,,,,,,,,,,,,,,,,,,,,
,,,,,Tom Raney,"pencils, cover pencils",WFH,,,,,,,,,,,,,,,,,,,,,,,,,,,,,,,,,,,,,,,,,,
,,,,,Scott Hanna,"inks, cover inks",WFH,,,,,,,,,,,,,,,,,,,,,,,,,,,,,,,,,,,,,,,,,,
,,,,,Gina Going,color,N/A,,,,,,,,,,,,,,,,,,,,,,,,,,,,,,,,,,,,,,,,,,
"Thunder
(Alexei)",DC Nation Shorts,Teen Titans Annual #1,Jul-2012,Y,Tom DeFalco,writer,WFH,,,,,,,,,,,,,,,,,,,,,,,,,,,,,,,,,,,,,,,,,,
,,,,,Scott Lobdell,writer,WFH,,,,,,,,,,,,,,,,,,,,,,,,,,,,,,,,,,,,,,,,,,
,,,,,Brett Booth,"pencils, cover pencils",WFH,,,,,,,,,,,,,,,,,,,,,,,,,,,,,,,,,,,,,,,,,,
,,,,,Norm Rapmund,inks,WFH,,,,,,,,,,,,,,,,,,,,,,,,,,,,,,,,,,,,,,,,,,
,,,,,Sal Regla,inks,WFH,,,,,,,,,,,,,,,,,,,,,,,,,,,,,,,,,,,,,,,,,,
,,,,,John Livesay,inks,WFH,,,,,,,,,,,,,,,,,,,,,,,,,,,,,,,,,,,,,,,,,,
,,,,,Rob Hunter,cover inks,WFH,,,,,,,,,,,,,,,,,,,,,,,,,,,,,,,,,,,,,,,,,,
,,,,,Andrew Dalhouse,color,N/A,,,,,,,,,,,,,,,,,,,,,,,,,,,,,,,,,,,,,,,,,,
Thunderbolt (the genie),Stargirl 201,"Flash Comics #1
""The Kidnapping of Johnny Thunder""",Jan-1940,N,John B. Wentworth,writer,Writer-Artist,,"Agreement is undated and untitled
Deceased",Cleared by Wayne Smith on 11/4/20 for character in Stargirl Season 2,,,,,,,,,,,,,,,,,,,,,,,,,,,,,,,,,,,,,,,
,,,,,Stan Aschmeier,"pencils, inks",None,,Deceased,,,,,,,,,,,,,,,,,,,,,,,,,,,,,,,,,,,,,,,,
,,,,,Sheldon Moldoff,cover,Writer-Artist,,"Agreement is undated and untitled
Deceased",,,,,,,,,,,,,,,,,,,,,,,,,,,,,,,,,,,,,,,,
"Tiger Force
(Mike Tempest)",,Secret Six #1,Apr-1968,Y,E. Nelson Bridwell,writer,N/A,,"Bridwell was an employee of DC at this time.
Deceased",,,,,,,,,,,,,,,,,,,,,,,,,,,,,,,,,,,,,,,,
,,,,,Frank Springer,"pencils, inks, cover",None,,Deceased,,,,,,,,,,,,,,,,,,,,,,,,,,,,,,,,,,,,,,,,
"Tigorr
(Taghurrhu; T'ghurrhu)",Krypton,Green Lantern #141,Jun-1981,Y,Marv Wolfman,writer,Exclusive,1982,,,,,,,,,,,,,,,,,,,,,,,,,,,,,,,,,,,,,,,,,
,,,,,Joe Staton,"pencils, inks",Exclusive,1982,,,,,,,,,,,,,,,,,,,,,,,,,,,,,,,,,,,,,,,,,
,,,,,George Perez,cover,None,,,,,,,,,,,,,,,,,,,,,,,,,,,,,,,,,,,,,,,,,,
,,,,,Carl Gafford,color,N/A,,,,,,,,,,,,,,,,,,,,,,,,,,,,,,,,,,,,,,,,,,
Tigress,Gotham 201,"Action Comics #1
""The Mystery of the Freight Train Robberies""",Jun-1938,N,Fred Guardineer,"writer, pencils, inks",Contributor Recognition,2015,Deceased Contributor Recognition Agreement is with heir.,,,,,,,,,,,,,,,,,,,,,,,,,,,,,,,,,,,,,,,,
,,,,,Joe Shuster,cover,Settlement,,Deceased,,,,,,,,,,,,,,,,,,,,,,,,,,,,,,,,,,,,,,,,
"Tigress
(Paula Brooks; Huntress)",,"Sensation Comics #68
""Wildcat -- Former Crime Fighter""",Aug-1947,N,Mort Meskin,"pencils, inks",None,,Deceased,,,,,,,,,,,,,,,,,,,,,,,,,,,,,,,,,,,,,,,,
,,,,,Harry G. Peter,cover,Artist,,Deceased,,,,,,,,,,,,,,,,,,,,,,,,,,,,,,,,,,,,,,,,
"Tigress
(Artemis Crock)",,"Infinity, Inc. #34",Jan-1987,N,Roy Thomas,co-writer,Writer,,,,,,,,,,,,,,,,,,,,,,,,,,,,,,,,,,,,,,,,,,
,,,,,"Dannette ""Dann"" Thomas",co-writer,None,,"We believe that Roy Thomas entered into a separate agreement with Dann Thomas for writing services, but we do not have a copy of it.",,,,,,,,,,,,,,,,,,,,,,,,,,,,,,,,,,,,,,,,
,,,,,Todd McFarlane,"pencils, cover pencils",WFH,,,,,,,,,,,,,,,,,,,,,,,,,,,,,,,,,,,,,,,,,,
,,,,,Tony DeZuniga,"inks, cover inks",WFH,,,,,,,,,,,,,,,,,,,,,,,,,,,,,,,,,,,,,,,,,,
,,,,,Liz Berube,color,N/A,,,,,,,,,,,,,,,,,,,,,,,,,,,,,,,,,,,,,,,,,,
Timandra,Wonder Woman (2017),Wonder Woman #22,Nov-1988,N,George Perez,"writer, pencils, cover",Continuity; Exclusive,,,,,,,,,,,,,,,,,,,,,,,,,,,,,,,,,,,,,,,,,,
,,,,,Bob McLeod,inks,WFH,,,,,,,,,,,,,,,,,,,,,,,,,,,,,,,,,,,,,,,,,,
,,,,,Carl Gafford,color,N/A,,,,,,,,,,,,,,,,,,,,,,,,,,,,,,,,,,,,,,,,,,
"Timber Wolf
(Lone Wolf; Brin Londo)",,"Adventure Comics #327
""The Lone Wolf Legionnaire""",Dec-1964,Y,Edmond Hamilton,writer,None,,Deceased,,,,,,,,,,,,,,,,,,,,,,,,,,,,,,,,,,,,,,,,
,,,,,John Forte,"pencils, inks",None,,Deceased,,,,,,,,,,,,,,,,,,,,,,,,,,,,,,,,,,,,,,,,
,,,,,Curt Swan,cover pencils,None,,Deceased,,,,,,,,,,,,,,,,,,,,,,,,,,,,,,,,,,,,,,,,
,,,,,George Klein,cover inks,None,,Deceased,,,,,,,,,,,,,,,,,,,,,,,,,,,,,,,,,,,,,,,,
Timothy Munroe,"Birds of Prey 
(2020)",Gotham Central #32,Aug-2005,N,Greg Rucka,writer,WFH,,,,,,,,,,,,,,,,,,,,,,,,,,,,,,,,,,,,,,,,,,
,,,,,Steve Lieber,"pencils, inks",WFH,,,,,,,,,,,,,,,,,,,,,,,,,,,,,,,,,,,,,,,,,,
,,,,,Christopher Brunner,cover pencils,WFH,,,,,,,,,,,,,,,,,,,,,,,,,,,,,,,,,,,,,,,,,,
,,,,,Mark Irwin,cover inks,WFH,,,,,,,,,,,,,,,,,,,,,,,,,,,,,,,,,,,,,,,,,,
,,,,,Lee Loughridge,color,N/A,,,,,,,,,,,,,,,,,,,,,,,,,,,,,,,,,,,,,,,,,,
Tin,,Showcase #37,Mar-1962,Y,Robert Kanigher,writer,N/A,,"Kanigher was an employee of DC from 2/3/47 through 5/31/82.
Deceased",,,,,,,,,,,,,,,,,,,,,,,,,,,,,,,,,,,,,,,,
,,,,,Ross Andru,"pencils, cover pencils",None,,Deceased,,,,,,,,,,,,,,,,,,,,,,,,,,,,,,,,,,,,,,,,
,,,,,Mike Esposito,"inks, cover inks",None,,Deceased,,,,,,,,,,,,,,,,,,,,,,,,,,,,,,,,,,,,,,,,
Tinder-Smith Garden Arena,Supergirl 308,Green Arrow #36,May-2004,N,Judd Winick,writer,WFH,,,,,,,,,,,,,,,,,,,,,,,,,,,,,,,,,,,,,,,,,,
,,,,,Phil Hester,pencils,WFH,,,,,,,,,,,,,,,,,,,,,,,,,,,,,,,,,,,,,,,,,,
,,,,,Ande Parks,inks,WFH,,,,,,,,,,,,,,,,,,,,,,,,,,,,,,,,,,,,,,,,,,
,,,,,Marcos Martin,cover pencils,WFH,,,,,,,,,,,,,,,,,,,,,,,,,,,,,,,,,,,,,,,,,,
,,,,,Alvaro Lopez,cover inks,WFH,,,,,,,,,,,,,,,,,,,,,,,,,,,,,,,,,,,,,,,,,,
,,,,,Guy Major,color,N/A,,,,,,,,,,,,,,,,,,,,,,,,,,,,,,,,,,,,,,,,,,
Tobias Whale,,Black Lightning #1,Apr-1977,Y,Anthony Isabella,writer,Exclusive; Creator Recognition,2016,,,,,,,,,,,,,,,,,,,,,,,,,,,,,,,,,,,,,,,,,
,,,,,Trevor Von Eeden,pencils,None,2016,,,,,,,,,,,,,,,,,,,,,,,,,,,,,,,,,,,,,,,,,
,,,,,Frank Springer,"inks, cover inks",None,,,,,,,,,,,,,,,,,,,,,,,,,,,,,,,,,,,,,,,,,,
,,,,,Rich Buckler,cover pencils,None,,,,,,,,,,,,,,,,,,,,,,,,,,,,,,,,,,,,,,,,,,
,,,,,Liz Berube,color,N/A,,,,,,,,,,,,,,,,,,,,,,,,,,,,,,,,,,,,,,,,,,
"Tokamak
(Henry Hewitt)","Flash 204
(10/27/2015)",Fury of Firestorm #15,Aug-1983,N,Gerry Conway,writer,Writer/Editor,,,,,,,,,,,,,,,,,,,,,,,,,,,,,,,,,,,,,,,,,,
,,,,,Pat Broderick,"pencils, cover pencils",WFH,,,,,,,,,,,,,,,,,,,,,,,,,,,,,,,,,,,,,,,,,,
,,,,,"Rodolfo ""Rodin"" Rodriguez",inks,Artist,,,,,,,,,,,,,,,,,,,,,,,,,,,,,,,,,,,,,,,,,,
,,,,,Dick Giordano,cover inks,WFH,,"Giordano may have been an employee of DC at this time.
Deceased",,,,,,,,,,,,,,,,,,,,,,,,,,,,,,,,,,,,,,,,
,,,,,Gene D'Angelo,color,N/A,,,,,,,,,,,,,,,,,,,,,,,,,,,,,,,,,,,,,,,,,,
Tom Curry,,"Adventure Comics #260
""How Aquaman Got His Powers""",May-1959,N,Robert Bernstein,writer,None,,"The writer on this work is generally credited as “unknown.” However, several sources suggest that Bernstein may have been the writer, so we include him here to be conservative.
Deceased",,,,,,,,,,,,,,,,,,,,,,,,,,,,,,,,,,,,,,,,
,,,,,Ramona Fradon,"pencils, inks",Creator Recognition,,,,,,,,,,,,,,,,,,,,,,,,,,,,,,,,,,,,,,,,,,
,,,,,Curt Swan,cover pencils,None,,Deceased,,,,,,,,,,,,,,,,,,,,,,,,,,,,,,,,,,,,,,,,
,,,,,Stan Kaye,cover inks,None,,Deceased,,,,,,,,,,,,,,,,,,,,,,,,,,,,,,,,,,,,,,,,
"Tom Kalmaku
(Pieface)","Green Lantern
(2011)","Green Lantern #2
""Riddle of the Frozen Ghost Town""",Sep-1960,N,John Broome,writer,None,,Deceased,,,,,,,,,,,,,,,,,,,,,,,,,,,,,,,,,,,,,,,,
,,,,,Gil Kane,"pencils, cover pencils",None,,Deceased,,,,,,,,,,,,,,,,,,,,,,,,,,,,,,,,,,,,,,,,
,,,,,Joe Giella,inks,None,,,,,,,,,,,,,,,,,,,,,,,,,,,,,,,,,,,,,,,,,,
,,,,,Murphy Anderson,cover inks,None,,Deceased,,,,,,,,,,,,,,,,,,,,,,,,,,,,,,,,,,,,,,,,
Tomar-Re,"Green Lantern
(2011)",Green Lantern #6,May-1961,Y,John Broome,writer,None,,Deceased,,,,,,,,,,,,,,,,,,,,,,,,,,,,,,,,,,,,,,,,
,,,,,Gil Kane,"pencils, cover",None,,Deceased,,,,,,,,,,,,,,,,,,,,,,,,,,,,,,,,,,,,,,,,
,,,,,Joe Giella,inks,None,,,,,,,,,,,,,,,,,,,,,,,,,,,,,,,,,,,,,,,,,,
Tony Mantegna,,"Action Comics Weekly #601
""Listening to the Mockingbird""",1988,N,Martin Pasko,writer,WFH,,,,,,,,,,,,,,,,,,,,,,,,,,,,,,,,,,,,,,,,,,
,,,,,Dan Spiegle,"pencils, inks",WFH,,,,,,,,,,,,,,,,,,,,,,,,,,,,,,,,,,,,,,,,,,
,,,,,Dave Gibbons,cover,WFH,,,,,,,,,,,,,,,,,,,,,,,,,,,,,,,,,,,,,,,,,,
,,,,,Carl Gafford,color,N/A,,,,,,,,,,,,,,,,,,,,,,,,,,,,,,,,,,,,,,,,,,
Tony Zucco,Titans 107,"Detective Comics #38
""Robin the Boy Wonder""",Apr-1940,N,Bill Finger,writer,Contributor Recognition,,Deceased Contributor Recognition Agreement is with heir.,,,,,,,,,,,,,,,,,,,,,,,,,,,,,,,,,,,,,,,,
,,,,,Bob Kane,"pencils, cover pencils",Services Agreements,,Deceased,,,,,,,,,,,,,,,,,,,,,,,,,,,,,,,,,,,,,,,,
,,,,,Jerry Robinson,"inks, cover inks",Settlement,,Deceased,,,,,,,,,,,,,,,,,,,,,,,,,,,,,,,,,,,,,,,,
"The Top
(Roscoe Dillon)",Flash 304,"Flash #122
""Beware the Atomic Grenade""",Aug-1961,N,John Broome,writer,None,,Deceased,,,,,,,,,,,,,,,,,,,,,,,,,,,,,,,,,,,,,,,,
,,,,,Carmine Infantino,"pencils, cover pencils",Settlement,2005,Deceased,,,,,,,,,,,,,,,,,,,,,,,,,,,,,,,,,,,,,,,,
,,,,,Joe Giella,inks,None,,,,,,,,,,,,,,,,,,,,,,,,,,,,,,,,,,,,,,,,,,
,,,,,Murphy Anderson,cover inks,None,,Deceased,,,,,,,,,,,,,,,,,,,,,,,,,,,,,,,,,,,,,,,,
Topo the Octopus,Necrus,"Adventure Comics Vol 1 #229
""Aquaman's Undersea Partner""",Oct-1956,N,None Listed,writer,NA,,,,,,,,,,,,,,,,,,,,,,,,,,,,,,,,,,,,,,,,,,
,,,,,Ramona Fradon,"pencils, inks",Creator Recognition,"Yes
2016",(DCBL #225190),,,,,,,,,,,,,,,,,,,,,,,,,,,,,,,,,,,,,,,,
Tormocks,Supergirl 311,Guy Gardner: Warrior #0,Oct-1994,N,"Stephen Scott ""Beau"" Smith",writer,WFH; Continuity,,,,,,,,,,,,,,,,,,,,,,,,,,,,,,,,,,,,,,,,,,
,,,,,Mitch Byrd,pencils,WFH; Continuity,,,,,,,,,,,,,,,,,,,,,,,,,,,,,,,,,,,,,,,,,,
,,,,,Dan Davis,"inks, cover inks",WFH,,,,,,,,,,,,,,,,,,,,,,,,,,,,,,,,,,,,,,,,,,
,,,,,Stu Chaifetz,color,Exclusive,,,,,,,,,,,,,,,,,,,,,,,,,,,,,,,,,,,,,,,,,,
"Toymaker
(Cosmo Krank)",Gotham 412,"The Batman Animated Series
""Cash For Toys""",Feb-2006,,Stephen Melching,writer,,,,,,,,,,,,,,,,,,,,,,,,,,,,,,,,,,,,,,,,,,,
"The Toyman
(Winslow Schott)","Suicide Squad
(2016)","Action Comics #64
""The Terrible Toyman""",Sep-1943,Y,Don Cameron,writer,None,,"Ghost-writer for Jerry Siegel.
Deceased",,,,,,,,,,,,,,,,,,,,,,,,,,,,,,,,,,,,,,,,
,,,,,Ed Dobrotka,"pencils, cover",None,,"Ghost-artist for Jerry Siegel.
Deceased",,,,,,,,,,,,,,,,,,,,,,,,,,,,,,,,,,,,,,,,
,,,,,George Roussos,inks,None,,Deceased,,,,,,,,,,,,,,,,,,,,,,,,,,,,,,,,,,,,,,,,
"The Toyman
(Jack Nimball)",Supergirl 314,"Action Comics #432
""Target of the Toymen""",Feb-1974,Y,Cary Bates,writer,None,,,,,,,,,,,,,,,,,,,,,,,,,,,,,,,,,,,,,,,,,,
,,,,,Curt Swan,pencils,None,,Deceased,,,,,,,,,,,,,,,,,,,,,,,,,,,,,,,,,,,,,,,,
,,,,,Murphy Anderson,inks,None,,Deceased,,,,,,,,,,,,,,,,,,,,,,,,,,,,,,,,,,,,,,,,
,,,,,"Nicholas Viscardi
(Nick Cardy)",cover,None,,Deceased,,,,,,,,,,,,,,,,,,,,,,,,,,,,,,,,,,,,,,,,
Traci 13,Traci 13,Superman #189,Feb-2003,N,Geoff Johns,writer,WFH,,,,,,,,,,,,,,,,,,,,,,,,,,,,,,,,,,,,,,,,,,
,,,,,Pascual Ferry,"pencils, inks",WFH,,,,,,,,,,,,,,,,,,,,,,,,,,,,,,,,,,,,,,,,,,
,,,,,Keith Champagne,inks,WFH,,,,,,,,,,,,,,,,,,,,,,,,,,,,,,,,,,,,,,,,,,
,,,,,John Van Fleet,cover,WFH,,,,,,,,,,,,,,,,,,,,,,,,,,,,,,,,,,,,,,,,,,
,,,,,Tanya Horie,color,N/A,,,,,,,,,,,,,,,,,,,,,,,,,,,,,,,,,,,,,,,,,,
,,,,,Richard Horie,color,N/A,,,,,,,,,,,,,,,,,,,,,,,,,,,,,,,,,,,,,,,,,,
"Trajectory
(Eliza Harmon)",Flash 216,"52 #17
""Last of the Czarnians""",Oct-2006,N,Geoff Johns,writer,WFH,,,,,,,,,,,,,,,,,,,,,,,,,,,,,,,,,,,,,,,,,,
,,,,,Grant Morrison,writer,WFH,,,,,,,,,,,,,,,,,,,,,,,,,,,,,,,,,,,,,,,,,,
,,,,,Greg Rucka,writer,WFH,,,,,,,,,,,,,,,,,,,,,,,,,,,,,,,,,,,,,,,,,,
,,,,,Mark Waid,writer,WFH,,,,,,,,,,,,,,,,,,,,,,,,,,,,,,,,,,,,,,,,,,
,,,,,Chris Batista,pencils,WFH,,,,,,,,,,,,,,,,,,,,,,,,,,,,,,,,,,,,,,,,,,
,,,,,Ruy Jose,inks,WFH,,,,,,,,,,,,,,,,,,,,,,,,,,,,,,,,,,,,,,,,,,
,,,,,Jack Jadson,inks,WFH,,,,,,,,,,,,,,,,,,,,,,,,,,,,,,,,,,,,,,,,,,
,,,,,Jeffrey G. Jones,cover,WFH,,,,,,,,,,,,,,,,,,,,,,,,,,,,,,,,,,,,,,,,,,
,,,,,David Baron,color,Exclusive,,,,,,,,,,,,,,,,,,,,,,,,,,,,,,,,,,,,,,,,,,
Transmatter Cube,Supergirl 209,Justice League of America #107,Sep-1973,N,Len Wein,writer,None,,Deceased,,,,,,,,,,,,,,,,,,,,,,,,,,,,,,,,,,,,,,,,
,,,,,Dick Dillin,pencils,None,,Deceased,,,,,,,,,,,,,,,,,,,,,,,,,,,,,,,,,,,,,,,,
,,,,,Dick Giordano,inks,None,,Deceased,,,,,,,,,,,,,,,,,,,,,,,,,,,,,,,,,,,,,,,,
,,,,,Nick Cardy,cover,None,,Deceased,,,,,,,,,,,,,,,,,,,,,,,,,,,,,,,,,,,,,,,,
,,,,,Glynis Wein,color,N/A,,,,,,,,,,,,,,,,,,,,,,,,,,,,,,,,,,,,,,,,,,
Transmetropolitan,,Transmetropolitan #1,Sep-1997,Y,Warren Ellis,writer,Joint Creator/First & Last Rights; Writer; Literary Option,Y,,,,,,,,,,,,,,,,,,,,,,,,,,,,,,,,,,,,,,,,,
,,,,,Darick Robertson,pencils,Joint Creator/First & Last Rights; Artist; WFH,Y,,,,,,,,,,,,,,,,,,,,,,,,,,,,,,,,,,,,,,,,,
,,,,,Jerome Moore,inks,WFH,,,,,,,,,,,,,,,,,,,,,,,,,,,,,,,,,,,,,,,,,,
,,,,,Geofrey Darrow,cover,WFH,,,,,,,,,,,,,,,,,,,,,,,,,,,,,,,,,,,,,,,,,,
,,,,,Nathan Eyring,color,N/A,,,,,,,,,,,,,,,,,,,,,,,,,,,,,,,,,,,,,,,,,,
"The Trickster
(James Jesse)","Flash 117
(3/31/2015)","Flash #113
""Danger in the Air""",Jun-1960,Y,John Broome,writer,None,,Deceased,,,,,,,,,,,,,,,,,,,,,,,,,,,,,,,,,,,,,,,,
,,,,,Carmine Infantino,"pencils, cover pencils",Settlement,,Deceased,,,,,,,,,,,,,,,,,,,,,,,,,,,,,,,,,,,,,,,,
,,,,,Joe Giella,"inks, cover inks",None,,,,,,,,,,,,,,,,,,,,,,,,,,,,,,,,,,,,,,,,,,
"The Trickster
(Axel Walker)","Flash 117
(3/31/2015)",Flash #183,Apr-2002,Y,Geoff Johns,writer,WFH,,,,,,,,,,,,,,,,,,,,,,,,,,,,,,,,,,,,,,,,,,
,,,,,Scott Kolins,pencils,WFH,,,,,,,,,,,,,,,,,,,,,,,,,,,,,,,,,,,,,,,,,,
,,,,,Doug Hazlewood,inks,WFH,,,,,,,,,,,,,,,,,,,,,,,,,,,,,,,,,,,,,,,,,,
,,,,,Brian J. Bolland,cover,None,,,,,,,,,,,,,,,,,,,,,,,,,,,,,,,,,,,,,,,,,,
,,,,,James Sinclair,color,N/A,,,,,,,,,,,,,,,,,,,,,,,,,,,,,,,,,,,,,,,,,,
Trigate Bridge,Gotham 422,"Gotham City Secret Files #1
(No Man's Land Map)",Apr-2000,N,Eliot R. Brown,artist,WFH,,"Although Brown designed the map, the place names were provided to him by the editorial staff of the time. Brown's account is online at http://www.eliotrbrown.com/wp/gotham-city-map.html/",,,,,,,,,,,,,,,,,,,,,,,,,,,,,,,,,,,,,,,,
Trigon,,New Teen Titans #4,Feb-1981,N,Marv Wolfman,writer,Exclusive,Y,,,,,,,,,,,,,,,,,,,,,,,,,,,,,,,,,,,,,,,,,
,,,,,George Perez,"pencils, cover",None,Y,,,,,,,,,,,,,,,,,,,,,,,,,,,,,,,,,,,,,,,,,
,,,,,Romeo Tanghal,inks,Exclusive,,,,,,,,,,,,,,,,,,,,,,,,,,,,,,,,,,,,,,,,,,
,,,,,Adrienne Roy,color,Exclusive,,Deceased,,,,,,,,,,,,,,,,,,,,,,,,,,,,,,,,,,,,,,,,
Trigona,"Wonder Woman
(2017)",Wonder Woman #0,Oct-1994,N,William Messner-Loebs,writer,Continuity,,,,,,,,,,,,,,,,,,,,,,,,,,,,,,,,,,,,,,,,,,
,,,,,"Mike Deodato, Jr.","pencils, inks",WFH,,,,,,,,,,,,,,,,,,,,,,,,,,,,,,,,,,,,,,,,,,
,,,,,Brian Bolland,cover,WFH,,,,,,,,,,,,,,,,,,,,,,,,,,,,,,,,,,,,,,,,,,
,,,,,Patricia Mulvihill,color,N/A,,,,,,,,,,,,,,,,,,,,,,,,,,,,,,,,,,,,,,,,,,
Triple X-Ray,"Point Blank
Sleeper",Sleeper #2,Apr-2003,N,Ed Brubaker,writer,WFH,,,,,,,,,,,,,,,,,,,,,,,,,,,,,,,,,,,,,,,,,,
,,,,,Sean Phillips,"pencils, inks, cover",WFH,,,,,,,,,,,,,,,,,,,,,,,,,,,,,,,,,,,,,,,,,,
,,,,,Tony Avina,color,N/A,,,,,,,,,,,,,,,,,,,,,,,,,,,,,,,,,,,,,,,,,,
,,,,,Randy Mayor,color,N/A,,,,,,,,,,,,,,,,,,,,,,,,,,,,,,,,,,,,,,,,,,
"Triplicate Girl
(Luorno Durgo)",,"Action Comics #276
""Supergirl's Three Super Girl-Friends""",May-1961,N,"Jerome ""Jerry"" Siegel",writer,Settlement,,Deceased Settlement is with heirs.,,,,,,,,,,,,,,,,,,,,,,,,,,,,,,,,,,,,,,,,
,,,,,James (Jim) Mooney,"pencils, inks",None,,Deceased,,,,,,,,,,,,,,,,,,,,,,,,,,,,,,,,,,,,,,,,
,,,,,Curt Swan,cover pencils,None,,Deceased,,,,,,,,,,,,,,,,,,,,,,,,,,,,,,,,,,,,,,,,
,,,,,Stan Kaye,cover inks,None,,Deceased,,,,,,,,,,,,,,,,,,,,,,,,,,,,,,,,,,,,,,,,
Turbine,"Point Blank
Sleeper",Sleeper #5,Jul-2003,N,Ed Brubaker,writer,WFH,,,,,,,,,,,,,,,,,,,,,,,,,,,,,,,,,,,,,,,,,,
,,,,,Sean Phillips,"pencils, inks, cover",WFH,,,,,,,,,,,,,,,,,,,,,,,,,,,,,,,,,,,,,,,,,,
,,,,,Tony Avina,color,N/A,,,,,,,,,,,,,,,,,,,,,,,,,,,,,,,,,,,,,,,,,,
The Turtle,"Flash 210
(1/19/2016)","All-Flash #21
""The Fastest Man Alive vs. The Slowest Man Alive""",Dec-1945,Y,Gardner F. Fox,writer,Creator Recognition,,Deceased Creator recognition agreement with is with heirs.,,,,,,,,,,,,,,,,,,,,,,,,,,,,,,,,,,,,,,,,
,,,,,Martin Naydel,"pencils, inks, cover",None,,,,,,,,,,,,,,,,,,,,,,,,,,,,,,,,,,,,,,,,,,
Turtle-Man,,"Showcase #4
""Mystery of the Human Thunderbolt""",Sep-1956,N,Robert Kanigher,writer,N/A,,"Kanigher was an employee of DC from 2/3/47 - 5/31/82.
Deceased",,,,,,,,,,,,,,,,,,,,,,,,,,,,,,,,,,,,,,,,
,,,,,Carmine Infantino,"pencils, cover pencils",Settlement,,Deceased,,,,,,,,,,,,,,,,,,,,,,,,,,,,,,,,,,,,,,,,
,,,,,Joe Kubert,"inks, cover inks",None,,Deceased,,,,,,,,,,,,,,,,,,,,,,,,,,,,,,,,,,,,,,,,
"Tweedledee
(Deever Tweed)",Gotham 304,"Detective Comics #74
""Tweedledum and Tweedledee""",Apr-1943,Y,Don Cameron,writer,None,,Deceased,,,,,,,,,,,,,,,,,,,,,,,,,,,,,,,,,,,,,,,,
,,,,,Bob Kane,pencils,Services Agreements,,Deceased,,,,,,,,,,,,,,,,,,,,,,,,,,,,,,,,,,,,,,,,
,,,,,Jerry Robinson,"inks, cover",Settlement,,Deceased,,,,,,,,,,,,,,,,,,,,,,,,,,,,,,,,,,,,,,,,
"Tweedledum
(Dumfrey Tweed)",Gotham 304,"Detective Comics #74
""Tweedledum and Tweedledee""",Apr-1943,Y,Don Cameron,writer,None,,Deceased,,,,,,,,,,,,,,,,,,,,,,,,,,,,,,,,,,,,,,,,
,,,,,Bob Kane,pencils,Services Agreements,,Deceased,,,,,,,,,,,,,,,,,,,,,,,,,,,,,,,,,,,,,,,,
,,,,,Jerry Robinson,"inks, cover",Settlement,,Deceased,,,,,,,,,,,,,,,,,,,,,,,,,,,,,,,,,,,,,,,,
"Tweedledum
(Dumson Tweed)",Gotham 304,Villains United #5,Nov-2005,N,"Tamra L. James
(Gail Simone)",writer,WFH,,,,,,,,,,,,,,,,,,,,,,,,,,,,,,,,,,,,,,,,,,
,,,,,Dale Eaglesham,pencils,WFH,,,,,,,,,,,,,,,,,,,,,,,,,,,,,,,,,,,,,,,,,,
,,,,,Wade Von Grawbadger,inks,WFH,,,,,,,,,,,,,,,,,,,,,,,,,,,,,,,,,,,,,,,,,,
,,,,,Jeffrey G. Jones,cover,WFH,,,,,,,,,,,,,,,,,,,,,,,,,,,,,,,,,,,,,,,,,,
,,,,,Sno Cone,color,N/A,,,,,,,,,,,,,,,,,,,,,,,,,,,,,,,,,,,,,,,,,,
"Twister
(Theresa Zimmer)",,New Teen Titans #26,Dec-1986,Y,Marv Wolfman,writer,Employment,,,,,,,,,,,,,,,,,,,,,,,,,,,,,,,,,,,,,,,,,,
,,,,,Eduardo Barreto,"pencils, inks",WFH,,,,,,,,,,,,,,,,,,,,,,,,,,,,,,,,,,,,,,,,,,
,,,,,Kerry Gammill,pencils,None,,,,,,,,,,,,,,,,,,,,,,,,,,,,,,,,,,,,,,,,,,
,,,,,Romeo Tanghal,inks,WFH,,,,,,,,,,,,,,,,,,,,,,,,,,,,,,,,,,,,,,,,,,
,,,,,Ed Hannigan,cover pencils,WFH,,,,,,,,,,,,,,,,,,,,,,,,,,,,,,,,,,,,,,,,,,
,,,,,Steve Lightle,cover inks,WFH,,,,,,,,,,,,,,,,,,,,,,,,,,,,,,,,,,,,,,,,,,
,,,,,Adrienne Roy,color,N/A,,Deceased,,,,,,,,,,,,,,,,,,,,,,,,,,,,,,,,,,,,,,,,
"Two-Face
(Harvey Dent)",Lego Batman,"Detective Comics #66
""The Crimes of Two-Face""",Aug-1942,N,Bob Kane,pencils,Services Agreement,,Deceased,,,,,,,,,,,,,,,,,,,,,,,,,,,,,,,,,,,,,,,,
,,,,,Bill Finger,writer,Contributor Recognition,,Deceased Contributor Recognition Agreement is with heir.,,,,,,,,,,,,,,,,,,,,,,,,,,,,,,,,,,,,,,,,
,,,,,Jerry Robinson,"inks, cover",Settlement,,Deceased,,,,,,,,,,,,,,,,,,,,,,,,,,,,,,,,,,,,,,,,
Ultraman,,Justice League of America vol 1 #29,Aug-1964,N,Gardner Fox,writer,"Creator Recognition, Equity",Y,Based on Superman,,,,,,,,,,,,,,,,,,,,,,,,,,,,,,,,,,,,,,,,
,,,,,Mike Sekowsky,pencils,None,,,,,,,,,,,,,,,,,,,,,,,,,,,,,,,,,,,,,,,,,,
,,,,,Bernard Sachs,inks,None,,,,,,,,,,,,,,,,,,,,,,,,,,,,,,,,,,,,,,,,,,
Undertaker,"Point Blank
Sleeper",Sleeper #2,Apr-2003,N,Ed Brubaker,writer,WFH,,,,,,,,,,,,,,,,,,,,,,,,,,,,,,,,,,,,,,,,,,
,,,,,Sean Phillips,"pencils, inks, cover",WFH,,,,,,,,,,,,,,,,,,,,,,,,,,,,,,,,,,,,,,,,,,
,,,,,Tony Avina,color,N/A,,,,,,,,,,,,,,,,,,,,,,,,,,,,,,,,,,,,,,,,,,
,,,,,Randy Mayor,color,N/A,,,,,,,,,,,,,,,,,,,,,,,,,,,,,,,,,,,,,,,,,,
Unity Kincaid,,The Sandman #1,Jan-1989,N,Neil Gaiman,writer,WFH,Y,,,,,,,,,,,,,,,,,,,,,,,,,,,,,,,,,,,,,,,,,
,,,,,Sam Kieth,pencils,WFH,,,,,,,,,,,,,,,,,,,,,,,,,,,,,,,,,,,,,,,,,,
,,,,,Mike Dringenberg,inks,WFH,,,,,,,,,,,,,,,,,,,,,,,,,,,,,,,,,,,,,,,,,,
,,,,,Dave McKean,cover,WFH,,,,,,,,,,,,,,,,,,,,,,,,,,,,,,,,,,,,,,,,,,
,,,,,Robbie Busch,color,N/A,,,,,,,,,,,,,,,,,,,,,,,,,,,,,,,,,,,,,,,,,,
Unknown Soldier,,"Our Army At War vol 1 #168
""I Knew the Unknown Soldier""",Jun-1966,Y,Robert Kanigher,writer,Employment,,Kanigher was an employee of DC from 2/3/47 through 5/31/82.,,,,,,,,,,,,,,,,,,,,,,,,,,,,,,,,,,,,,,,,
,,,,,Joe Kubert,"pencils, inks",None,,,,,,,,,,,,,,,,,,,,,,,,,,,,,,,,,,,,,,,,,,
"Unknown Soldier
(New Earth)",,Star-Spangled War Stories vol 1 #151,Jul-1970,Y,Joe Kubert,"writer, pencils, inks",None,,,,,,,,,,,,,,,,,,,,,,,,,,,,,,,,,,,,,,,,,,
Unfollow,,Unfollow #1,Nov-2015,Y,Rob Williams,writer,Joint Creator/Rolling Option; Writer,Y,,,,,,,,,,,,,,,,,,,,,,,,,,,,,,,,,,,,,,,,,
,,,,,Michael Dowling,"pencils, inks",Joint Creator/Rolling Option; Artist,Y,,,,,,,,,,,,,,,,,,,,,,,,,,,,,,,,,,,,,,,,,
,,,,,Andrew Robinson,cover,WFH,,,,,,,,,,,,,,,,,,,,,,,,,,,,,,,,,,,,,,,,,,
,,,,,Quinton Winter,color,WFH,,,,,,,,,,,,,,,,,,,,,,,,,,,,,,,,,,,,,,,,,,
The Un-Men,Dark Universe,Swamp Thing #1,Oct-1972,N,Len Wein,writer,Settlement,,Deceased,,,,,,,,,,,,,,,,,,,,,,,,,,,,,,,,,,,,,,,,
,,,,,Berni Wrightson,"pencils, inks, cover",Settlement,,Deceased,,,,,,,,,,,,,,,,,,,,,,,,,,,,,,,,,,,,,,,,
"The Unwritten
f/k/a Faction",,The Unwritten #1,Jul-2009,Y,Mike Carey,writer,Joint Creator/All Rights; Writer,Y,,,,,,,,,,,,,,,,,,,,,,,,,,,,,,,,,,,,,,,,,
,,,,,Peter Gross,"pencils, inks",Joint Creator/All Rights; Artist,Y,,,,,,,,,,,,,,,,,,,,,,,,,,,,,,,,,,,,,,,,,
,,,,,Yuko Shimizu,cover,WFH,,,,,,,,,,,,,,,,,,,,,,,,,,,,,,,,,,,,,,,,,,
,,,,,Chris Chuckry,color,N/A,,,,,,,,,,,,,,,,,,,,,,,,,,,,,,,,,,,,,,,,,,
Upside-Down Man,,Justice League Dark vol 2 #1,Sep-2018,N,James Tynion IV,writer,WFH,,,,,,,,,,,,,,,,,,,,,,,,,,,,,,,,,,,,,,,,,,
,,,,,Alvaro Martinez,pencils,WFH,,,,,,,,,,,,,,,,,,,,,,,,,,,,,,,,,,,,,,,,,,
,,,,,Raul Fernandez,inks,WFH,,,,,,,,,,,,,,,,,,,,,,,,,,,,,,,,,,,,,,,,,,
,,,,,Brad Anderson,color,WFH,,,,,,,,,,,,,,,,,,,,,,,,,,,,,,,,,,,,,,,,,,
Uri Kasokav,"Point Blank
Sleeper",Sleeper #4,Jun-2003,N,Ed Brubaker,writer,WFH,,,,,,,,,,,,,,,,,,,,,,,,,,,,,,,,,,,,,,,,,,
,,,,,Sean Phillips,"pencils, inks, cover",WFH,,,,,,,,,,,,,,,,,,,,,,,,,,,,,,,,,,,,,,,,,,
,,,,,Tony Avina,color,N/A,,,,,,,,,,,,,,,,,,,,,,,,,,,,,,,,,,,,,,,,,,
Urrika,Supergirl 309,Krypton Chronicles #1,Sep-1981,N,E. Nelson Bridwell,writer,N/A,,"Bridwell was an employee of DC at this time.
Deceased",,,,,,,,,,,,,,,,,,,,,,,,,,,,,,,,,,,,,,,,
,,,,,Curt Swan,pencils,Exclusive,,Deceased,,,,,,,,,,,,,,,,,,,,,,,,,,,,,,,,,,,,,,,,
,,,,,Frank Chiaramonte,inks,Exclusive,,Deceased,,,,,,,,,,,,,,,,,,,,,,,,,,,,,,,,,,,,,,,,
,,,,,Rich Buckler,cover pencils,Exclusive,,,,,,,,,,,,,,,,,,,,,,,,,,,,,,,,,,,,,,,,,,
,,,,,Dick Giordano,cover inks,Exclusive,,"Giordano may have been an employee of DC at this time.
Deceased",,,,,,,,,,,,,,,,,,,,,,,,,,,,,,,,,,,,,,,,
,,,,,Carl Gafford,color,N/A,,,,,,,,,,,,,,,,,,,,,,,,,,,,,,,,,,,,,,,,,,
"Valentina Vostok
(Negative Woman; White Queen)",Legends 104,Showcase #94,Sep-1977,Y,Paul Kupperberg,writer,None,Y,,,,,,,,,,,,,,,,,,,,,,,,,,,,,,,,,,,,,,,,,
,,,,,Joe Staton,"pencils, inks",Exclusive,Y,,,,,,,,,,,,,,,,,,,,,,,,,,,,,,,,,,,,,,,,,
,,,,,Liz Berube,color,N/A,,,,,,,,,,,,,,,,,,,,,,,,,,,,,,,,,,,,,,,,,,
,,,,,Jim Aparo,cover,Exclusive,,Deceased,,,,,,,,,,,,,,,,,,,,,,,,,,,,,,,,,,,,,,,,
Validus,,Adventure Comics #352,Jan-1967,Y,"James ""Jim"" Shooter",writer,None,,,,,,,,,,,,,,,,,,,,,,,,,,,,,,,,,,,,,,,,,,
,,,,,Curt Swan,"pencils, cover pencils",None,,Deceased,,,,,,,,,,,,,,,,,,,,,,,,,,,,,,,,,,,,,,,,
,,,,,George Klein,"inks, cover inks",None,,Deceased,,,,,,,,,,,,,,,,,,,,,,,,,,,,,,,,,,,,,,,,
Valley of Juru,Supergirl 309,DC Comics Presents #97,Sep-1986,N,Steve Gerber,writer,WFH,,,,,,,,,,,,,,,,,,,,,,,,,,,,,,,,,,,,,,,,,,
,,,,,Rick Veitch,"pencils, cover pencils",WFH,,,,,,,,,,,,,,,,,,,,,,,,,,,,,,,,,,,,,,,,,,
,,,,,Bob Smith,"inks, cover inks",WFH,,,,,,,,,,,,,,,,,,,,,,,,,,,,,,,,,,,,,,,,,,
,,,,,Gene D'Angelo,color,N/A,,,,,,,,,,,,,,,,,,,,,,,,,,,,,,,,,,,,,,,,,,
Van Horn Industries,Arrow 508,Deathstroke the Terminator Annual #2,1993,N,Len Wein,writer,WFH,,Deceased,,,,,,,,,,,,,,,,,,,,,,,,,,,,,,,,,,,,,,,,
,,,,,Steve Erwin,"pencils, cover pencils",Artist; WFH,,,,,,,,,,,,,,,,,,,,,,,,,,,,,,,,,,,,,,,,,,
,,,,,Will Blyberg,"inks, cover inks",WFH,,,,,,,,,,,,,,,,,,,,,,,,,,,,,,,,,,,,,,,,,,
,,,,,Brian Garvey,inks,WFH,,,,,,,,,,,,,,,,,,,,,,,,,,,,,,,,,,,,,,,,,,
,,,,,Jeff Brennan,inks,WFH,,,,,,,,,,,,,,,,,,,,,,,,,,,,,,,,,,,,,,,,,,
,,,,,John Statema,inks,WFH,,,,,,,,,,,,,,,,,,,,,,,,,,,,,,,,,,,,,,,,,,
,,,,,Dave Simons,inks,WFH,,,,,,,,,,,,,,,,,,,,,,,,,,,,,,,,,,,,,,,,,,
,,,,,Tom McCraw,color,Exclusive,,,,,,,,,,,,,,,,,,,,,,,,,,,,,,,,,,,,,,,,,,
Van Kull Prison,,The Power Company: Bork #1,Mar-2002,N,Kurt Busiek,writer,Writer,,,,,,,,,,,,,,,,,,,,,,,,,,,,,,,,,,,,,,,,,,
,,,,,Kieron Dwyer,"pencils, inks",WFH,,,,,,,,,,,,,,,,,,,,,,,,,,,,,,,,,,,,,,,,,,
,,,,,Carla Feeny,color,WFH,,,,,,,,,,,,,,,,,,,,,,,,,,,,,,,,,,,,,,,,,,
"Vandal Savage
(Vandar Adg)",Arrow 408,"Green Lantern Quarterly #10
""The Man Who Wanted The World""",Dec-1943,Y,Alfred Bester,writer,None,,Deceased,,,,,,,,,,,,,,,,,,,,,,,,,,,,,,,,,,,,,,,,
,,,,,Martin Nodell,"pencils, inks",Settlement,,Deceased,,,,,,,,,,,,,,,,,,,,,,,,,,,,,,,,,,,,,,,,
,,,,,Irwin Hasen,cover,None,,,,,,,,,,,,,,,,,,,,,,,,,,,,,,,,,,,,,,,,,,
Vandermeer Steel,Flash 420,Firestorm: The Nuclear Man #86,Jun-1989,N,John Ostrander,writer,None,,We have located  WFH agreements for Ostrander's run on Firestorm including #85 & #88. We also have a continuity agreement for issues #88-99.,,,,,,,,,,,,,,,,,,,,,,,,,,,,,,,,,,,,,,,,
,,,,,Tom Mandrake,"pencils, inks, cover",WFH,,,,,,,,,,,,,,,,,,,,,,,,,,,,,,,,,,,,,,,,,,
,,,,,Nansi Hoolahan,color,N/A,,,,,,,,,,,,,,,,,,,,,,,,,,,,,,,,,,,,,,,,,,
Vanderveer Wayne,,"Batman #148
""The Boy Who Was Robin""",Jun-1962,N,Bill Finger,writer,Contributor Recognition,,Deceased Contributor Recognition Agreement is with heir.,,,,,,,,,,,,,,,,,,,,,,,,,,,,,,,,,,,,,,,,
,,,,,Sheldon Moldoff,"pencils, cover",None,,"Deceased
Per the library and Wayne Smith (Corp. Legal), please check to see if Bob Kane should also be included in credits.",,,,,,,,,,,,,,,,,,,,,,,,,,,,,,,,,,,,,,,,
,,,,,Stan Starkman,inks,None,,Deceased,,,,,,,,,,,,,,,,,,,,,,,,,,,,,,,,,,,,,,,,
Vanessa van Helsing,Night Force,"New Teen Titans #21
""Night Force""",Jul-1982,N,Marv Wolfman,writer,Writer,,,,,,,,,,,,,,,,,,,,,,,,,,,,,,,,,,,,,,,,,,
,,,,,Eugene Colan,"pencils, cover pencils",Exclusive,,Deceased,,,,,,,,,,,,,,,,,,,,,,,,,,,,,,,,,,,,,,,,
,,,,,Robert L. Smith,"inks, cover inks",None,,,,,,,,,,,,,,,,,,,,,,,,,,,,,,,,,,,,,,,,,,
,,,,,Michele Wolfman,color,N/A,,,,,,,,,,,,,,,,,,,,,,,,,,,,,,,,,,,,,,,,,,
Vanishing Point,Legends 114,Adventures of Superman #476,Mar-1991,N,Dan Jurgens,"writer, pencils, cover pencils",WFH,,,,,,,,,,,,,,,,,,,,,,,,,,,,,,,,,,,,,,,,,,
,,,,,Brett Breeding,inks,WFH,,,,,,,,,,,,,,,,,,,,,,,,,,,,,,,,,,,,,,,,,,
,,,,,Art Thibert,cover inks,WFH,,,,,,,,,,,,,,,,,,,,,,,,,,,,,,,,,,,,,,,,,,
,,,,,Glenn Whitmore,color,N/A,,,,,,,,,,,,,,,,,,,,,,,,,,,,,,,,,,,,,,,,,,
Vasily Kosov,,Detective Comics #742,Mar-2000,N,Greg Rucka,writer,WFH,,,,,,,,,,,,,,,,,,,,,,,,,,,,,,,,,,,,,,,,,,
,,,,,Shawn Martinbrough,pencils,WFH,,,,,,,,,,,,,,,,,,,,,,,,,,,,,,,,,,,,,,,,,,
,,,,,Steve Mitchell,inks,WFH,,,,,,,,,,,,,,,,,,,,,,,,,,,,,,,,,,,,,,,,,,
Velocity 9,"Flash 208
(12/1/2015)","Flash #12
""Velocity 9""",May-1988,N,Mike Baron,writer,WFH,,,,,,,,,,,,,,,,,,,,,,,,,,,,,,,,,,,,,,,,,,
,,,,,Michael T. Collins,"pencils, cover pencils",WFH,,,,,,,,,,,,,,,,,,,,,,,,,,,,,,,,,,,,,,,,,,
,,,,,Larry Mahlstedt,"inks, cover inks",WFH,,,,,,,,,,,,,,,,,,,,,,,,,,,,,,,,,,,,,,,,,,
,,,,,Michele Wolfman,color,Exclusive,,,,,,,,,,,,,,,,,,,,,,,,,,,,,,,,,,,,,,,,,,
Venelia,"Wonder Woman
(2017)",Wonder Woman #91,Nov-1994,N,William Messner-Loebs,writer,Continuity,,,,,,,,,,,,,,,,,,,,,,,,,,,,,,,,,,,,,,,,,,
,,,,,"Mike Deodato, Jr.","pencils, inks",WFH,,,,,,,,,,,,,,,,,,,,,,,,,,,,,,,,,,,,,,,,,,
,,,,,Brian Bolland,cover,WFH,,,,,,,,,,,,,,,,,,,,,,,,,,,,,,,,,,,,,,,,,,
,,,,,Patricia Mulvihill,color,N/A,,,,,,,,,,,,,,,,,,,,,,,,,,,,,,,,,,,,,,,,,,
"Ventriloquist
(Shauna Belzer)",,Batgirl vol 4 #20,Jul-2013,Y,Gail Simone,writer,WFH,,,,,,,,,,,,,,,,,,,,,,,,,,,,,,,,,,,,,,,,,,
,,,,,Daniel Sampere,pencils,WFH,,,,,,,,,,,,,,,,,,,,,,,,,,,,,,,,,,,,,,,,,,
,,,,,Carlos Rodriguez,pencils,WFH,,,,,,,,,,,,,,,,,,,,,,,,,,,,,,,,,,,,,,,,,,
,,,,,Jonathan Glapion,inks,WFH,,,,,,,,,,,,,,,,,,,,,,,,,,,,,,,,,,,,,,,,,,
,,,,,Vincent Cifuentes,inks,WFH,,,,,,,,,,,,,,,,,,,,,,,,,,,,,,,,,,,,,,,,,,
"The Ventriloquist
(Arnold Wesker; Scarface)",Lego Batman,Detective Comics #583,Feb-1988,N,John Wagner,writer,Writer,Y,,,,,,,,,,,,,,,,,,,,,,,,,,,,,,,,,,,,,,,,,
,,,,,Alan Grant,writer,Writer,Y,,,,,,,,,,,,,,,,,,,,,,,,,,,,,,,,,,,,,,,,,
,,,,,Norm Breyfogle,pencils,WFH,1993,Deceased,,,,,,,,,,,,,,,,,,,,,,,,,,,,,,,,,,,,,,,,
,,,,,Kim DeMulder,inks,WFH,,,,,,,,,,,,,,,,,,,,,,,,,,,,,,,,,,,,,,,,,,
,,,,,Mike Mignola,cover,None,,,,,,,,,,,,,,,,,,,,,,,,,,,,,,,,,,,,,,,,,,
,,,,,Adrienne Roy,color,N/A,,Deceased,,,,,,,,,,,,,,,,,,,,,,,,,,,,,,,,,,,,,,,,
Veronica Dale,Flash 415,Green Arrow #97,Jun-1995,N,Chuck Dixon,writer,Continuity Writer,2014,,,,,,,,,,,,,,,,,,,,,,,,,,,,,,,,,,,,,,,,,
,,,,,Rodolfo Damaggio,"pencils, cover pencils",WFH,,Character equity agreement sent in 2014; never signed.,,,,,,,,,,,,,,,,,,,,,,,,,,,,,,,,,,,,,,,,
,,,,,Gerry Fernandez,inks,WFH,,,,,,,,,,,,,,,,,,,,,,,,,,,,,,,,,,,,,,,,,,
,,,,,Frank McLaughlin,inks,WFH,,Deceased,,,,,,,,,,,,,,,,,,,,,,,,,,,,,,,,,,,,,,,,
,,,,,Rob Leigh,inks,WFH,,,,,,,,,,,,,,,,,,,,,,,,,,,,,,,,,,,,,,,,,,
,,,,,Klaus Janson,cover inks,WFH,,,,,,,,,,,,,,,,,,,,,,,,,,,,,,,,,,,,,,,,,,
,,,,,Lee Loughridge,color,N/A,,,,,,,,,,,,,,,,,,,,,,,,,,,,,,,,,,,,,,,,,,
Veronica St. James,"Point Blank
Sleeper",Sleeper #6,Aug-2003,N,Ed Brubaker,writer,WFH,,,,,,,,,,,,,,,,,,,,,,,,,,,,,,,,,,,,,,,,,,
,,,,,Sean Phillips,"pencils, inks, cover",WFH,,,,,,,,,,,,,,,,,,,,,,,,,,,,,,,,,,,,,,,,,,
,,,,,Tony Avina,color,N/A,,,,,,,,,,,,,,,,,,,,,,,,,,,,,,,,,,,,,,,,,,
Vesper Fairchild,,Batman #540,Mar-1997,N,Doug Moench,writer,,,,,,,,,,,,,,,,,,,,,,,,,,,,,,,,,,,,,,,,,,,
,,,,,Kelley Jones,pencils,,,,,,,,,,,,,,,,,,,,,,,,,,,,,,,,,,,,,,,,,,,
,,,,,John Beatty,inks,,,,,,,,,,,,,,,,,,,,,,,,,,,,,,,,,,,,,,,,,,,
,,,,,Gregory Wright,color,,,,,,,,,,,,,,,,,,,,,,,,,,,,,,,,,,,,,,,,,,,
"Vibe
(Paco Ramone)",,Justice League of America Annual #2,Oct-1984,Y,Gerry Conway,writer,WFH,2013,,,,,,,,,,,,,,,,,,,,,,,,,,,,,,,,,,,,,,,,,
,,,,,Chuck Patton,"pencils, cover pencils",WFH,2013,,,,,,,,,,,,,,,,,,,,,,,,,,,,,,,,,,,,,,,,,
,,,,,Dave Hunt,inks,WFH,,,,,,,,,,,,,,,,,,,,,,,,,,,,,,,,,,,,,,,,,,
,,,,,Dick Giordano,cover inks,None,,"Giordano may have been an employee of DC at this time.
Deceased",,,,,,,,,,,,,,,,,,,,,,,,,,,,,,,,,,,,,,,,
,,,,,Carl Gafford,color,N/A,,,,,,,,,,,,,,,,,,,,,,,,,,,,,,,,,,,,,,,,,,
"Vibe
(Francisco ""Cisco"" Ramon)",,The New 52: FCBD Special Edition,Jun-2012,N,Geoff Johns,writer,WFH; Exclusive,,,,,,,,,,,,,,,,,,,,,,,,,,,,,,,,,,,,,,,,,,
,,,,,Kenneth Rocafort,"pencils, inks",WFH,,,,,,,,,,,,,,,,,,,,,,,,,,,,,,,,,,,,,,,,,,
,,,,,Gene Ha,"pencils, inks",WFH,,,,,,,,,,,,,,,,,,,,,,,,,,,,,,,,,,,,,,,,,,
,,,,,Jim Lee,"pencils, cover pencils",Firewall Agreement,,,,,,,,,,,,,,,,,,,,,,,,,,,,,,,,,,,,,,,,,,
,,,,,Ivan Reis,pencils,WFH,,,,,,,,,,,,,,,,,,,,,,,,,,,,,,,,,,,,,,,,,,
,,,,,Scott Williams,"inks, cover inks",WFH,,,,,,,,,,,,,,,,,,,,,,,,,,,,,,,,,,,,,,,,,,
,,,,,Kevin Senft,digital inks,WFH,,,,,,,,,,,,,,,,,,,,,,,,,,,,,,,,,,,,,,,,,,
,,,,,Joe Prado,finishes over layouts,WFH,,,,,,,,,,,,,,,,,,,,,,,,,,,,,,,,,,,,,,,,,,
,,,,,Rod Reis,color,N/A,,,,,,,,,,,,,,,,,,,,,,,,,,,,,,,,,,,,,,,,,,
,,,,,Art Lyon,color,N/A,,,,,,,,,,,,,,,,,,,,,,,,,,,,,,,,,,,,,,,,,,
,,,,,Alex Sinclair,color,Exclusive,,,,,,,,,,,,,,,,,,,,,,,,,,,,,,,,,,,,,,,,,,
Vic Sommers,,"Action Comics Weekly #601
""Listening to the Mockingbird""",1988,N,Martin Pasko,writer,WFH,,,,,,,,,,,,,,,,,,,,,,,,,,,,,,,,,,,,,,,,,,
,,,,,Dan Spiegle,"pencils, inks",WFH,,,,,,,,,,,,,,,,,,,,,,,,,,,,,,,,,,,,,,,,,,
,,,,,Dave Gibbons,cover,WFH,,,,,,,,,,,,,,,,,,,,,,,,,,,,,,,,,,,,,,,,,,
,,,,,Carl Gafford,color,N/A,,,,,,,,,,,,,,,,,,,,,,,,,,,,,,,,,,,,,,,,,,
Vicki Vale,Gotham 301,"Batman #49
""The Scoop of the Century""",Oct-1948,N,Bill Finger,writer,Contributor Recognition,,Deceased Contributor Recognition Agreement is with heir.,,,,,,,,,,,,,,,,,,,,,,,,,,,,,,,,,,,,,,,,
,,,,,Lew Sayre Schwartz,pencils,None,,"Deceased
Schwartz's 2010 equity agreement for Deadshot acknowledges that all his services on Batman were WFH, regardless of whether he was employed by DC or Bob Kane.",,,,,,,,,,,,,,,,,,,,,,,,,,,,,,,,,,,,,,,,
,,,,,Bob Kane,"pencils, cover pencils",Services Agreements,,Deceased,,,,,,,,,,,,,,,,,,,,,,,,,,,,,,,,,,,,,,,,
,,,,,Charles Paris,"inks, cover inks",None,,Deceased,,,,,,,,,,,,,,,,,,,,,,,,,,,,,,,,,,,,,,,,
"Victor Zsasz
(Mr. Zsasz)",Lego Batman,Batman: Shadow of the Bat #1,Jun-1992,N,Alan Grant,writer,WFH,Y,,,,,,,,,,,,,,,,,,,,,,,,,,,,,,,,,,,,,,,,,
,,,,,Norm Breyfogle,"pencils, inks",WFH,2013,Deceased,,,,,,,,,,,,,,,,,,,,,,,,,,,,,,,,,,,,,,,,
,,,,,"Brian Stelfreeze
(Jefferson Mitchell)",cover,WFH,,,,,,,,,,,,,,,,,,,,,,,,,,,,,,,,,,,,,,,,,,
,,,,,Adrienne Roy,color,Exclusive,,Deceased,,,,,,,,,,,,,,,,,,,,,,,,,,,,,,,,,,,,,,,,
"Vigilante
(Greg Sanders)",,"Action Comics #42
""The Origin of the Vigilante""",Nov-1941,N,Mort Weisinger,writer,N/A,,"Weisinger may have been an employee of DC at this time.
Deceased",,,,,,,,,,,,,,,,,,,,,,,,,,,,,,,,,,,,,,,,
,,,,,Mort Meskin,"pencils, inks",None,,Deceased,,,,,,,,,,,,,,,,,,,,,,,,,,,,,,,,,,,,,,,,
,,,,,Fred Ray,cover,None,,Deceased,,,,,,,,,,,,,,,,,,,,,,,,,,,,,,,,,,,,,,,,
"Vigilante
(Adrian Chase)",Arrow 503,"as Adrian Chase:
New Teen Titans #23",Sep-1982,N,Marv Wolfman,writer,Writer Services,Y,,,,,,,,,,,,,,,,,,,,,,,,,,,,,,,,,,,,,,,,,
,,,,,George Perez,"pencils, cover pencils",Exclusive,Y,,,,,,,,,,,,,,,,,,,,,,,,,,,,,,,,,,,,,,,,,
,,,,,Romeo Tanghal,inks,Exclusive,,,,,,,,,,,,,,,,,,,,,,,,,,,,,,,,,,,,,,,,,,
,,,,,Dick Giordano,cover inks,N/A,,"Giordano may have been an employee of DC at this time.
Deceased",,,,,,,,,,,,,,,,,,,,,,,,,,,,,,,,,,,,,,,,
,,,,,Carl Gafford,color,N/A,,,,,,,,,,,,,,,,,,,,,,,,,,,,,,,,,,,,,,,,,,
,,"as Vigilante:
New Teen Titans Annual #2",Aug-1983,Y,Marv Wolfman,writer,Writer Services; WFH,,,,,,,,,,,,,,,,,,,,,,,,,,,,,,,,,,,,,,,,,,
,,,,,George Perez,"plot, pencils, cover",Exclusive,,,,,,,,,,,,,,,,,,,,,,,,,,,,,,,,,,,,,,,,,,
,,,,,Pablo Marcos,inks,Exclusive; WFH,,,,,,,,,,,,,,,,,,,,,,,,,,,,,,,,,,,,,,,,,,
,,,,,Adrienne Roy,color,Exclusive,,,,,,,,,,,,,,,,,,,,,,,,,,,,,,,,,,,,,,,,,,
"Vixen
(Mari Jiwe McCabe)",Legends 201,"Cancelled Comic Cavalcade #2
""The Vixen is a Lady Fox!""
(Not released to the general public)",Fall 1978,N,Gerry Conway,writer,WFH,1985,,,,,,,,,,,,,,,,,,,,,,,,,,,,,,,,,,,,,,,,,
,,,,,Carla Conway,writer,None,,,,,,,,,,,,,,,,,,,,,,,,,,,,,,,,,,,,,,,,,,
,,,,,Robert Oksner,pencils,WFH,1985,,,,,,,,,,,,,,,,,,,,,,,,,,,,,,,,,,,,,,,,,
,,,,,Vincent Colletta,inks,WFH,,,,,,,,,,,,,,,,,,,,,,,,,,,,,,,,,,,,,,,,,,
,,,,,Alex Saviuk,cover,None,,,,,,,,,,,,,,,,,,,,,,,,,,,,,,,,,,,,,,,,,,
,,,,,Cornelia Adams,color,N/A,,,,,,,,,,,,,,,,,,,,,,,,,,,,,,,,,,,,,,,,,,
,,"First public release:
Action Comics #521
""The Deadly Rampage of the Lady Fox""",Jul-1981,Y,Gerry Conway,writer,Exclusive,1985,,,,,,,,,,,,,,,,,,,,,,,,,,,,,,,,,,,,,,,,,
,,,,,Curt Swan,pencils,Exclusive,,,,,,,,,,,,,,,,,,,,,,,,,,,,,,,,,,,,,,,,,,
,,,,,Frank Chiaramonte,inks,Exclusive,,,,,,,,,,,,,,,,,,,,,,,,,,,,,,,,,,,,,,,,,,
,,,,,Ross Andru,cover pencils,None,,,,,,,,,,,,,,,,,,,,,,,,,,,,,,,,,,,,,,,,,,
,,,,,Dick Giordano,cover inks,Exclusive,,,,,,,,,,,,,,,,,,,,,,,,,,,,,,,,,,,,,,,,,,
,,,,,Gene D'Angelo,color,N/A,,,,,,,,,,,,,,,,,,,,,,,,,,,,,,,,,,,,,,,,,,
Void,"Point Blank
Sleeper",WildC.A.T.S.: Covert Action Teams #1,Aug-1992,Y,Jim Lee,"writer, pencils, cover pencils",WildStorm Employment Agreement,,See also: WildStorm Asset Purchase Agreement,,,,,,,,,,,,,,,,,,,,,,,,,,,,,,,,,,,,,,,,
,,,,,Brandon Choi,writer,WildStorm WFH Acknowledgement,,,,,,,,,,,,,,,,,,,,,,,,,,,,,,,,,,,,,,,,,,
,,,,,Scott Williams,"inks, cover inks",WildStorm WFH Acknowledgement,,,,,,,,,,,,,,,,,,,,,,,,,,,,,,,,,,,,,,,,,,
,,,,,Joe Rosas,color,N/A,,,,,,,,,,,,,,,,,,,,,,,,,,,,,,,,,,,,,,,,,,
"Voodoo
(Priscilla Kitaen)","Point Blank
Sleeper",WildC.A.T.S.: Covert Action Teams #1,Aug-1992,Y,Jim Lee,"writer, pencils, cover pencils",WildStorm Employment Agreement,,See also: WildStorm Asset Purchase Agreement,,,,,,,,,,,,,,,,,,,,,,,,,,,,,,,,,,,,,,,,
,,,,,Brandon Choi,writer,WildStorm WFH Acknowledgement,,,,,,,,,,,,,,,,,,,,,,,,,,,,,,,,,,,,,,,,,,
,,,,,Scott Williams,"inks, cover inks",WildStorm WFH Acknowledgement,,,,,,,,,,,,,,,,,,,,,,,,,,,,,,,,,,,,,,,,,,
,,,,,Joe Rosas,color,N/A,,,,,,,,,,,,,,,,,,,,,,,,,,,,,,,,,,,,,,,,,,
Voorl,Krypton,Omega Men #7,Feb-2016,N,Tom King,writer,WFH,,,,,,,,,,,,,,,,,,,,,,,,,,,,,,,,,,,,,,,,,,
,,,,,Barnaby Bagenda,pencils,WFH,,,,,,,,,,,,,,,,,,,,,,,,,,,,,,,,,,,,,,,,,,
,,,,,Ig Guara,inks,WFH,,,,,,,,,,,,,,,,,,,,,,,,,,,,,,,,,,,,,,,,,,
,,,,,Trevor Hutchinson,cover,WFH,,,,,,,,,,,,,,,,,,,,,,,,,,,,,,,,,,,,,,,,,,
,,,,,"Romulo Fajardo, Jr",color,WFH,,,,,,,,,,,,,,,,,,,,,,,,,,,,,,,,,,,,,,,,,,
"Vril Dox
(Brainiac-2)",,Superman #167,Feb-1964,N,Edmond Hamilton,writer,None,,Deceased,,,,,,,,,,,,,,,,,,,,,,,,,,,,,,,,,,,,,,,,
,,,,,Cary Bates,writer,None,,,,,,,,,,,,,,,,,,,,,,,,,,,,,,,,,,,,,,,,,,
,,,,,Curt Swan,"pencils, cover pencils",None,,Deceased,,,,,,,,,,,,,,,,,,,,,,,,,,,,,,,,,,,,,,,,
,,,,,George Klein,"inks, cover inks",None,,Deceased,,,,,,,,,,,,,,,,,,,,,,,,,,,,,,,,,,,,,,,,
"Vril Dox II
(Dox)",,Invasion #1,1988,N,Keith Giffen,plot,WFH,,,,,,,,,,,,,,,,,,,,,,,,,,,,,,,,,,,,,,,,,,
,,,,,Bill Mantlo,dialogue,WFH,,Mantlo is living but brain damaged. His affairs are handled by his brother.,,,,,,,,,,,,,,,,,,,,,,,,,,,,,,,,,,,,,,,,
,,,,,Todd McFarlane,"pencils, inks, cover",WFH,,,,,,,,,,,,,,,,,,,,,,,,,,,,,,,,,,,,,,,,,,
,,,,,Al Gordon,inks,WFH,,,,,,,,,,,,,,,,,,,,,,,,,,,,,,,,,,,,,,,,,,
,,,,,Josef Rubinstein,inks,WFH,,,,,,,,,,,,,,,,,,,,,,,,,,,,,,,,,,,,,,,,,,
,,,,,Philip Craig Russell,inks,WFH,,,,,,,,,,,,,,,,,,,,,,,,,,,,,,,,,,,,,,,,,,
,,,,,Carl Gafford,color,N/A,,,,,,,,,,,,,,,,,,,,,,,,,,,,,,,,,,,,,,,,,,
Vuldarians,"Supergirl 116
(3/14/2016)",Guy Gardner: Warrior #0,Oct-1994,Y,Beau Smith,writer,WFH,,,,,,,,,,,,,,,,,,,,,,,,,,,,,,,,,,,,,,,,,,
,,,,,Mitch Byrd,pencils,WFH,,,,,,,,,,,,,,,,,,,,,,,,,,,,,,,,,,,,,,,,,,
,,,,,Dan W. Davis,"inks, cover",WFH,,,,,,,,,,,,,,,,,,,,,,,,,,,,,,,,,,,,,,,,,,
,,,,,Stuart Chaifetz,color,Exclusive,,,,,,,,,,,,,,,,,,,,,,,,,,,,,,,,,,,,,,,,,,
"Vulko
(Nuidis Vulko)",,Brave and the Bold #73,Aug-1967,N,Bob Haney,writer,Contributor Recognition,2014,Deceased Contributor Recognition Agreement is with heirs.,,,,,,,,,,,,,,,,,,,,,,,,,,,,,,,,,,,,,,,,
,,,,,Howard Purcell,pencils,None,,Deceased,,,,,,,,,,,,,,,,,,,,,,,,,,,,,,,,,,,,,,,,
,,,,,Sal Trapani,inks,None,,Deceased,,,,,,,,,,,,,,,,,,,,,,,,,,,,,,,,,,,,,,,,
,,,,,Carmine Infantino,cover pencils,Settlement,,,,,,,,,,,,,,,,,,,,,,,,,,,,,,,,,,,,,,,,,,
,,,,,Charles Cuidera,cover inks,None,,Deceased,,,,,,,,,,,,,,,,,,,,,,,,,,,,,,,,,,,,,,,,
"Wallace ""Wally"" Sage",Doom Patrol 113,Doom Patrol #38,Nov-1990,N,Grant Morrison,writer,Writer; WFH,2010,,,,,,,,,,,,,,,,,,,,,,,,,,,,,,,,,,,,,,,,,
,,,,,Richard Case,pencils,Continuity Artist,,(Agreement is in warehouse box 699835717 & not scanned),,,,,,,,,,,,,,,,,,,,,,,,,,,,,,,,,,,,,,,,
,,,,,Mark McKenna,inks,Continuity Artist,,(Agreement is in warehouse box 699835357 & not scanned),,,,,,,,,,,,,,,,,,,,,,,,,,,,,,,,,,,,,,,,
,,,,,Simon Bisley,cover,WFH,,,,,,,,,,,,,,,,,,,,,,,,,,,,,,,,,,,,,,,,,,
,,,,,Daniel Vozzo,color,N/A,,,,,,,,,,,,,,,,,,,,,,,,,,,,,,,,,,,,,,,,,,
"Walter Mark ""Professor"" Haley",,Showcase #6,Jan-1957,Y,Dave Wood,co-writer,None,,Deceased,,,,,,,,,,,,,,,,,,,,,,,,,,,,,,,,,,,,,,,,
,,,,,Jack Kirby,"co-writer, pencils, cover",None,,Deceased,,,,,,,,,,,,,,,,,,,,,,,,,,,,,,,,,,,,,,,,
,,,,,Rosalind Kirby,inks,None,,Deceased,,,,,,,,,,,,,,,,,,,,,,,,,,,,,,,,,,,,,,,,
Walt Trigger,,"All-Star Western #58
""Two-Fisted Justice!""",Apr-1951,N,Robert Kanigher,writer,None,,"Kanigher was an employee of DC from 2/3/47 - 5/31/82.
Deceased",,,,,,,,,,,,,,,,,,,,,,,,,,,,,,,,,,,,,,,,
,,,,,Carmine Infantino,pencils,Settlement,,Deceased,,,,,,,,,,,,,,,,,,,,,,,,,,,,,,,,,,,,,,,,
,,,,,Joe Giella,inks,None,,,,,,,,,,,,,,,,,,,,,,,,,,,,,,,,,,,,,,,,,,
,,,,,Gil Kane,cover pencils,None,,Deceased,,,,,,,,,,,,,,,,,,,,,,,,,,,,,,,,,,,,,,,,
,,,,,Frank Giacoia,cover inks,None,,Deceased,,,,,,,,,,,,,,,,,,,,,,,,,,,,,,,,,,,,,,,,
The War That Time Forgot,,"Star-Spangled War Stories #90
""Island of Armored Giants""",Apr-1960,Y,Robert Kanigher,writer,N/A,,"Kanigher was an employee of DC between 2/3/47-5/31/82.
Deceased",,,,,,,,,,,,,,,,,,,,,,,,,,,,,,,,,,,,,,,,
,,,,,Ross Andru,"pencils, cover pencils",None,,Deceased,,,,,,,,,,,,,,,,,,,,,,,,,,,,,,,,,,,,,,,,
,,,,,Mike Esposito,"inks, cover inks",None,,Deceased,,,,,,,,,,,,,,,,,,,,,,,,,,,,,,,,,,,,,,,,
"Warlord
(Travis Morgan)",,1st Issue Special #8,Nov-1975,Y,Mike Grell,"writer, pencils, inks, cover",None,Y,,,,,,,,,,,,,,,,,,,,,,,,,,,,,,,,,,,,,,,,,
"Warp
(Emil LaSalle)",,New Teen Titans #14,Dec-1981,N,Marv Wolfman,writer,Exclusive,1983,,,,,,,,,,,,,,,,,,,,,,,,,,,,,,,,,,,,,,,,,
,,,,,George Perez,"pencils, cover pencils",None,1983,,,,,,,,,,,,,,,,,,,,,,,,,,,,,,,,,,,,,,,,,
,,,,,Romeo Tanghal,inks,Exclusive,,,,,,,,,,,,,,,,,,,,,,,,,,,,,,,,,,,,,,,,,,
,,,,,Dick Giordano,cover inks,Exclusive,,"Giordano may have been an employee of DC at this time.
Deceased",,,,,,,,,,,,,,,,,,,,,,,,,,,,,,,,,,,,,,,,
,,,,,Adrienne Roy,color,N/A,,Deceased,,,,,,,,,,,,,,,,,,,,,,,,,,,,,,,,,,,,,,,,
Warrant,,Suicide Squad vol 4 #24,Dec-2013,Y,Matt Kindt,writer,WFH,,,,,,,,,,,,,,,,,,,,,,,,,,,,,,,,,,,,,,,,,,
,,,,,Patrick Zircher,"pencils, inks",WFH,,,,,,,,,,,,,,,,,,,,,,,,,,,,,,,,,,,,,,,,,,
"Warriors
(Manhattan)",Arrow 510,Guy Gardner: Warrior #25,Nov-1994,N,"Stephen Scott ""Beau"" Smith",writer,Continuity,,,,,,,,,,,,,,,,,,,,,,,,,,,,,,,,,,,,,,,,,,
,,,,,Mitch Byrd,"pencils, cover pencils",Continuity,,,,,,,,,,,,,,,,,,,,,,,,,,,,,,,,,,,,,,,,,,
,,,,,Dan W. Davis,"inks, cover inks",WFH,,,,,,,,,,,,,,,,,,,,,,,,,,,,,,,,,,,,,,,,,,
,,,,,Stuart Chaifetz,color,Exclusive,,,,,,,,,,,,,,,,,,,,,,,,,,,,,,,,,,,,,,,,,,
"Warriors
(Oa)",Arrow 510,Green Lantern Corps #20,Mar-2008,N,Peter Tomasi,writer,WFH,,,,,,,,,,,,,,,,,,,,,,,,,,,,,,,,,,,,,,,,,,
,,,,,Patrick Gleason,"pencils, cover pencils",WFH,,,,,,,,,,,,,,,,,,,,,,,,,,,,,,,,,,,,,,,,,,
,,,,,Carlos Magno,pencils,WFH,,,,,,,,,,,,,,,,,,,,,,,,,,,,,,,,,,,,,,,,,,
,,,,,Prentis Rollins,"inks, cover inks",WFH,,,,,,,,,,,,,,,,,,,,,,,,,,,,,,,,,,,,,,,,,,
,,,,,Tom Nguyen,inks,WFH,,,,,,,,,,,,,,,,,,,,,,,,,,,,,,,,,,,,,,,,,,
,,,,,Drew Geraci,inks,WFH,,,,,,,,,,,,,,,,,,,,,,,,,,,,,,,,,,,,,,,,,,
,,,,,Rodney Ramos,inks,WFH,,,,,,,,,,,,,,,,,,,,,,,,,,,,,,,,,,,,,,,,,,
,,,,,Rebecca L. Buchman,inks,WFH,,,,,,,,,,,,,,,,,,,,,,,,,,,,,,,,,,,,,,,,,,
,,,,,Guy Major,color,N/A,,,,,,,,,,,,,,,,,,,,,,,,,,,,,,,,,,,,,,,,,,
"Warriors
(Australia)",Arrow 510,Flashpoint: The World of Flashpoint #2,Sep-2011,N,Rex Ogle,writer,None,,Ogle may have been an employee of DC at this time.,,,,,,,,,,,,,,,,,,,,,,,,,,,,,,,,,,,,,,,,
,,,,,Eduardo Francisco,"pencils, inks",WFH,,,,,,,,,,,,,,,,,,,,,,,,,,,,,,,,,,,,,,,,,,
,,,,,Brett Booth,cover pencils,WFH,,,,,,,,,,,,,,,,,,,,,,,,,,,,,,,,,,,,,,,,,,
,,,,,Norman Rapmund,cover inks,WFH,,,,,,,,,,,,,,,,,,,,,,,,,,,,,,,,,,,,,,,,,,
,,,,,Stefani Rennee,color,N/A,,,,,,,,,,,,,,,,,,,,,,,,,,,,,,,,,,,,,,,,,,
Warworld,Krypton,"DC Comics Presents #27
""The Key that Unlocked Chaos!""",Nov-1980,N,Len Wein,writer,None,2005,"Character equity agreement references the wrong first appearance issue.
Deceased",,,,,,,,,,,,,,,,,,,,,,,,,,,,,,,,,,,,,,,,
,,,,,Jim Starlin,"pencils, cover",None,,,,,,,,,,,,,,,,,,,,,,,,,,,,,,,,,,,,,,,,,,
,,,,,Dick Giordano,inks,Exclusive,,"Giordano may have been an employee of DC at this time.
Deceased",,,,,,,,,,,,,,,,,,,,,,,,,,,,,,,,,,,,,,,,
,,,,,Frank McLaughlin,inks,Exclusive,,Deceased,,,,,,,,,,,,,,,,,,,,,,,,,,,,,,,,,,,,,,,,
,,,,,Jerry Serpe,color,N/A,,Deceased,,,,,,,,,,,,,,,,,,,,,,,,,,,,,,,,,,,,,,,,
Watchmen,,Watchmen #1,Sep-1986,Y,Alan Moore,writer,Writer,Y,See 8/21/07 agreement in which Moore assigns any character equity payments owed him for the feature film to Dave Gibbons.,,,,,,,,,,,,,,,,,,,,,,,,,,,,,,,,,,,,,,,,
,,,,,Dave Gibbons,"pencils, inks, cover",Artist,Y,,,,,,,,,,,,,,,,,,,,,,,,,,,,,,,,,,,,,,,,,
,,,,,John Higgins,color,N/A,,,,,,,,,,,,,,,,,,,,,,,,,,,,,,,,,,,,,,,,,,
"Waverider
(Matthew Ryder)",Arrow 508,Armageddon 2001 #1,May-1991,Y,Archie Goodwin,writer,Writer; WFH,Y,,,,,,,,,,,,,,,,,,,,,,,,,,,,,,,,,,,,,,,,,
,,,,,Dan Jurgens,"pencils, cover pencils",Artist; WFH,Y,,,,,,,,,,,,,,,,,,,,,,,,,,,,,,,,,,,,,,,,,
,,,,,Dick Giordano,inks,WFH,,"Giordano may have been an employee of DC at this time.
Deceased",,,,,,,,,,,,,,,,,,,,,,,,,,,,,,,,,,,,,,,,
,,,,,Terry Austin,cover inks,WFH,,,,,,,,,,,,,,,,,,,,,,,,,,,,,,,,,,,,,,,,,,
,,,,,Anthony Tollin,color,N/A,,,,,,,,,,,,,,,,,,,,,,,,,,,,,,,,,,,,,,,,,,
Wayne Enterprises,Powerless 101,"The Brave & The Bold #113
""The 50 Story Killer!""",Jul-1974,N,Bob Haney,writer,Contributor Recognition,,Deceased Contributor Recognition agreement is with heirs.,,,,,,,,,,,,,,,,,,,,,,,,,,,,,,,,,,,,,,,,
,,,,,Jim Aparo,"pencils, inks, cover",None,,"We have located exclusive artist agreements for Aparo beginning in 1976.
Deceased",,,,,,,,,,,,,,,,,,,,,,,,,,,,,,,,,,,,,,,,
,,,,,Joe Kubert,cover,None,,Deceased,,,,,,,,,,,,,,,,,,,,,,,,,,,,,,,,,,,,,,,,
,,,,,George Papp,cover,None,,Deceased,,,,,,,,,,,,,,,,,,,,,,,,,,,,,,,,,,,,,,,,
Wayne Manor,,"Detective Comics #28
""Frenchy Blake's Jewel Gang""",Jun-1939,N,Bill Finger,writer,Contributor Recognition,,Deceased Contributor Recognition Agreement is with heir.,,,,,,,,,,,,,,,,,,,,,,,,,,,,,,,,,,,,,,,,
,,,,,Bob Kane,"pencils,inks",Services Agreement,,Deceased,,,,,,,,,,,,,,,,,,,,,,,,,,,,,,,,,,,,,,,,
,,,,,Fred Guardineer,cover,Contributor Recognition,,Deceased Contributor Recognition Agreement is with heir.,,,,,,,,,,,,,,,,,,,,,,,,,,,,,,,,,,,,,,,,
Wayne Tarrant,,"Fury of Firestorm #24
""Blue Devil""",Jun-1984,N,Gary Cohn,writer,Writer,1982,,,,,,,,,,,,,,,,,,,,,,,,,,,,,,,,,,,,,,,,,
,,,,,Dan Mishkin,writer,Writer,1982,,,,,,,,,,,,,,,,,,,,,,,,,,,,,,,,,,,,,,,,,
,,,,,Paris Cullins,pencils,Artist,1982,,,,,,,,,,,,,,,,,,,,,,,,,,,,,,,,,,,,,,,,,
,,,,,Pablo Marcos,inks,None,,,,,,,,,,,,,,,,,,,,,,,,,,,,,,,,,,,,,,,,,,
,,,,,Rafael Kayanan,cover pencils,WFH,,,,,,,,,,,,,,,,,,,,,,,,,,,,,,,,,,,,,,,,,,
,,,,,Sal Amendola,cover inks,None,,"WFH agreement has been located for Amendola's cover inks on Fury of Firestorm #23. However, since Amendola did not provide inking services for that issue, it is possible that this WFH agreement may cover services on Fury of Firestorm #24.",,,,,,,,,,,,,,,,,,,,,,,,,,,,,,,,,,,,,,,,
,,,,,Robert LeRose,color,N/A,,,,,,,,,,,,,,,,,,,,,,,,,,,,,,,,,,,,,,,,,,
Wayne Trigger,,"All-Star Western #58
""Two-Fisted Justice!""",Apr-1951,N,Robert Kanigher,writer,None,,"Kanigher was an employee of DC from 2/3/47 - 5/31/82.
Deceased",,,,,,,,,,,,,,,,,,,,,,,,,,,,,,,,,,,,,,,,
,,,,,Carmine Infantino,pencils,Settlement,,Deceased,,,,,,,,,,,,,,,,,,,,,,,,,,,,,,,,,,,,,,,,
,,,,,Joe Giella,inks,None,,,,,,,,,,,,,,,,,,,,,,,,,,,,,,,,,,,,,,,,,,
,,,,,Gil Kane,cover pencils,None,,Deceased,,,,,,,,,,,,,,,,,,,,,,,,,,,,,,,,,,,,,,,,
,,,,,Frank Giacoia,cover inks,None,,Deceased,,,,,,,,,,,,,,,,,,,,,,,,,,,,,,,,,,,,,,,,
Weasel,,"Star-Spangled Comics #21
""Pop Goes the Weasel""",Jul-1943,N,"Harold ""Hal"" Sherman","pencils, inks",None,,Deceased,,,,,,,,,,,,,,,,,,,,,,,,,,,,,,,,,,,,,,,,
,,,,,Fred Ray,cover,None,,Deceased,,,,,,,,,,,,,,,,,,,,,,,,,,,,,,,,,,,,,,,,
"The Weasel
(John Monroe)",Suicide Squad 2,The Fury of Firestorm #38,Aug-1985,Y,Gerry Conway,writer,Continuity Writer,,,,,,,,,,,,,,,,,,,,,,,,,,,,,,,,,,,,,,,,,,
,,,,,Rafael Kayanan,"pencils, cover",WFH,,,,,,,,,,,,,,,,,,,,,,,,,,,,,,,,,,,,,,,,,,
,,,,,Ian Akin,inks,WFH,,,,,,,,,,,,,,,,,,,,,,,,,,,,,,,,,,,,,,,,,,
,,,,,Brian Garvey,inks,None,,Garvey's work-for-hire agreement for issue #39 has been located.,,,,,,,,,,,,,,,,,,,,,,,,,,,,,,,,,,,,,,,,
,,,,,Nansi Hoolahan,color,N/A,,,,,,,,,,,,,,,,,,,,,,,,,,,,,,,,,,,,,,,,,,
"The Weasel
(Daniel ""Danny"" Weaver)",,Batgirl #7,May-2012,N,"Tamra L. James
(Gail Simone)",writer,WFH,,,,,,,,,,,,,,,,,,,,,,,,,,,,,,,,,,,,,,,,,,
,,,,,Adrian Syaf,"pencils, cover pencils",WFH,,,,,,,,,,,,,,,,,,,,,,,,,,,,,,,,,,,,,,,,,,
,,,,,Alitha Martinez,pencils,WFH,,,,,,,,,,,,,,,,,,,,,,,,,,,,,,,,,,,,,,,,,,
,,,,,Vicente Cifuentes,"inks, cover inks",WFH,,,,,,,,,,,,,,,,,,,,,,,,,,,,,,,,,,,,,,,,,,
,,,,,Ulises Arreola,color,N/A,,,,,,,,,,,,,,,,,,,,,,,,,,,,,,,,,,,,,,,,,,
Weather Witch,Flash 507,Gotham Underground #3,Feb-2008,N,Frank Tieri,writer,WFH,,,,,,,,,,,,,,,,,,,,,,,,,,,,,,,,,,,,,,,,,,
,,,,,Jim Calafiore,"pencils, cover",WFH,,,,,,,,,,,,,,,,,,,,,,,,,,,,,,,,,,,,,,,,,,
,,,,,Jack Purcell,inks,WFH,,,,,,,,,,,,,,,,,,,,,,,,,,,,,,,,,,,,,,,,,,
,,,,,Brian Reber,color,N/A,,,,,,,,,,,,,,,,,,,,,,,,,,,,,,,,,,,,,,,,,,
"Weather Wizard
(Mark Mardon)","Flash 101
(10/7/2014)","Flash #110
""The Challenge of the Weather Wizard""",Dec-1959,Y,John Broome,writer,None,,Deceased,,,,,,,,,,,,,,,,,,,,,,,,,,,,,,,,,,,,,,,,
,,,,,Carmine Infantino,"pencils, cover pencils",Settlement,2005,Deceased,,,,,,,,,,,,,,,,,,,,,,,,,,,,,,,,,,,,,,,,
,,,,,Murphy Anderson,inks,None,,Deceased,,,,,,,,,,,,,,,,,,,,,,,,,,,,,,,,,,,,,,,,
,,,,,Joe Giella,cover inks,None,,,,,,,,,,,,,,,,,,,,,,,,,,,,,,,,,,,,,,,,,,
Wegthor,Krypton,"Adventure Comics #289
""Clark Kent's Super-Father!""",Oct-1961,N,Robert Bernstein,writer,None,,Deceased,,,,,,,,,,,,,,,,,,,,,,,,,,,,,,,,,,,,,,,,
,,,,,George Papp,"pencils, inks",None,,Deceased,,,,,,,,,,,,,,,,,,,,,,,,,,,,,,,,,,,,,,,,
,,,,,Curt Swan,cover pencils,None,,Deceased,,,,,,,,,,,,,,,,,,,,,,,,,,,,,,,,,,,,,,,,
,,,,,Stan Kaye,cover inks,None,,Deceased,,,,,,,,,,,,,,,,,,,,,,,,,,,,,,,,,,,,,,,,
Wendi Harris Tyler,Stargirl 105,Showcase #56,Jun-1965,N,Gardner Fox,writer,Creator Recognition,,Deceased Creator recognition agreement is with heirs.,,,,,,,,,,,,,,,,,,,,,,,,,,,,,,,,,,,,,,,,
,,,,,Murphy Anderson,"pencils, inks, cover",None,,Deceased,,,,,,,,,,,,,,,,,,,,,,,,,,,,,,,,,,,,,,,,
Westward Bridge,Gotham 418,"Gotham City Secret Files #1
(No Man's Land Map)",Apr-2000,N,Eliot R. Brown,artist,WFH,,"Although Brown designed the map, the place names were provided to him by the editorial staff of the time. Brown's account is online at http://www.eliotrbrown.com/wp/gotham-city-map.html/",,,,,,,,,,,,,,,,,,,,,,,,,,,,,,,,,,,,,,,,
The Whisper Gang,Gotham 310,Batman #3,Jan-2012,N,Scott Snyder,writer,Exclusive; WFH,,"All WFH Agreements for this issue are numbered incorrectly since they were signed prior to the decision to restart the numbering sequence. Therefore WFH agreements for Batman #716 correspond to Batman #3
Character equity agreement has been sent to Snyder",,,,,,,,,,,,,,,,,,,,,,,,,,,,,,,,,,,,,,,,
,,,,,Greg Capullo,pencils,Exclusive; WFH,2016,,,,,,,,,,,,,,,,,,,,,,,,,,,,,,,,,,,,,,,,,
,,,,,Jonathan Glapion,inks,WFH,,,,,,,,,,,,,,,,,,,,,,,,,,,,,,,,,,,,,,,,,,
,,,,,Fco Plascencia,color,N/A,,,,,,,,,,,,,,,,,,,,,,,,,,,,,,,,,,,,,,,,,,
"White Canary
(Sara Lance)",,Birds of Prey vol 2  #1,Jul-2010,N,Gail Simone,writer,WFH,,,,,,,,,,,,,,,,,,,,,,,,,,,,,,,,,,,,,,,,,,
,,,,,Ed Benes,"pencils, inks",WFH,,,,,,,,,,,,,,,,,,,,,,,,,,,,,,,,,,,,,,,,,,
White Martians,"Supergirl 111
(1/25/2016)",JLA #1,Jan-1997,N,Grant Morrison,writer,WFH,,,,,,,,,,,,,,,,,,,,,,,,,,,,,,,,,,,,,,,,,,
,,,,,Howard Porter,"pencils, cover pencils",WFH,,,,,,,,,,,,,,,,,,,,,,,,,,,,,,,,,,,,,,,,,,
,,,,,John Dell III,"inks, cover inks",WFH,,,,,,,,,,,,,,,,,,,,,,,,,,,,,,,,,,,,,,,,,,
,,,,,Pat Garrahy,color,N/A,,,,,,,,,,,,,,,,,,,,,,,,,,,,,,,,,,,,,,,,,,
Whitey the Wino,"Point Blank
Sleeper",Point Blank #1,Oct-2002,N,Ed Brubaker,writer,WFH,,,,,,,,,,,,,,,,,,,,,,,,,,,,,,,,,,,,,,,,,,
,,,,,Colin Wilson,"pencils, inks, variant cover",WFH,,,,,,,,,,,,,,,,,,,,,,,,,,,,,,,,,,,,,,,,,,
,,,,,Simon Bisley,cover,WFH,,,,,,,,,,,,,,,,,,,,,,,,,,,,,,,,,,,,,,,,,,
,,,,,Janet Gale,color,N/A,,,,,,,,,,,,,,,,,,,,,,,,,,,,,,,,,,,,,,,,,,
"Wild Dog
(Jack Wheeler)",Arrow 501,Wild Dog #1,Sep-1987,Y,Max Allan Collins,writer,Writer; WFH,Y,,,,,,,,,,,,,,,,,,,,,,,,,,,,,,,,,,,,,,,,,
,,,,,Terry Beatty,"pencils, cover pencils",Artist; WFH,Y,,,,,,,,,,,,,,,,,,,,,,,,,,,,,,,,,,,,,,,,,
,,,,,Dick Giordano,"inks, cover inks",WFH,,"Deceased
Giordano may have been an employee of DC at this time.",,,,,,,,,,,,,,,,,,,,,,,,,,,,,,,,,,,,,,,,
,,,,,Michele Wolfman,color,Exclusive,,,,,,,,,,,,,,,,,,,,,,,,,,,,,,,,,,,,,,,,,,
"Wild Huntsman
(Albrecht von Mannheim)","Powerless
(Global Guardians)","Super Friends #45
""The Man Who Collected Villains""",Jun-1981,Y,E. Nelson Bridwell,writer,N/A,,"Bridwell was an employee of DC at this time.
Deceased",,,,,,,,,,,,,,,,,,,,,,,,,,,,,,,,,,,,,,,,
,,,,,Romeo Tanghal,pencils,Exclusive,,,,,,,,,,,,,,,,,,,,,,,,,,,,,,,,,,,,,,,,,,
,,,,,Vince Colletta,inks,Exclusive,,Deceased,,,,,,,,,,,,,,,,,,,,,,,,,,,,,,,,,,,,,,,,
,,,,,Kurt Schaffenberger,cover pencils,Exclusive,,Deceased,,,,,,,,,,,,,,,,,,,,,,,,,,,,,,,,,,,,,,,,
,,,,,Robert R. Smith,cover inks,None,,,,,,,,,,,,,,,,,,,,,,,,,,,,,,,,,,,,,,,,,,
,,,,,Jerry Serpe,color,N/A,,Deceased,,,,,,,,,,,,,,,,,,,,,,,,,,,,,,,,,,,,,,,,
"Wildcat
(Ted Grant)",,"Sensation Comics #1
""This is the Story of Wildcat""",Jan-1942,N,Bill Finger,writer,Writer,,Deceased Contributor Agreement is with heir.,,,,,,,,,,,,,,,,,,,,,,,,,,,,,,,,,,,,,,,,
,,,,,Irwin Hasen,"pencils, inks",Writer-Artist,,,,,,,,,,,,,,,,,,,,,,,,,,,,,,,,,,,,,,,,,,
,,,,,Harry G. Peter,cover,None,,Deceased,,,,,,,,,,,,,,,,,,,,,,,,,,,,,,,,,,,,,,,,
"Wildcat
(Yolanda Montez)",,"Infinity, Inc. #12",Mar-1985,N,Todd McFarlane,co-creator,,1985,,,,,,,,,,,,,,,,,,,,,,,,,,,,,,,,,,,,,,,,,
,,,,,Roy Thomas,co-writer,Writer,1985,,,,,,,,,,,,,,,,,,,,,,,,,,,,,,,,,,,,,,,,,
,,,,,"Dannette ""Dann"" Thomas",co-writer,None,,"We believe that Roy Thomas entered into a separate agreement with Dann Thomas for writing services, but we do not have a copy of it.",,,,,,,,,,,,,,,,,,,,,,,,,,,,,,,,,,,,,,,,
,,,,,Don Newton,pencils,None,,Deceased,,,,,,,,,,,,,,,,,,,,,,,,,,,,,,,,,,,,,,,,
,,,,,Tim Burgard,pencils,None,,,,,,,,,,,,,,,,,,,,,,,,,,,,,,,,,,,,,,,,,,
,,,,,Josef Rubinstein,inks,None,,,,,,,,,,,,,,,,,,,,,,,,,,,,,,,,,,,,,,,,,,
,,,,,Tony DeZuniga,inks,None,,,,,,,,,,,,,,,,,,,,,,,,,,,,,,,,,,,,,,,,,,
,,,,,Jerry Ordway,cover,None,,,,,,,,,,,,,,,,,,,,,,,,,,,,,,,,,,,,,,,,,,
,,,,,Adrienne Roy,color,Exclusive,,Deceased,,,,,,,,,,,,,,,,,,,,,,,,,,,,,,,,,,,,,,,,
,,,,,Anthony Tollin,color,Exclusive,,,,,,,,,,,,,,,,,,,,,,,,,,,,,,,,,,,,,,,,,,
"Wildcat
(Hector Ramirez)",,Batman/Wildcat #1,Apr-1997,Y,Chuck Dixon,writer,WFH,,,,,,,,,,,,,,,,,,,,,,,,,,,,,,,,,,,,,,,,,,
,,,,,Beau Smith,writer,WFH,,,,,,,,,,,,,,,,,,,,,,,,,,,,,,,,,,,,,,,,,,
,,,,,Sergio Cariello,pencils,WFH,,,,,,,,,,,,,,,,,,,,,,,,,,,,,,,,,,,,,,,,,,
,,,,,Art Thibert,"inks, cover inks",WFH,,,,,,,,,,,,,,,,,,,,,,,,,,,,,,,,,,,,,,,,,,
,,,,,Tony S. Daniel,cover pencils,WFH,,,,,,,,,,,,,,,,,,,,,,,,,,,,,,,,,,,,,,,,,,
,,,,,Jason Wright,color,N/A,,,,,,,,,,,,,,,,,,,,,,,,,,,,,,,,,,,,,,,,,,
"Wildcat
(Tom Bronson)",,Justice Society of America #1,Feb-2007,Y,Geoff Johns,writer,WFH,,,,,,,,,,,,,,,,,,,,,,,,,,,,,,,,,,,,,,,,,,
,,,,,Dale Eaglesham,pencils,WFH,,,,,,,,,,,,,,,,,,,,,,,,,,,,,,,,,,,,,,,,,,
,,,,,Art Thibert,inks,WFH,,,,,,,,,,,,,,,,,,,,,,,,,,,,,,,,,,,,,,,,,,
,,,,,Alex Ross,cover,WFH,,,,,,,,,,,,,,,,,,,,,,,,,,,,,,,,,,,,,,,,,,
,,,,,Jeromy Cox,color,N/A,,,,,,,,,,,,,,,,,,,,,,,,,,,,,,,,,,,,,,,,,,
Wildcats,"Point Blank
Sleeper",WildC.A.T.S.: Covert Action Teams #1,Aug-1992,Y,Jim Lee,"writer, pencils, cover pencils",WildStorm Employment Agreement,,See also: WildStorm Asset Purchase Agreement,,,,,,,,,,,,,,,,,,,,,,,,,,,,,,,,,,,,,,,,
,,,,,Brandon Choi,writer,WildStorm WFH Acknowledgement,,,,,,,,,,,,,,,,,,,,,,,,,,,,,,,,,,,,,,,,,,
,,,,,Scott Williams,"inks, cover inks",WildStorm WFH Acknowledgement,,,,,,,,,,,,,,,,,,,,,,,,,,,,,,,,,,,,,,,,,,
,,,,,Joe Rosas,color,N/A,,,,,,,,,,,,,,,,,,,,,,,,,,,,,,,,,,,,,,,,,,
"Wildman
(Harold Shapiro)",,"Our Army At War #113
""Eyes of a Blind Gunner""",Dec-1961,Y,Robert Kanigher,writer,N/A,,"Kanigher was an employee of DC from 2/3/47 - 5/31/82.
Deceased",,,,,,,,,,,,,,,,,,,,,,,,,,,,,,,,,,,,,,,,
,,,,,Joe Kubert,"pencils, inks, cover",None,,Deceased,,,,,,,,,,,,,,,,,,,,,,,,,,,,,,,,,,,,,,,,
"Wildman
(Justice League villain)",,Justice League Task Force #9,Feb-1994,N,"Joseph Loeb III
(Jeph Loeb)",writer,WFH,,,,,,,,,,,,,,,,,,,,,,,,,,,,,,,,,,,,,,,,,,
,,,,,Greg LaRocque,pencils,WFH,,,,,,,,,,,,,,,,,,,,,,,,,,,,,,,,,,,,,,,,,,
,,,,,Kevin Conrad,inks,WFH,,,,,,,,,,,,,,,,,,,,,,,,,,,,,,,,,,,,,,,,,,
,,,,,Sal Velluto,cover pencils,None,,,,,,,,,,,,,,,,,,,,,,,,,,,,,,,,,,,,,,,,,,
,,,,,Jeff Albrecht,cover inks,WFH,,,,,,,,,,,,,,,,,,,,,,,,,,,,,,,,,,,,,,,,,,
,,,,,Glenn Whitmore,color,,,,,,,,,,,,,,,,,,,,,,,,,,,,,,,,,,,,,,,,,,,
Williard Walter Wiggins,,"The Flash #117
""Here Comes Captain Boomerang""",Dec-1960,N,John Broome,writer,None,,Deceased,,,,,,,,,,,,,,,,,,,,,,,,,,,,,,,,,,,,,,,,
,,,,,Carmine Infantino,"pencils, cover pencils",Settlement,,Deceased,,,,,,,,,,,,,,,,,,,,,,,,,,,,,,,,,,,,,,,,
,,,,,Murphy Anderson,inks,None,,Deceased,,,,,,,,,,,,,,,,,,,,,,,,,,,,,,,,,,,,,,,,
,,,,,Joe Giella,cover inks,None,,,,,,,,,,,,,,,,,,,,,,,,,,,,,,,,,,,,,,,,,,
W.W. Wiggins Game Company,Supergirl 314,"The Flash #117
""Here Comes Captain Boomerang""",Dec-1960,N,John Broome,writer,None,,Deceased,,,,,,,,,,,,,,,,,,,,,,,,,,,,,,,,,,,,,,,,
,,,,,Carmine Infantino,"pencils, cover pencils",Settlement,,Deceased,,,,,,,,,,,,,,,,,,,,,,,,,,,,,,,,,,,,,,,,
,,,,,Murphy Anderson,inks,None,,Deceased,,,,,,,,,,,,,,,,,,,,,,,,,,,,,,,,,,,,,,,,
,,,,,Joe Giella,cover inks,None,,,,,,,,,,,,,,,,,,,,,,,,,,,,,,,,,,,,,,,,,,
"William ""Bill"" Henderson
(Inspector Henderson)",Black Lightning 101,Adventures of Superman Radio Show,UNKNOWN,,,,,,,,,,,,,,,,,,,,,,,,,,,,,,,,,,,,,,,,,,,,,,
,,"in comics:
Action Comics #440
""The Man Who Betrayed Krypton!""",Oct-1974,N,Elliot S. Maggin,writer,None,,,,,,,,,,,,,,,,,,,,,,,,,,,,,,,,,,,,,,,,,,
,,,,,Curt Swan,pencils,None,,Deceased,,,,,,,,,,,,,,,,,,,,,,,,,,,,,,,,,,,,,,,,
,,,,,Bob Oksner,inks,None,,Deceased,,,,,,,,,,,,,,,,,,,,,,,,,,,,,,,,,,,,,,,,
,,,,,Nick Cardy,cover,None,,Deceased,,,,,,,,,,,,,,,,,,,,,,,,,,,,,,,,,,,,,,,,
Winema Wazzo,,"pre-Zero Hour:
Secret Origins #42
""Bad, Bad, Bad, Bad Boys""",Jul-1989,N,Tom Bierbaum,writer,None,,,,,,,,,,,,,,,,,,,,,,,,,,,,,,,,,,,,,,,,,,
,,,,,Mary Bierbaum,writer,None,,,,,,,,,,,,,,,,,,,,,,,,,,,,,,,,,,,,,,,,,,
,,,,,Dave Cockrum,pencils,None,,,,,,,,,,,,,,,,,,,,,,,,,,,,,,,,,,,,,,,,,,
,,,,,Larry Mahlstedt,inks,WFH,,,,,,,,,,,,,,,,,,,,,,,,,,,,,,,,,,,,,,,,,,
,,,,,Jim Sanders,inks,WFH,,,,,,,,,,,,,,,,,,,,,,,,,,,,,,,,,,,,,,,,,,
,,,,,Dick Giordano,cover pencils,WFH,,"Giordano may have been an employee of DC at this time.
Deceased ",,,,,,,,,,,,,,,,,,,,,,,,,,,,,,,,,,,,,,,,
,,,,,Karl Kesel,cover inks,WFH,,,,,,,,,,,,,,,,,,,,,,,,,,,,,,,,,,,,,,,,,,
,,,,,Tom McCraw,color,N/A,,,,,,,,,,,,,,,,,,,,,,,,,,,,,,,,,,,,,,,,,,
,,"post-Zero Hour:
Legionnaires #0",Oct-1994,N,Tom McCraw,"writer, color",WFH,,,,,,,,,,,,,,,,,,,,,,,,,,,,,,,,,,,,,,,,,,
,,,,,Mark Waid,writer,WFH,,,,,,,,,,,,,,,,,,,,,,,,,,,,,,,,,,,,,,,,,,
,,,,,Jeffrey Moy,"pencils, cover pencils",WFH,,,,,,,,,,,,,,,,,,,,,,,,,,,,,,,,,,,,,,,,,,
,,,,,Ron Boyd,inks,WFH,,,,,,,,,,,,,,,,,,,,,,,,,,,,,,,,,,,,,,,,,,
,,,,,Karl Story,cover inks,WFH,,,,,,,,,,,,,,,,,,,,,,,,,,,,,,,,,,,,,,,,,,
Winged Victory,Stargirl 104,"Adventure Comics #66
""The Shining Knight""",Sep-1941,N,Henry Lynne Perkins,writer,None,,Cleared by Wayne Smith for Stargirl TV series.,,,,,,,,,,,,,,,,,,,,,,,,,,,,,,,,,,,,,,,,
,,,,,Creig Flessel,"pencils, inks",None,,Deceased,,,,,,,,,,,,,,,,,,,,,,,,,,,,,,,,,,,,,,,,
,,,,,Jack Burnley,cover,None,,Deceased,,,,,,,,,,,,,,,,,,,,,,,,,,,,,,,,,,,,,,,,
Wise Fools,,"Showcase '96 #4
""Day & Night, Night & Bright Part One""",Apr-1996,N,James Robinson,writer,WFH,,,,,,,,,,,,,,,,,,,,,,,,,,,,,,,,,,,,,,,,,,
,,,,,Matthew Dow Smith,"pencils, inks",WFH,,,,,,,,,,,,,,,,,,,,,,,,,,,,,,,,,,,,,,,,,,
,,,,,Lee Weeks,cover,WFH,,,,,,,,,,,,,,,,,,,,,,,,,,,,,,,,,,,,,,,,,,
,,,,,Melissa Edwards,color,N/A,,,,,,,,,,,,,,,,,,,,,,,,,,,,,,,,,,,,,,,,,,
"The Wizard
(William Zard)",Stargirl 101,"All-Star Comics #34
""The Wiles of the Wizard!""
(This story is told in 7 chapters, all written by Fox and drawn by different artists. The Wizard appears in all chapters.)",Apr-1947,Y,Gardner F. Fox,writer,Creator Recognition,,"Deceased 
Creator recognition agreement is with heirs.",,,,,,,,,,,,,,,,,,,,,,,,,,,,,,,,,,,,,,,,
,,,,,Irwin Hasen,"pencils, inks, cover (Introduction; Conclusion)",None,,Deceased,,,,,,,,,,,,,,,,,,,,,,,,,,,,,,,,,,,,,,,,
,,,,,Joe Kubert,"pencils, inks (Ch. 1)",None,,Deceased,,,,,,,,,,,,,,,,,,,,,,,,,,,,,,,,,,,,,,,,
,,,,,"Francis ""Frank"" Harry","pencils, inks (Ch. 2)",None,,,,,,,,,,,,,,,,,,,,,,,,,,,,,,,,,,,,,,,,,,
,,,,,Lee Elias,"pencils, inks (Ch. 3)",None,,Deceased,,,,,,,,,,,,,,,,,,,,,,,,,,,,,,,,,,,,,,,,
,,,,,Harry Lampert,"pencils, inks (Ch. 4)",None,,Deceased,,,,,,,,,,,,,,,,,,,,,,,,,,,,,,,,,,,,,,,,
,,,,,Paul Reinman,"pencils, inks (Ch. 5)",None,,Deceased,,,,,,,,,,,,,,,,,,,,,,,,,,,,,,,,,,,,,,,,
"Wolf Spider
(Evan Blake)",Batwoman 205,Batwoman vol 2 #26,Feb-2014,,Marc Andreyko,writer,WFH,,,,,,,,,,,,,,,,,,,,,,,,,,,,,,,,,,,,,,,,,,
,,,,,Jeremy Haun,"pencils, inks",WFH,,,,,,,,,,,,,,,,,,,,,,,,,,,,,,,,,,,,,,,,,,
"Wonder Girl
(Donna Troy)",,The Brave and the Bold #60,Jun-1965,Y,Bob Haney,writer,Contributor Recognition,,"Deceased 
Contributor Recognition Agreement is with heir.",,,,,,,,,,,,,,,,,,,,,,,,,,,,,,,,,,,,,,,,
,,,,,Bruno Premiani,"pencils, inks",None,,Deceased,,,,,,,,,,,,,,,,,,,,,,,,,,,,,,,,,,,,,,,,
,,,,,"Nicholas Viscardi
(Nick Cardy)",cover,None,,Deceased,,,,,,,,,,,,,,,,,,,,,,,,,,,,,,,,,,,,,,,,
"Wonder Girl
(Cassandra Sandsmark)",,Wonder Woman #105,Jan-1996,N,John Byrne,"writer, pencils, inks, cover",Continuity,,,,,,,,,,,,,,,,,,,,,,,,,,,,,,,,,,,,,,,,,,
,,,,,Patricia Mulvihill,color,N/A,,,,,,,,,,,,,,,,,,,,,,,,,,,,,,,,,,,,,,,,,,
"The Wonder Twins
(Zan & Jayna)",,"The All-New Super Friends Hour
""Joy Ride""",Sep-1977,,"William Hanna 
Joseph Barbera",producers,,,,,,,,,,,,,,,,,,,,,,,,,,,,,,,,,,,,,,,,,,,
,,"in DC Comics:
Super Friends #7",Oct-1977,Y,E. Nelson Bridwell,writer,N/A,,"Bridwell was an employee of DC at this time.
Deceased",,,,,,,,,,,,,,,,,,,,,,,,,,,,,,,,,,,,,,,,
,,,,,Ramona Fradon,"pencils, cover pencils",Exclusive; Creator Recognition,,,,,,,,,,,,,,,,,,,,,,,,,,,,,,,,,,,,,,,,,,
,,,,,Robert R. Smith,"inks, cover inks",None,,,,,,,,,,,,,,,,,,,,,,,,,,,,,,,,,,,,,,,,,,
"Wonder Woman
(Princess Diana of Themyscira; Diana Prince)",,"All-Star Comics #8
""Introducing Wonder Woman""",Dec-1941,N,William Moulton Marston,writer,Marston agreements (7/31/41; 1/15/46; 7/25/51),,Deceased Final agreement is with Estate.,,,,,,,,,,,,,,,,,,,,,,,,,,,,,,,,,,,,,,,,
,,,,,Harry G. Peter,"pencils, inks",Artist,,Deceased,,,,,,,,,,,,,,,,,,,,,,,,,,,,,,,,,,,,,,,,
,,,,,Everett E. Hibbard,cover,None,,Deceased,,,,,,,,,,,,,,,,,,,,,,,,,,,,,,,,,,,,,,,,
The Writer,"Suicide Squad
(2019)",Animal Man #10,Feb-1989,N,Grant Morrison,writer,WFH,,,,,,,,,,,,,,,,,,,,,,,,,,,,,,,,,,,,,,,,,,
,,,,,Chas Truog,"pencils, cover pencils",WFH,,,,,,,,,,,,,,,,,,,,,,,,,,,,,,,,,,,,,,,,,,
,,,,,Mark McKenna,"inks, cover inks",None,,,,,,,,,,,,,,,,,,,,,,,,,,,,,,,,,,,,,,,,,,
Xudarians,Supergirl 213,Green Lantern #6,May-1961,Y,John Broome,writer,None,,Deceased,,,,,,,,,,,,,,,,,,,,,,,,,,,,,,,,,,,,,,,,
,,,,,Gil Kane,"pencils, cover",None,,Deceased,,,,,,,,,,,,,,,,,,,,,,,,,,,,,,,,,,,,,,,,
,,,,,Joe Giella,inks,None,,,,,,,,,,,,,,,,,,,,,,,,,,,,,,,,,,,,,,,,,,
Yoshio Natsume,Flash 518,Hacker Files #1,Aug-1992,Y,Lewis Shiner,writer,"Writer-Creator, WFH",1989,,,,,,,,,,,,,,,,,,,,,,,,,,,,,,,,,,,,,,,,,
,,,,,Tom Sutton,pencils,WFH,1992,,,,,,,,,,,,,,,,,,,,,,,,,,,,,,,,,,,,,,,,,
,,,,,Mark Buckingham,inks,WFH,,,,,,,,,,,,,,,,,,,,,,,,,,,,,,,,,,,,,,,,,,
,,,,,Tom Canty,cover,WFH,,,,,,,,,,,,,,,,,,,,,,,,,,,,,,,,,,,,,,,,,,
,,,,,Lovern Kindzierski,color,N/A,,,,,,,,,,,,,,,,,,,,,,,,,,,,,,,,,,,,,,,,,,
Yvonne,"Point Blank
Sleeper",Point Blank #1,Oct-2002,N,Ed Brubaker,writer,WFH,,,,,,,,,,,,,,,,,,,,,,,,,,,,,,,,,,,,,,,,,,
,,,,,Colin Wilson,"pencils, inks, variant cover",WFH,,,,,,,,,,,,,,,,,,,,,,,,,,,,,,,,,,,,,,,,,,
,,,,,Simon Bisley,cover,WFH,,,,,,,,,,,,,,,,,,,,,,,,,,,,,,,,,,,,,,,,,,
,,,,,Janet Gale,color,N/A,,,,,,,,,,,,,,,,,,,,,,,,,,,,,,,,,,,,,,,,,,
Zack Dyamond,,Challengers of the Unknown #1,Aug-2004,Y,Howard Chaykin,"writer, pencils, inks, cover",WFH,,,,,,,,,,,,,,,,,,,,,,,,,,,,,,,,,,,,,,,,,,
,,,,,Rian Hughes,art direction,WFH,,,,,,,,,,,,,,,,,,,,,,,,,,,,,,,,,,,,,,,,,,
,,,,,Michelle Madsen,color,N/A,,,,,,,,,,,,,,,,,,,,,,,,,,,,,,,,,,,,,,,,,,
"Zambesi
Note: This refers to the fictional country in Africa, not the real-life Zambezi River.",Legends 203,Swamp Thing Annual #3,1987,N,Rick Veitch,"writer, pencils",WFH,,,,,,,,,,,,,,,,,,,,,,,,,,,,,,,,,,,,,,,,,,
,,,,,Shawn McManus,pencils,WFH,,,,,,,,,,,,,,,,,,,,,,,,,,,,,,,,,,,,,,,,,,
,,,,,Jim Fern,pencils,WFH,,,,,,,,,,,,,,,,,,,,,,,,,,,,,,,,,,,,,,,,,,
,,,,,Stan Woch,pencils,WFH,,,,,,,,,,,,,,,,,,,,,,,,,,,,,,,,,,,,,,,,,,
,,,,,Thomas Yeates,inks,WFH,,,,,,,,,,,,,,,,,,,,,,,,,,,,,,,,,,,,,,,,,,
,,,,,Brian J. Bolland,cover,WFH,,,,,,,,,,,,,,,,,,,,,,,,,,,,,,,,,,,,,,,,,,
,,,,,Adrienne Roy,color,N/A,,,,,,,,,,,,,,,,,,,,,,,,,,,,,,,,,,,,,,,,,,
Zandia,Arrow 619,New Teen Titans #14,Dec-1981,N,Marv Wolfman,writer,Exclusive,,,,,,,,,,,,,,,,,,,,,,,,,,,,,,,,,,,,,,,,,,
,,,,,George Perez,"pencils, cover pencils",None,,Perez has an equity agreement for characters that appear in this issue which confirms this work was done as WFH.,,,,,,,,,,,,,,,,,,,,,,,,,,,,,,,,,,,,,,,,
,,,,,Romeo Tanghal,inks,Exclusive,,,,,,,,,,,,,,,,,,,,,,,,,,,,,,,,,,,,,,,,,,
,,,,,Dick Giordano,cover inks,Exclusive,,"Giordano may have been an employee of DC at this time.
Deceased",,,,,,,,,,,,,,,,,,,,,,,,,,,,,,,,,,,,,,,,
,,,,,Adrienne Roy,color,N/A,,Deceased,,,,,,,,,,,,,,,,,,,,,,,,,,,,,,,,,,,,,,,,
Zatanna Zatara,Gotham Girls,"Hawkman #4
""The Girl Who Split in Two""",Oct-1964,N,Gardner F. Fox,writer,Creator Recognition,2009,Deceased Creator recognition agreement with is with heirs.,,,,,,,,,,,,,,,,,,,,,,,,,,,,,,,,,,,,,,,,
,,,,,Murphy Anderson,artist,None,2011,Deceased,,,,,,,,,,,,,,,,,,,,,,,,,,,,,,,,,,,,,,,,
"Zatara
(Giovanni ""John"" Zatara)",Dark Universe,"Action Comics #1
""The Mystery of the Freight Train Robberies""",Jun-1938,N,Fred Guardineer,"writer, pencils, inks",Contributor Recognition,2015,Deceased Contributor Recognition Agreement is with heir.,,,,,,,,,,,,,,,,,,,,,,,,,,,,,,,,,,,,,,,,
,,,,,Joe Shuster,cover,Settlement,,Deceased,,,,,,,,,,,,,,,,,,,,,,,,,,,,,,,,,,,,,,,,
Zauriel,,JLA #6,Jun-1997,N,Grant Morrison,writer,Continuity,Y,,,,,,,,,,,,,,,,,,,,,,,,,,,,,,,,,,,,,,,,,
,,,,,Howard Porter,"pencils, cover pencils",Continuity,,,,,,,,,,,,,,,,,,,,,,,,,,,,,,,,,,,,,,,,,,
,,,,,John Dell III,"inks, cover inks",Continuity,,,,,,,,,,,,,,,,,,,,,,,,,,,,,,,,,,,,,,,,,,
,,,,,Heroic Age,color,N/A,,,,,,,,,,,,,,,,,,,,,,,,,,,,,,,,,,,,,,,,,,
,,,,,Pat Garrahy,color,N/A,,,,,,,,,,,,,,,,,,,,,,,,,,,,,,,,,,,,,,,,,,
"Zealot
(Lady Zannah)","Point Blank
Sleeper",WildC.A.T.S.: Covert Action Teams #1,Aug-1992,Y,Jim Lee,"writer, pencils, cover pencils",WildStorm Employment Agreement,,See also: WildStorm Asset Purchase Agreement,,,,,,,,,,,,,,,,,,,,,,,,,,,,,,,,,,,,,,,,
,,,,,Brandon Choi,writer,WildStorm WFH Acknowledgement,,,,,,,,,,,,,,,,,,,,,,,,,,,,,,,,,,,,,,,,,,
,,,,,Scott Williams,"inks, cover inks",WildStorm WFH Acknowledgement,,,,,,,,,,,,,,,,,,,,,,,,,,,,,,,,,,,,,,,,,,
,,,,,Joe Rosas,color,N/A,,,,,,,,,,,,,,,,,,,,,,,,,,,,,,,,,,,,,,,,,,
"Zebra-Man
(Jacob Baker)",Lego Batman,"Detective Comics #275
""The Zebra Batman""",Jan-1960,Y,Bill Finger,writer,Contributor Recognition,,Deceased Contributor Recognition Agreement is with heir.,,,,,,,,,,,,,,,,,,,,,,,,,,,,,,,,,,,,,,,,
,,,,,Sheldon Moldoff,"pencils, cover",None,,"Deceased
Per the library and Wayne Smith (Corp. Legal), please check to see if Bob Kane should also be included in credits.",,,,,,,,,,,,,,,,,,,,,,,,,,,,,,,,,,,,,,,,
,,,,,Charles Paris,inks,None,,Deceased,,,,,,,,,,,,,,,,,,,,,,,,,,,,,,,,,,,,,,,,
"Zebra Man II
(Strikeforce Kobra)",Lego Batman,"Outsiders #21
""Strike Force Kobra""",Jul-1987,N,Mike Barr,writer,Writer,,,,,,,,,,,,,,,,,,,,,,,,,,,,,,,,,,,,,,,,,,
,,,,,Jim Aparo,"pencils, inks, cover",Artist; WFH,,,,,,,,,,,,,,,,,,,,,,,,,,,,,,,,,,,,,,,,,,
,,,,,Adrienne Roy,color,N/A,,Deceased,,,,,,,,,,,,,,,,,,,,,,,,,,,,,,,,,,,,,,,,
"Zed
(Mary Martin)",,Hellblazer #4,Apr-1988,N,Jamie Delano,writer,WFH,1987,,,,,,,,,,,,,,,,,,,,,,,,,,,,,,,,,,,,,,,,,
,,,,,John Ridgway,"pencils, inks",WFH,1987,,,,,,,,,,,,,,,,,,,,,,,,,,,,,,,,,,,,,,,,,
,,,,,Dave McKean,cover,WFH,,,,,,,,,,,,,,,,,,,,,,,,,,,,,,,,,,,,,,,,,,
,,,,,Lovern Kindzierski,color,N/A,,,,,,,,,,,,,,,,,,,,,,,,,,,,,,,,,,,,,,,,,,
Zeta ,,"Batman Beyond Animated Series
""Zeta""",Apr-2000,,,,,,,"DC owns all rights
See DCBL 270972 and 270973",,,,,,,,,,,,,,,,,,,,,,,,,,,,,,,,,,,,,,,
,,,,,,,,,,,,,,,,,,,,,,,,,,,,,,,,,,,,,,,,,,,,,,,,,
Zeta-Beam,Krypton,"Showcase #17
""Secret of the Eternal City""",Nov-1958,Y,Gardner F. Fox,writer,Creator Recognition,,Deceased Creator recognition agreement with is with heirs.,,,,,,,,,,,,,,,,,,,,,,,,,,,,,,,,,,,,,,,,
,,,,,Mike Sekowsky,pencils,None,,Deceased,,,,,,,,,,,,,,,,,,,,,,,,,,,,,,,,,,,,,,,,
,,,,,Frank Giacoia,inks,None,,Deceased,,,,,,,,,,,,,,,,,,,,,,,,,,,,,,,,,,,,,,,,
,,,,,Gil Kane,cover,None,,Deceased,,,,,,,,,,,,,,,,,,,,,,,,,,,,,,,,,,,,,,,,
"Zeus
(Golden Age)","Justice League
(2017)","Superman #28
""Stand-In for Hercules""",May-1944,N,"Jerome ""Jerry"" Siegel",writer,Continuity; Settlement,,Deceased Settlement is with heirs.,,,,,,,,,,,,,,,,,,,,,,,,,,,,,,,,,,,,,,,,
,,,,,Ian Yarbrough,pencils,None,,,,,,,,,,,,,,,,,,,,,,,,,,,,,,,,,,,,,,,,,,
,,,,,George Roussos,inks,None,,Deceased,,,,,,,,,,,,,,,,,,,,,,,,,,,,,,,,,,,,,,,,
,,,,,Wayne Boring,cover pencils,None,,Deceased,,,,,,,,,,,,,,,,,,,,,,,,,,,,,,,,,,,,,,,,
,,,,,Stan Kaye,cover inks,None,,Deceased,,,,,,,,,,,,,,,,,,,,,,,,,,,,,,,,,,,,,,,,
"Zeus
(Shazam)",,"in Fawcett Comics:
America's Greatest Comics #5
""The Lost Lightning""",Dec-1942,,Dave Berg,"writer, pencils, inks",,,"DC does not have a copy of this comic so this appearance cannot be confirmed.
See also: License agreement with Fawcett Publications",,,,,,,,,,,,,,,,,,,,,,,,,,,,,,,,,,,,,,,,
,,,,,C.C. Beck,cover pencils,,,,,,,,,,,,,,,,,,,,,,,,,,,,,,,,,,,,,,,,,,,
,,,,,Pete Costanza,cover inks,,,,,,,,,,,,,,,,,,,,,,,,,,,,,,,,,,,,,,,,,,,
,,"in DC Comics:
Shazam #26",Nov-1976,N,E. Nelson Bridwell,writer,N/A,,"Bridwell was an employee of DC at this time.
Deceased",,,,,,,,,,,,,,,,,,,,,,,,,,,,,,,,,,,,,,,,
,,,,,Kurt Schaffenberger,"pencils, inks, cover inks",N/A,,"Schaffenberger was an employee of DC at this time.
Deceased",,,,,,,,,,,,,,,,,,,,,,,,,,,,,,,,,,,,,,,,
,,,,,Ernie Chan,cover pencils,None,,Deceased,,,,,,,,,,,,,,,,,,,,,,,,,,,,,,,,,,,,,,,,
"Zeus
(Post-Crisis)","Justice League
(2017)",Wonder Woman #1,Feb-1987,N,Greg Potter,writer,WFH; Development,,,,,,,,,,,,,,,,,,,,,,,,,,,,,,,,,,,,,,,,,,
,,,,,George Perez,"plot, pencil, cover",Continuity,,,,,,,,,,,,,,,,,,,,,,,,,,,,,,,,,,,,,,,,,,
,,,,,Bruce Patterson,inks,WFH,,,,,,,,,,,,,,,,,,,,,,,,,,,,,,,,,,,,,,,,,,
,,,,,Tatjana Wood,color,N/A,,,,,,,,,,,,,,,,,,,,,,,,,,,,,,,,,,,,,,,,,,
"Zeus
(Kingdom Come; The Quintessence)",,Kingdom Come #3,Jul-1996,N,Mark Waid,writer,Writer,,,,,,,,,,,,,,,,,,,,,,,,,,,,,,,,,,,,,,,,,,
,,,,,Alex Ross,all art incl. cover,Artist,,,,,,,,,,,,,,,,,,,,,,,,,,,,,,,,,,,,,,,,,,
"Zeus
(New 52; Zeke)","Justice League
(2017)",Wonder Woman #3,Jan-2012,N,Brian Azzarello,writer,WFH,,,,,,,,,,,,,,,,,,,,,,,,,,,,,,,,,,,,,,,,,,
,,,,,Cliff Chiang,"pencils, inks, cover",WFH,,,,,,,,,,,,,,,,,,,,,,,,,,,,,,,,,,,,,,,,,,
,,,,,Matthew Wilson,color,N/A,,,,,,,,,,,,,,,,,,,,,,,,,,,,,,,,,,,,,,,,,,
Zhay Daggle,,Legion of Super-Heroes #8,Jun-1990,N,Tom Bierbaum,writer,WFH,,,,,,,,,,,,,,,,,,,,,,,,,,,,,,,,,,,,,,,,,,
,,,,,Mary Bierbaum,writer,WFH,,,,,,,,,,,,,,,,,,,,,,,,,,,,,,,,,,,,,,,,,,
,,,,,Keith Giffen,"writer, pencils, cover pencils",WFH,,,,,,,,,,,,,,,,,,,,,,,,,,,,,,,,,,,,,,,,,,
,,,,,Chris Sprouse,pencils,WFH,,,,,,,,,,,,,,,,,,,,,,,,,,,,,,,,,,,,,,,,,,
,,,,,Al Gordon,"writer, inks, cover inks",WFH,,,,,,,,,,,,,,,,,,,,,,,,,,,,,,,,,,,,,,,,,,
,,,,,Tom McCraw,color,N/A,,,,,,,,,,,,,,,,,,,,,,,,,,,,,,,,,,,,,,,,,,
"Zod
(Dru-Zod)",Lego Batman,"Adventure Comics #283
""The Phantom Superboy""",Apr-1961,N,Robert Bernstein,writer,None,,Deceased,,,,,,,,,,,,,,,,,,,,,,,,,,,,,,,,,,,,,,,,
,,,,,George Papp,"pencils, inks",None,,Deceased,,,,,,,,,,,,,,,,,,,,,,,,,,,,,,,,,,,,,,,,
,,,,,Curt Swan,cover pencils,None,,Deceased,,,,,,,,,,,,,,,,,,,,,,,,,,,,,,,,,,,,,,,,
,,,,,Stan Kaye,cover inks,None,,Deceased,,,,,,,,,,,,,,,,,,,,,,,,,,,,,,,,,,,,,,,,
Zodiac Master,Lego Batman,"Detective Comics #323
""The Zodiac Master""",Jan-1964,Y,Dave Wood,writer,None,,Deceased,,,,,,,,,,,,,,,,,,,,,,,,,,,,,,,,,,,,,,,,
,,,,,Sheldon Moldoff,"pencils, cover",None,,"Deceased
Per the library and Wayne Smith (Corp. Legal), please check to see if Bob Kane should also be included in credits.",,,,,,,,,,,,,,,,,,,,,,,,,,,,,,,,,,,,,,,,
,,,,,Charles Paris,inks,None,,Deceased,,,,,,,,,,,,,,,,,,,,,,,,,,,,,,,,,,,,,,,,
"Zoe Torres
(Zoe Lawton)",,Deadshot #1,Feb-2005,N,Christos N. Gage,writer,WFH,,,,,,,,,,,,,,,,,,,,,,,,,,,,,,,,,,,,,,,,,,
,,,,,Steven Cummings,pencils,WFH,,,,,,,,,,,,,,,,,,,,,,,,,,,,,,,,,,,,,,,,,,
,,,,,Jimmy Palmiotti,inks,WFH,,,,,,,,,,,,,,,,,,,,,,,,,,,,,,,,,,,,,,,,,,
,,,,,Mike Zeck,cover pencils,WFH,,,,,,,,,,,,,,,,,,,,,,,,,,,,,,,,,,,,,,,,,,
,,,,,Jerry Ordway,cover inks,WFH,,,,,,,,,,,,,,,,,,,,,,,,,,,,,,,,,,,,,,,,,,
,,,,,James Sinclair,color,N/A,,,,,,,,,,,,,,,,,,,,,,,,,,,,,,,,,,,,,,,,,,
Zoltof,"Point Blank
Sleeper",Point Blank #1,Oct-2002,N,Ed Brubaker,writer,WFH,,,,,,,,,,,,,,,,,,,,,,,,,,,,,,,,,,,,,,,,,,
,,,,,Colin Wilson,"pencils, inks, variant cover",WFH,,,,,,,,,,,,,,,,,,,,,,,,,,,,,,,,,,,,,,,,,,
,,,,,Simon Bisley,cover,WFH,,,,,,,,,,,,,,,,,,,,,,,,,,,,,,,,,,,,,,,,,,
,,,,,Janet Gale,color,N/A,,,,,,,,,,,,,,,,,,,,,,,,,,,,,,,,,,,,,,,,,,
Zook,,"Detective Comics #311
Martian Manhunter: ""The Invaders from the Space Warp""",Jan-1963,N,Jack Miller,writer,None,,Miller was an employee at the time.,Cleared by Jay for Creative for use as Featured Character in Space Cabbie Series 03/23/21,,,,,,,,,,,,,,,,,,,,,,,,,,,,,,,,,,,,,,,
,,,,,Joe Certa,"pencils, inks",Creator Recognition,,,,,,,,,,,,,,,,,,,,,,,,,,,,,,,,,,,,,,,,,,
"Zoom
(Hunter Zolomon)","Flash 201
(10/6/2015)","as Hunter Zolomon:
The Flash: Secret Files and Origins #3
""Rogues""",Nov-2001,N,Geoff Johns,writer,WFH,,,,,,,,,,,,,,,,,,,,,,,,,,,,,,,,,,,,,,,,,,
,,,,,Scott Kolins,"pencils, cover",WFH,,,,,,,,,,,,,,,,,,,,,,,,,,,,,,,,,,,,,,,,,,
,,,,,"Jose Marzan, Jr.",inks,WFH,,,,,,,,,,,,,,,,,,,,,,,,,,,,,,,,,,,,,,,,,,
,,,,,Digital Chameleon,color,N/A,,,,,,,,,,,,,,,,,,,,,,,,,,,,,,,,,,,,,,,,,,
,,,,,Tom McCraw,color,N/A,,,,,,,,,,,,,,,,,,,,,,,,,,,,,,,,,,,,,,,,,,
,,"as Zoom:
The Flash #197",Jun-2003,Y,Geoff Johns,writer,Exclusive,,"We have WFH agreements for Johns' entire run on Flash (#164-225) EXCEPT #174, 195-197.",,,,,,,,,,,,,,,,,,,,,,,,,,,,,,,,,,,,,,,,
,,,,,Scott Kolins,"pencils, cover",WFH,,,,,,,,,,,,,,,,,,,,,,,,,,,,,,,,,,,,,,,,,,
,,,,,Doug Hazlewood,inks,WFH,,,,,,,,,,,,,,,,,,,,,,,,,,,,,,,,,,,,,,,,,,
,,,,,James Sinclair,color,N/A,,,,,,,,,,,,,,,,,,,,,,,,,,,,,,,,,,,,,,,,,,
"Agatha Zorbatos
(Warden Agatha Zorbatos)",,Batman vol 4 #23.4: Bane,Nov-2013,N,Peter Tomasi,writer,WFH,,,,,,,,,,,,,,,,,,,,,,,,,,,,,,,,,,,,,,,,,,
,,,,,Graham Nolan,"pencils, inks",WFH,,,,,,,,,,,,,,,,,,,,,,,,,,,,,,,,,,,,,,,,,,
Zor-El,"Supergirl 113
(2/8/2016)","Action Comics #252
""The Supergirl From Krypton""",May-1959,N,Otto Binder,writer,None,,Deceased,,,,,,,,,,,,,,,,,,,,,,,,,,,,,,,,,,,,,,,,
,,,,,Al Plastino,"pencils, inks",None,,Deceased,,,,,,,,,,,,,,,,,,,,,,,,,,,,,,,,,,,,,,,,
,,,,,Curt Swan,cover pencils,None,,Deceased,,,,,,,,,,,,,,,,,,,,,,,,,,,,,,,,,,,,,,,,
,,,,,Stan Kaye,cover inks,None,,Deceased,,,,,,,,,,,,,,,,,,,,,,,,,,,,,,,,,,,,,,,,
,,,,,,,,,,,,,,,,,,,,,,,,,,,,,,,,,,,,,,,,,,,,,,,,,
,,,,,,,,,,,,,,,,,,,,,,,,,,,,,,,,,,,,,,,,,,,,,,,,,
,,,,,,,,,,,,,,,,,,,,,,,,,,,,,,,,,,,,,,,,,,,,,,,,,
,,,,,,,,,,,,,,,,,,,,,,,,,,,,,,,,,,,,,,,,,,,,,,,,,
,,,,,,,,,,,,,,,,,,,,,,,,,,,,,,,,,,,,,,,,,,,,,,,,,
Kord Omniversal Research and Development Industries,,,,,,,,,,,,,,,,,,,,,,,,,,,,,,,,,,,,,,,,,,,,,,,,,
,,,,,,,,,,,,,,,,,,,,,,,,,,,,,,,,,,,,,,,,,,,,,,,,,
Chaos Crystal,,,,,,,,,,,,,,,,,,,,,,,,,,,,,,,,,,,,,,,,,,,,,,,,,
,,,,,,,,,,,,,,,,,,,,,,,,,,,,,,,,,,,,,,,,,,,,,,,,,
"Black Condor
(Richard Grey, Jr.)",,,,,,,,,,,,,,,,,,,,,,,,,,,,,,,,,,,,,,,,,,,,,,,,,
,,,,,,,,,,,,,,,,,,,,,,,,,,,,,,,,,,,,,,,,,,,,,,,,,
"Black Condor
(Ryan Kendall)",,,,,,,,,,,,,,,,,,,,,,,,,,,,,,,,,,,,,,,,,,,,,,,,,
,,,,,,,,,,,,,,,,,,,,,,,,,,,,,,,,,,,,,,,,,,,,,,,,,
"Black Condor
(John Trujillo)",The Ray (WBA),Uncle Sam and the Freedom Fighters #3,Nov-2006,Y,Justin Gray,co-writer,WFH,,,,,,,,,,,,,,,,,,,,,,,,,,,,,,,,,,,,,,,,,,
,,,,,Jimmy Palmiotti,co-writer,WFH,,,,,,,,,,,,,,,,,,,,,,,,,,,,,,,,,,,,,,,,,,
,,,,,Daniel Acuña,"pencils, inks, cover, color",WFH,,,,,,,,,,,,,,,,,,,,,,,,,,,,,,,,,,,,,,,,,,
,,,,,,,,,,,,,,,,,,,,,,,,,,,,,,,,,,,,,,,,,,,,,,,,,
,,,,,,,,,,,,,,,,,,,,,,,,,,,,,,,,,,,,,,,,,,,,,,,,,
Black Zero,,Superman #205,Mar-1964,,,,,,,,,,,,,,,,,,,,,,,,,,,,,,,,,,,,,,,,,,,,,,
,,,,,,,,,,,,,,,,,,,,,,,,,,,,,,,,,,,,,,,,,,,,,,,,,
"Black Zero
(Superboy Clone)",,Superboy #62,Apr-1995,,,,,,,,,,,,,,,,,,,,,,,,,,,,,,,,,,,,,,,,,,,,,,
,,,,,,,,,,,,,,,,,,,,,,,,,,,,,,,,,,,,,,,,,,,,,,,,,
Black Zero Virus,,Superman Plus Legion of Super-Heroes #1,,,,,,,,,,,,,,,,,,,,,,,,,,,,,,,,,,,,,,,,,,,,,,,
,,,,,,,,,,,,,,,,,,,,,,,,,,,,,,,,,,,,,,,,,,,,,,,,,
"Metropolis Monarchs
(Basketball team)",,Superman Inc.,Nov-1999,N,Steve Vance,writer,,,,,,,,,,,,,,,,,,,,,,,,,,,,,,,,,,,,,,,,,,,
,,,,,Jose Luis Garcia-Lopez,"pencils, cover pencils",,,,,,,,,,,,,,,,,,,,,,,,,,,,,,,,,,,,,,,,,,,
,,,,,Mark Farmer,inks,,,,,,,,,,,,,,,,,,,,,,,,,,,,,,,,,,,,,,,,,,,
,,,,,Kevin Nowlan,cover inks,,,,,,,,,,,,,,,,,,,,,,,,,,,,,,,,,,,,,,,,,,,
,,,,,Dave Stewart,color,N/A,,,,,,,,,,,,,,,,,,,,,,,,,,,,,,,,,,,,,,,,,,
,,,,,,,,,,,,,,,,,,,,,,,,,,,,,,,,,,,,,,,,,,,,,,,,,
Legion Flight Ring,,Adventure Comics #329,Feb-1965,N,,,,,,,,,,,,,,,,,,,,,,,,,,,,,,,,,,,,,,,,,,,,,
,,,,,,,,,,,,,,,,,,,,,,,,,,,,,,,,,,,,,,,,,,,,,,,,,
Coluans,,Action Comics #216,May-1956,,,,,,,,,,,,,,,,,,,,,,,,,,,,,,,,,,,,,,,,,,,,,,
,,,,,,,,,,,,,,,,,,,,,,,,,,,,,,,,,,,,,,,,,,,,,,,,,
,,,,,,,,,,,,,,,,,,,,,,,,,,,,,,,,,,,,,,,,,,,,,,,,,
,,,,,,,,,,,,,,,,,,,,,,,,,,,,,,,,,,,,,,,,,,,,,,,,,
,,,,,,,,,,,,,,,,,,,,,,,,,,,,,,,,,,,,,,,,,,,,,,,,,
"Red Death
(Spy Smasher villain)",,"in Fawcett Comics:
Spy Smasher #2
""The Red Death""",Dec-1941,N,Manly Wade Wellman,writer,,,,,,,,,,,,,,,,,,,,,,,,,,,,,,,,,,,,,,,,,,,
,,,,,Charles Sultan,"pencils, inks, cover",,,,,,,,,,,,,,,,,,,,,,,,,,,,,,,,,,,,,,,,,,,
"Red Death
(Harold Kramer)",,"Adventure Comics #479
""The Red Death""",Mar-1981,N,Russell Frakes,creator,,,All heroes & villains in the Dial H series were submitted by readers who signed waivers. Check warehouse box #699835830,,,,,,,,,,,,,,,,,,,,,,,,,,,,,,,,,,,,,,,,
,,,,,Marv Wolfman,writer,,,,,,,,,,,,,,,,,,,,,,,,,,,,,,,,,,,,,,,,,,,
,,,,,Carmine Infantino,"pencils, cover pencils",,,,,,,,,,,,,,,,,,,,,,,,,,,,,,,,,,,,,,,,,,,
,,,,,Dennis Janke,inks,,,,,,,,,,,,,,,,,,,,,,,,,,,,,,,,,,,,,,,,,,,
,,,,,Bob Smith,cover inks,,,,,,,,,,,,,,,,,,,,,,,,,,,,,,,,,,,,,,,,,,,
"Red Death
(Khund)",,Superboy & the Ravers #1,Sep-1996,N,Karl Kesel,writer,,,,,,,,,,,,,,,,,,,,,,,,,,,,,,,,,,,,,,,,,,,
,,,,,Steve Mattson,writer,,,,,,,,,,,,,,,,,,,,,,,,,,,,,,,,,,,,,,,,,,,
,,,,,Paul Pelletier,"pencils, cover pencils",,,,,,,,,,,,,,,,,,,,,,,,,,,,,,,,,,,,,,,,,,,
,,,,,Dan Davis,"inks, cover inks",,,,,,,,,,,,,,,,,,,,,,,,,,,,,,,,,,,,,,,,,,,
,,,,,John Kalisz,color,,,,,,,,,,,,,,,,,,,,,,,,,,,,,,,,,,,,,,,,,,,
"Red Death
(Dark Multiverse)",Flash 512,Dark Days: The Casting #1,Sep-2017,N,Scott Snyder,writer,Exclusive; WFH,,,,,,,,,,,,,,,,,,,,,,,,,,,,,,,,,,,,,,,,,,
,,,,,James Tynion IV,writer,Exclusive; WFH,,,,,,,,,,,,,,,,,,,,,,,,,,,,,,,,,,,,,,,,,,
,,,,,Jim Lee,"pencils, cover pencils",Firewall Services Agreement,,,,,,,,,,,,,,,,,,,,,,,,,,,,,,,,,,,,,,,,,,
,,,,,Andy Kubert,"pencils, variant cover",WFH,,,,,,,,,,,,,,,,,,,,,,,,,,,,,,,,,,,,,,,,,,
,,,,,"John Romita, Jr.","pencils, variant cover pencils",WFH,,,,,,,,,,,,,,,,,,,,,,,,,,,,,,,,,,,,,,,,,,
,,,,,Scott Williams,"inks, cover inks",WFH,,,,,,,,,,,,,,,,,,,,,,,,,,,,,,,,,,,,,,,,,,
,,,,,Klaus Janson,inks,WFH,,,,,,,,,,,,,,,,,,,,,,,,,,,,,,,,,,,,,,,,,,
,,,,,Danny Miki,"inks, variant cover inks",WFH,,,,,,,,,,,,,,,,,,,,,,,,,,,,,,,,,,,,,,,,,,
,,,,,Alex Sinclair,color,Exclusive; WFH,,,,,,,,,,,,,,,,,,,,,,,,,,,,,,,,,,,,,,,,,,
,,,,,Jeremiah Skipper,color,WFH,,,,,,,,,,,,,,,,,,,,,,,,,,,,,,,,,,,,,,,,,,
,,,,,,,,,,,,,,,,,,,,,,,,,,,,,,,,,,,,,,,,,,,,,,,,,
,,,,,,,,,,,,,,,,,,,,,,,,,,,,,,,,,,,,,,,,,,,,,,,,,
,,,,,,,,,,,,,,,,,,,,,,,,,,,,,,,,,,,,,,,,,,,,,,,,,
,,,,,,,,,,,,,,,,,,,,,,,,,,,,,,,,,,,,,,,,,,,,,,,,,
"Rhea
(Mythological figure. See also: Lodestone; Queen Rhea)",,New Teen Titans #11,Aug-1985,N,Marv Wolfman,writer,,,,,,,,,,,,,,,,,,,,,,,,,,,,,,,,,,,,,,,,,,,
,,,,,Jose Luis Garcia-Lopez,pencils,,,,,,,,,,,,,,,,,,,,,,,,,,,,,,,,,,,,,,,,,,,
,,,,,Romeo Tanghal,inks,,,,,,,,,,,,,,,,,,,,,,,,,,,,,,,,,,,,,,,,,,,
,,,,,Eduardo Barreto,cover,,,,,,,,,,,,,,,,,,,,,,,,,,,,,,,,,,,,,,,,,,,
,,,,,Adrienne Roy,color,Exclusive,,Deceased,,,,,,,,,,,,,,,,,,,,,,,,,,,,,,,,,,,,,,,,
,,,,,,,,,,,,,,,,,,,,,,,,,,,,,,,,,,,,,,,,,,,,,,,,,
,,,,,,,,,,,,,,,,,,,,,,,,,,,,,,,,,,,,,,,,,,,,,,,,,
,,,,,,,,,,,,,,,,,,,,,,,,,,,,,,,,,,,,,,,,,,,,,,,,,
Tad Trigger,,Detective Comics #667,,,,,,,,,,,,,,,,,,,,,,,,,,,,,,,,,,,,,,,,,,,,,,,
,,,,,,,,,,,,,,,,,,,,,,,,,,,,,,,,,,,,,,,,,,,,,,,,,
,,,,,,,,,,,,,,,,,,,,,,,,,,,,,,,,,,,,,,,,,,,,,,,,,
,,,,,,,,,,,,,,,,,,,,,,,,,,,,,,,,,,,,,,,,,,,,,,,,,
,,,,,,,,,,,,,,,,,,,,,,,,,,,,,,,,,,,,,,,,,,,,,,,,,
,,,,,,,,,,,,,,,,,,,,,,,,,,,,,,,,,,,,,,,,,,,,,,,,,
Tom Trigger,,,,,,,,,,,,,,,,,,,,,,,,,,,,,,,,,,,,,,,,,,,,,,,,,
,,,,,,,,,,,,,,,,,,,,,,,,,,,,,,,,,,,,,,,,,,,,,,,,,
,,,,,,,,,,,,,,,,,,,,,,,,,,,,,,,,,,,,,,,,,,,,,,,,,
,,,,,,,,,,,,,,,,,,,,,,,,,,,,,,,,,,,,,,,,,,,,,,,,,
,,,,,,,,,,,,,,,,,,,,,,,,,,,,,,,,,,,,,,,,,,,,,,,,,
,,,,,,,,,,,,,,,,,,,,,,,,,,,,,,,,,,,,,,,,,,,,,,,,,
"Super-Chief
(Saganowahna; Flying Stag)",,"All-Star Western #117
""The Crowning of Super-Chief!""",Feb-1961,N,Gardner Fox,writer,Creator Recognition,,Deceased Creator Recognition Agreement is with heirs.,,,,,,,,,,,,,,,,,,,,,,,,,,,,,,,,,,,,,,,,
,,,,,Carmine Infantino,"pencils, inks",Settlement,,Deceased,,,,,,,,,,,,,,,,,,,,,,,,,,,,,,,,,,,,,,,,
,,,,,Gil Kane,cover pencils,None,,Deceased,,,,,,,,,,,,,,,,,,,,,,,,,,,,,,,,,,,,,,,,
,,,,,Joe Giella,cover inks,None,,,,,,,,,,,,,,,,,,,,,,,,,,,,,,,,,,,,,,,,,,
"Super-Chief
(Saganowahna; Jon Standing Bear)",,,,,,,,,,,,,,,,,,,,,,,,,,,,,,,,,,,,,,,,,,,,,,,,,
,,,,,,,,,,,,,,,,,,,,,,,,,,,,,,,,,,,,,,,,,,,,,,,,,
,,,,,,,,,,,,,,,,,,,,,,,,,,,,,,,,,,,,,,,,,,,,,,,,,
,,,,,,,,,,,,,,,,,,,,,,,,,,,,,,,,,,,,,,,,,,,,,,,,,
,,,,,,,,,,,,,,,,,,,,,,,,,,,,,,,,,,,,,,,,,,,,,,,,,
"Batwing
(David Zavimbe)",,Batman Incorporated #5,,,,,,,,,,,,,,,,,,,,,,,,,,,,,,,,,,,,,,,,,,,,,,,
,,,,,,,,,,,,,,,,,,,,,,,,,,,,,,,,,,,,,,,,,,,,,,,,,
,,,,,,,,,,,,,,,,,,,,,,,,,,,,,,,,,,,,,,,,,,,,,,,,,
,,,,,,,,,,,,,,,,,,,,,,,,,,,,,,,,,,,,,,,,,,,,,,,,,
Batcave,,"as The Bat's Cave:
Batman tv serial",,,,,,,,,,,,,,,,,,,,,,,,,,,,,,,,,,,,,,,,,,,,,,,
,,,,,,,,,,,,,,,,,,,,,,,,,,,,,,,,,,,,,,,,,,,,,,,,,
,,,,,,,,,,,,,,,,,,,,,,,,,,,,,,,,,,,,,,,,,,,,,,,,,
,,,,,,,,,,,,,,,,,,,,,,,,,,,,,,,,,,,,,,,,,,,,,,,,,
,,,,,,,,,,,,,,,,,,,,,,,,,,,,,,,,,,,,,,,,,,,,,,,,,
,,,,,,,,,,,,,,,,,,,,,,,,,,,,,,,,,,,,,,,,,,,,,,,,,
Excelsior Academy,,"Smallville 319
""Wither""",,,,,,,,,,,,,,,,,,,,,,,,,,,,,,,,,,,,,,,,,,,,,,,
,,,,,,,,,,,,,,,,,,,,,,,,,,,,,,,,,,,,,,,,,,,,,,,,,
"Fred Farrell, Jr.
(Fireman Farrell; 
Chief Farrell)",,"""The School for Smoke-Eaters"" 
Showcase #1",Mar-1956,Y,Arnold Drake,writer,None,,Deceased,,,,,,,,,,,,,,,,,,,,,,,,,,,,,,,,,,,,,,,,
,,,,,John Prentice,"pencils, inks, cover",None,,Deceased,,,,,,,,,,,,,,,,,,,,,,,,,,,,,,,,,,,,,,,,
